True_RPKM,Predicted_RPKM
-2.653233706951141357e-01,-5.892626047134399414e-01
-6.446285843849182129e-01,-3.501954674720764160e-01
-4.521757364273071289e-01,-7.310721278190612793e-01
3.221428990364074707e-01,-3.737241029739379883e-01
2.485702633857727051e-01,-8.160545825958251953e-01
-9.916761517524719238e-01,-3.072471022605895996e-01
-1.080174446105957031e+00,-3.072471022605895996e-01
3.465920686721801758e-01,-4.545742571353912354e-01
4.695721864700317383e-01,-2.832952439785003662e-01
-4.969527721405029297e-01,-7.317927479743957520e-02
-8.829517960548400879e-01,7.595646381378173828e-01
1.409209489822387695e+00,4.896191358566284180e-01
9.012325406074523926e-01,-2.291158735752105713e-01
1.017154455184936523e+00,5.042937994003295898e-01
1.231183886528015137e+00,1.173171520233154297e+00
1.273860096931457520e+00,-3.191362917423248291e-01
1.463268876075744629e+00,-3.559963107109069824e-01
-8.660860657691955566e-01,-1.750503480434417725e-01
-8.057241439819335938e-01,-1.933311112225055695e-02
-1.102881908416748047e+00,3.802367299795150757e-02
1.138623237609863281e+00,1.560767740011215210e-01
6.319860816001892090e-01,7.773299217224121094e-01
4.620530605316162109e-01,2.813875675201416016e-01
-9.679237008094787598e-01,-3.672425448894500732e-01
-8.730692267417907715e-01,-2.070045173168182373e-01
1.171733021736145020e+00,-6.307296454906463623e-02
9.414707124233245850e-02,-2.304660975933074951e-01
1.199039220809936523e-01,-2.804138660430908203e-01
-3.082996904850006104e-01,-3.072471022605895996e-01
3.200420439243316650e-01,-3.072471022605895996e-01
-1.214516282081604004e+00,-3.072471022605895996e-01
-1.447978615760803223e+00,-8.913826346397399902e-01
8.088755011558532715e-01,-1.494544744491577148e-02
9.891842007637023926e-01,8.199342489242553711e-01
1.381544709205627441e+00,1.432137638330459595e-01
-7.846834659576416016e-01,-3.243072628974914551e-01
-1.227903842926025391e+00,-7.768221497535705566e-01
-3.204862773418426514e-02,-7.142855525016784668e-01
-4.309796690940856934e-01,-3.072471022605895996e-01
9.495252966880798340e-01,-8.668848872184753418e-02
-8.476393222808837891e-01,-3.238480091094970703e-01
-9.778276681900024414e-01,2.151388823986053467e-01
-5.179023146629333496e-01,4.668458700180053711e-01
-1.190677583217620850e-01,-3.072471022605895996e-01
8.484540581703186035e-01,-5.469569563865661621e-01
-1.447871446609497070e+00,-3.072471022605895996e-01
-1.780009388923645020e+00,-3.072471022605895996e-01
6.549935936927795410e-01,4.107029438018798828e-01
-4.125865101814270020e-01,-3.072471022605895996e-01
-3.117296397686004639e-01,-5.333546400070190430e-01
4.317997395992279053e-01,-1.527417153120040894e-01
-5.398969650268554688e-01,-3.072471022605895996e-01
-5.732640027999877930e-01,-3.072471022605895996e-01
-5.005381703376770020e-01,1.463628560304641724e-02
-5.262092947959899902e-01,-3.072471022605895996e-01
-9.699012637138366699e-01,-2.222474813461303711e-01
-8.423925638198852539e-01,3.111409544944763184e-01
1.346644878387451172e+00,-1.086872816085815430e-02
1.638973832130432129e+00,-1.421262323856353760e-01
5.529791116714477539e-01,-1.245781034231185913e-01
6.578608751296997070e-01,-3.072471022605895996e-01
5.409367680549621582e-01,-3.781873881816864014e-01
-1.544440865516662598e+00,9.222399592399597168e-01
-1.326825976371765137e+00,8.550138473510742188e-01
1.211879611015319824e+00,-3.501147329807281494e-01
6.660820245742797852e-01,-2.194201797246932983e-01
7.071075439453125000e-01,-6.661329269409179688e-01
-7.226976752281188965e-01,-6.653679013252258301e-01
-7.702186703681945801e-01,-3.925566971302032471e-01
9.671735167503356934e-01,1.439653038978576660e-01
-1.136494949460029602e-01,1.234526395797729492e+00
-5.092256069183349609e-01,3.684611916542053223e-01
2.066979706287384033e-01,-2.363304346799850464e-01
-1.287305951118469238e-01,-2.084329724311828613e-01
8.141759037971496582e-01,-2.335865050554275513e-02
7.223820686340332031e-02,-3.990090489387512207e-01
7.588838692754507065e-03,-1.897737383842468262e-01
1.265772819519042969e+00,-1.924846619367599487e-01
-2.539884150028228760e-01,-3.468913733959197998e-01
-4.583711028099060059e-01,-3.730787038803100586e-01
1.553321361541748047e+00,-3.639765679836273193e-01
-1.186229363083839417e-01,-3.011483233422040939e-03
-6.312249898910522461e-01,-2.819821834564208984e-01
3.806772828102111816e-01,-3.072471022605895996e-01
-6.666821837425231934e-01,8.177699148654937744e-02
-1.159958481788635254e+00,2.155070379376411438e-02
4.495873153209686279e-01,-3.275453746318817139e-01
-4.133529067039489746e-01,-3.072471022605895996e-01
-6.449447870254516602e-01,-3.072471022605895996e-01
2.533829212188720703e-01,-3.072471022605895996e-01
-5.979757905006408691e-01,-5.411619544029235840e-01
-8.041216731071472168e-01,-3.700393438339233398e-01
2.186641931533813477e+00,5.028036236763000488e-01
-6.864580512046813965e-01,5.054499506950378418e-01
-1.368639349937438965e+00,-2.189805358648300171e-01
5.221791863441467285e-01,-3.072471022605895996e-01
4.397047460079193115e-01,-3.072471022605895996e-01
-3.757358789443969727e-01,-3.200669288635253906e-01
-4.481187462806701660e-01,-3.072471022605895996e-01
-4.532208144664764404e-01,-9.984697699546813965e-01
-2.766850888729095459e-01,-2.491596788167953491e-01
3.787747323513031006e-01,-3.072471022605895996e-01
5.414459109306335449e-01,-2.054229229688644409e-01
1.057633280754089355e+00,4.061875939369201660e-01
1.402301311492919922e+00,-7.011765837669372559e-01
-2.059100419282913208e-01,-3.765404224395751953e-02
-6.576249599456787109e-01,-7.473399043083190918e-01
5.052919983863830566e-01,2.439279407262802124e-01
-6.263211965560913086e-01,2.099924832582473755e-01
-4.468378722667694092e-01,1.371834278106689453e-01
1.266078352928161621e+00,6.988355517387390137e-01
-5.495705008506774902e-01,7.862077653408050537e-02
-1.130761027336120605e+00,-2.527770996093750000e-01
1.602466225624084473e+00,-7.113389968872070312e-01
1.892694354057312012e+00,-5.084784030914306641e-01
1.072462558746337891e+00,4.382093250751495361e-01
2.797400057315826416e-01,8.119310438632965088e-02
4.459000825881958008e-01,-3.366048038005828857e-01
-9.412718415260314941e-01,-1.793740987777709961e-01
-9.656459689140319824e-01,-9.270436316728591919e-02
-2.920288145542144775e-01,-1.481337100267410278e-02
9.988153725862503052e-02,-8.195401430130004883e-01
1.017754673957824707e+00,-4.366440325975418091e-02
3.387996256351470947e-01,-1.952577233314514160e-01
-1.233976006507873535e+00,-3.830262124538421631e-01
-1.757531911134719849e-01,-1.944803148508071899e-01
-1.919436752796173096e-01,1.590606570243835449e-01
-3.864062726497650146e-01,-3.072471022605895996e-01
-4.430274069309234619e-01,-3.072471022605895996e-01
-7.523722052574157715e-01,-3.072471022605895996e-01
-8.606195449829101562e-01,-3.072471022605895996e-01
-9.788674116134643555e-01,-3.858116269111633301e-01
5.610342025756835938e-01,-3.490369319915771484e-01
-1.643271446228027344e-01,2.116356194019317627e-01
-1.093298941850662231e-01,1.767109930515289307e-01
1.931988835334777832e+00,-2.390916049480438232e-01
1.672174811363220215e+00,-6.430364847183227539e-01
1.439945101737976074e+00,-2.975556552410125732e-01
-1.383538246154785156e+00,-7.426779270172119141e-01
-1.214714646339416504e+00,-2.055016160011291504e-01
1.195153236389160156e+00,-6.082807481288909912e-02
1.364330649375915527e+00,6.341295689344406128e-02
-2.165482640266418457e-01,-2.069741189479827881e-01
-5.038716793060302734e-01,3.650908470153808594e-01
1.032562494277954102e+00,-2.159795761108398438e-01
1.106971144676208496e+00,-2.015677839517593384e-01
9.545040726661682129e-01,4.693513363599777222e-02
8.824642300605773926e-01,1.433665513992309570e+00
7.798709273338317871e-01,1.159488916397094727e+00
6.227948665618896484e-01,2.611250579357147217e-01
-1.419247388839721680e+00,-3.611528575420379639e-01
-2.205152750015258789e+00,-8.142518997192382812e-01
9.182804822921752930e-01,2.548251450061798096e-01
8.472695946693420410e-01,1.742474138736724854e-01
1.279487371444702148e+00,6.332618594169616699e-01
1.092677831649780273e+00,-2.867187261581420898e-01
4.120399653911590576e-01,6.698446869850158691e-01
1.626700997352600098e+00,7.709376811981201172e-01
1.223632574081420898e+00,1.264645814895629883e+00
-2.020031064748764038e-01,-5.584443807601928711e-01
-6.413482129573822021e-02,7.507879734039306641e-01
4.450913146138191223e-02,6.628477573394775391e-01
4.422075450420379639e-01,1.046993136405944824e+00
1.836057186126708984e+00,1.527365684509277344e+00
2.494925498962402344e+00,1.638705968856811523e+00
2.029893249273300171e-01,1.048985838890075684e+00
-1.726876646280288696e-01,1.218600869178771973e-01
-3.595556318759918213e-02,-1.861891448497772217e-01
-6.184639781713485718e-02,5.040654540061950684e-01
-7.438240647315979004e-01,8.356888890266418457e-01
-1.208144068717956543e+00,-4.064556360244750977e-01
1.693140387535095215e+00,1.523639202117919922e+00
1.380521059036254883e+00,1.311822414398193359e+00
7.898874878883361816e-01,1.178004980087280273e+00
-1.421562552452087402e+00,3.260980844497680664e-01
-1.908557772636413574e+00,-1.652524434030056000e-02
1.353209972381591797e+00,-2.415888905525207520e-01
1.363156914710998535e+00,8.658905029296875000e-01
9.164476394653320312e-01,3.662452697753906250e-01
-1.511615037918090820e+00,-2.618533372879028320e-02
-1.756583809852600098e+00,-2.686877846717834473e-01
4.692881405353546143e-01,-1.046300679445266724e-02
4.675302803516387939e-01,4.171613156795501709e-01
2.041543960571289062e+00,1.248164892196655273e+00
2.002560138702392578e+00,1.322650194168090820e+00
-1.278736948966979980e+00,-4.912828803062438965e-01
-7.422645092010498047e-01,-2.085901647806167603e-01
7.702617049217224121e-01,-3.072471022605895996e-01
-1.904055953025817871e+00,-5.888799428939819336e-01
-2.224108695983886719e+00,-3.650824129581451416e-01
1.259041547775268555e+00,1.660984754562377930e+00
1.188684582710266113e+00,4.857292771339416504e-01
6.561137437820434570e-01,-3.408534824848175049e-01
1.302505612373352051e+00,1.103743314743041992e+00
-3.257227838039398193e-01,4.895605444908142090e-01
-5.202015042304992676e-01,-5.578496307134628296e-02
-6.540395617485046387e-01,-4.502138495445251465e-01
-9.615139365196228027e-01,-2.434429824352264404e-01
1.534338712692260742e+00,5.826842188835144043e-01
-1.470107197761535645e+00,7.280926108360290527e-01
-1.582325816154479980e+00,1.261364221572875977e-01
6.920693516731262207e-01,-3.141408860683441162e-01
1.041056990623474121e+00,1.367334961891174316e+00
-2.232956439256668091e-01,1.583091020584106445e-01
-4.689075052738189697e-01,-1.469323039054870605e-01
1.170596837997436523e+00,4.510058462619781494e-01
1.060409426689147949e+00,-3.036659657955169678e-01
-8.673455119132995605e-01,-6.167858093976974487e-02
-4.085563123226165771e-01,1.093496084213256836e+00
-3.637256622314453125e-01,9.387792646884918213e-02
-4.565757513046264648e-01,-5.246712267398834229e-02
-1.042166233062744141e+00,1.835712492465972900e-01
-1.496410727500915527e+00,-9.271252155303955078e-01
9.089338779449462891e-01,1.244207739830017090e+00
6.247510313987731934e-01,7.704846858978271484e-01
-6.523245573043823242e-01,-3.003853857517242432e-01
-1.434248089790344238e+00,-3.813332021236419678e-01
-1.022374272346496582e+00,-3.072471022605895996e-01
-1.554816484451293945e+00,-3.072471022605895996e-01
1.953259944915771484e+00,1.638858079910278320e+00
1.406401157379150391e+00,1.095190882682800293e+00
6.417722105979919434e-01,-2.625460624694824219e-01
-1.746116578578948975e-01,7.666118144989013672e-01
-8.100330233573913574e-01,-3.029712736606597900e-01
1.774623394012451172e+00,1.734686195850372314e-01
1.575144410133361816e+00,2.820926606655120850e-01
1.123397350311279297e+00,1.323387622833251953e-01
3.005931079387664795e-01,2.763127982616424561e-01
-1.013188481330871582e+00,-5.608462095260620117e-01
-1.043913364410400391e+00,-8.778272867202758789e-01
-7.619439363479614258e-01,-7.246837019920349121e-02
-6.260639429092407227e-01,2.814815044403076172e-01
5.341143608093261719e-01,8.717225790023803711e-01
-4.401119351387023926e-01,4.709262028336524963e-02
-8.017368316650390625e-01,5.083299875259399414e-01
1.490515589714050293e+00,1.034894227981567383e+00
2.599855959415435791e-01,-4.155772626399993896e-01
-7.489368915557861328e-01,7.108875364065170288e-02
-6.011592149734497070e-01,6.630970537662506104e-02
-5.384713411331176758e-01,-1.088513731956481934e+00
-1.214553833007812500e+00,-3.230555951595306396e-01
2.054079294204711914e+00,2.117827087640762329e-01
1.506872177124023438e+00,1.059552431106567383e+00
7.020055055618286133e-01,8.399278521537780762e-01
5.003024935722351074e-01,1.684580147266387939e-01
4.258991479873657227e-01,3.324137628078460693e-01
7.614509463310241699e-01,-1.066523790359497070e-01
2.135578840970993042e-01,-9.878743439912796021e-03
-9.558705687522888184e-01,2.227766998112201691e-02
9.042283892631530762e-01,1.065873384475708008e+00
-5.623524785041809082e-01,-5.702762305736541748e-02
-1.017931461334228516e+00,-7.305315732955932617e-01
4.586338102817535400e-01,-2.088765203952789307e-01
3.977466821670532227e-01,-8.888320922851562500e-01
4.788545072078704834e-01,-3.689242526888847351e-02
-3.976501226425170898e-01,-7.523342967033386230e-02
-6.520780324935913086e-01,3.831858038902282715e-01
8.372959494590759277e-01,-3.947753906250000000e-01
-7.133939266204833984e-01,-3.631639480590820312e-01
-1.060848832130432129e+00,-1.214540824294090271e-01
3.839732706546783447e-01,1.138727307319641113e+00
-6.160688400268554688e-01,-3.072471022605895996e-01
-8.056544661521911621e-01,-6.583714485168457031e-01
-6.214495897293090820e-01,3.054225146770477295e-01
-8.907496333122253418e-01,-7.901442050933837891e-01
1.861197710037231445e+00,1.294644117355346680e+00
1.311627149581909180e+00,9.623315930366516113e-01
-5.906710624694824219e-01,1.449338793754577637e+00
-4.143068492412567139e-01,-3.072471022605895996e-01
-7.790079712867736816e-01,-3.072471022605895996e-01
-7.637071609497070312e-01,-3.072471022605895996e-01
-8.281368017196655273e-01,-5.960663557052612305e-01
-8.677313923835754395e-01,-2.742232382297515869e-01
-1.233804464340209961e+00,-1.630598455667495728e-01
-1.836866259574890137e+00,-8.982844352722167969e-01
6.630754470825195312e-01,1.487107396125793457e+00
6.050180196762084961e-01,1.235209703445434570e+00
4.342328906059265137e-01,-3.742423057556152344e-01
3.679167628288269043e-01,-4.293099939823150635e-01
3.189380168914794922e-01,-4.812735319137573242e-01
4.997343719005584717e-01,1.050345897674560547e+00
6.418365240097045898e-01,1.062176704406738281e+00
1.437383413314819336e+00,1.370663166046142578e+00
3.209691941738128662e-01,9.539566636085510254e-01
-9.278574585914611816e-01,-3.072471022605895996e-01
-5.106779932975769043e-01,-3.161867856979370117e-01
1.130005478858947754e+00,9.900898933410644531e-01
9.408271312713623047e-01,1.150273680686950684e+00
6.056987047195434570e-01,6.092690825462341309e-01
-1.234276056289672852e+00,-5.652077198028564453e-01
-1.582717061042785645e+00,5.161048769950866699e-01
7.614670395851135254e-01,-2.396928071975708008e-01
4.783399999141693115e-01,-5.958184003829956055e-01
-5.072480440139770508e-01,1.345588713884353638e-01
-5.785858035087585449e-01,-3.072471022605895996e-01
-5.056134462356567383e-01,-3.072471022605895996e-01
-5.572289824485778809e-01,-3.072471022605895996e-01
-6.672770380973815918e-01,-3.072471022605895996e-01
-6.209993958473205566e-01,-4.670022130012512207e-01
3.977466821670532227e-01,-3.072471022605895996e-01
-6.082978248596191406e-01,4.395588636398315430e-01
-3.632111847400665283e-01,4.174177944660186768e-01
4.109091460704803467e-01,1.267338395118713379e+00
1.082500457763671875e+00,1.272484660148620605e-02
6.261015534400939941e-01,-3.946728110313415527e-01
2.521019935607910156e+00,8.126713037490844727e-01
1.331327915191650391e+00,-1.637797355651855469e-01
1.764922976493835449e+00,-3.687305748462677002e-01
2.066261053085327148e+00,-2.255392670631408691e-01
5.722512006759643555e-01,6.073131039738655090e-02
5.295160412788391113e-01,5.969927310943603516e-01
5.637298822402954102e-01,2.163227796554565430e-01
-1.747831553220748901e-01,-2.032174468040466309e-01
-2.926987111568450928e-01,1.140967309474945068e-01
3.763255178928375244e-01,-3.841428160667419434e-01
-1.255943775177001953e+00,-7.255895137786865234e-01
-1.211450815200805664e+00,3.873069286346435547e-01
1.294895410537719727e+00,-8.982159197330474854e-02
6.142842769622802734e-01,7.763752937316894531e-01
1.184965133666992188e+00,2.725383937358856201e-01
3.376259207725524902e-01,9.712696671485900879e-01
6.480050683021545410e-01,4.857425987720489502e-01
1.650544643402099609e+00,5.793324708938598633e-01
-3.498552739620208740e-02,7.599627971649169922e-01
-8.245294541120529175e-02,4.098514318466186523e-01
1.845516324043273926e+00,-7.153394818305969238e-02
-7.671478390693664551e-01,-1.422114968299865723e-01
-1.726410865783691406e+00,-1.023644924163818359e+00
5.460548996925354004e-01,-7.214949131011962891e-01
1.028907418251037598e+00,-1.161240115761756897e-01
1.161523580551147461e+00,-4.065740704536437988e-01
1.422147303819656372e-01,8.384872674942016602e-01
-8.243691921234130859e-01,-2.247446477413177490e-01
1.065575838088989258e+00,-6.808399558067321777e-01
9.631111621856689453e-01,8.881695270538330078e-01
1.886177420616149902e+00,1.582311987876892090e+00
-8.933381438255310059e-01,-3.990789651870727539e-01
-1.243322610855102539e+00,-4.017701745033264160e-01
1.059048175811767578e+00,-2.359520643949508667e-01
3.727830052375793457e-01,-3.860669732093811035e-01
3.505579531192779541e-01,-1.827959269285202026e-01
-4.258722364902496338e-01,-3.500462770462036133e-01
-7.075898051261901855e-01,-2.121842205524444580e-01
1.256753206253051758e+00,-2.599859833717346191e-01
5.850117206573486328e-01,5.249753594398498535e-02
-4.810624420642852783e-01,4.325261116027832031e-01
-3.692993521690368652e-01,-2.369922995567321777e-01
4.478508830070495605e-01,3.840228915214538574e-01
1.084006428718566895e+00,5.115715265274047852e-01
1.386271595954895020e+00,-8.579200506210327148e-01
1.495671272277832031e+00,3.296416625380516052e-02
1.237593650817871094e+00,1.299435943365097046e-01
1.143650293350219727e+00,5.493119955062866211e-01
8.718742132186889648e-01,1.323252171277999878e-01
1.079606533050537109e+00,4.450489282608032227e-01
6.857935786247253418e-01,1.227940797805786133e+00
3.036103844642639160e-01,5.940684080123901367e-01
4.995575249195098877e-01,8.236557245254516602e-01
-6.396551728248596191e-01,1.215528488159179688e+00
-9.805234074592590332e-01,-2.273036912083625793e-02
-7.396330833435058594e-01,-8.149303793907165527e-01
-1.013584971427917480e+00,4.100247621536254883e-01
-4.054693579673767090e-01,-3.072471022605895996e-01
-4.709976315498352051e-01,-3.072471022605895996e-01
-3.206153810024261475e-01,-3.072471022605895996e-01
-4.710244536399841309e-01,-3.072471022605895996e-01
2.257824689149856567e-01,5.344573259353637695e-01
5.013903975486755371e-01,-7.464905381202697754e-01
9.452270865440368652e-01,1.469346046447753906e+00
4.529207944869995117e-01,1.222382545471191406e+00
8.228365182876586914e-01,4.219990670680999756e-01
-1.053774476051330566e+00,-1.603386402130126953e-01
-1.202238082885742188e+00,8.398423790931701660e-01
1.103423237800598145e+00,9.682060480117797852e-01
1.318160176277160645e+00,8.163299560546875000e-01
1.475986480712890625e+00,-2.720766663551330566e-01
1.556231498718261719e+00,9.607473611831665039e-01
4.930459558963775635e-01,-3.072471022605895996e-01
1.200571537017822266e+00,9.206692576408386230e-01
1.095164537429809570e+00,1.030072689056396484e+00
-1.639129161834716797e+00,-1.760702766478061676e-02
-1.617632985115051270e+00,-8.299245834350585938e-01
4.161987900733947754e-01,3.046944737434387207e-01
2.702165246009826660e-01,-3.072471022605895996e-01
2.672635316848754883e-01,-3.072471022605895996e-01
-3.660569787025451660e-01,1.375929638743400574e-02
-9.036923646926879883e-01,1.991089880466461182e-01
1.288646459579467773e+00,9.733818769454956055e-01
-4.282035399228334427e-03,2.965521514415740967e-01
-1.518292278051376343e-01,2.645120918750762939e-01
-5.133951306343078613e-01,-7.503520697355270386e-02
-3.572301864624023438e-01,-5.740226507186889648e-01
1.298716545104980469e+00,3.217380046844482422e-01
-2.385482490062713623e-01,-7.323430776596069336e-01
2.124270647764205933e-01,1.706776857376098633e+00
-2.877627909183502197e-01,1.212391376495361328e+00
4.568116664886474609e-01,-3.487271070480346680e-01
7.065394520759582520e-01,6.741797924041748047e-01
-1.376217007637023926e-01,4.924311637878417969e-01
-2.590315341949462891e-01,5.867435783147811890e-02
-2.065799534320831299e-01,-3.442797660827636719e-01
-2.024854421615600586e-01,-3.689539432525634766e-01
-2.526324987411499023e-01,-6.841370463371276855e-01
-2.113872468471527100e-01,2.058027386665344238e-01
-8.655447959899902344e-01,2.610840369015932083e-03
-4.668870568275451660e-01,4.090740084648132324e-01
1.753957867622375488e+00,7.788144350051879883e-01
1.998787283897399902e+00,3.322164714336395264e-02
1.881182551383972168e+00,-7.034959644079208374e-02
-1.056170105934143066e+00,-1.246875971555709839e-01
1.131966948509216309e+00,-5.080249905586242676e-01
1.693070769309997559e+00,1.686004102230072021e-01
1.488634467124938965e+00,-4.367763400077819824e-01
6.434764862060546875e-01,-7.677044868469238281e-01
1.155896306037902832e+00,2.808296978473663330e-01
7.655723094940185547e-01,-5.330591201782226562e-01
9.970998764038085938e-01,-3.445267081260681152e-01
2.132041752338409424e-01,-1.102946877479553223e+00
-6.935537457466125488e-01,-2.997615933418273926e-01
-1.122936367988586426e+00,5.682874917984008789e-01
8.005418181419372559e-01,1.702177524566650391e+00
8.043200969696044922e-01,1.467397689819335938e+00
2.507461309432983398e-01,-5.738812088966369629e-01
-7.082543373107910156e-01,9.575049281120300293e-01
-1.012716770172119141e+00,-7.820837497711181641e-01
1.077972352504730225e-01,3.922282457351684570e-01
1.426434814929962158e-01,-2.862521447241306305e-02
1.038982868194580078e+00,1.395388484001159668e+00
1.464849829673767090e+00,1.648171186447143555e+00
7.958952784538269043e-01,1.106857657432556152e+00
1.371892571449279785e+00,1.558871388435363770e+00
-7.491834163665771484e-01,1.486501455307006836e+00
-5.569449067115783691e-01,1.676623106002807617e+00
2.191952943801879883e+00,1.263567924499511719e+00
2.584635019302368164e+00,6.950551867485046387e-01
1.146592497825622559e+00,1.456999540328979492e+00
-6.233521103858947754e-01,3.549591079354286194e-02
-7.232550382614135742e-01,-7.190809249877929688e-01
3.204011023044586182e-01,-3.710613399744033813e-02
1.201053857803344727e+00,4.919078350067138672e-01
-2.268220633268356323e-01,5.783755779266357422e-01
-7.334645390510559082e-01,3.770856261253356934e-01
1.290736556053161621e+00,1.132546782493591309e+00
2.437366485595703125e+00,1.547394156455993652e+00
-6.348639130592346191e-01,1.118932008743286133e+00
-5.138185620307922363e-01,-5.651726573705673218e-02
-1.136704441159963608e-02,2.002114057540893555e-01
-2.313609234988689423e-02,7.531079053878784180e-01
1.570337176322937012e+00,9.564395546913146973e-01
1.197264790534973145e+00,-2.660866677761077881e-01
1.217104960232973099e-02,1.246863842010498047e+00
-3.997187912464141846e-01,1.042819619178771973e+00
9.406449198722839355e-01,2.168424576520919800e-01
7.911576628684997559e-01,1.465193778276443481e-01
2.112672567367553711e+00,1.396778345108032227e+00
-4.883934929966926575e-02,7.118741869926452637e-01
-7.364925742149353027e-01,-4.588533937931060791e-01
6.941434144973754883e-01,-4.316397011280059814e-01
4.392759799957275391e-01,-3.858344554901123047e-01
-3.173944354057312012e-01,-6.733679771423339844e-02
-8.796826004981994629e-01,-3.072471022605895996e-01
-1.225894093513488770e+00,-6.200532317161560059e-01
5.703647136688232422e-01,1.241044998168945312e+00
1.183389544486999512e+00,1.708417892456054688e+00
1.097651243209838867e+00,2.730162441730499268e-01
1.248317599296569824e+00,1.347925662994384766e+00
6.870154738426208496e-01,1.419465690851211548e-01
-5.276508927345275879e-01,-7.478153109550476074e-01
-4.890317320823669434e-01,-4.721936881542205811e-01
3.683508634567260742e-01,7.379692792892456055e-01
7.511985898017883301e-01,4.016832113265991211e-01
-1.697186589241027832e+00,5.287828445434570312e-01
-9.908937215805053711e-01,7.238575220108032227e-01
9.728972315788269043e-01,1.263512969017028809e-01
1.891402721405029297e+00,-1.841687858104705811e-01
-1.112485229969024658e-01,1.047974705696105957e+00
-7.873417139053344727e-01,2.057393193244934082e-01
1.708660960197448730e+00,5.425010919570922852e-01
-4.308403134346008301e-01,-2.869108021259307861e-01
-7.115396261215209961e-01,1.968742311000823975e-01
-1.497337371110916138e-01,-2.663409709930419922e-01
8.869714140892028809e-01,2.478707395493984222e-02
1.144336223602294922e+00,-1.153093203902244568e-01
1.169176697731018066e+00,-1.558922827243804932e-01
1.221767544746398926e+00,3.176612257957458496e-01
9.471939802169799805e-01,1.225339651107788086e+00
1.860860586166381836e-01,-8.379021286964416504e-02
-2.448668628931045532e-01,3.620131015777587891e-01
1.023553490638732910e+00,2.334702908992767334e-01
1.218996763229370117e+00,6.216619014739990234e-01
2.300945281982421875e+00,1.205085963010787964e-01
1.234533429145812988e+00,2.007364332675933838e-01
1.479775547981262207e+00,1.141535282135009766e+00
7.854553461074829102e-01,-1.717281788587570190e-01
1.020702242851257324e+00,2.326848655939102173e-01
1.721491217613220215e+00,1.616153240203857422e+00
1.945381760597229004e+00,1.539216279983520508e+00
9.667822718620300293e-01,3.159817457199096680e-01
8.144652843475341797e-01,6.098639369010925293e-01
1.007555842399597168e+00,-4.910774230957031250e-01
7.974012494087219238e-01,-1.110480070114135742e+00
3.328025639057159424e-01,5.272908806800842285e-01
7.208863496780395508e-01,3.803649544715881348e-01
4.431400597095489502e-01,8.152784407138824463e-02
7.716604471206665039e-01,1.362617015838623047e-01
1.360889911651611328e+00,1.490937471389770508e+00
1.254620194435119629e+00,1.394604802131652832e+00
4.281339943408966064e-01,3.744542002677917480e-01
9.780260920524597168e-01,1.199173107743263245e-01
-2.709988653659820557e-01,3.848589956760406494e-01
-4.696685373783111572e-01,3.743185997009277344e-01
1.738833904266357422e+00,1.424425959587097168e+00
1.323696255683898926e+00,1.802496194839477539e+00
2.467856109142303467e-01,3.627278208732604980e-01
1.959573149681091309e+00,1.574213266372680664e+00
1.996011137962341309e+00,-1.804715842008590698e-01
6.356786489486694336e-01,-7.962268590927124023e-02
1.723409771919250488e+00,-9.407389760017395020e-01
8.321295976638793945e-01,3.833624124526977539e-01
1.328508973121643066e+00,-7.594884932041168213e-02
4.466182589530944824e-01,6.159900426864624023e-01
2.016226530075073242e+00,3.097226023674011230e-01
1.797748804092407227e+00,1.727833271026611328e+00
7.860394716262817383e-01,-1.860438138246536255e-01
1.284830570220947266e+00,-2.942895889282226562e-01
1.327656865119934082e+00,-3.072921037673950195e-01
1.302167892456054688e+00,5.786271691322326660e-01
1.144314765930175781e+00,5.039037764072418213e-02
2.413222789764404297e+00,-5.252864956855773926e-01
3.026381492614746094e+00,1.304527997970581055e+00
-7.524579167366027832e-01,-2.431001365184783936e-01
-1.499117136001586914e+00,-6.999107003211975098e-01
1.251613616943359375e+00,5.986279249191284180e-01
1.068791389465332031e+00,2.751527726650238037e-01
-9.745317101478576660e-01,3.971405029296875000e-01
-8.986814022064208984e-01,-1.902479529380798340e-01
-1.990715563297271729e-01,5.379466414451599121e-01
-5.547797679901123047e-01,-3.739348612725734711e-04
4.082616567611694336e-01,-4.623066484928131104e-01
-5.942135453224182129e-01,3.940990567207336426e-01
-1.013697504997253418e+00,-8.888366222381591797e-01
-1.040301203727722168e+00,-3.581846952438354492e-01
-9.089712500572204590e-01,-4.122631251811981201e-01
-7.491512298583984375e-01,-2.369988113641738892e-01
-1.062134981155395508e+00,-3.072471022605895996e-01
3.743747174739837646e-01,-3.162049949169158936e-01
-7.486474514007568359e-01,1.230268999934196472e-01
-3.697602450847625732e-01,1.520875096321105957e+00
2.175189018249511719e+00,6.717681288719177246e-01
3.217087686061859131e-01,-2.079847753047943115e-01
-3.099128305912017822e-01,2.496691793203353882e-02
-2.073302567005157471e-01,3.867319822311401367e-01
2.496635615825653076e-01,-3.072471022605895996e-01
5.544207692146301270e-01,-3.072471022605895996e-01
-1.095250248908996582e+00,-2.650548517704010010e-01
1.322710156440734863e+00,1.802120685577392578e+00
9.698049426078796387e-01,8.781426548957824707e-01
5.085933208465576172e-01,-8.358942270278930664e-01
-1.086348414421081543e+00,-3.072471022605895996e-01
-6.314982771873474121e-01,-7.422517538070678711e-01
-4.776539206504821777e-01,-3.072471022605895996e-01
5.573309063911437988e-01,-3.072471022605895996e-01
-5.909765362739562988e-01,-5.649293214082717896e-02
-8.223915696144104004e-01,-2.871896326541900635e-01
1.770786166191101074e+00,2.268848419189453125e-01
-9.346959590911865234e-01,-2.161638289690017700e-01
-1.157101988792419434e+00,1.461760252714157104e-01
-7.099478840827941895e-01,-3.072471022605895996e-01
-7.720515727996826172e-01,-3.072471022605895996e-01
-8.548958301544189453e-01,-3.072471022605895996e-01
-8.585133552551269531e-01,-3.072471022605895996e-01
9.443160295486450195e-01,6.720227003097534180e-01
-9.132640957832336426e-01,-3.072471022605895996e-01
-9.100859761238098145e-01,-3.072471022605895996e-01
-4.798780083656311035e-01,-3.072471022605895996e-01
-3.672252893447875977e-01,-3.072471022605895996e-01
-7.748008966445922852e-01,4.237893223762512207e-01
-9.640649557113647461e-01,2.835329174995422363e-01
-1.106102824211120605e+00,-1.746775805950164795e-01
-7.253237366676330566e-01,6.190941333770751953e-01
1.054219365119934082e+00,8.780021667480468750e-01
-1.027562141418457031e+00,-5.341049432754516602e-01
-7.759370803833007812e-01,-2.625915706157684326e-01
-1.237154006958007812e+00,4.576341807842254639e-01
1.011805891990661621e+00,1.677195906639099121e+00
1.896327972412109375e+00,1.493403315544128418e-01
1.540946722030639648e+00,1.477991193532943726e-01
1.487755537033081055e+00,4.873391091823577881e-01
-1.057933330535888672e+00,-4.283318668603897095e-02
-1.531326651573181152e+00,2.348434329032897949e-01
4.868720173835754395e-01,3.683488070964813232e-01
7.975406050682067871e-01,-5.447775721549987793e-01
1.195769548416137695e+00,1.031779050827026367e+00
-7.564720511436462402e-01,-1.043252348899841309e-01
-5.447578430175781250e-01,6.923805475234985352e-01
5.391681790351867676e-01,-5.063346624374389648e-01
-9.492625594139099121e-01,-1.283768862485885620e-01
-1.356216549873352051e+00,3.092860877513885498e-01
1.159267306327819824e+00,1.229575872421264648e+00
-1.003407716751098633e+00,-9.224213361740112305e-01
-8.928290009498596191e-01,-6.383495330810546875e-01
8.065120577812194824e-01,-3.072471022605895996e-01
8.690713047981262207e-01,-2.785298526287078857e-01
7.229175567626953125e-01,-2.934396266937255859e-01
-1.583783507347106934e+00,-3.973641991615295410e-01
-1.769510507583618164e+00,-2.807993590831756592e-01
6.539217829704284668e-01,-5.933899879455566406e-01
5.280583500862121582e-01,-7.007207870483398438e-01
7.910826206207275391e-01,1.421803236007690430e+00
8.536311388015747070e-01,1.757702231407165527e+00
1.473435401916503906e+00,2.856504917144775391e-02
1.379058003425598145e+00,1.464789032936096191e+00
1.705193519592285156e+00,1.431866168975830078e+00
-1.666745662689208984e+00,3.828757703304290771e-01
-1.319269418716430664e+00,-4.827997982501983643e-01
7.626460790634155273e-01,1.397045135498046875e+00
2.068641036748886108e-01,-3.189979791641235352e-01
-9.434208869934082031e-01,-8.930378556251525879e-01
5.638210177421569824e-01,8.204530179500579834e-02
1.607134222984313965e+00,3.654172718524932861e-01
-7.791258692741394043e-01,1.270152777433395386e-01
-1.165575027465820312e+00,-1.150269269943237305e+00
1.180929660797119141e+00,-3.072471022605895996e-01
1.098096132278442383e+00,-3.072471022605895996e-01
-8.802614212036132812e-01,-3.072471022605895996e-01
-9.543271064758300781e-01,-3.072471022605895996e-01
-2.649509429931640625e+00,-3.072471022605895996e-01
6.701819300651550293e-01,-8.078056573867797852e-01
6.640294194221496582e-01,-8.087012767791748047e-01
8.316311836242675781e-01,8.607108592987060547e-01
5.255448222160339355e-01,1.357602626085281372e-01
-1.072081923484802246e+00,3.533406853675842285e-01
-1.169958949089050293e+00,1.808039397001266479e-01
-7.863770127296447754e-01,-1.018485426902770996e+00
-1.000095605850219727e+00,-7.634406089782714844e-01
-6.110953688621520996e-01,-2.262648642063140869e-01
5.085879564285278320e-01,-4.716995358467102051e-01
5.609698891639709473e-01,1.782171368598937988e+00
-7.607702612876892090e-01,2.830265164375305176e-01
-1.019249796867370605e+00,-2.418438196182250977e-01
3.221268057823181152e-01,-1.871584169566631317e-02
1.185704708099365234e+00,7.807560563087463379e-01
4.318479895591735840e-01,-3.064168691635131836e-01
9.907062053680419922e-01,-1.705574989318847656e-02
1.001044392585754395e+00,1.010077953338623047e+00
5.703272223472595215e-01,-3.802724182605743408e-02
2.570219039916992188e-01,-5.511026382446289062e-01
-1.066202759742736816e+00,-2.309841662645339966e-02
-6.493019461631774902e-01,2.473836690187454224e-01
1.723656296730041504e+00,1.421746611595153809e+00
5.940529108047485352e-01,1.466776490211486816e+00
-1.974332690238952637e+00,-8.519036173820495605e-01
-1.641857028007507324e+00,-1.456674486398696899e-01
3.141789436340332031e-01,5.844860896468162537e-02
-4.829060435295104980e-01,2.804559469223022461e-01
-5.544956922531127930e-01,4.940576255321502686e-01
-9.541984796524047852e-01,7.822297215461730957e-01
-9.635987281799316406e-01,1.970865726470947266e-01
4.953616484999656677e-02,1.511360526084899902e+00
-7.490226030349731445e-01,3.878952860832214355e-01
1.551970839500427246e+00,1.258145093917846680e+00
-3.312214612960815430e-01,-3.072471022605895996e-01
-4.660938680171966553e-01,-2.251631319522857666e-01
-7.261062264442443848e-01,-4.782924950122833252e-01
-8.945922255516052246e-01,-1.708995699882507324e-01
-7.557432055473327637e-01,-3.072471022605895996e-01
-4.121738374233245850e-01,-8.544234037399291992e-01
-1.071063637733459473e+00,-3.072471022605895996e-01
-1.217855215072631836e+00,-3.072471022605895996e-01
-5.831465721130371094e-01,-3.072471022605895996e-01
-8.107565045356750488e-01,-6.818503737449645996e-01
4.047780930995941162e-01,8.017448186874389648e-01
2.945692241191864014e-01,8.872991800308227539e-02
4.598128795623779297e-01,2.217725068330764771e-01
-8.536578416824340820e-01,1.125123500823974609e-01
-1.159428000450134277e+00,-3.072471022605895996e-01
7.965276837348937988e-01,-3.072471022605895996e-01
-1.308047056198120117e+00,-1.703503429889678955e-01
-1.213808894157409668e+00,2.422997951507568359e-01
1.160290956497192383e+00,-1.562912017107009888e-01
2.606340646743774414e-01,6.035436987876892090e-01
3.305998742580413818e-01,-1.104822903871536255e-01
1.459790706634521484e+00,-5.167770385742187500e-01
-7.833650708198547363e-01,-9.537926912307739258e-01
7.480151653289794922e-01,7.159275412559509277e-01
-7.448799014091491699e-01,-7.405936121940612793e-01
-5.778355002403259277e-01,4.336433857679367065e-02
7.434383034706115723e-01,-1.356859803199768066e-01
-7.807711958885192871e-01,-7.429178953170776367e-01
-1.080367445945739746e+00,-3.786102309823036194e-02
9.548684954643249512e-01,1.241074323654174805e+00
-3.475834131240844727e-01,5.816947221755981445e-01
-4.397796690464019775e-01,-2.959676086902618408e-01
1.167847514152526855e+00,1.780087500810623169e-01
8.742430210113525391e-01,1.911652684211730957e-01
1.618951439857482910e+00,1.188409328460693359e+00
2.190886884927749634e-01,5.670210346579551697e-02
-1.908075064420700073e-01,2.762934565544128418e-01
6.910296082496643066e-01,1.005290031433105469e+00
1.014415860176086426e+00,7.247033715248107910e-01
1.030048966407775879e+00,7.572124004364013672e-01
2.558803558349609375e-01,1.046155452728271484e+00
9.428154230117797852e-01,-4.607644677162170410e-02
9.965264201164245605e-01,-3.349809050559997559e-01
3.798037171363830566e-01,-2.063717693090438843e-01
-1.456901907920837402e+00,-3.072471022605895996e-01
-1.186819434165954590e+00,-7.238052487373352051e-01
1.736384749412536621e+00,1.309144735336303711e+00
-6.448429822921752930e-01,6.013987064361572266e-01
-8.969663977622985840e-01,1.228592276573181152e+00
3.481949865818023682e-02,2.631443142890930176e-01
-5.523300543427467346e-02,9.600700139999389648e-01
1.106751441955566406e+00,4.478431046009063721e-01
5.689449980854988098e-02,4.590253233909606934e-01
-1.450389772653579712e-01,4.337562918663024902e-01
7.895659208297729492e-01,1.050207465887069702e-01
2.465337216854095459e-01,-1.778385788202285767e-01
-1.140161275863647461e+00,-3.072471022605895996e-01
-1.240975260734558105e+00,-7.584472298622131348e-01
-9.189342260360717773e-01,-3.017064929008483887e-01
-1.166695117950439453e+00,4.715493917465209961e-01
3.045766115188598633e+00,7.059894204139709473e-01
2.973989009857177734e+00,1.089355468750000000e+00
1.447517871856689453e+00,7.344251275062561035e-01
3.672307729721069336e-01,-1.576581969857215881e-02
8.875823616981506348e-01,6.713747978210449219e-02
-1.025884628295898438e+00,5.672627091407775879e-01
-8.530575633049011230e-01,-5.151285529136657715e-01
1.136511683464050293e+00,1.491654664278030396e-02
-8.640924096107482910e-01,-2.734658718109130859e-01
-3.320521414279937744e-01,-3.072471022605895996e-01
-7.491673231124877930e-01,-2.347434610128402710e-01
-7.898230552673339844e-01,1.433407068252563477e-01
-1.470380127429962158e-01,2.457703202962875366e-01
-4.196768701076507568e-01,3.743971586227416992e-01
6.717736124992370605e-01,1.475554704666137695e+00
3.526373505592346191e-01,-4.446229040622711182e-01
3.976073563098907471e-01,1.737272024154663086e+00
1.454908370971679688e+00,1.229289531707763672e+00
1.753588080406188965e+00,1.517999410629272461e+00
9.864991903305053711e-01,-2.841569017618894577e-03
1.579158544540405273e+00,5.257848501205444336e-01
-7.269262075424194336e-01,-6.572121381759643555e-02
-1.131495237350463867e+00,-2.297559678554534912e-01
1.063582181930541992e+00,-8.224983513355255127e-02
-1.538872122764587402e-01,5.012212395668029785e-01
-1.466623663902282715e+00,8.388432264328002930e-01
1.076605319976806641e+00,-1.699126660823822021e-01
9.094215631484985352e-01,1.660439521074295044e-01
5.908908843994140625e-01,6.492284536361694336e-01
9.656889438629150391e-01,-1.836904883384704590e-01
4.477758705615997314e-01,1.120380401611328125e+00
5.012510418891906738e-01,1.062796592712402344e+00
6.902793049812316895e-01,7.696963548660278320e-01
6.096806526184082031e-01,1.213489174842834473e+00
6.048893928527832031e-01,-2.211404889822006226e-01
-6.286846399307250977e-01,-5.041435360908508301e-01
-2.193619012832641602e-01,-6.435295343399047852e-01
-3.231824934482574463e-01,-1.449732482433319092e-01
-4.481991231441497803e-01,2.301467061042785645e-01
-7.109500765800476074e-01,-4.532805085182189941e-02
-6.240434646606445312e-01,5.292055010795593262e-01
-1.009361863136291504e+00,-6.238595247268676758e-01
7.434919476509094238e-01,4.111503362655639648e-01
8.176218867301940918e-01,3.569236099720001221e-01
8.405544161796569824e-01,2.579182386398315430e-01
7.935264706611633301e-01,2.958699464797973633e-01
4.881100356578826904e-01,-1.687186062335968018e-01
4.641168937087059021e-02,-2.829364687204360962e-02
-1.006569623947143555e+00,-8.046023249626159668e-01
3.674022555351257324e-01,-6.105566024780273438e-01
4.273408055305480957e-01,-6.702940165996551514e-02
-1.280376911163330078e+00,-8.252636194229125977e-01
-1.521347641944885254e+00,-8.992686271667480469e-01
2.480825632810592651e-01,-5.695709586143493652e-01
2.506282329559326172e-01,2.274068295955657959e-01
2.676226198673248291e-01,-3.072471022605895996e-01
-1.701516866683959961e+00,-7.795208096504211426e-01
-1.618345737457275391e+00,-6.501230597496032715e-01
1.334790587425231934e-01,1.645936816930770874e-02
4.441802576184272766e-02,-7.739653587341308594e-01
2.781697511672973633e-01,4.308456182479858398e-01
3.223947584629058838e-01,2.497374117374420166e-01
8.213412761688232422e-01,9.489269554615020752e-02
4.536443054676055908e-01,-3.364304825663566589e-02
-1.625366449356079102e+00,-2.443905770778656006e-01
-4.813036024570465088e-01,-4.717462658882141113e-01
1.345406889915466309e+00,5.021599531173706055e-01
-6.414933800697326660e-01,-4.068622887134552002e-01
-9.221765995025634766e-01,-2.774739861488342285e-01
6.388460397720336914e-01,7.191056013107299805e-01
5.913732647895812988e-01,-2.503886520862579346e-01
7.355226278305053711e-01,1.427067637443542480e+00
-8.686960339546203613e-01,2.053759843111038208e-01
-7.401583194732666016e-01,-2.947980761528015137e-01
-1.133547782897949219e+00,1.621137112379074097e-01
4.012195169925689697e-01,1.259838640689849854e-01
-1.035284876823425293e+00,-1.532976329326629639e-01
-1.695611000061035156e+00,-8.927353620529174805e-01
-9.762145280838012695e-01,-8.532817959785461426e-01
-1.098578333854675293e+00,-1.879918277263641357e-01
-1.086996912956237793e+00,-9.102082848548889160e-01
-8.551208972930908203e-01,6.585441827774047852e-01
5.407599210739135742e-01,-3.072471022605895996e-01
5.204159617424011230e-01,-3.072471022605895996e-01
-6.009234189987182617e-01,3.803459703922271729e-01
-8.345197439193725586e-01,-6.942933201789855957e-01
1.104982852935791016e+00,-2.322776317596435547e-01
8.750898241996765137e-01,-2.218894958496093750e-01
-3.118100166320800781e-01,5.597348213195800781e-01
-9.033868908882141113e-01,-9.773397445678710938e-01
9.938682317733764648e-01,5.313629508018493652e-01
8.426392078399658203e-01,3.757856786251068115e-01
-5.836396217346191406e-01,3.781248927116394043e-01
-1.098830223083496094e+00,-6.118411421775817871e-01
2.378864288330078125e+00,-1.750352606177330017e-02
2.269496917724609375e+00,1.045514822006225586e+00
-4.585265219211578369e-01,-1.735775172710418701e-01
-1.654070973396301270e+00,-7.295710593461990356e-02
5.957196354866027832e-01,-3.255661427974700928e-01
4.504876732826232910e-01,-1.949966549873352051e-01
1.381507158279418945e+00,5.479660630226135254e-01
-6.566923856735229492e-01,-2.454127669334411621e-01
-6.304210424423217773e-01,-8.643056750297546387e-01
-1.712513715028762817e-01,-4.612815380096435547e-01
-4.133743345737457275e-01,-3.349107801914215088e-01
-7.669870257377624512e-01,-5.288259387016296387e-01
1.151490926742553711e+00,5.616695880889892578e-01
5.511462688446044922e-01,-1.022880792617797852e+00
1.312318444252014160e+00,-1.821564733982086182e-01
1.211633086204528809e+00,-3.159062862396240234e-01
-3.438265621662139893e-01,1.407051831483840942e-02
-5.239101052284240723e-01,2.118954658508300781e-01
-2.037555873394012451e-01,6.460374593734741211e-01
-2.634047269821166992e-01,-3.606687188148498535e-01
1.206927657127380371e+00,9.747208356857299805e-01
1.185383200645446777e+00,5.898166894912719727e-01
2.096295058727264404e-01,1.474092006683349609e+00
-6.680702567100524902e-01,9.521131515502929688e-01
8.443595170974731445e-01,2.745093405246734619e-01
1.747810721397399902e+00,8.800945281982421875e-01
-1.173924922943115234e+00,-7.167251408100128174e-02
-1.559870362281799316e+00,-1.394024193286895752e-01
-4.916095435619354248e-01,-1.860346198081970215e-01
-5.035662055015563965e-01,-7.215694785118103027e-01
4.961275458335876465e-01,2.549071237444877625e-02
-6.057896614074707031e-01,-2.163178324699401855e-01
-8.974165916442871094e-01,6.301104277372360229e-02
6.584718227386474609e-01,-4.256285429000854492e-01
-7.609845995903015137e-01,-4.426437616348266602e-01
-3.837587833404541016e-01,-3.072471022605895996e-01
-1.549483537673950195e-01,-3.882896900177001953e-01
-3.374221622943878174e-01,-7.383500337600708008e-01
1.000701308250427246e+00,-3.279561102390289307e-01
-7.884992957115173340e-01,-3.588342964649200439e-01
-4.803710877895355225e-01,-1.044818043708801270e+00
-6.595650315284729004e-01,-4.539340138435363770e-01
-5.256733298301696777e-01,3.890550136566162109e-01
-3.515064418315887451e-01,-2.842653989791870117e-01
-1.040601253509521484e+00,-8.155836462974548340e-01
7.846889495849609375e-01,3.026670217514038086e-01
1.393512010574340820e+00,-1.911342591047286987e-01
-5.139632225036621094e-01,-1.278850436210632324e-01
-4.068895578384399414e-01,8.979487419128417969e-02
1.267600417137145996e+00,1.018654584884643555e+00
-5.707451701164245605e-01,-6.253191232681274414e-01
-6.470670700073242188e-01,-3.278726339340209961e-01
9.754486382007598877e-04,1.478277891874313354e-01
-6.193214654922485352e-02,8.002312183380126953e-01
-6.588731706142425537e-02,6.810917854309082031e-01
-4.571813344955444336e-01,8.018860220909118652e-01
1.446933627128601074e+00,-1.412309557199478149e-01
1.300511956214904785e+00,-1.187287420034408569e-01
-1.006033778190612793e+00,-2.717218101024627686e-01
-1.249801993370056152e+00,-4.911782145500183105e-01
1.465428590774536133e+00,1.976911425590515137e-01
1.939813375473022461e+00,-2.326361835002899170e-01
8.363741636276245117e-01,6.875494718551635742e-01
1.657586693763732910e+00,2.907988131046295166e-01
8.428267836570739746e-01,-8.594781160354614258e-01
1.576125264167785645e+00,1.027634739875793457e+00
-1.448138952255249023e-01,1.427925825119018555e-01
2.109639793634414673e-01,7.591548562049865723e-01
-7.737236618995666504e-01,1.559289693832397461e-01
-1.812250971794128418e+00,-1.727174073457717896e-01
6.281005740165710449e-01,-3.072471022605895996e-01
7.020537257194519043e-01,-3.072471022605895996e-01
6.768596172332763672e-01,-2.475179433822631836e-01
-2.609979175031185150e-02,-2.391369491815567017e-01
-6.888589859008789062e-01,3.184889256954193115e-01
1.625409483909606934e+00,1.260637760162353516e+00
1.486474633216857910e+00,1.436641931533813477e+00
-2.698251903057098389e-01,4.389662742614746094e-01
-4.069538712501525879e-01,4.086207598447799683e-02
-6.454485654830932617e-01,-3.732048720121383667e-02
-6.652780175209045410e-01,-1.823865771293640137e-01
7.736112475395202637e-01,6.436435580253601074e-01
5.037592053413391113e-01,-5.452859997749328613e-01
5.672242045402526855e-01,-1.492445915937423706e-02
4.167132973670959473e-01,-1.213806718587875366e-01
8.971969485282897949e-01,-5.884816050529479980e-01
-1.130862832069396973e+00,-3.072471022605895996e-01
-8.868533968925476074e-01,2.707909792661666870e-02
5.665488839149475098e-01,4.837096631526947021e-01
9.771739840507507324e-01,-4.269235432147979736e-01
-4.708261489868164062e-01,-6.716358065605163574e-01
-5.864318609237670898e-01,6.387921571731567383e-01
6.604386568069458008e-01,2.952823638916015625e-01
2.276699781417846680e+00,1.050392389297485352e+00
-8.276115655899047852e-01,-2.538512349128723145e-01
-7.914040684700012207e-01,4.150650501251220703e-01
1.913563489913940430e+00,1.753193736076354980e-01
1.334736466407775879e+00,2.481444478034973145e-01
-1.291202664375305176e+00,-8.676211833953857422e-01
-1.365809679031372070e+00,2.511597573757171631e-01
9.376865625381469727e-01,-3.992310166358947754e-02
3.690851032733917236e-01,-4.384674429893493652e-01
-8.256179094314575195e-01,-7.838852703571319580e-03
-1.169155120849609375e+00,-4.140351414680480957e-01
8.819229006767272949e-01,3.649136424064636230e-01
9.114956259727478027e-01,-2.750169932842254639e-01
-1.546713232994079590e+00,-1.120260581374168396e-01
-2.497867196798324585e-01,-4.220601022243499756e-01
4.832705855369567871e-01,-1.392858028411865234e-01
8.446328341960906982e-03,2.667890302836894989e-02
-5.668538063764572144e-02,5.770569443702697754e-01
1.879140615463256836e+00,1.539235860109329224e-01
1.480198860168457031e+00,1.543276190757751465e+00
1.673482418060302734e+00,1.286101818084716797e+00
-5.559319853782653809e-01,-6.726835668087005615e-02
-1.078856110572814941e+00,-4.344259500503540039e-01
2.507289409637451172e+00,3.604542016983032227e-01
2.250390768051147461e+00,6.525541543960571289e-01
-7.719979882240295410e-01,-4.131533205509185791e-02
-1.099783703684806824e-01,3.156788349151611328e-01
3.279148638248443604e-01,-4.516492486000061035e-01
1.171781301498413086e+00,9.545098543167114258e-01
1.845532953739166260e-01,2.966959401965141296e-02
-4.863252639770507812e-01,-1.036441177129745483e-01
8.137953877449035645e-01,1.379985958337783813e-01
-2.789574563503265381e-01,4.820528924465179443e-01
-6.577803492546081543e-01,2.848561704158782959e-01
1.038934707641601562e+00,1.231772065162658691e+00
1.318840742111206055e+00,1.469469189643859863e+00
-1.893765628337860107e-01,7.761911153793334961e-01
-3.164565563201904297e-01,-5.023096129298210144e-02
1.162970542907714844e+00,4.847387596964836121e-02
1.336081698536872864e-02,-6.021952033042907715e-01
-3.354017138481140137e-01,3.964142501354217529e-01
-8.078196048736572266e-01,-1.914452314376831055e-01
-1.180908083915710449e+00,-5.551987290382385254e-01
6.718915104866027832e-01,6.509357690811157227e-01
1.314628362655639648e+00,2.657850384712219238e-01
-1.278876304626464844e+00,1.940703094005584717e-01
-1.777501225471496582e+00,-7.516713142395019531e-01
1.194043874740600586e+00,1.179865747690200806e-01
-1.311294794082641602e+00,3.333302736282348633e-01
-1.604952812194824219e+00,-7.163947820663452148e-01
-2.841613292694091797e-01,-2.546404674649238586e-02
-5.492221713066101074e-01,-2.331694215536117554e-01
-7.314708828926086426e-01,-7.872292995452880859e-01
-1.356559514999389648e+00,2.397035062313079834e-01
-1.728195548057556152e+00,-6.789660453796386719e-01
-4.771072566509246826e-01,-6.196219921112060547e-01
-1.854632377624511719e+00,-9.671592712402343750e-01
-1.972885608673095703e+00,-2.113187015056610107e-01
5.009348392486572266e-01,-2.200826406478881836e-01
7.960560321807861328e-01,-2.117098569869995117e-01
-1.078019976615905762e+00,-5.846885591745376587e-02
1.134919881820678711e+00,4.700272083282470703e-01
-1.742076158523559570e+00,-6.117185950279235840e-01
-1.904966533184051514e-01,3.884221315383911133e-01
1.500274896621704102e+00,1.157831072807312012e+00
4.304223954677581787e-01,1.770713925361633301e-01
-9.137035608291625977e-01,2.055702507495880127e-01
-1.139630675315856934e+00,8.916170895099639893e-02
1.033001899719238281e+00,4.373457431793212891e-01
-4.873274564743041992e-01,-1.897994875907897949e-01
-6.508293151855468750e-01,-5.852041244506835938e-01
1.359876990318298340e+00,-1.321451961994171143e-01
2.166185379028320312e+00,7.005575299263000488e-01
1.744589805603027344e+00,5.931385755538940430e-01
1.497096776962280273e+00,7.087258100509643555e-01
1.527618050575256348e+00,-1.273403167724609375e-01
-1.041174769401550293e+00,-8.537858128547668457e-01
-1.480461359024047852e+00,-8.033021688461303711e-01
9.245294332504272461e-01,-9.523864835500717163e-03
8.735409379005432129e-01,1.248572170734405518e-01
7.738041877746582031e-01,-3.072471022605895996e-01
8.144545555114746094e-01,-5.080242753028869629e-01
3.248171806335449219e-01,1.132208228111267090e+00
7.456570863723754883e-01,9.273113608360290527e-01
-1.131966829299926758e+00,1.679976582527160645e-01
-1.672930359840393066e+00,-3.219745755195617676e-01
-6.747264862060546875e-01,3.836557865142822266e-01
-1.013274192810058594e+00,3.191898465156555176e-01
5.727013945579528809e-01,5.906952619552612305e-01
-6.184001564979553223e-01,-3.072471022605895996e-01
-6.068454384803771973e-01,-6.109836697578430176e-01
-4.536388218402862549e-01,-3.977728188037872314e-01
-1.390923380851745605e+00,-2.185342609882354736e-01
6.947114467620849609e-01,4.808006435632705688e-02
6.637828946113586426e-01,5.857063531875610352e-01
-8.840987086296081543e-01,4.369233250617980957e-01
-1.014169216156005859e+00,-5.830386877059936523e-01
-7.816768884658813477e-01,1.509425938129425049e-01
-7.636160254478454590e-01,3.094075918197631836e-01
4.063805341720581055e-01,2.019049227237701416e-01
3.224751651287078857e-01,7.441357970237731934e-01
1.042327165603637695e+00,1.126260995864868164e+00
2.833521962165832520e-01,2.713433504104614258e-01
-1.064171552658081055e+00,-2.274521738290786743e-01
-1.112491130828857422e+00,-2.863880395889282227e-01
7.922884225845336914e-01,6.248409152030944824e-01
7.541623115539550781e-01,5.843585133552551270e-01
7.604488134384155273e-01,-6.291402131319046021e-02
-1.267905235290527344e-01,1.605790257453918457e-01
-4.996109902858734131e-01,-4.953272342681884766e-01
1.268865227699279785e+00,9.653146862983703613e-01
1.070056200027465820e+00,-3.601133227348327637e-01
-1.184198737144470215e+00,-5.457515716552734375e-01
-1.311643123626708984e+00,-8.061932325363159180e-01
7.317764759063720703e-01,-3.020907938480377197e-02
9.600831270217895508e-01,1.097628831863403320e+00
5.677815675735473633e-01,-9.804446995258331299e-02
2.967826128005981445e-01,1.057919487357139587e-02
4.371376335620880127e-01,-1.413152217864990234e-01
3.791766762733459473e-01,-3.498962521553039551e-01
-3.020935952663421631e-01,-1.558175384998321533e-01
-7.473666071891784668e-01,7.893054187297821045e-02
1.140841960906982422e+00,8.301502466201782227e-01
-7.316638231277465820e-01,-1.004989445209503174e-01
-1.221601366996765137e+00,-1.283753514289855957e-01
5.899583697319030762e-01,4.684887230396270752e-01
-1.496485710144042969e+00,-7.864748239517211914e-01
-1.292751550674438477e+00,1.236366108059883118e-02
-6.143217086791992188e-01,-5.884798169136047363e-01
-9.765414595603942871e-01,-4.861977398395538330e-01
-1.440143346786499023e+00,-6.440144181251525879e-01
-1.445106029510498047e+00,-1.154382705688476562e+00
1.206177353858947754e+00,2.832719087600708008e-01
-1.467877745628356934e+00,-2.042440026998519897e-01
-1.563262701034545898e+00,-1.721784323453903198e-01
-6.785584092140197754e-01,-2.537201046943664551e-01
-7.247985601425170898e-01,-3.721915781497955322e-01
-9.857755303382873535e-01,-6.252553462982177734e-01
-3.157973587512969971e-01,-5.877600312232971191e-01
9.176427125930786133e-01,-2.935785651206970215e-01
1.178592920303344727e+00,1.450109332799911499e-01
6.258442997932434082e-01,-3.860111236572265625e-01
5.667525529861450195e-01,-5.446337461471557617e-01
4.402674734592437744e-01,2.541115283966064453e-01
-8.529986143112182617e-01,1.297041587531566620e-02
-1.415318965911865234e+00,1.633124947547912598e-01
2.695787549018859863e-01,5.142815113067626953e-01
6.773098111152648926e-01,2.254146784543991089e-01
7.066680788993835449e-01,-1.684972941875457764e-01
2.563734054565429688e-01,1.860470026731491089e-01
4.650596380233764648e-01,1.025888681411743164e+00
4.988125860691070557e-01,5.448547601699829102e-01
4.777719080448150635e-01,9.979448318481445312e-01
7.395957112312316895e-01,1.093376755714416504e+00
8.220272660255432129e-01,-2.063932120800018311e-01
8.323224782943725586e-01,-5.385428667068481445e-02
-6.492000818252563477e-01,-4.806855916976928711e-01
-1.128922700881958008e+00,-7.982037067413330078e-01
1.106043934822082520e+00,1.159731864929199219e+00
-1.161759257316589355e+00,-9.711520671844482422e-01
-1.476265072822570801e+00,-8.486584424972534180e-01
4.579746127128601074e-01,1.020472943782806396e-01
6.743621826171875000e-01,3.204566240310668945e-01
1.126704096794128418e+00,-8.696806430816650391e-02
9.804645776748657227e-01,5.857014283537864685e-02
7.370665669441223145e-02,3.496213257312774658e-01
-4.573528468608856201e-01,3.325977027416229248e-01
-8.167160749435424805e-01,-4.180189967155456543e-01
-9.511705040931701660e-01,4.027630984783172607e-01
3.194632232189178467e-01,-3.041238486766815186e-01
-6.592166423797607422e-01,-2.475242614746093750e-01
-5.747110247611999512e-01,-4.493826627731323242e-01
1.062831878662109375e+00,6.740286201238632202e-02
9.448733925819396973e-01,1.584481298923492432e-01
-3.066436350345611572e-01,-2.685284614562988281e-01
1.739204227924346924e-01,9.661378264427185059e-01
1.830542445182800293e+00,3.529573678970336914e-01
1.376046061515808105e+00,2.012569010257720947e-01
1.183614611625671387e+00,-1.425659060478210449e-01
-2.130004018545150757e-01,-4.008353054523468018e-01
-8.799934983253479004e-01,-4.823236167430877686e-01
5.804991722106933594e-01,4.832850694656372070e-01
5.719082355499267578e-01,-3.616889119148254395e-01
2.180199861526489258e+00,3.554414510726928711e-01
2.325528383255004883e+00,2.835097312927246094e-01
-1.334136128425598145e+00,1.025383919477462769e-01
-7.293860912322998047e-01,-3.985064923763275146e-01
4.275069534778594971e-01,2.196611464023590088e-01
6.724756956100463867e-01,1.377744674682617188e-01
1.351210951805114746e+00,-4.053617119789123535e-01
-1.661653816699981689e-01,-1.725192070007324219e-01
-8.461494445800781250e-01,-6.608632802963256836e-01
1.034990698099136353e-01,-3.454510569572448730e-01
-2.905657291412353516e-01,-1.201749220490455627e-01
1.326965451240539551e+00,-4.541871845722198486e-01
-3.063756823539733887e-01,-4.179432690143585205e-01
-5.738208815455436707e-02,7.140958309173583984e-01
5.677659437060356140e-02,-1.894688606262207031e-02
-1.763052046298980713e-01,6.660293936729431152e-01
1.705584764480590820e+00,-2.610551714897155762e-01
1.999398767948150635e-01,-4.518406987190246582e-01
-2.446042597293853760e-01,-7.021260261535644531e-01
-2.718027532100677490e-01,1.108772680163383484e-02
-9.423758387565612793e-01,-5.907542705535888672e-01
1.181808590888977051e+00,6.709733009338378906e-01
-6.087480187416076660e-01,-8.105766028165817261e-06
-1.380236446857452393e-01,-5.723049640655517578e-01
1.080356836318969727e+00,3.562411963939666748e-01
-8.463418483734130859e-02,-3.712458610534667969e-01
9.556402564048767090e-01,6.438912451267242432e-02
-1.300919175148010254e+00,-4.036458134651184082e-01
-1.594411134719848633e+00,-4.273880720138549805e-01
-5.786501169204711914e-01,9.163753688335418701e-02
-1.055012464523315430e+00,1.063938289880752563e-01
9.576339125633239746e-01,-4.049643278121948242e-01
3.376098573207855225e-01,1.537245512008666992e-02
2.487701177597045898e+00,5.590652823448181152e-01
1.477921247482299805e+00,1.572216987609863281e+00
-3.851897120475769043e-01,1.383049130439758301e+00
1.600204586982727051e+00,1.243293762207031250e+00
3.228717446327209473e-01,-4.853585362434387207e-01
1.089708805084228516e+00,-2.193972021341323853e-01
-1.155419230461120605e+00,-1.538957804441452026e-01
-1.740254044532775879e+00,-5.332444906234741211e-01
7.462733983993530273e-01,-2.231175750494003296e-01
4.547590315341949463e-01,2.131983339786529541e-01
3.672039806842803955e-01,8.638670444488525391e-01
3.903669118881225586e-01,4.519966244697570801e-01
4.816520512104034424e-01,4.332433938980102539e-01
7.518042325973510742e-01,7.240136861801147461e-01
2.762618362903594971e-01,-3.072471022605895996e-01
-5.686550140380859375e-01,-3.108696639537811279e-01
-1.251500964164733887e+00,-1.276710510253906250e+00
-1.098658218979835510e-01,2.541257739067077637e-01
-6.556040048599243164e-02,4.322872161865234375e-01
8.244389295578002930e-01,8.142058253288269043e-01
1.216402888298034668e+00,-2.236578166484832764e-01
1.192805886268615723e+00,-4.333229362964630127e-01
1.152836084365844727e+00,4.531052112579345703e-01
5.037431120872497559e-01,1.506790816783905029e-01
2.563948631286621094e-01,4.695762395858764648e-01
6.324255466461181641e-01,5.106064081192016602e-01
1.652495384216308594e+00,1.359448790550231934e+00
2.399096190929412842e-01,1.213459491729736328e+00
-2.044737488031387329e-01,1.702620685100555420e-01
1.968217730522155762e+00,8.950668573379516602e-01
1.149191737174987793e+00,-2.924181222915649414e-01
1.435571908950805664e+00,6.305001378059387207e-01
-9.644611179828643799e-02,-1.826852560043334961e-01
-3.345281481742858887e-01,-3.802787065505981445e-01
7.255007028579711914e-01,-4.394811689853668213e-01
2.466945052146911621e-01,1.193626046180725098e+00
3.979664146900177002e-01,1.140047430992126465e+00
-8.519910573959350586e-01,-5.944775342941284180e-01
-1.006023049354553223e+00,-8.229542970657348633e-01
-1.171588182449340820e+00,-4.273492097854614258e-01
-1.426766514778137207e+00,-5.070895701646804810e-02
2.702433168888092041e-01,5.719877481460571289e-01
3.470047414302825928e-01,2.624157667160034180e-01
-4.230639636516571045e-01,2.439980059862136841e-01
-1.189445495605468750e+00,-1.797840595245361328e-01
-1.378688097000122070e+00,-5.531894564628601074e-01
-1.184841752052307129e+00,-8.994841575622558594e-01
1.381115913391113281e+00,7.043449878692626953e-01
-8.441825509071350098e-01,-3.473845124244689941e-01
-3.791176080703735352e-01,-2.055502682924270630e-01
7.038544416427612305e-01,-5.295704603195190430e-01
8.173968195915222168e-01,2.581255435943603516e-01
1.028001666069030762e+00,-5.002412199974060059e-02
-8.014527559280395508e-01,-9.356217980384826660e-01
-6.228430271148681641e-01,-3.748487234115600586e-01
1.133397936820983887e+00,-6.624119281768798828e-01
1.110175967216491699e+00,-2.736583650112152100e-01
-1.170419931411743164e+00,-1.763719171285629272e-01
-1.373521685600280762e+00,-4.001498222351074219e-01
-1.979515075683593750e+00,-8.931402862071990967e-02
-1.878604650497436523e+00,-2.106288373470306396e-01
4.337880611419677734e-01,6.178379058837890625e-01
-9.341760873794555664e-01,1.147260814905166626e-01
-6.226125359535217285e-01,4.384736716747283936e-01
-4.069538712501525879e-01,4.540329575538635254e-01
-3.251600563526153564e-01,-1.944850087165832520e-01
-4.978102743625640869e-01,-2.674343883991241455e-01
-2.167948037385940552e-01,-1.004780054092407227e+00
7.084848880767822266e-01,-3.281885758042335510e-02
1.037208914756774902e+00,-1.925406306982040405e-01
1.196423411369323730e+00,1.325850635766983032e-01
9.491233229637145996e-01,-1.603452563285827637e-01
1.364116191864013672e+00,1.082511842250823975e-01
8.784286379814147949e-01,9.576998949050903320e-01
7.585574686527252197e-02,1.214695200324058533e-01
-1.021484136581420898e-01,6.256029475480318069e-03
-1.033001780509948730e+00,-2.131928056478500366e-01
-1.418979406356811523e+00,-3.616974353790283203e-01
1.076122879981994629e+00,5.215346813201904297e-01
1.898627161979675293e+00,4.525862634181976318e-01
2.332270383834838867e+00,3.519811034202575684e-01
1.195865988731384277e+00,2.154712527990341187e-01
1.489984989166259766e+00,1.126642704010009766e+00
-4.533762335777282715e-01,-5.075703859329223633e-01
-4.302449524402618408e-02,-9.978225827217102051e-01
-4.044939577579498291e-01,-6.500133872032165527e-01
-1.087939590215682983e-01,-2.711379528045654297e-01
-3.043766617774963379e-01,-1.007000923156738281e+00
9.280933737754821777e-01,-6.470468044281005859e-01
-5.129878520965576172e-01,-4.265383481979370117e-01
-3.351927101612091064e-01,-7.542043328285217285e-01
-3.570961952209472656e-01,-3.323149979114532471e-01
-6.524103283882141113e-01,5.706114321947097778e-02
1.064209222793579102e+00,4.545397162437438965e-01
1.131763339042663574e+00,6.055144071578979492e-01
-1.156067609786987305e+00,-2.527691125869750977e-01
6.428118944168090820e-01,-2.300582528114318848e-01
1.432377815246582031e+00,-1.337942332029342651e-01
1.394535660743713379e+00,5.487677827477455139e-02
6.091232895851135254e-01,-5.615143775939941406e-01
1.587476253509521484e+00,3.009064495563507080e-02
-1.362009882926940918e+00,-3.508223295211791992e-01
1.936860382556915283e-02,-3.799921274185180664e-01
6.859596967697143555e-01,2.352513670921325684e-01
-1.237946795299649239e-03,-6.872423291206359863e-01
1.313342094421386719e+00,-2.203803658485412598e-01
-1.251972556114196777e+00,-4.358388781547546387e-01
-1.785406231880187988e+00,-6.719765663146972656e-01
7.736862897872924805e-01,1.142137765884399414e+00
1.026174187660217285e+00,-3.637359663844108582e-02
1.133344292640686035e+00,-2.430031150579452515e-01
1.177542567253112793e+00,2.879601344466209412e-02
1.157643437385559082e+00,1.803303658962249756e-01
1.396298885345458984e+00,-3.980419337749481201e-01
-1.011585950851440430e+00,2.647359073162078857e-01
-3.261997699737548828e-01,7.393901050090789795e-02
1.791767835617065430e+00,5.943311452865600586e-01
4.534513652324676514e-01,-2.673336565494537354e-01
-3.920603394508361816e-01,-3.540563583374023438e-01
-4.128383994102478027e-01,-5.847937464714050293e-01
2.045300722122192383e+00,3.891725838184356689e-01
-2.759723067283630371e-01,7.425100076943635941e-03
-4.396027922630310059e-01,-7.811037451028823853e-02
3.699537739157676697e-02,3.373007178306579590e-01
-3.854951858520507812e-01,6.413046717643737793e-01
6.531928777694702148e-01,-8.718502521514892578e-01
6.375330090522766113e-01,-4.033136963844299316e-01
-1.245209097862243652e+00,-1.065734982490539551e+00
-1.246104121208190918e+00,2.216574251651763916e-01
1.667260289192199707e+00,1.479412913322448730e-01
2.031811475753784180e+00,-2.051696330308914185e-01
-1.133113741874694824e+00,-3.804389834403991699e-01
-1.355921745300292969e+00,-7.513631582260131836e-01
6.309838891029357910e-01,7.187314331531524658e-02
-1.405827641487121582e+00,9.051039814949035645e-03
-4.533976614475250244e-01,-2.808926999568939209e-01
1.085206985473632812e+00,-3.870804607868194580e-01
-6.548649072647094727e-01,-7.059147953987121582e-01
-9.758447408676147461e-01,-7.960529625415802002e-02
-8.131253719329833984e-01,-6.576665639877319336e-01
-1.224918723106384277e+00,-8.482456207275390625e-02
9.425045847892761230e-01,1.913154572248458862e-01
-8.467496633529663086e-01,1.972020119428634644e-01
-1.180119737982749939e-01,1.852338910102844238e-01
7.214174419641494751e-02,-2.944834828376770020e-01
-4.682107865810394287e-01,1.290342062711715698e-01
-8.520982265472412109e-01,-3.942731022834777832e-01
-8.577845096588134766e-01,-6.013451814651489258e-01
-1.085040688514709473e+00,-1.013276338577270508e+00
9.522049427032470703e-01,2.019567936658859253e-01
8.786430358886718750e-01,-8.037699460983276367e-01
-7.483259439468383789e-01,9.509288668632507324e-01
-1.381726861000061035e+00,-2.399353384971618652e-01
-7.194178104400634766e-01,6.881205439567565918e-01
-1.097329616546630859e+00,1.365022897720336914e+00
-3.147040605545043945e-01,-1.218122895807027817e-03
-5.084860324859619141e-01,-3.587009310722351074e-01
3.036854267120361328e-01,8.999736905097961426e-01
1.245809435844421387e+00,1.658676028251647949e+00
5.716456174850463867e-01,-2.774687111377716064e-01
-3.177267014980316162e-01,-1.851085722446441650e-01
-9.375149607658386230e-01,-2.828536033630371094e-01
5.568968057632446289e-01,2.199803292751312256e-01
-1.365681052207946777e+00,-8.512074947357177734e-01
-8.991529941558837891e-01,-1.498248055577278137e-02
-1.193561434745788574e+00,-2.399721443653106689e-01
3.220678567886352539e-01,6.118172407150268555e-01
5.967271924018859863e-01,1.050133347511291504e+00
9.517440199851989746e-01,8.540225625038146973e-01
9.530302882194519043e-01,8.183725476264953613e-01
9.286078810691833496e-01,-3.072471022605895996e-01
-1.110422372817993164e+00,-6.166043281555175781e-01
-1.334806084632873535e+00,4.811330735683441162e-01
8.678873628377914429e-02,2.661560177803039551e-01
8.776462078094482422e-01,7.915704250335693359e-01
2.968576550483703613e-01,9.378202557563781738e-01
1.532817035913467407e-01,8.511133193969726562e-01
2.411744091659784317e-03,1.163454174995422363e+00
3.712341785430908203e-01,2.729922533035278320e-02
3.723221123218536377e-01,5.011637210845947266e-01
-1.587133169174194336e+00,-6.688595414161682129e-01
-1.687711358070373535e+00,-5.006456971168518066e-01
-1.182365775108337402e+00,-3.630269169807434082e-01
-8.803632855415344238e-01,-5.446922183036804199e-01
1.402810454368591309e+00,-4.890454113483428955e-01
-5.634618401527404785e-01,-3.722152411937713623e-01
-6.551221609115600586e-01,-7.098864763975143433e-02
1.597771942615509033e-01,-4.597540497779846191e-01
1.826989650726318359e-01,-1.066137626767158508e-01
-6.489374637603759766e-01,-1.435794979333877563e-01
-1.231987714767456055e+00,-3.714196681976318359e-01
-1.049540638923645020e+00,-3.091259300708770752e-01
-1.511909842491149902e+00,-3.821732699871063232e-01
1.570819504559040070e-02,6.568892300128936768e-02
-1.058002948760986328e+00,-4.744192957878112793e-01
1.303963303565979004e+00,-3.730861544609069824e-01
1.059187531471252441e+00,1.291369795799255371e-01
1.624562621116638184e+00,-3.467040657997131348e-01
-1.266940534114837646e-01,-1.667304895818233490e-04
-5.871499776840209961e-01,1.400500349700450897e-02
5.205504223704338074e-02,-6.301079988479614258e-01
-4.206201136112213135e-01,-9.352355599403381348e-01
2.264925241470336914e+00,5.604400634765625000e-01
1.168104767799377441e+00,-1.080948263406753540e-01
1.905765771865844727e+00,8.814275264739990234e-01
2.150198459625244141e+00,7.394525408744812012e-01
1.124212026596069336e+00,-5.186350941658020020e-01
1.448203802108764648e+00,3.535880148410797119e-01
-2.965949475765228271e-01,-1.685504615306854248e-01
1.804844498634338379e+00,9.642724990844726562e-01
1.020578980445861816e+00,-1.109037250280380249e-01
1.492621779441833496e+00,-2.017820626497268677e-01
1.526476502418518066e+00,-3.452609181404113770e-01
1.584212422370910645e+00,-1.612733155488967896e-01
6.457595229148864746e-01,-3.652890622615814209e-01
6.912444531917572021e-02,4.592368751764297485e-02
1.123300909996032715e+00,7.076091766357421875e-01
1.195973157882690430e+00,1.749326139688491821e-01
1.118981361389160156e+00,-6.582726240158081055e-01
-3.829222545027732849e-02,3.084650933742523193e-01
-5.093113780021667480e-01,-3.701652884483337402e-01
3.098057508468627930e-01,1.104880332946777344e+00
2.765945903956890106e-02,8.106259703636169434e-01
-5.844274759292602539e-01,7.054230570793151855e-02
1.471779465675354004e+00,-3.072471022605895996e-01
4.658903181552886963e-01,-4.686841070652008057e-01
6.116582155227661133e-01,3.920063972473144531e-01
-6.000766754150390625e-01,-9.688914567232131958e-02
-7.844958901405334473e-01,2.070586383342742920e-01
-5.063369274139404297e-01,2.546853125095367432e-01
-7.320121526718139648e-01,-5.203109979629516602e-01
-1.270370632410049438e-01,-2.247934937477111816e-01
1.635742187500000000e+00,6.014038324356079102e-01
1.371394693851470947e-01,-2.958819270133972168e-01
9.724041819572448730e-01,-4.349914789199829102e-01
-2.506442070007324219e-01,-3.782281577587127686e-01
-8.584329485893249512e-01,-9.079317003488540649e-02
-1.419070482254028320e+00,-2.359723001718521118e-01
-1.991541385650634766e+00,-4.219480752944946289e-01
6.509473323822021484e-01,-5.656934157013893127e-02
-4.094084501266479492e-01,-1.354165971279144287e-01
6.749677658081054688e-01,2.099325135350227356e-02
2.971149086952209473e-01,-7.912087440490722656e-02
-2.927201688289642334e-01,-4.230003654956817627e-01
-4.348598122596740723e-01,-2.600719928741455078e-01
2.877789735794067383e-01,1.063617542386054993e-01
2.528577148914337158e-01,1.716241240501403809e-01
-8.139935731887817383e-01,-6.311112642288208008e-01
-1.091707706451416016e+00,-2.818986475467681885e-01
-9.890715479850769043e-01,-3.072471022605895996e-01
-1.043066620826721191e+00,-3.130955696105957031e-01
1.252454996109008789e+00,8.920910358428955078e-01
-1.971046924591064453e-01,4.139097034931182861e-02
-7.075468897819519043e-01,-8.004171848297119141e-01
6.362413763999938965e-01,-2.072589695453643799e-01
8.676189184188842773e-01,-3.814882636070251465e-01
-3.462109714746475220e-02,-3.260087668895721436e-01
-1.460840553045272827e-01,-8.651419281959533691e-01
1.632006764411926270e+00,-1.981901228427886963e-01
-1.029094383120536804e-01,-2.763724327087402344e-01
-5.066424012184143066e-01,5.570898652076721191e-01
2.613307833671569824e-01,-3.310812115669250488e-01
-7.072467803955078125e-01,-1.179884001612663269e-01
-4.386059641838073730e-01,-3.409039378166198730e-01
1.058748006820678711e+00,1.217992186546325684e+00
-3.148590028285980225e-02,5.693430546671152115e-03
-1.082419991493225098e+00,-6.988574266433715820e-01
-1.055961132049560547e+00,-2.789212167263031006e-01
-1.272150397300720215e+00,3.415254056453704834e-01
-1.325748801231384277e+00,2.266947180032730103e-01
-8.210731744766235352e-01,-3.072471022605895996e-01
-1.081717967987060547e+00,-1.217870339751243591e-01
-1.528684496879577637e+00,-2.851351797580718994e-01
-1.581109285354614258e+00,-1.588839739561080933e-01
-6.619820594787597656e-01,-2.285508513450622559e-01
-4.165148735046386719e-01,-4.275405108928680420e-01
-2.569467425346374512e-01,2.309658676385879517e-01
-5.744323730468750000e-01,7.544062137603759766e-01
-6.580965518951416016e-01,-3.049942255020141602e-01
-5.347681045532226562e-01,-5.870816707611083984e-01
7.637233138084411621e-01,-2.149040997028350830e-01
-1.001799941062927246e+00,6.622590590268373489e-03
-7.628710865974426270e-01,8.089314103126525879e-01
8.374888896942138672e-01,9.146584570407867432e-02
6.069152355194091797e-01,-2.595019936561584473e-01
3.723221123218536377e-01,-1.243869364261627197e-01
-1.444902420043945312e+00,5.074177384376525879e-01
-2.250069141387939453e+00,-2.784745395183563232e-01
6.881677508354187012e-01,2.148536443710327148e-01
-1.562480330467224121e+00,2.642713189125061035e-01
-9.043943881988525391e-01,4.589133430272340775e-03
-1.010364055633544922e+00,-9.914006292819976807e-02
-1.045210361480712891e+00,-4.747006893157958984e-01
-6.967050433158874512e-01,-1.527209579944610596e-01
-1.118359565734863281e+00,-6.450398564338684082e-01
8.386143445968627930e-01,-4.733674526214599609e-01
3.786300122737884521e-01,7.398065924644470215e-01
-1.272354006767272949e+00,-4.478275775909423828e-01
-1.938092947006225586e+00,-8.736888170242309570e-01
3.173302114009857178e-01,-2.105863988399505615e-01
5.566770434379577637e-01,-2.287916094064712524e-01
4.838493764400482178e-01,-9.204383194446563721e-02
8.447132110595703125e-01,9.481785297393798828e-01
-9.552596211433410645e-01,-5.508305430412292480e-01
-7.736486792564392090e-01,1.467764750123023987e-02
-8.587491512298583984e-01,-4.641308784484863281e-01
-9.340153336524963379e-01,2.893948554992675781e-01
3.952331840991973877e-01,-5.331096053123474121e-01
2.568723261356353760e-02,-2.962897717952728271e-02
-1.653079509735107422e+00,-6.557283401489257812e-01
-1.696050405502319336e+00,-3.633722290396690369e-02
2.718082368373870850e-01,-7.059780359268188477e-01
3.908010125160217285e-01,-3.671330213546752930e-02
5.386430025100708008e-01,5.180332064628601074e-02
4.523044824600219727e-01,4.281060099601745605e-01
3.038301169872283936e-01,-4.382498096674680710e-03
5.408509969711303711e-01,-3.072471022605895996e-01
6.694101691246032715e-01,-8.479849100112915039e-01
6.650262475013732910e-01,-4.913639277219772339e-02
4.451712369918823242e-01,3.021954894065856934e-01
-1.312007546424865723e+00,1.836201250553131104e-01
-1.360600352287292480e+00,-1.814675629138946533e-01
9.015594720840454102e-01,1.241122260689735413e-01
6.052055954933166504e-01,-5.464210510253906250e-01
6.544791460037231445e-01,-4.664651155471801758e-01
-7.043737173080444336e-02,-4.944805204868316650e-01
-8.511710762977600098e-01,1.560923010110855103e-01
-7.048726081848144531e-01,-2.327867299318313599e-01
-6.248741745948791504e-01,-3.016265034675598145e-01
6.449395418167114258e-01,-2.130555361509323120e-01
3.539075255393981934e-01,6.262403130531311035e-01
-1.348531246185302734e+00,-1.071362197399139404e-01
-1.228884577751159668e+00,-3.559778928756713867e-01
-5.900654792785644531e-01,-6.659750342369079590e-01
-5.805526971817016602e-01,-3.072471022605895996e-01
-7.494031190872192383e-01,-3.177813291549682617e-01
-2.817609548568725586e+00,-4.812190532684326172e-01
-9.334418773651123047e-01,-7.562459707260131836e-01
-9.182428717613220215e-01,-1.812247484922409058e-01
-1.259314775466918945e+00,-3.297132998704910278e-02
-1.253382086753845215e+00,-5.177650451660156250e-01
-1.118027329444885254e+00,-5.190020203590393066e-01
-1.013938784599304199e+00,-6.613796949386596680e-01
-1.158758044242858887e+00,-2.268552631139755249e-01
-1.589491248130798340e+00,-9.628079831600189209e-02
-9.781224727630615234e-01,1.035675853490829468e-01
-1.471120119094848633e+00,2.390723228454589844e-01
1.432710051536560059e+00,1.099326252937316895e+00
-1.183469772338867188e+00,3.086818456649780273e-01
-1.838034629821777344e+00,-9.474688172340393066e-01
-3.677130043506622314e-01,-8.741595149040222168e-01
8.518143296241760254e-01,2.700080871582031250e-01
1.223348617553710938e+00,1.146257668733596802e-02
1.166454076766967773e+00,-8.573265373706817627e-02
-6.419864892959594727e-01,-4.042976498603820801e-01
-8.095614314079284668e-01,-3.978849649429321289e-01
-1.452383995056152344e+00,-4.889694154262542725e-01
-1.521058201789855957e+00,-4.393263161182403564e-01
3.452415168285369873e-01,2.425633966922760010e-01
-4.891442656517028809e-01,-4.022197723388671875e-01
-3.862079679965972900e-01,-7.970952987670898438e-01
3.841608464717864990e-01,-3.363082706928253174e-01
1.490397691726684570e+00,-7.468858361244201660e-01
9.724363088607788086e-01,4.317205846309661865e-01
1.875030040740966797e+00,4.238714873790740967e-01
5.115516781806945801e-01,-3.595224916934967041e-01
-4.501928091049194336e-01,-6.030634045600891113e-02
-4.998950362205505371e-01,-4.662427604198455811e-01
7.347133755683898926e-01,1.536153256893157959e-01
1.711463928222656250e+00,-2.325210124254226685e-01
-2.609930336475372314e-01,-8.468583226203918457e-01
-4.449460208415985107e-01,1.053619086742401123e-01
1.907647401094436646e-01,-5.116361975669860840e-01
-4.703974127769470215e-01,-6.887892484664916992e-01
8.071230053901672363e-01,-7.446082681417465210e-02
6.581180691719055176e-01,2.868200242519378662e-01
-1.226601600646972656e+00,-1.295907497406005859e-01
-8.538293242454528809e-01,4.200195670127868652e-01
8.171877861022949219e-01,1.179325342178344727e+00
6.105327606201171875e-01,9.006056785583496094e-01
9.334633946418762207e-01,7.804740667343139648e-01
9.951598048210144043e-01,1.380858063697814941e+00
-2.381790399551391602e+00,3.385212123394012451e-01
-2.441214323043823242e+00,-1.123683452606201172e+00
-7.846781015396118164e-01,-4.691801667213439941e-01
-1.406808376312255859e+00,5.342919826507568359e-01
-7.138119339942932129e-01,-3.036590814590454102e-01
-1.178185582160949707e+00,-7.588766813278198242e-01
-4.182566702365875244e-01,-3.398323655128479004e-01
-4.811803400516510010e-01,5.564866587519645691e-02
3.489823043346405029e-01,-3.781334161758422852e-01
-5.526521205902099609e-01,-5.467962026596069336e-01
-5.915714502334594727e-01,-1.061152577400207520e+00
-1.224902629852294922e+00,-8.380479812622070312e-01
-1.349624514579772949e+00,-7.619370818138122559e-01
4.106197655200958252e-01,4.320990145206451416e-01
-5.314560532569885254e-01,-3.072471022605895996e-01
-4.601235985755920410e-01,-7.157889008522033691e-01
-9.299851059913635254e-01,-4.021543264389038086e-01
-1.071562051773071289e+00,-4.316686987876892090e-01
-7.089939117431640625e-01,-1.412532478570938110e-01
-9.468401670455932617e-01,-7.342231869697570801e-01
5.078805088996887207e-01,-2.786006331443786621e-01
-1.067960619926452637e+00,-4.175446033477783203e-01
-1.280752062797546387e+00,1.717236936092376709e-01
-4.033309817314147949e-01,-4.674391746520996094e-01
-5.763724446296691895e-01,-4.694014191627502441e-01
-4.309635758399963379e-01,3.864862918853759766e-01
-1.341280102729797363e+00,-8.919790387153625488e-02
5.049061179161071777e-01,-1.340859234333038330e-01
7.170973420143127441e-01,-2.631958723068237305e-01
-8.424354195594787598e-01,-7.743815332651138306e-02
-1.005095839500427246e+00,-1.605039238929748535e-01
1.016388058662414551e+00,7.848699092864990234e-01
7.125579714775085449e-01,9.043875932693481445e-01
7.327304482460021973e-01,4.622806012630462646e-01
-7.198358178138732910e-01,3.262161612510681152e-01
-1.034824013710021973e+00,-4.154256731271743774e-02
9.140520095825195312e-01,1.226352155208587646e-01
-6.727917790412902832e-01,-6.148633956909179688e-01
-7.901231646537780762e-01,4.680995941162109375e-01
7.263045907020568848e-01,-1.675271093845367432e-01
-3.491161763668060303e-01,2.896021008491516113e-01
-8.290907144546508789e-01,2.308761775493621826e-01
-1.196021318435668945e+00,-9.062955379486083984e-01
-1.450577855110168457e+00,-1.293485879898071289e+00
1.599207758903503418e+00,1.599684953689575195e+00
-3.132248818874359131e-01,7.468765974044799805e-02
-4.802424609661102295e-01,1.257595121860504150e-01
3.298174142837524414e-01,5.289704799652099609e-01
6.932912468910217285e-01,-5.425409972667694092e-02
4.471381008625030518e-01,-4.145461320877075195e-01
-7.548374533653259277e-01,3.769229352474212646e-01
-1.699137330055236816e+00,-5.324020385742187500e-01
2.165451049804687500e+00,1.176550388336181641e+00
2.039394855499267578e+00,9.611586332321166992e-01
-6.535518765449523926e-01,7.091971635818481445e-01
-8.888685107231140137e-01,-2.065208852291107178e-01
7.771537303924560547e-01,-3.308131098747253418e-01
-6.717628240585327148e-01,1.821272633969783783e-02
-7.806693315505981445e-01,6.163637638092041016e-01
5.887257456779479980e-01,3.311986923217773438e-01
1.022079586982727051e+00,5.618758797645568848e-01
1.390135645866394043e+00,1.105609297752380371e+00
1.341140866279602051e+00,5.472542047500610352e-01
1.328835844993591309e+00,2.891441583633422852e-01
1.067001342773437500e+00,5.047062635421752930e-01
-1.328519582748413086e+00,-3.475050330162048340e-01
-1.088722586631774902e+00,8.004617691040039062e-02
-4.599360227584838867e-01,-1.864081174135208130e-01
-2.312810122966766357e-01,-3.416553437709808350e-01
8.703468441963195801e-01,-2.704973220825195312e-01
5.791540145874023438e-01,2.932298928499221802e-02
-5.020709037780761719e-01,1.355365514755249023e-01
-7.604861855506896973e-01,-1.072799339890480042e-01
2.501195855438709259e-02,-3.042632341384887695e-02
-2.145974785089492798e-01,4.115092009305953979e-02
1.181085556745529175e-01,-5.693303346633911133e-01
-1.096460893750190735e-01,-4.273250997066497803e-01
-4.828256368637084961e-01,-1.304415911436080933e-01
-1.157444953918457031e+00,-9.840139001607894897e-02
1.248424768447875977e+00,4.544549584388732910e-01
3.828263580799102783e-01,5.686331391334533691e-01
3.809505999088287354e-01,7.030814886093139648e-01
5.066800713539123535e-01,2.817021310329437256e-01
3.003465533256530762e-01,4.354886412620544434e-01
4.377003610134124756e-01,1.538637578487396240e-01
-6.417559981346130371e-01,-2.558157593011856079e-02
7.819128036499023438e-01,3.584693074226379395e-01
9.672110080718994141e-01,6.402174234390258789e-01
8.344287276268005371e-01,-2.663883268833160400e-01
-1.122234344482421875e+00,-7.377932071685791016e-01
-1.310056805610656738e+00,-7.253725528717041016e-01
2.358370304107666016e+00,5.453917980194091797e-01
9.345036000013351440e-02,-4.610620737075805664e-01
-4.097192883491516113e-01,-8.855205178260803223e-01
-1.093888431787490845e-01,-1.528255790472030640e-01
-5.058599710464477539e-01,-4.085455089807510376e-02
6.876103878021240234e-01,6.487731337547302246e-01
7.117326259613037109e-01,-1.778786480426788330e-01
1.902716755867004395e-01,3.203540742397308350e-01
2.824362367391586304e-02,-2.575923800468444824e-01
4.823434166610240936e-03,-1.190037280321121216e-02
-9.875173568725585938e-01,-2.486669272184371948e-01
1.612461328506469727e+00,4.124723970890045166e-01
-8.458600044250488281e-01,-3.525434434413909912e-01
-1.182113885879516602e+00,-2.870125174522399902e-01
-9.651207923889160156e-01,2.024009674787521362e-01
-8.110727071762084961e-01,-6.053023934364318848e-01
1.057676196098327637e+00,5.695899724960327148e-01
-1.654397845268249512e+00,3.247012495994567871e-01
-2.212511062622070312e+00,-3.639058172702789307e-01
1.918767452239990234e+00,-2.476708889007568359e-01
-8.665255308151245117e-01,-3.400973081588745117e-01
-4.093119800090789795e-01,-5.018101334571838379e-01
8.686103820800781250e-01,3.680267333984375000e-01
-1.616989850997924805e+00,7.370480298995971680e-01
-1.670191764831542969e+00,-2.568271756172180176e-01
1.904752850532531738e+00,3.001288175582885742e-01
-4.774127304553985596e-01,5.195495486259460449e-02
-1.720445454120635986e-01,-2.792386114597320557e-01
7.388882637023925781e-01,-5.223391056060791016e-01
7.728448510169982910e-01,-1.849746108055114746e-01
-1.004651069641113281e+00,-9.462117552757263184e-01
-1.109420180320739746e+00,-2.193492352962493896e-01
9.818263351917266846e-02,1.085042715072631836e+00
1.898000538349151611e-01,2.139638662338256836e-01
4.174903929233551025e-01,1.321696162223815918e+00
-1.210909485816955566e+00,-6.246860139071941376e-04
-1.745565056800842285e+00,-3.187788724899291992e-01
6.495592594146728516e-01,-3.072471022605895996e-01
7.369107007980346680e-01,-2.305563390254974365e-01
1.074295401573181152e+00,7.706824541091918945e-01
-1.827149391174316406e-01,-5.252152681350708008e-01
2.083860874176025391e+00,1.409640908241271973e+00
1.469544649124145508e+00,9.523643553256988525e-02
1.408453822135925293e+00,-3.029826581478118896e-01
-5.407651662826538086e-01,-1.431234776973724365e-01
-9.559348821640014648e-01,6.424359679222106934e-01
-2.539562582969665527e-01,-2.190873324871063232e-01
-5.320455431938171387e-01,-3.551152944564819336e-01
-9.714072346687316895e-01,-4.217057824134826660e-01
-1.465171337127685547e+00,-9.812688827514648438e-01
-7.012068629264831543e-01,-3.414151668548583984e-01
-1.365284025669097900e-01,-5.271356701850891113e-01
4.636179804801940918e-01,-1.383439749479293823e-01
-4.106298834085464478e-02,-2.069446295499801636e-01
-1.552645415067672729e-01,-7.429295778274536133e-01
8.284048438072204590e-01,-2.872763574123382568e-01
-1.381093859672546387e-01,-3.168901503086090088e-01
-8.789805769920349121e-01,-7.239857912063598633e-01
1.097597718238830566e+00,-6.069874167442321777e-01
-5.517785549163818359e-01,-3.072471022605895996e-01
-1.218985915184020996e+00,2.972639352083206177e-02
3.372400701045989990e-01,-7.774698138236999512e-01
3.527713418006896973e-01,-3.386414647102355957e-01
2.536080181598663330e-01,1.565415561199188232e-01
5.447097420692443848e-01,1.276515126228332520e-01
-2.094471901655197144e-01,-4.019382596015930176e-01
-1.050901889801025391e+00,-1.687784790992736816e-01
8.119624853134155273e-01,1.423538684844970703e+00
7.737398743629455566e-01,1.628875494003295898e+00
-7.603414654731750488e-01,-2.413955926895141602e-01
-1.026463389396667480e+00,-4.963300824165344238e-01
-6.657330691814422607e-02,3.744993805885314941e-01
-4.108768999576568604e-01,1.091786623001098633e+00
-3.937860429286956787e-01,-3.369999527931213379e-01
4.363819658756256104e-01,-3.745811060070991516e-02
-6.484551429748535156e-01,-8.238415718078613281e-01
-1.079177618026733398e+00,-7.220049500465393066e-01
1.408861160278320312e+00,2.881624400615692139e-01
-6.828828901052474976e-02,-2.394949048757553101e-01
-4.696894809603691101e-02,-3.004005253314971924e-01
1.928532123565673828e+00,1.099238634109497070e+00
1.148537993431091309e+00,2.405206263065338135e-01
1.580434083938598633e+00,-1.106387078762054443e-01
1.644113421440124512e+00,-3.659335672855377197e-01
1.606083750724792480e+00,-5.203092843294143677e-02
8.249057084321975708e-02,-6.304674148559570312e-01
-1.340095251798629761e-01,-8.412863314151763916e-02
1.177510380744934082e+00,-3.625540733337402344e-01
4.695400297641754150e-01,-1.881078183650970459e-01
3.344639539718627930e-01,-4.271510541439056396e-01
3.450700044631958008e-01,-3.072471022605895996e-01
3.413613736629486084e-01,-3.038806617259979248e-01
4.375181198120117188e-01,-1.290962994098663330e-01
-1.209703683853149414e+00,-3.072471022605895996e-01
-1.104318141937255859e+00,-3.072471022605895996e-01
2.606769502162933350e-01,-3.072471022605895996e-01
8.857655525207519531e-01,-2.113476991653442383e-01
-4.443189799785614014e-01,2.476713210344314575e-01
-6.558456420898437500e-01,8.561858534812927246e-02
1.049540758132934570e+00,-5.392563939094543457e-01
1.134501934051513672e+00,-4.125208407640457153e-02
-1.008633017539978027e+00,-9.797565937042236328e-01
-1.069102168083190918e+00,-5.395693182945251465e-01
-1.377921700477600098e+00,-1.005919933319091797e+00
4.634893536567687988e-01,-3.072471022605895996e-01
3.570105731487274170e-01,-3.072471022605895996e-01
4.686128497123718262e-01,-3.306973576545715332e-01
3.001697063446044922e-01,-9.523864835500717163e-03
4.208346009254455566e-01,-3.072471022605895996e-01
-5.477054715156555176e-01,-8.211810141801834106e-02
1.831277161836624146e-01,-3.072471022605895996e-01
-1.114736676216125488e+00,-3.072471022605895996e-01
-1.267401933670043945e+00,-6.087538003921508789e-01
9.508650898933410645e-01,9.124013185501098633e-01
5.237762331962585449e-01,5.089858770370483398e-01
1.077307343482971191e+00,-3.485589325428009033e-01
1.192929148674011230e+00,3.235298991203308105e-01
1.138596415519714355e+00,1.201660484075546265e-01
9.290848374366760254e-01,9.802241623401641846e-02
-7.555663585662841797e-01,-2.650949954986572266e-01
-1.354855179786682129e+00,-3.072471022605895996e-01
5.201318860054016113e-01,-3.235351443290710449e-01
4.407283663749694824e-01,-2.605066895484924316e-01
2.977312207221984863e-01,-2.450151145458221436e-01
-1.876133531332015991e-01,-3.119623661041259766e-01
5.357172712683677673e-02,1.318452507257461548e-02
1.124003052711486816e+00,-9.243343025445938110e-02
-3.869582712650299072e-01,-4.045522212982177734e-01
-9.643061757087707520e-01,-3.072471022605895996e-01
-9.879567623138427734e-01,-3.072471022605895996e-01
-1.186680078506469727e+00,-3.072471022605895996e-01
-7.838581204414367676e-01,-1.334193795919418335e-01
-5.980133414268493652e-01,-3.604037761688232422e-01
-5.532148480415344238e-01,-1.911067217588424683e-01
-4.454122781753540039e-01,-3.725925683975219727e-01
-4.298059642314910889e-01,-9.019860029220581055e-01
-3.790854513645172119e-01,-7.038540840148925781e-01
-1.286180466413497925e-01,2.109882831573486328e-01
-1.171909809112548828e+00,-3.072471022605895996e-01
-3.929607272148132324e-01,1.250358521938323975e-01
8.859210014343261719e-01,-4.928656220436096191e-01
1.406202912330627441e+00,5.152344703674316406e-01
3.916692137718200684e-01,-4.609447419643402100e-01
1.265928268432617188e+00,9.075207710266113281e-01
-9.237254261970520020e-01,-9.390751123428344727e-01
-1.068544745445251465e+00,-6.718268990516662598e-01
2.615022659301757812e-01,-2.494812905788421631e-01
6.149756312370300293e-01,-5.905573368072509766e-01
-9.629770517349243164e-01,-2.437896281480789185e-01
-8.757971525192260742e-01,-5.867205858230590820e-01
1.163570761680603027e+00,-2.741114497184753418e-01
-4.848353862762451172e-01,-6.921123862266540527e-01
-1.146024346351623535e+00,1.065654516220092773e+00
2.746196746826171875e+00,3.773937225341796875e-01
-1.008793830871582031e+00,-9.294129610061645508e-01
-9.638720750808715820e-01,-3.249742388725280762e-01
-8.818960189819335938e-01,-3.072471022605895996e-01
-9.731007814407348633e-01,-4.884049296379089355e-01
1.201916694641113281e+00,1.290127635002136230e-01
9.007126688957214355e-01,7.475116252899169922e-01
7.364497780799865723e-01,-2.576014399528503418e-01
2.717921435832977295e-01,-2.620951235294342041e-01
9.449912905693054199e-01,6.546511650085449219e-01
8.428106904029846191e-01,5.452859401702880859e-01
8.874751925468444824e-01,-4.393319487571716309e-01
1.152209043502807617e+00,-2.982340455055236816e-01
-3.814274668693542480e-01,-9.687564373016357422e-01
-1.881546378135681152e-01,-5.135167390108108521e-02
1.314810514450073242e+00,1.687928915023803711e+00
-4.281231462955474854e-01,-1.159418225288391113e-01
-1.054208636283874512e+00,-2.923979461193084717e-01
3.986363410949707031e-01,-2.586485743522644043e-01
5.089041590690612793e-01,-2.840952873229980469e-01
5.756115317344665527e-01,-3.072471022605895996e-01
-2.743591666221618652e-01,1.395474076271057129e-01
-5.388143658638000488e-01,-3.318001031875610352e-01
6.130837798118591309e-01,-2.345309555530548096e-01
-4.487457871437072754e-01,-3.072471022605895996e-01
1.391760110855102539e-01,5.625814199447631836e-01
2.604250609874725342e-01,-4.783375859260559082e-01
5.340018272399902344e-01,-4.102401733398437500e-01
2.125556915998458862e-01,7.540601491928100586e-01
-7.901763170957565308e-02,4.809787273406982422e-01
1.194638729095458984e+00,1.198684573173522949e+00
-5.160641074180603027e-01,7.021256685256958008e-01
-9.022721052169799805e-01,2.176740765571594238e-01
7.582407593727111816e-01,-2.482933402061462402e-01
3.135412037372589111e-01,-2.207526415586471558e-01
3.341209590435028076e-01,-2.598568499088287354e-01
3.398178815841674805e-01,-3.072471022605895996e-01
4.775682687759399414e-01,-3.072471022605895996e-01
2.798632681369781494e-01,-2.513452172279357910e-01
2.462443262338638306e-01,-3.072471022605895996e-01
-5.677599906921386719e-01,-2.514435052871704102e-01
4.655103012919425964e-02,-4.145658016204833984e-01
9.338653683662414551e-01,9.335547685623168945e-02
1.277386546134948730e+00,1.179600320756435394e-02
1.222099900245666504e+00,-2.764621973037719727e-01
1.714406132698059082e+00,-2.717678546905517578e-01
8.386411070823669434e-01,2.040433585643768311e-01
-5.942189097404479980e-01,-3.928092122077941895e-01
-1.235776662826538086e+00,-6.932542920112609863e-01
1.247460126876831055e+00,-1.464488655328750610e-01
1.089596271514892578e+00,-4.706838130950927734e-01
1.019598245620727539e+00,9.304210543632507324e-01
6.665214896202087402e-01,-1.366380751132965088e-01
1.722177147865295410e+00,2.392596006393432617e-01
1.552254796028137207e+00,-4.006230235099792480e-01
-6.777330636978149414e-01,-3.679664731025695801e-01
-1.135686159133911133e+00,-9.379400014877319336e-01
9.802770018577575684e-01,1.206106692552566528e-01
-5.401059389114379883e-01,-2.210797965526580811e-01
-9.293956160545349121e-01,-1.689622104167938232e-01
-1.022674441337585449e+00,-1.982488930225372314e-01
5.723101496696472168e-01,-3.183256983757019043e-01
-1.166882291436195374e-01,-3.072471022605895996e-01
-3.959453478455543518e-02,1.089298248291015625e+00
-1.884762048721313477e-01,4.496306926012039185e-02
-1.414911150932312012e-01,-1.944746077060699463e-01
-4.506376087665557861e-01,-6.543940305709838867e-01
-9.017576575279235840e-01,2.097111195325851440e-01
3.657248020172119141e-01,-3.072471022605895996e-01
1.787914514541625977e+00,5.484606623649597168e-01
-1.425217628479003906e+00,-6.786525845527648926e-01
-1.337174892425537109e+00,-1.835685670375823975e-01
6.280148625373840332e-01,-3.154795765876770020e-01
-5.814905762672424316e-01,-1.412507891654968262e-01
-1.301025748252868652e-01,-4.047323465347290039e-01
3.786139488220214844e-01,-3.072471022605895996e-01
7.630373239517211914e-01,-3.072471022605895996e-01
-3.782060369849205017e-02,-2.481216937303543091e-01
-4.174795746803283691e-01,1.034751653671264648e+00
1.214666485786437988e+00,6.325755715370178223e-01
-8.962160944938659668e-01,-6.918799281120300293e-01
-1.142535448074340820e+00,3.499571084976196289e-01
-4.351219162344932556e-02,-9.429452568292617798e-02
4.137067198753356934e-01,-4.839934408664703369e-01
1.296626448631286621e+00,-5.867583751678466797e-01
6.898077130317687988e-01,-5.545661598443984985e-02
-1.276265829801559448e-01,2.076560407876968384e-01
2.927797101438045502e-02,-1.662370860576629639e-01
7.050442099571228027e-01,-8.042613267898559570e-01
8.187527060508728027e-01,-1.725678443908691406e-01
1.202147126197814941e+00,2.964763045310974121e-01
3.087338805198669434e-01,-3.038930296897888184e-01
3.250744342803955078e-01,-3.072471022605895996e-01
1.421042799949645996e+00,-9.609653800725936890e-02
1.339961767196655273e+00,5.652587413787841797e-01
5.747700929641723633e-01,1.151632547378540039e+00
1.097908496856689453e+00,6.619700789451599121e-01
8.435502648353576660e-01,1.362385749816894531e+00
8.285656571388244629e-01,2.012006044387817383e-01
8.207303285598754883e-01,1.462157666683197021e-01
6.809701919555664062e-01,-5.422940850257873535e-01
6.419062018394470215e-01,-8.015322685241699219e-01
3.489126563072204590e-01,-4.557153210043907166e-02
-9.397546947002410889e-02,6.082085967063903809e-01
-1.164041832089424133e-01,4.272711873054504395e-01
-1.347759068012237549e-01,-7.462520897388458252e-02
-3.490090072154998779e-01,-3.849954605102539062e-01
9.603350162506103516e-01,-4.817294478416442871e-01
6.252279877662658691e-01,6.550310850143432617e-01
3.423903584480285645e-01,7.325136065483093262e-01
1.228595376014709473e+00,7.509586811065673828e-01
-3.366611599922180176e-01,3.002046048641204834e-01
1.237915158271789551e+00,-2.500863373279571533e-02
-4.708904623985290527e-01,-6.676177978515625000e-01
-8.879359960556030273e-01,2.266686409711837769e-02
1.386496663093566895e+00,9.187703728675842285e-01
8.276170492172241211e-01,7.669932842254638672e-01
-1.295699119567871094e+00,6.963325738906860352e-01
-1.495499610900878906e+00,2.738862633705139160e-01
4.568598866462707520e-01,2.527030706405639648e-01
5.194673538208007812e-01,5.715631246566772461e-01
-1.440555930137634277e+00,-3.072471022605895996e-01
-1.669473528861999512e+00,-3.072471022605895996e-01
4.710245430469512939e-01,-7.321960926055908203e-01
3.877997994422912598e-01,-3.072471022605895996e-01
2.718350291252136230e-01,-3.072471022605895996e-01
4.003459513187408447e-01,-2.622651457786560059e-01
4.983999133110046387e-01,2.605021893978118896e-01
-1.093385100364685059e+00,-8.076294064521789551e-01
-2.109585106372833252e-01,-3.072471022605895996e-01
-1.614476323127746582e+00,-9.025053381919860840e-01
-2.023204088211059570e+00,-6.338998079299926758e-01
1.286465167999267578e+00,1.157514452934265137e+00
1.138848304748535156e+00,6.368770599365234375e-01
3.588434457778930664e-01,-3.072471022605895996e-01
-4.247950315475463867e-01,-1.707775890827178955e-01
-7.880437970161437988e-01,-5.102123022079467773e-01
4.071683585643768311e-01,-8.261774480342864990e-02
1.106971144676208496e+00,-9.199306368827819824e-02
1.269679784774780273e+00,1.281970739364624023e+00
-1.919748067855834961e+00,2.308024168014526367e-01
-2.092633962631225586e+00,5.763003230094909668e-02
-1.218326807022094727e+00,-3.072471022605895996e-01
-1.235305070877075195e+00,-3.072471022605895996e-01
9.833425283432006836e-01,1.658070385456085205e-01
1.180822372436523438e+00,4.423309564590454102e-01
-1.174305438995361328e+00,-1.395743936300277710e-01
-1.648931384086608887e+00,-8.464282751083374023e-01
2.622043490409851074e-01,-6.976667046546936035e-01
-1.007716536521911621e+00,-6.286287903785705566e-01
-1.551461577415466309e+00,9.871884584426879883e-01
-4.217187762260437012e-01,-3.072471022605895996e-01
-6.397141218185424805e-01,-3.072471022605895996e-01
5.702629089355468750e-01,-2.457740604877471924e-01
6.253244876861572266e-01,5.437769889831542969e-01
-7.894371747970581055e-01,2.999512553215026855e-01
-1.114082813262939453e+00,-5.824025869369506836e-01
-5.260645747184753418e-01,-3.602072298526763916e-01
-5.153298377990722656e-01,-2.188807576894760132e-01
-2.165000438690185547e-01,-3.072471022605895996e-01
-5.396128892898559570e-01,-1.783453524112701416e-01
9.573230743408203125e-01,-3.199959993362426758e-01
3.271324038505554199e-01,3.913896381855010986e-01
4.202718734741210938e-01,-2.827650308609008789e-01
4.931531548500061035e-01,6.752108335494995117e-01
-3.819473385810852051e-01,-1.064693808555603027e+00
-4.099014997482299805e-01,-3.072471022605895996e-01
-5.153138041496276855e-01,-3.072471022605895996e-01
-6.495645046234130859e-01,-8.590973019599914551e-01
3.770168721675872803e-01,-8.610371947288513184e-01
5.234653949737548828e-01,-9.309226274490356445e-01
6.176606416702270508e-01,7.405247688293457031e-01
7.157682180404663086e-01,-2.496992051601409912e-01
-9.770237803459167480e-01,2.175892442464828491e-01
-1.516615271568298340e+00,3.039965964853763580e-02
3.052020967006683350e-01,-3.062273263931274414e-01
-8.029533624649047852e-01,-5.673307776451110840e-01
-4.051638543605804443e-01,5.740178823471069336e-01
2.470910996198654175e-01,-8.435883522033691406e-01
-6.477852463722229004e-01,-5.300244092941284180e-01
-1.033586025238037109e+00,-9.296308755874633789e-01
-9.971801638603210449e-01,6.717794537544250488e-01
-1.250005722045898438e+00,2.350922524929046631e-01
-6.752195358276367188e-01,8.899245858192443848e-01
-2.371601760387420654e-01,-8.101472258567810059e-01
2.766208946704864502e-01,-3.072471022605895996e-01
-3.038407266139984131e-01,-3.072471022605895996e-01
-4.538960754871368408e-01,-3.072471022605895996e-01
4.979658126831054688e-01,6.135424375534057617e-01
2.681853473186492920e-01,3.659654557704925537e-01
-5.715436935424804688e-01,-7.669271230697631836e-01
-5.775943398475646973e-01,-3.072471022605895996e-01
1.253023028373718262e+00,-3.515513837337493896e-01
4.618494212627410889e-01,1.499998569488525391e-01
-1.694126367568969727e+00,1.448116004467010498e-01
-2.087676763534545898e+00,-2.856478095054626465e-01
-1.257299661636352539e+00,-3.072471022605895996e-01
-1.260799288749694824e+00,-2.639931738376617432e-01
3.419026732444763184e-01,6.184418201446533203e-01
1.213149785995483398e+00,1.650366187095642090e+00
-1.080608606338500977e+00,-9.135061502456665039e-02
-1.312409520149230957e+00,-4.539383649826049805e-01
4.244574904441833496e-01,-3.072471022605895996e-01
3.397589325904846191e-01,-7.724189758300781250e-01
-3.026938438415527344e-01,-3.072471022605895996e-01
-1.404621303081512451e-01,-7.440180778503417969e-01
8.103975653648376465e-01,7.938102483749389648e-01
8.433305025100708008e-01,5.641896724700927734e-01
3.110491037368774414e-01,1.028931617736816406e+00
1.522162318229675293e+00,2.403116226196289062e-01
1.605290532112121582e+00,-1.643464416265487671e-01
2.296250909566879272e-01,-1.404723525047302246e-01
1.416524887084960938e+00,9.168709516525268555e-01
-2.658593058586120605e-01,3.983778655529022217e-01
-2.068961560726165771e-01,2.435236275196075439e-01
1.549344778060913086e+00,-4.372257292270660400e-01
2.243686437606811523e+00,3.818201422691345215e-01
1.979016780853271484e+00,7.259362936019897461e-01
1.173292636871337891e+00,1.175263285636901855e+00
1.284358978271484375e+00,1.626624822616577148e+00
-3.284506797790527344e-01,3.116509914398193359e-01
-5.384177565574645996e-01,1.563342332839965820e+00
5.762278437614440918e-01,-1.882665753364562988e-01
1.222646474838256836e+00,3.406626284122467041e-01
2.844990789890289307e-01,-3.072471022605895996e-01
2.805975079536437988e-01,-3.072471022605895996e-01
-4.601503908634185791e-01,-1.224925369024276733e-01
-3.771078586578369141e-01,-1.969678252935409546e-01
3.200313150882720947e-01,5.099587440490722656e-01
1.146683573722839355e+00,3.703830018639564514e-02
9.120529890060424805e-01,7.109133601188659668e-01
9.112597703933715820e-01,5.953203439712524414e-01
9.296100735664367676e-01,5.925811529159545898e-01
8.348628282546997070e-01,8.805754780769348145e-02
-8.667023777961730957e-01,-6.650092005729675293e-01
-1.311294794082641602e+00,-3.263776898384094238e-01
5.057051405310630798e-02,-6.439497470855712891e-01
1.074820637702941895e+00,-1.609826087951660156e-01
-8.015380054712295532e-02,1.872110962867736816e-01
1.117159128189086914e+00,7.032593488693237305e-01
-6.174457073211669922e-02,-2.174212783575057983e-01
-7.777592539787292480e-01,-1.243489980697631836e+00
3.763255178928375244e-01,-3.072471022605895996e-01
1.065468668937683105e+00,-6.039717793464660645e-01
-1.352260857820510864e-01,8.057051897048950195e-02
5.516768097877502441e-01,-1.102470606565475464e-01
4.844174683094024658e-01,1.780242025852203369e-01
-1.105808019638061523e+00,-7.009856104850769043e-01
-1.497873783111572266e+00,-1.055033564567565918e+00
1.000288724899291992e+00,-3.072471022605895996e-01
-1.317586153745651245e-01,-3.072471022605895996e-01
-2.782661020755767822e-01,-7.420707941055297852e-01
6.468152999877929688e-01,-5.900236219167709351e-02
1.005063772201538086e+00,1.319460868835449219e+00
8.427999615669250488e-01,5.925559401512145996e-01
9.393854737281799316e-01,5.021085739135742188e-01
-1.326053738594055176e-01,3.597137331962585449e-01
1.535818278789520264e-01,-1.955263316631317139e-01
-2.068479210138320923e-01,7.089728713035583496e-01
7.858626246452331543e-01,-1.514239460229873657e-01
1.136913537979125977e+00,2.256072908639907837e-01
4.792403578758239746e-01,-3.597670495510101318e-01
1.038977503776550293e+00,-2.079817280173301697e-02
4.211722314357757568e-01,6.248722076416015625e-01
-7.634445428848266602e-01,-6.486203521490097046e-02
-9.972444772720336914e-01,-1.073288917541503906e+00
2.589512467384338379e-01,-2.261393964290618896e-01
-5.689765810966491699e-01,3.309315443038940430e-01
-8.137041330337524414e-01,2.161577641963958740e-01
-9.702978730201721191e-01,-9.304370880126953125e-01
-9.361054301261901855e-01,-2.561678588390350342e-01
-6.019470691680908203e-01,-4.100490212440490723e-01
-1.719802320003509521e-01,-5.431171655654907227e-01
9.838194847106933594e-01,3.105990588665008545e-01
1.163051009178161621e+00,3.836933076381683350e-01
-2.152781188488006592e-01,-2.921966910362243652e-01
-7.651970386505126953e-01,-3.072471022605895996e-01
-8.549333214759826660e-01,-3.495588898658752441e-01
-7.096049189567565918e-01,2.676630318164825439e-01
-1.264781236648559570e+00,9.961700439453125000e-02
-1.761230349540710449e+00,-9.090720415115356445e-01
3.757842183113098145e-01,-3.072471022605895996e-01
3.012951612472534180e-01,-3.072471022605895996e-01
-9.785512089729309082e-01,-1.355900913476943970e-01
-1.547854781150817871e+00,-7.285046577453613281e-01
4.344151020050048828e-01,-3.295254111289978027e-01
1.249298334121704102e+00,6.465086936950683594e-01
-1.375938773155212402e+00,-2.110820412635803223e-01
-9.495733976364135742e-01,-3.072471022605895996e-01
-7.085973620414733887e-01,-8.140478730201721191e-01
-8.478322625160217285e-01,-9.171115159988403320e-01
3.540843725204467773e-01,-5.390404462814331055e-01
3.182466626167297363e-01,3.182452023029327393e-01
4.652740061283111572e-01,3.206319808959960938e-01
5.624490380287170410e-01,1.608157306909561157e-01
5.955106019973754883e-01,-2.030046284198760986e-01
1.017438411712646484e+00,1.177321195602416992e+00
1.045907139778137207e+00,3.647864758968353271e-01
-5.311344861984252930e-01,-2.160117030143737793e-01
-9.598633050918579102e-01,-3.072471022605895996e-01
-1.002464413642883301e+00,-5.992829203605651855e-01
1.204290866851806641e+00,8.282206952571868896e-02
1.192875504493713379e+00,9.911791980266571045e-02
1.077221632003784180e+00,1.025633066892623901e-01
1.130230545997619629e+00,4.234563708305358887e-01
8.287746310234069824e-01,4.385089874267578125e-01
1.302473425865173340e+00,9.915382862091064453e-01
2.423159480094909668e-01,1.956420987844467163e-01
1.713104397058486938e-01,2.590689659118652344e-01
1.304633259773254395e+00,2.941040396690368652e-01
1.480622291564941406e+00,8.077878952026367188e-01
1.003209471702575684e+00,-5.864363908767700195e-01
6.289151906967163086e-01,5.306684970855712891e-02
1.189124509692192078e-01,-2.446214854717254639e-01
9.089445695281028748e-03,6.144502013921737671e-02
1.691929221153259277e+00,7.485006749629974365e-02
-3.233803063631057739e-02,-3.216914534568786621e-01
-3.353266716003417969e-01,-6.340745687484741211e-01
-1.413249820470809937e-01,-4.913353025913238525e-01
1.175565421581268311e-01,2.825104892253875732e-01
1.581087946891784668e+00,5.436383932828903198e-02
5.926862955093383789e-01,-3.434464335441589355e-02
-2.520965933799743652e-01,1.819562911987304688e-01
-2.413350790739059448e-01,4.953141212463378906e-01
-4.937854409217834473e-01,-3.224332928657531738e-01
1.066979885101318359e+00,-2.449362874031066895e-01
6.828839331865310669e-02,-6.402153968811035156e-01
1.209194660186767578e+00,2.563889026641845703e-01
1.385360479354858398e+00,2.566711306571960449e-01
1.858378648757934570e+00,1.798822283744812012e-01
1.543717503547668457e+00,-4.706179201602935791e-01
1.124362111091613770e+00,-5.117834359407424927e-02
-1.146565556526184082e+00,1.393190026283264160e-01
8.247819542884826660e-01,2.677596807479858398e-01
8.877753019332885742e-01,1.626694500446319580e-01
8.240531086921691895e-01,1.202963292598724365e-01
-7.551697492599487305e-01,-2.417072951793670654e-01
-9.918101429939270020e-01,-1.201808676123619080e-01
2.287895232439041138e-02,-1.981586590409278870e-02
1.573134660720825195e+00,1.734893321990966797e+00
1.761321544647216797e+00,4.401648640632629395e-01
2.332747876644134521e-01,-2.322309613227844238e-01
5.460071563720703125e-02,4.804256558418273926e-01
7.553413510322570801e-01,7.467126250267028809e-01
1.023912549018859863e+00,1.321503400802612305e+00
1.253735899925231934e+00,6.062849164009094238e-01
-4.851998090744018555e-01,1.353698819875717163e-01
-7.004083395004272461e-01,4.000090807676315308e-02
8.385124802589416504e-01,7.555640935897827148e-01
5.345538258552551270e-01,2.215938568115234375e-01
3.056844472885131836e-01,-1.028288364410400391e+00
7.523829936981201172e-01,-2.750481367111206055e-01
-9.284094572067260742e-01,5.400208234786987305e-01
-1.041394472122192383e+00,7.173466086387634277e-01
2.420543670654296875e+00,1.458494663238525391e+00
1.534167170524597168e+00,1.379158854484558105e+00
9.898648262023925781e-01,-9.544979780912399292e-02
-3.784959316253662109e-01,-6.026634573936462402e-01
-5.681940913200378418e-01,-7.261828184127807617e-01
4.726645052433013916e-01,-2.868766784667968750e-01
4.039795696735382080e-01,-5.585342645645141602e-01
-9.867616891860961914e-01,9.174894541501998901e-03
-1.430035591125488281e+00,7.210304737091064453e-01
9.383404254913330078e-01,-1.473081111907958984e-01
-1.292242407798767090e+00,-1.423807442188262939e-01
-1.708173155784606934e+00,-3.158806562423706055e-01
2.625955939292907715e-01,-3.072471022605895996e-01
2.028178274631500244e-01,5.118229389190673828e-01
1.609133630990982056e-01,6.479769349098205566e-01
1.075179696083068848e+00,7.415611743927001953e-01
1.062842607498168945e+00,4.291622042655944824e-01
8.858834505081176758e-01,1.598631501197814941e+00
5.747754573822021484e-01,1.194371104240417480e+00
2.514535188674926758e+00,1.923975467681884766e+00
1.934089660644531250e+00,1.906881809234619141e+00
-9.001390933990478516e-01,8.846777677536010742e-01
-1.050639271736145020e+00,2.148698717355728149e-01
4.867005348205566406e-01,6.984919905662536621e-01
1.558289408683776855e+00,1.419388055801391602e+00
3.614159226417541504e-01,5.644207000732421875e-01
-6.683971285820007324e-01,-1.236325502395629883e-01
-8.786965012550354004e-01,2.214653939008712769e-01
4.196501970291137695e-01,-3.328248262405395508e-01
4.129939377307891846e-01,-2.830680012702941895e-01
3.124318122863769531e-01,-2.462906539440155029e-01
-8.050274252891540527e-01,6.099287867546081543e-01
4.182246029376983643e-01,1.094885706901550293e+00
3.700283169746398926e-01,4.195072650909423828e-01
2.531149685382843018e-01,-2.001877874135971069e-01
3.176785707473754883e-01,4.156715273857116699e-01
5.319867134094238281e-01,9.502578973770141602e-01
5.103833079338073730e-01,5.914214849472045898e-01
-4.807296767830848694e-02,-7.418081760406494141e-01
-3.277749195694923401e-02,-4.234555363655090332e-02
8.776462078094482422e-01,1.271985530853271484e+00
-5.227846503257751465e-01,-3.072471022605895996e-01
-1.130080342292785645e+00,-7.034087181091308594e-01
-1.007400393486022949e+00,-2.972455024719238281e-01
8.513802289962768555e-01,1.895190775394439697e-01
1.453638195991516113e+00,-3.313699662685394287e-01
7.334378361701965332e-01,5.449148416519165039e-01
-7.859000563621520996e-01,5.926071405410766602e-01
1.392311573028564453e+00,8.860305547714233398e-01
-7.695541381835937500e-01,8.775973320007324219e-01
-1.627306580543518066e+00,5.324828028678894043e-01
4.980033338069915771e-01,1.035288095474243164e+00
1.845372170209884644e-01,9.905915856361389160e-01
-4.692398011684417725e-01,-2.584663927555084229e-01
1.346703767776489258e+00,-4.209576845169067383e-01
1.244040846824645996e+00,7.736522555351257324e-01
1.202254816889762878e-01,-2.962617278099060059e-01
6.219485774636268616e-02,-3.542007505893707275e-01
1.088486909866333008e+00,5.491375923156738281e-01
1.400013417005538940e-01,-2.894660234451293945e-01
-6.201901435852050781e-01,2.688093855977058411e-02
1.631508350372314453e+00,-3.123055696487426758e-01
-5.729799866676330566e-01,7.794784009456634521e-02
-5.088397264480590820e-01,8.876345306634902954e-02
4.571814537048339844e-01,2.265297919511795044e-01
-2.541813552379608154e-01,5.104096978902816772e-02
1.058292508125305176e+00,1.692873835563659668e-01
2.550919532775878906e+00,-2.459449470043182373e-01
5.255881696939468384e-02,-2.997228503227233887e-01
1.069643497467041016e+00,-2.670063376426696777e-01
9.201508760452270508e-01,7.011140137910842896e-02
5.252071619033813477e-01,3.472681641578674316e-01
1.133644461631774902e+00,7.909712195396423340e-01
5.420461297035217285e-01,8.751811981201171875e-01
-4.600110650062561035e-01,5.184392333030700684e-01
-1.789151877164840698e-01,2.485539317131042480e-01
1.246356129646301270e+00,7.095990777015686035e-01
1.007534503936767578e+00,-1.822932958602905273e-01
2.143526315689086914e+00,1.616368055343627930e+00
1.106054663658142090e+00,-2.247334569692611694e-01
-1.154448688030242920e-01,5.168908461928367615e-02
-9.949292540550231934e-01,3.791953325271606445e-01
8.211054801940917969e-01,-4.345381259918212891e-01
5.488364100456237793e-01,1.041877269744873047e+00
8.088165521621704102e-01,-1.189434155821800232e-02
6.013683676719665527e-01,4.214559867978096008e-02
2.932133376598358154e-01,-9.764688462018966675e-02
5.860412120819091797e-02,-3.874599337577819824e-01
-5.440767109394073486e-02,2.845374941825866699e-01
5.565109252929687500e-01,9.636208415031433105e-01
1.356414914131164551e+00,2.067572176456451416e-01
1.594111084938049316e+00,3.229996562004089355e-01
1.313197374343872070e+00,2.144026458263397217e-01
1.537484526634216309e+00,-7.072661817073822021e-02
-4.481450468301773071e-02,3.118487633764743805e-02
-5.875733494758605957e-01,-7.850635051727294922e-02
4.045422971248626709e-01,2.598156034946441650e-01
-6.756376028060913086e-01,-3.889657258987426758e-01
-1.134876966476440430e+00,-2.376880645751953125e-01
6.080996394157409668e-01,9.399913549423217773e-01
6.572391986846923828e-01,4.832504987716674805e-01
9.433084726333618164e-01,6.092473864555358887e-01
9.567335247993469238e-01,8.898959159851074219e-01
4.198484718799591064e-01,3.097396492958068848e-01
3.939683735370635986e-01,6.634531021118164062e-01
-1.900732666254043579e-01,-1.397717148065567017e-01
-7.041758894920349121e-01,-2.586954534053802490e-01
5.228705406188964844e-01,-6.910539269447326660e-01
6.227466464042663574e-01,1.744405031204223633e-01
6.938593387603759766e-01,4.099364280700683594e-01
-1.373730778694152832e+00,-8.969703912734985352e-01
-1.225840568542480469e+00,-3.072471022605895996e-01
2.938296496868133545e-01,-2.834435999393463135e-01
-1.110063314437866211e+00,-2.159759104251861572e-01
-7.010353803634643555e-01,-1.410284787416458130e-01
6.373025178909301758e-01,9.545102715492248535e-02
-7.617027759552001953e-01,-1.985238790512084961e-01
-8.424461483955383301e-01,-2.236033380031585693e-01
-1.288131833076477051e+00,-3.072471022605895996e-01
-3.998045623302459717e-01,1.088973045349121094e+00
-2.672350645065307617e+00,-3.072471022605895996e-01
-1.468419075012207031e+00,-3.072471022605895996e-01
-1.439355492591857910e+00,-3.072471022605895996e-01
-8.919394016265869141e-01,-3.072471022605895996e-01
-1.212099313735961914e+00,-3.072471022605895996e-01
5.140276551246643066e-01,-1.317060887813568115e-01
4.567634165287017822e-01,-2.548513114452362061e-01
1.370193719863891602e+00,9.568446278572082520e-01
1.053603053092956543e+00,1.251038789749145508e+00
6.340065598487854004e-01,1.217409253120422363e+00
-6.923747062683105469e-01,-8.741582185029983521e-02
-3.119975924491882324e-01,2.214570641517639160e-01
6.961906552314758301e-01,-6.237409114837646484e-01
6.137161850929260254e-01,-3.666548728942871094e-01
-1.255632996559143066e+00,-2.062816172838211060e-02
-1.508988976478576660e+00,1.701336652040481567e-01
7.125901579856872559e-01,7.784562110900878906e-01
9.908937811851501465e-01,2.576851844787597656e-01
7.525652647018432617e-01,-2.609851658344268799e-01
-8.281957507133483887e-01,-4.506410062313079834e-01
-8.975559473037719727e-01,-3.072471022605895996e-01
-5.891811847686767578e-01,-3.072471022605895996e-01
5.554926395416259766e-01,-3.072471022605895996e-01
-7.667030096054077148e-01,-3.072471022605895996e-01
-9.248991608619689941e-01,-3.072471022605895996e-01
-5.004953145980834961e-01,-6.800992488861083984e-01
-3.679595291614532471e-01,-2.426333874464035034e-01
-1.459978103637695312e+00,-3.879349827766418457e-01
-1.478548169136047363e+00,-1.658751219511032104e-01
-1.314113736152648926e+00,-2.610981464385986328e-01
-1.432693839073181152e+00,-4.224742054939270020e-01
2.678584158420562744e-01,-3.522709608078002930e-01
-8.394556641578674316e-01,-2.428626865148544312e-01
-1.521101117134094238e+00,-3.072471022605895996e-01
-1.021565079689025879e+00,-3.072471022605895996e-01
-9.850305914878845215e-01,-6.351302862167358398e-01
4.026451110839843750e-01,1.258409619331359863e-01
-6.671430468559265137e-01,-1.556475460529327393e-01
-6.252921819686889648e-01,-2.816645428538322449e-02
-6.604599952697753906e-01,-9.448660612106323242e-01
-1.006789445877075195e+00,5.108720064163208008e-01
6.242472529411315918e-01,3.466608226299285889e-01
6.266375184059143066e-01,1.337756276130676270e+00
-5.158550739288330078e-01,-7.215917110443115234e-01
-8.113353252410888672e-01,-7.879524230957031250e-01
-2.723708450794219971e-01,-1.670068353414535522e-01
-1.228386163711547852e+00,-3.072471022605895996e-01
1.369105696678161621e+00,8.520666360855102539e-01
-1.622134804725646973e+00,-3.072471022605895996e-01
-1.764242291450500488e+00,-2.374828159809112549e-01
3.517852425575256348e-01,-5.110203027725219727e-01
9.455057978630065918e-01,-6.718411296606063843e-02
1.044117093086242676e+00,-5.945743322372436523e-01
1.036812424659729004e+00,5.982869863510131836e-01
-1.604684442281723022e-01,-6.796761751174926758e-01
-7.240428924560546875e-01,1.458408832550048828e-01
-3.730294406414031982e-01,1.491957426071166992e+00
-5.920591354370117188e-01,-3.683325648307800293e-01
-6.641686558723449707e-01,-3.072471022605895996e-01
-2.738715171813964844e+00,-3.072471022605895996e-01
1.042777299880981445e+00,-4.792710542678833008e-01
-4.284715056419372559e-01,-6.130266785621643066e-01
-7.220009565353393555e-01,8.128075301647186279e-02
-8.517070412635803223e-01,-2.638292014598846436e-01
-1.185999393463134766e+00,9.727713465690612793e-02
-1.018027901649475098e+00,-1.047314256429672241e-01
-1.086482405662536621e+00,-2.890576720237731934e-01
1.282065153121948242e+00,4.410739243030548096e-01
-4.703330993652343750e-01,-1.473907679319381714e-01
-4.871452450752258301e-01,-4.577342420816421509e-02
8.359882831573486328e-01,7.542784214019775391e-01
1.148216366767883301e+00,2.058325558900833130e-01
4.557505249977111816e-01,6.108901500701904297e-01
-3.480603992938995361e-01,9.279306530952453613e-01
-6.860024929046630859e-01,1.214415803551673889e-01
4.930084347724914551e-01,5.829901695251464844e-01
-8.401255607604980469e-01,4.359565973281860352e-01
-7.698488831520080566e-01,3.435543775558471680e-01
1.130059003829956055e+00,7.596830129623413086e-01
-1.940820366144180298e-01,-2.586606144905090332e-01
1.246576309204101562e-01,6.385334134101867676e-01
1.190442442893981934e+00,4.964397549629211426e-01
-4.493567347526550293e-01,1.200881302356719971e-01
-8.678278326988220215e-01,-8.133789896965026855e-01
1.328525066375732422e+00,1.305147856473922729e-01
-8.719437718391418457e-01,-2.874331474304199219e-01
-1.014137029647827148e+00,-3.944076001644134521e-01
1.083856463432312012e+00,1.582481265068054199e-01
2.133263111114501953e+00,4.305815398693084717e-01
-5.164552927017211914e-01,-4.325470328330993652e-01
-9.350550174713134766e-01,-4.528418779373168945e-01
3.966694772243499756e-01,-3.072471022605895996e-01
3.745248019695281982e-01,-2.617698013782501221e-01
-9.516152739524841309e-01,4.191756248474121094e-01
-1.090426802635192871e+00,-7.373291850090026855e-01
-9.613478183746337891e-01,6.061432361602783203e-01
-9.732937216758728027e-01,1.075187683105468750e+00
1.381046295166015625e+00,1.109745740890502930e+00
-9.017308354377746582e-01,-3.767928183078765869e-01
-9.727631211280822754e-01,-1.000162005424499512e+00
-1.032926797866821289e+00,-3.403537869453430176e-01
7.215884327888488770e-01,1.317335069179534912e-01
-7.455497980117797852e-01,2.839545011520385742e-01
-6.613920629024505615e-02,3.945904970169067383e-01
1.237073779106140137e+00,9.256407618522644043e-01
1.182741045951843262e+00,4.275069236755371094e-01
-6.186144948005676270e-01,-3.072471022605895996e-01
-4.367034137248992920e-01,-3.072471022605895996e-01
-5.885219573974609375e-01,-2.808330953121185303e-01
-8.585615754127502441e-01,-3.072471022605895996e-01
-3.791497647762298584e-01,-4.670018851757049561e-01
-8.286083936691284180e-01,-9.960995912551879883e-01
-9.285809993743896484e-01,7.827357053756713867e-01
-2.360561639070510864e-01,-2.301672399044036865e-01
-6.650153994560241699e-01,-1.187070738524198532e-03
3.685759603977203369e-01,-2.983730137348175049e-01
-7.501963376998901367e-01,9.755191206932067871e-02
-8.713756799697875977e-01,-5.236175656318664551e-02
2.479003518819808960e-01,-6.883274912834167480e-01
-2.944029867649078369e-01,-1.089189052581787109e+00
-7.096102237701416016e-01,-3.072471022605895996e-01
-1.272664785385131836e+00,-1.857532262802124023e-01
-1.357106089591979980e+00,9.145793318748474121e-02
1.956363469362258911e-01,1.009412169456481934e+00
-6.183090209960937500e-01,8.235540390014648438e-01
2.506496608257293701e-01,-2.548848986625671387e-01
2.667919099330902100e-01,-3.072471022605895996e-01
4.369553923606872559e-01,-3.072471022605895996e-01
-1.112555384635925293e+00,-3.072471022605895996e-01
-1.158281087875366211e+00,-3.072471022605895996e-01
2.610521018505096436e-01,5.374094843864440918e-01
-7.111966013908386230e-01,-3.072471022605895996e-01
-8.645586371421813965e-01,-3.072471022605895996e-01
-1.082730889320373535e+00,-3.072471022605895996e-01
-1.077746748924255371e+00,1.764801144599914551e-01
9.581381827592849731e-02,-3.736740350723266602e-01
-6.592434644699096680e-01,-3.567803800106048584e-01
8.805831074714660645e-01,-3.072471022605895996e-01
-6.497842669486999512e-01,-7.247124910354614258e-01
-7.257846593856811523e-01,-3.072471022605895996e-01
-5.296601727604866028e-02,-4.540111422538757324e-01
-5.215305685997009277e-01,-7.628456354141235352e-01
5.192154645919799805e-01,-3.072471022605895996e-01
7.129759788513183594e-01,-3.161000907421112061e-01
-3.095484077930450439e-01,-1.652845591306686401e-01
-1.384015202522277832e+00,-3.381528854370117188e-01
7.923581004142761230e-01,5.606219172477722168e-01
-6.863133311271667480e-01,-1.730521917343139648e-01
-1.070742011070251465e+00,-3.829002380371093750e-01
4.520579576492309570e-01,1.665106058120727539e+00
-1.156072974205017090e+00,2.282147705554962158e-01
-1.401122212409973145e+00,-3.103570640087127686e-01
-3.413875773549079895e-02,-2.484104782342910767e-01
-1.542355567216873169e-01,6.007053852081298828e-01
3.959459662437438965e-01,6.319990158081054688e-01
-3.017286770045757294e-02,6.922794580459594727e-01
-2.745413780212402344e-01,1.278771460056304932e-01
1.138574957847595215e+00,7.855370640754699707e-01
9.836533665657043457e-01,2.238133251667022705e-01
9.280666112899780273e-01,-3.126956056803464890e-03
8.071926832199096680e-01,4.601896405220031738e-01
9.063238501548767090e-01,1.765923500061035156e-01
-7.831828594207763672e-01,-4.260014593601226807e-01
-7.235230207443237305e-01,1.003091409802436829e-01
1.301134079694747925e-01,-2.199262380599975586e-02
-5.933287739753723145e-02,1.224493235349655151e-01
7.205916047096252441e-01,-6.803991198539733887e-01
-2.142330408096313477e-01,-4.442714154720306396e-01
-3.818937242031097412e-01,-2.672423124313354492e-01
3.255245983600616455e-01,-1.157988011837005615e-01
6.620035767555236816e-01,-8.603142201900482178e-02
9.589791297912597656e-01,1.162801980972290039e+00
1.342834353446960449e+00,7.654143571853637695e-01
1.282043695449829102e+00,8.081229329109191895e-01
-1.036045908927917480e+00,-1.022240757942199707e+00
-1.178378462791442871e+00,-2.194909602403640747e-01
9.771101176738739014e-02,8.447118997573852539e-01
-2.324547022581100464e-01,8.072726428508758545e-03
4.107966125011444092e-01,-3.786363005638122559e-01
-1.058945730328559875e-01,9.727058410644531250e-01
-2.000576704740524292e-01,-7.523834705352783203e-02
-1.034292974509298801e-03,-3.072471022605895996e-01
6.451544165611267090e-02,-2.297394722700119019e-01
3.797286748886108398e-01,4.299728199839591980e-02
-5.847811698913574219e-01,-4.451529979705810547e-01
-3.848574459552764893e-01,5.222440510988235474e-02
4.985821247100830078e-01,-3.072471022605895996e-01
5.266595482826232910e-01,-3.072471022605895996e-01
4.043225646018981934e-01,-3.039330244064331055e-01
-9.951757788658142090e-01,-1.423766911029815674e-01
-1.057472467422485352e+00,3.291164338588714600e-02
-1.425239086151123047e+00,-3.916980028152465820e-01
-1.593189120292663574e+00,-7.454081177711486816e-01
6.485410332679748535e-01,1.102326512336730957e+00
3.373579680919647217e-01,1.310976445674896240e-01
-8.309772014617919922e-01,3.314692527055740356e-02
-1.075667262077331543e+00,-1.177737861871719360e-01
2.249447584152221680e+00,5.202308893203735352e-01
-4.868183434009552002e-01,-1.101616322994232178e-01
-7.089885473251342773e-01,3.202110994607210159e-03
1.005058407783508301e+00,5.880303978919982910e-01
5.387287139892578125e-01,9.694249629974365234e-01
2.148510456085205078e+00,1.541595339775085449e+00
1.069809675216674805e+00,-3.151172995567321777e-01
-6.878782510757446289e-01,5.757560729980468750e-01
-6.682149171829223633e-01,-2.784132361412048340e-01
-1.812357753515243530e-01,-6.883224248886108398e-01
-8.317918181419372559e-01,-1.358435392379760742e+00
2.914983332157135010e-01,-2.668840885162353516e-01
-5.134165883064270020e-01,-2.887302935123443604e-01
-1.448299735784530640e-01,-2.315686345100402832e-01
-7.630693912506103516e-01,-3.344174027442932129e-01
-1.152032136917114258e+00,-9.465959668159484863e-01
-4.480919539928436279e-01,-1.429506838321685791e-01
-8.479608893394470215e-01,2.766081690788269043e-01
9.512724280357360840e-01,1.141853570938110352e+00
-3.114563226699829102e-01,2.578685879707336426e-01
1.029770255088806152e+00,1.734815835952758789e+00
5.223613977432250977e-01,4.263991117477416992e-01
3.563513755798339844e-01,1.119700312614440918e+00
1.470005512237548828e+00,1.549592733383178711e+00
1.055719971656799316e+00,1.806714087724685669e-01
-7.299327850341796875e-01,1.877966374158859253e-01
-9.964030385017395020e-01,-2.099022716283798218e-01
1.424869418144226074e+00,-1.482975929975509644e-01
2.129951000213623047e+00,1.310598134994506836e+00
-6.350086331367492676e-01,4.050618410110473633e-01
-1.195651531219482422e+00,1.704098880290985107e-01
1.593055248260498047e+00,-1.227590739727020264e-01
-5.101581215858459473e-01,-5.756129026412963867e-01
-1.039695620536804199e+00,-2.290270626544952393e-01
4.885441362857818604e-01,7.908996194601058960e-02
9.214317798614501953e-01,9.248036146163940430e-01
-2.315275520086288452e-01,7.387030720710754395e-01
-9.030545949935913086e-01,9.331982135772705078e-01
-6.282451748847961426e-01,-5.405349731445312500e-01
-9.126530885696411133e-01,-3.607136607170104980e-01
1.223177075386047363e+00,8.166846632957458496e-02
-6.714787483215332031e-01,4.818536806851625443e-03
-6.840677857398986816e-01,-3.072471022605895996e-01
3.481087386608123779e-01,-2.792252302169799805e-01
-3.613890111446380615e-01,-9.263578057289123535e-01
-3.682596385478973389e-01,-7.371260970830917358e-02
-2.059577777981758118e-02,2.926382422447204590e-02
1.880314797163009644e-01,-1.926038563251495361e-01
-4.894068837165832520e-01,-3.914863467216491699e-01
-5.663987398147583008e-01,-1.393777504563331604e-02
1.094419598579406738e+00,-9.768283367156982422e-01
1.234608530998229980e+00,-8.469001650810241699e-01
1.224993824958801270e+00,1.613315343856811523e-01
7.942499518394470215e-01,4.004982709884643555e-01
6.619499921798706055e-01,1.565975993871688843e-01
-4.713996052742004395e-01,-6.140547990798950195e-01
4.860842227935791016e-01,3.995602726936340332e-01
5.903817415237426758e-01,-8.286830186843872070e-01
-1.377910971641540527e+00,-5.562548637390136719e-01
-1.393581628799438477e+00,-6.402519941329956055e-01
-5.173337459564208984e-02,4.504226148128509521e-01
-1.169932167977094650e-02,6.925622224807739258e-01
3.666251599788665771e-01,-2.806665748357772827e-02
7.145355939865112305e-01,-2.191960662603378296e-01
4.742830097675323486e-01,7.531801462173461914e-01
-9.772971272468566895e-01,-6.863057613372802734e-02
-1.196042776107788086e+00,3.122116923332214355e-01
2.464479804039001465e-01,3.440221548080444336e-01
1.460439085960388184e+00,6.936241388320922852e-01
1.079236745834350586e+00,7.950201630592346191e-01
5.541582107543945312e-01,6.233991384506225586e-01
-3.901256322860717773e-01,5.824826359748840332e-01
-1.007110953330993652e+00,-2.183829843997955322e-01
-1.626261472702026367e+00,7.969357073307037354e-02
-1.902635812759399414e+00,-5.867233872413635254e-01
7.003012299537658691e-01,5.950857419520616531e-03
7.839064598083496094e-01,3.367310762405395508e-01
8.399863243103027344e-01,5.925668478012084961e-01
-5.237547159194946289e-01,-1.143924951553344727e+00
-1.202254176139831543e+00,-3.612898886203765869e-01
3.039373159408569336e-01,-2.568399608135223389e-01
4.503215253353118896e-01,-4.635743498802185059e-01
-1.143114209175109863e+00,-4.938284456729888916e-01
-1.501641392707824707e+00,-1.083901882171630859e+00
2.523753643035888672e-01,-1.913904249668121338e-01
-4.800655841827392578e-01,-3.072471022605895996e-01
-6.671109199523925781e-01,6.240595579147338867e-01
1.939384698867797852e+00,1.041555523872375488e+00
7.400619387626647949e-01,1.220240235328674316e+00
1.026334881782531738e+00,1.361678361892700195e+00
1.058330059051513672e+00,1.131803989410400391e+00
-1.055783778429031372e-01,-1.197631955146789551e-01
-5.583811998367309570e-01,3.104466795921325684e-01
5.915929675102233887e-01,3.071484565734863281e-01
1.133762359619140625e+00,1.002865076065063477e+00
1.173533797264099121e+00,5.965560674667358398e-01
-1.325513005256652832e+00,-4.188696146011352539e-01
-3.783297836780548096e-01,9.106954932212829590e-01
3.757199048995971680e-01,4.211849272251129150e-01
2.537151873111724854e-01,-9.090214967727661133e-01
-6.864473223686218262e-01,-3.439041376113891602e-01
-5.874715447425842285e-01,-2.407277077436447144e-01
6.193541884422302246e-01,2.494917213916778564e-01
6.118993759155273438e-01,1.058263778686523438e-01
5.500583052635192871e-01,-3.072471022605895996e-01
6.900327801704406738e-01,-1.225220784544944763e-01
8.080823421478271484e-01,-1.468413621187210083e-01
6.295422315597534180e-01,4.988809823989868164e-01
-1.391823768615722656e+00,1.005652189254760742e+00
-1.375429630279541016e+00,-2.769241631031036377e-01
4.387668669223785400e-01,-8.736163377761840820e-01
4.981587529182434082e-01,3.529330343008041382e-02
7.472112774848937988e-01,-6.222040206193923950e-02
5.237065553665161133e-01,-4.810580015182495117e-01
-6.813184618949890137e-01,1.029342114925384521e-01
-5.246175527572631836e-01,-8.326687663793563843e-02
-3.729758560657501221e-01,-2.350571155548095703e-01
-3.223303556442260742e-01,-1.056150048971176147e-01
-7.260311841964721680e-01,6.653068065643310547e-01
-1.697036504745483398e+00,8.158820867538452148e-01
1.315014660358428955e-01,-3.933063745498657227e-01
1.387718677520751953e+00,8.366686105728149414e-01
-1.861487030982971191e+00,-3.072471022605895996e-01
4.919097721576690674e-01,-3.072471022605895996e-01
1.007100343704223633e+00,5.535589456558227539e-01
-8.049202561378479004e-01,9.514717012643814087e-02
-2.643586993217468262e-01,-9.660983085632324219e-01
-4.071521759033203125e-01,-6.723923683166503906e-01
-7.772876024246215820e-01,-8.954150080680847168e-01
-1.148414611816406250e+00,5.147860050201416016e-01
-1.417157173156738281e+00,-3.072471022605895996e-01
1.571993231773376465e+00,1.215564757585525513e-01
1.414997577667236328e+00,5.046769976615905762e-01
5.735642313957214355e-01,8.275756239891052246e-01
-5.516874194145202637e-01,-3.072471022605895996e-01
-1.033398389816284180e+00,4.532584547996520996e-01
-8.540597558021545410e-01,-3.072471022605895996e-01
-5.110745429992675781e-01,-3.072471022605895996e-01
4.796262383460998535e-01,5.399584770202636719e-01
4.019430279731750488e-01,5.628943443298339844e-01
-4.102391302585601807e-01,-3.072471022605895996e-01
-8.878341317176818848e-01,-3.072471022605895996e-01
-4.530546665191650391e-01,-2.503709197044372559e-01
-8.312290906906127930e-01,-3.072471022605895996e-01
9.651476740837097168e-01,-7.119439244270324707e-01
5.599516034126281738e-01,-2.304747402667999268e-01
-2.604142427444458008e-01,-8.723623752593994141e-01
-9.790228009223937988e-01,-3.260540664196014404e-01
3.313555419445037842e-01,3.555094003677368164e-01
3.092751801013946533e-01,-3.719068467617034912e-01
-8.098883032798767090e-01,-2.793985903263092041e-01
-5.722082257270812988e-01,-6.173384785652160645e-01
2.728801071643829346e-01,-5.695085525512695312e-01
-1.174980640411376953e+00,-8.719369173049926758e-01
-1.052322149276733398e+00,-7.373934388160705566e-01
5.254054665565490723e-01,-2.033535242080688477e-01
-6.901237964630126953e-01,2.749040126800537109e-01
-8.597192168235778809e-01,-5.482006669044494629e-01
-4.300525188446044922e-01,-8.189810514450073242e-01
-7.716013789176940918e-01,-4.020599126815795898e-01
1.141109943389892578e+00,4.048168361186981201e-01
-7.051030993461608887e-01,1.278918027877807617e+00
-9.287953376770019531e-01,-9.344105422496795654e-02
-1.141635060310363770e+00,-1.334483921527862549e-01
-1.162691712379455566e+00,2.996238172054290771e-01
-1.343064785003662109e+00,6.139554977416992188e-01
-1.305254817008972168e+00,-5.607009530067443848e-01
-1.518073081970214844e+00,-3.279637396335601807e-01
9.900577664375305176e-01,-3.072471022605895996e-01
-7.095298767089843750e-01,1.413636505603790283e-01
-2.670972943305969238e-01,-6.386924982070922852e-01
6.111276745796203613e-01,-1.924476623535156250e-01
1.288030028343200684e+00,-3.772637844085693359e-01
4.915989339351654053e-01,-4.541872143745422363e-01
8.911468088626861572e-02,1.855384111404418945e-01
-1.020986199378967285e+00,-5.094214677810668945e-01
5.427053570747375488e-01,9.857283830642700195e-01
4.036740958690643311e-01,3.812627792358398438e-01
-8.213572502136230469e-01,5.292332172393798828e-01
-1.053313612937927246e+00,1.975557059049606323e-01
-1.162219643592834473e-01,5.870704725384712219e-02
-8.132968544960021973e-01,6.487479060888290405e-02
9.453396797180175781e-01,4.015691876411437988e-01
8.597675561904907227e-01,7.893669605255126953e-01
1.396036267280578613e+00,7.956542074680328369e-02
-1.330245256423950195e+00,-5.150369554758071899e-02
-1.486940860748291016e+00,1.519726514816284180e-01
9.147272706031799316e-01,1.483447402715682983e-01
-2.923128604888916016e-01,2.329316455870866776e-03
-3.539341986179351807e-01,-5.028097033500671387e-01
6.543880105018615723e-01,-2.013435065746307373e-01
1.337244629859924316e+00,7.756552696228027344e-01
-7.626781463623046875e-01,-5.076512098312377930e-01
-1.037128448486328125e+00,2.422550320625305176e-01
9.103433489799499512e-01,1.015396833419799805e+00
-1.092484831809997559e+00,-4.438482224941253662e-01
-1.405146956443786621e+00,-1.726078689098358154e-01
6.803270578384399414e-01,3.216887712478637695e-01
-3.599098324775695801e-01,-3.072471022605895996e-01
-4.894926249980926514e-01,-3.741995394229888916e-01
-6.621267795562744141e-01,-1.048953413963317871e+00
-6.798392534255981445e-01,-6.646065711975097656e-01
5.465640425682067871e-01,-5.188729166984558105e-01
2.757098078727722168e-01,-6.304122209548950195e-01
-2.401506751775741577e-01,-1.542534083127975464e-01
-1.469774961471557617e+00,3.117402195930480957e-01
-1.758368492126464844e+00,-8.917683362960815430e-01
1.415206551551818848e+00,4.915999770164489746e-01
-1.127282857894897461e+00,-4.379225373268127441e-01
-1.084236860275268555e+00,-2.804138660430908203e-01
4.409266710281372070e-01,-3.072471022605895996e-01
-8.997693061828613281e-01,2.352123260498046875e-01
-1.485574245452880859e+00,-1.093307971954345703e+00
5.193709135055541992e-01,1.387942910194396973e+00
1.276850581169128418e+00,1.222485542297363281e+00
5.718117356300354004e-01,9.945240616798400879e-02
7.901071906089782715e-01,9.653781354427337646e-02
1.278817415237426758e+00,5.695432890206575394e-03
1.189622402191162109e+00,4.161376953125000000e-01
-3.738708496093750000e-01,-3.072471022605895996e-01
-4.510288536548614502e-01,7.760063409805297852e-01
1.835767745971679688e+00,1.133583068847656250e+00
-8.834984302520751953e-01,-1.376595795154571533e-01
-5.057902932167053223e-01,7.108525037765502930e-01
7.646933794021606445e-01,-3.147286176681518555e-01
3.420853614807128906e-02,-4.300948604941368103e-02
-1.011591315269470215e+00,5.534122139215469360e-02
2.593338489532470703e+00,1.382636308670043945e+00
-7.987838387489318848e-01,-2.658742666244506836e-01
-8.699018955230712891e-01,1.753675192594528198e-02
-1.021586418151855469e+00,-2.723512947559356689e-01
-1.418025374412536621e+00,-4.352828562259674072e-01
-1.766466379165649414e+00,-1.715477705001831055e-01
-2.258220672607421875e+00,-1.148561090230941772e-01
7.264439463615417480e-01,1.250634640455245972e-01
-1.610311716794967651e-01,1.592610031366348267e-01
-7.071069628000259399e-02,-3.072471022605895996e-01
-3.062148988246917725e-01,4.989058077335357666e-01
-1.341660618782043457e+00,-2.140341252088546753e-01
1.186594367027282715e+00,-3.157474100589752197e-01
6.451163887977600098e-01,4.247287511825561523e-01
1.027497887611389160e+00,-2.079974114894866943e-01
-6.858202815055847168e-01,-1.462555825710296631e-01
-8.455170392990112305e-01,-5.586364269256591797e-01
6.098521351814270020e-01,-7.309859991073608398e-01
1.100882887840270996e+00,-5.380978584289550781e-01
1.245595097541809082e+00,1.087774753570556641e+00
9.294921755790710449e-01,9.371379613876342773e-01
1.034014821052551270e+00,5.530236363410949707e-01
8.403668403625488281e-01,-2.721216678619384766e-01
6.202277541160583496e-01,8.032928109169006348e-01
6.184967160224914551e-01,9.540611505508422852e-01
6.969248652458190918e-01,1.423831582069396973e+00
-9.678701162338256836e-01,9.941224008798599243e-02
-1.761417984962463379e+00,-2.626879811286926270e-01
-3.747712075710296631e-01,-6.633696556091308594e-01
-3.379473984241485596e-01,-2.535402774810791016e-01
1.009013652801513672e+00,-3.072471022605895996e-01
1.185565471649169922e+00,-3.072471022605895996e-01
-9.463310241699218750e-01,-2.117739319801330566e-01
-5.788698792457580566e-01,-9.590969681739807129e-01
1.415897846221923828e+00,-2.384778857231140137e-01
-4.180154800415039062e-01,-3.171104192733764648e-01
-8.405114412307739258e-01,8.098326921463012695e-01
1.933837771415710449e+00,7.441943883895874023e-01
-1.424177885055541992e+00,6.699749827384948730e-02
-1.443417787551879883e+00,9.034663438796997070e-03
-1.310276508331298828e+00,-4.951644539833068848e-01
-9.931339025497436523e-01,4.444471597671508789e-01
-1.446033239364624023e+00,-8.337654918432235718e-02
-1.246039748191833496e+00,-1.900047510862350464e-01
-1.382225275039672852e+00,1.464395284652709961e+00
1.114811778068542480e+00,8.910520076751708984e-01
1.438396334648132324e+00,7.722287178039550781e-01
-1.045451521873474121e+00,8.579406738281250000e-01
-1.161812901496887207e+00,1.277435183525085449e+00
-1.277461409568786621e+00,5.236335396766662598e-01
-5.114229321479797363e-01,5.911749601364135742e-01
-2.612931728363037109e-01,-3.774445652961730957e-01
-6.502130031585693359e-01,-3.422079235315322876e-02
-4.407175481319427490e-01,-8.041927814483642578e-01
-6.098037958145141602e-01,-6.544455885887145996e-01
1.406406521797180176e+00,1.096800327301025391e+00
1.284487605094909668e+00,4.796593189239501953e-01
-8.295516371726989746e-01,4.959769248962402344e-01
-1.197779178619384766e+00,8.791984617710113525e-02
3.205511569976806641e-01,1.533622741699218750e+00
1.446370959281921387e+00,1.063748121261596680e+00
-4.370035231113433838e-01,4.603068530559539795e-01
1.231516674160957336e-01,4.337726235389709473e-01
-2.784911990165710449e-01,3.422263264656066895e-01
-4.041509628295898438e-01,-6.242045015096664429e-02
-9.927372932434082031e-01,-3.361645340919494629e-01
-1.140172004699707031e+00,-1.135537862777709961e+00
6.545867770910263062e-02,-2.278396189212799072e-01
-1.115754470229148865e-01,-5.191945433616638184e-01
-2.231723815202713013e-01,-7.294768095016479492e-01
-6.337813735008239746e-01,-3.324276208877563477e-02
8.190314173698425293e-01,-4.463267922401428223e-01
1.019978761672973633e+00,-4.369127750396728516e-01
1.244855523109436035e+00,5.561783909797668457e-02
-6.177945137023925781e-01,3.940855264663696289e-01
-7.732895612716674805e-01,-1.910134553909301758e-01
-6.432512402534484863e-01,-8.384396135807037354e-02
-9.233074188232421875e-01,-3.791002184152603149e-02
1.780079126358032227e+00,-2.688272893428802490e-01
1.294643521308898926e+00,4.365274310111999512e-01
7.704706788063049316e-01,7.381880283355712891e-02
7.820843458175659180e-01,-8.846928477287292480e-01
4.751619398593902588e-01,1.426791548728942871e-01
-9.612990915775299072e-02,-2.580424845218658447e-01
-5.109406113624572754e-01,4.580497145652770996e-01
1.597117662429809570e+00,-6.954692602157592773e-01
-6.164011359214782715e-01,-4.358380734920501709e-01
-9.115383625030517578e-01,-3.361619710922241211e-01
9.769113659858703613e-01,1.038227081298828125e-01
-1.443835854530334473e+00,6.638450026512145996e-01
-1.915717840194702148e+00,2.340345978736877441e-01
7.685949206352233887e-01,-6.610646098852157593e-02
5.229187607765197754e-01,3.448671475052833557e-02
5.977615118026733398e-01,-3.163461983203887939e-01
6.466223597526550293e-01,4.846718907356262207e-02
1.362513780593872070e+00,-7.591830193996429443e-02
-1.749627470970153809e+00,2.083147615194320679e-01
-1.756015777587890625e+00,-5.081048011779785156e-01
3.738495111465454102e-01,2.924511432647705078e-01
2.907641232013702393e-01,-9.547710418701171875e-02
1.073705911636352539e+00,4.951788485050201416e-01
7.831186652183532715e-01,-2.588524855673313141e-02
-7.983390092849731445e-01,-2.838855385780334473e-01
-2.027309417724609375e+00,-1.160762786865234375e+00
2.902389168739318848e-01,-8.264189958572387695e-02
6.667733788490295410e-01,-6.871552467346191406e-01
-1.753164649009704590e+00,-7.479518651962280273e-01
-1.845248222351074219e+00,-2.565607130527496338e-01
4.181763827800750732e-01,-3.691772520542144775e-01
3.990275561809539795e-01,-6.109797209501266479e-02
-6.510329842567443848e-01,-2.631915807723999023e-01
-1.299568533897399902e+00,-2.941580116748809814e-01
4.963365793228149414e-01,-4.049887061119079590e-01
-1.837852478027343750e+00,-7.279503345489501953e-01
-1.065222024917602539e+00,-3.072471022605895996e-01
-4.289860129356384277e-01,-3.072471022605895996e-01
-6.087533831596374512e-01,-2.399549186229705811e-01
9.395033717155456543e-01,4.722358584403991699e-01
8.775818943977355957e-01,1.231747716665267944e-01
-3.518333733081817627e-01,-1.923684179782867432e-01
-6.567353010177612305e-01,-2.399879246950149536e-01
1.405742049217224121e+00,8.202409148216247559e-01
-2.868624329566955566e-01,2.077231854200363159e-01
-6.791800856590270996e-01,4.203136563301086426e-01
-8.248140215873718262e-01,3.277944922447204590e-01
7.260259389877319336e-01,-2.464741095900535583e-02
-9.397765994071960449e-01,-6.726984679698944092e-02
-9.198346138000488281e-01,2.568219043314456940e-02
4.282630980014801025e-02,1.225361347198486328e+00
-8.046897649765014648e-01,-3.360232114791870117e-01
9.833961129188537598e-01,1.188337951898574829e-01
-1.331172466278076172e+00,-8.352065086364746094e-01
-1.710263252258300781e+00,-1.316527724266052246e+00
5.417085289955139160e-01,3.481644392013549805e-01
5.937688350677490234e-01,-4.396476745605468750e-01
4.164828360080718994e-01,-2.339899539947509766e-01
-1.527693033218383789e+00,-1.019389629364013672e-01
-1.520259618759155273e+00,-3.072471022605895996e-01
-6.160634756088256836e-01,-3.072471022605895996e-01
-1.298984408378601074e+00,-2.671381831169128418e-01
-8.190902471542358398e-01,-5.268293991684913635e-02
-8.518303036689758301e-01,-1.217806220054626465e+00
5.179774761199951172e-01,-3.072471022605895996e-01
-5.781838893890380859e-01,1.031277701258659363e-01
-4.428505301475524902e-01,-5.149610638618469238e-01
3.281131684780120850e-01,-3.072471022605895996e-01
-3.126299977302551270e-01,-4.073648750782012939e-01
-1.223584294319152832e+00,-3.072471022605895996e-01
9.704694747924804688e-01,3.707736730575561523e-01
-1.128134429454803467e-01,2.243863493204116821e-01
-8.159010112285614014e-02,-2.131328284740447998e-01
1.211434841156005859e+00,1.519573688507080078e+00
-8.982204794883728027e-01,6.296159029006958008e-01
-1.391009092330932617e+00,-1.892223209142684937e-02
-3.375775814056396484e-01,-7.500921189785003662e-02
-1.403239130973815918e+00,-2.271975204348564148e-02
6.543612480163574219e-01,-4.178867936134338379e-01
2.567003369331359863e-01,1.345613896846771240e-01
-4.086420536041259766e-01,4.169707000255584717e-02
-3.349890410900115967e-01,1.550704240798950195e-01
7.725447416305541992e-01,7.010524272918701172e-01
9.711179733276367188e-01,-6.253512948751449585e-02
-1.330218434333801270e+00,-2.844187915325164795e-01
-7.429398298263549805e-01,-4.598126411437988281e-01
6.685633659362792969e-01,2.075341064482927322e-03
-2.412011027336120605e-01,1.192428022623062134e-01
-7.535458803176879883e-01,-7.309553027153015137e-02
1.369636297225952148e+00,1.079522073268890381e-01
1.863196730613708496e+00,-2.463543862104415894e-01
-1.138875007629394531e+00,-5.246534943580627441e-01
-1.664376854896545410e+00,-2.512416839599609375e-01
8.008043766021728516e-01,-5.750423669815063477e-02
-6.299119591712951660e-01,-2.111648470163345337e-01
-1.059182047843933105e+00,5.727102160453796387e-01
-1.481485009193420410e+00,-1.884196996688842773e-01
-1.911628723144531250e+00,-5.012007951736450195e-01
-5.448757410049438477e-01,-3.874449133872985840e-01
-5.963304638862609863e-01,-3.072471022605895996e-01
-5.875733494758605957e-01,-2.097851037979125977e-01
-1.135005593299865723e+00,-4.224206209182739258e-01
-7.262241244316101074e-01,-8.109666109085083008e-01
-1.121618032455444336e+00,-1.651178151369094849e-01
8.869875073432922363e-01,3.940002620220184326e-01
-5.117284059524536133e-01,-3.072471022605895996e-01
-6.469491720199584961e-01,-9.581168889999389648e-01
6.128372550010681152e-01,-2.590683996677398682e-01
-5.863139629364013672e-01,-4.054505825042724609e-01
-1.430121421813964844e+00,-5.978875160217285156e-01
-1.130150079727172852e+00,4.990590214729309082e-01
-6.361769437789916992e-01,-2.279938012361526489e-01
-8.048344850540161133e-01,-3.072471022605895996e-01
-1.200576782226562500e+00,-3.072471022605895996e-01
-9.332274794578552246e-01,-7.918949723243713379e-01
-7.264491915702819824e-01,-1.978800073266029358e-02
7.436795234680175781e-01,7.655002474784851074e-01
4.107751846313476562e-01,-7.035964131355285645e-01
-8.520821928977966309e-01,3.238634467124938965e-01
-1.729036927223205566e+00,-1.116927117109298706e-01
6.843304634094238281e-01,9.677908420562744141e-01
6.225322484970092773e-01,4.647592604160308838e-01
4.288253188133239746e-01,9.932166934013366699e-01
2.924415767192840576e-01,1.475479841232299805e+00
-9.760591387748718262e-01,1.965025067329406738e-01
-9.181357026100158691e-01,5.707988515496253967e-02
-1.418818593025207520e+00,-8.593013882637023926e-02
-1.623410344123840332e+00,-3.677601218223571777e-01
1.376431941986083984e+00,9.390440583229064941e-01
5.155175328254699707e-01,2.466210722923278809e-01
-4.461197257041931152e-01,-2.531727552413940430e-01
-6.413326263427734375e-01,-2.649016678333282471e-01
-6.365092396736145020e-01,-1.954479217529296875e-01
-7.542800903320312500e-01,-5.626150369644165039e-01
1.048275947570800781e+00,1.106056332588195801e+00
-9.485926628112792969e-01,3.380588442087173462e-02
-1.075833439826965332e+00,9.763688594102859497e-02
1.204499840736389160e+00,3.346714973449707031e-01
-4.414678514003753662e-01,1.334524340927600861e-02
-4.287019670009613037e-01,6.041966080665588379e-01
9.026634693145751953e-01,6.796257495880126953e-01
5.856655836105346680e-01,1.748787313699722290e-01
6.542652100324630737e-02,-2.035844922065734863e-01
-2.309005111455917358e-01,-6.411234140396118164e-01
-7.899141907691955566e-01,-7.795417308807373047e-01
5.034108757972717285e-01,4.210001230239868164e-01
8.016833066940307617e-01,5.823271870613098145e-01
-1.496641159057617188e+00,-2.565658465027809143e-02
1.929031014442443848e-01,-2.152149230241775513e-01
2.307478189468383789e+00,9.985809326171875000e-01
1.451355099678039551e+00,4.603336453437805176e-01
5.155497193336486816e-01,-6.141675710678100586e-01
-1.281732320785522461e-01,-2.985850274562835693e-01
-7.124292254447937012e-01,-3.453570306301116943e-01
-5.997336506843566895e-01,-5.410766601562500000e-01
-8.141704201698303223e-01,7.911407351493835449e-01
6.960405707359313965e-01,-2.942813038825988770e-01
1.345894575119018555e+00,1.136679172515869141e+00
8.214377164840698242e-01,1.492693424224853516e-01
-1.269706487655639648e+00,-6.460922360420227051e-01
-1.698976635932922363e+00,-5.024072527885437012e-02
1.174932599067687988e+00,-6.234136968851089478e-02
-5.900922417640686035e-01,-1.834385991096496582e-01
-6.794962882995605469e-01,3.330221176147460938e-01
1.240487694740295410e+00,2.986819148063659668e-01
-7.511605322360992432e-02,-5.453165620565414429e-02
-1.262841224670410156e+00,-6.246116161346435547e-01
8.564179539680480957e-01,1.120474576950073242e+00
-1.148253798484802246e+00,-3.568904697895050049e-01
-2.190189063549041748e-01,1.243208646774291992e+00
-1.264047026634216309e+00,-1.058922886848449707e+00
-1.247604727745056152e+00,-1.107958436012268066e+00
-1.160253286361694336e+00,5.098834037780761719e-01
-4.555253088474273682e-01,3.748146891593933105e-01
-4.965722858905792236e-01,1.393037319183349609e+00
-6.759001612663269043e-01,9.488100409507751465e-01
6.070384979248046875e-01,-3.220293521881103516e-01
-1.900057911872863770e+00,-7.408853173255920410e-01
-2.163044691085815430e+00,-3.987516760826110840e-01
8.402382135391235352e-01,-2.863719165325164795e-01
2.913482785224914551e-01,-3.072471022605895996e-01
5.972738265991210938e-01,4.635797739028930664e-01
6.929482817649841309e-01,5.834709405899047852e-01
4.019805490970611572e-01,1.631560772657394409e-01
2.935348749160766602e-01,5.719103217124938965e-01
1.546376198530197144e-01,-3.354575037956237793e-01
-5.453902482986450195e-01,-5.134826898574829102e-01
-1.520774126052856445e+00,-7.428745031356811523e-01
-1.640597581863403320e+00,-8.130559921264648438e-01
-2.100527882575988770e-01,2.581738308072090149e-02
-9.253868460655212402e-01,-6.930984556674957275e-02
-5.069157481193542480e-01,6.045554876327514648e-01
-5.877502560615539551e-01,9.062873125076293945e-01
3.400483429431915283e-01,-8.732515573501586914e-02
7.180619835853576660e-01,1.100688695907592773e+00
-2.326101213693618774e-01,-3.170131519436836243e-02
1.397065818309783936e-01,-5.985859632492065430e-01
5.795077085494995117e-01,1.072042703628540039e+00
-1.622852385044097900e-01,2.806995511054992676e-01
-1.576334118843078613e+00,-6.502288579940795898e-01
1.530769348144531250e+00,-3.072471022605895996e-01
7.883976101875305176e-01,-3.256490528583526611e-01
-7.619600296020507812e-01,-3.072471022605895996e-01
-1.242990374565124512e+00,3.947380781173706055e-01
6.241025328636169434e-01,1.085698604583740234e-01
6.499719619750976562e-01,2.412421703338623047e-01
2.641819417476654053e-01,6.092182397842407227e-01
5.811476707458496094e-01,1.023321390151977539e+00
1.171733021736145020e+00,9.304269552230834961e-01
-8.063243627548217773e-01,7.284300327301025391e-01
-1.176524162292480469e+00,5.759266018867492676e-01
1.162965178489685059e+00,-4.133315086364746094e-01
-4.271852672100067139e-01,7.377564907073974609e-01
-1.152986049652099609e+00,6.773279905319213867e-01
-5.306950211524963379e-01,-6.887435913085937500e-01
-1.077736020088195801e+00,-1.715630888938903809e-01
-4.618439376354217529e-01,-4.014369547367095947e-01
-9.509292840957641602e-01,-3.369331359863281250e-01
1.595885038375854492e+00,5.306495428085327148e-01
1.875683903694152832e+00,4.887219369411468506e-01
2.032599210739135742e+00,9.319584369659423828e-01
1.143221497535705566e+00,-2.163599133491516113e-01
-1.892308354377746582e+00,-1.064358472824096680e+00
-1.122421860694885254e+00,-2.483531236648559570e-01
2.053586244583129883e+00,-3.255653381347656250e-01
-1.629836082458496094e+00,-1.676975190639495850e-01
-2.175151348114013672e+00,-5.750867724418640137e-01
8.328423500061035156e-01,-1.210301965475082397e-01
2.491705119609832764e-01,-3.072471022605895996e-01
-2.973720431327819824e-01,-3.558551967144012451e-01
-5.125698447227478027e-01,-3.072471022605895996e-01
-1.686484098434448242e+00,5.873876214027404785e-01
-2.076191663742065430e+00,-7.495201826095581055e-01
-5.689443945884704590e-01,-3.072471022605895996e-01
-3.270572721958160400e-01,-3.072471022605895996e-01
-1.352046966552734375e+00,-3.072471022605895996e-01
-1.525168776512145996e+00,-3.072471022605895996e-01
8.621041774749755859e-01,6.319424510002136230e-01
3.594865500926971436e-01,1.876986324787139893e-01
5.852850675582885742e-01,1.987482905387878418e-01
-1.098192453384399414e+00,-7.626433372497558594e-01
-1.424563765525817871e+00,-6.162542104721069336e-01
3.776439130306243896e-01,1.239141345024108887e+00
2.016226530075073242e+00,1.269991636276245117e+00
-6.552078723907470703e-01,-5.993601679801940918e-02
-5.447739362716674805e-01,-6.393417119979858398e-01
3.978860378265380859e-01,3.964277505874633789e-01
1.287971138954162598e+00,1.265628933906555176e+00
-1.166550517082214355e+00,-6.272649765014648438e-01
-1.267401933670043945e+00,-8.257949352264404297e-01
-1.601892709732055664e-02,1.728321909904479980e-01
-4.368213117122650146e-01,-2.814445197582244873e-01
2.503013312816619873e-01,-6.022985577583312988e-01
-1.368301749229431152e+00,-7.977327108383178711e-01
-1.835038781166076660e+00,-6.884205937385559082e-01
1.421557307243347168e+00,2.154180780053138733e-02
8.993942737579345703e-01,8.625836968421936035e-01
8.572701215744018555e-01,-4.561592936515808105e-01
-1.422467827796936035e-01,1.008446455001831055e+00
1.127636671066284180e+00,-1.103539615869522095e-01
-1.886101812124252319e-01,-3.338108956813812256e-01
-9.641882181167602539e-01,-7.909367680549621582e-01
1.398040652275085449e+00,9.012410044670104980e-01
1.557780265808105469e+00,1.141427278518676758e+00
-1.014758706092834473e+00,-1.257931590080261230e-01
4.100998938083648682e-01,8.565007895231246948e-02
-9.383510351181030273e-01,-3.329017460346221924e-01
-7.853587269783020020e-01,-8.143836855888366699e-01
9.669162631034851074e-01,5.747293680906295776e-02
9.989595413208007812e-01,7.532728463411331177e-02
3.213282823562622070e-01,-9.028961658477783203e-01
-6.915065050125122070e-01,-4.820238947868347168e-01
-7.829256057739257812e-01,2.919653989374637604e-02
1.347186207771301270e+00,3.897801935672760010e-01
1.754853427410125732e-01,4.406653046607971191e-01
-2.350845575332641602e+00,-1.767927706241607666e-01
6.881784796714782715e-01,2.586367428302764893e-01
-2.115480899810791016e+00,-2.715332508087158203e-01
-5.285566449165344238e-01,3.355692028999328613e-01
-2.266505658626556396e-01,-3.190995752811431885e-01
-3.673592805862426758e-01,-1.706270873546600342e-01
1.752656102180480957e-01,-2.439341247081756592e-01
1.807293772697448730e+00,4.148919582366943359e-01
-1.324237465858459473e+00,-3.448277115821838379e-01
-1.658974647521972656e+00,4.020287990570068359e-01
1.764880180358886719e+00,1.383173823356628418e+00
1.984858393669128418e+00,1.277779579162597656e+00
9.832889437675476074e-01,-3.613938391208648682e-01
-1.082114577293395996e+00,8.622812032699584961e-01
-6.415684223175048828e-01,-1.981291919946670532e-02
1.552897930145263672e+00,1.185878753662109375e+00
-3.877836167812347412e-01,2.336105704307556152e-02
-8.033660650253295898e-01,9.184019565582275391e-01
2.092135667800903320e+00,1.385803699493408203e+00
-4.081597328186035156e-01,4.485127925872802734e-01
-6.668429374694824219e-01,9.704889655113220215e-01
6.209083795547485352e-01,1.304028153419494629e+00
1.250991940498352051e+00,4.887680411338806152e-01
-1.567185759544372559e+00,-1.047491505742073059e-01
-1.640222430229187012e+00,1.217811346054077148e+00
2.450491428375244141e+00,8.123161196708679199e-01
-7.893246412277221680e-01,3.246283531188964844e-01
-8.132164478302001953e-01,-8.780606091022491455e-03
3.289545774459838867e-01,2.188582122325897217e-01
-7.881295084953308105e-01,-7.075822353363037109e-01
-3.102397322654724121e-01,-3.584745228290557861e-01
1.250820398330688477e+00,2.756211757659912109e-01
5.579311251640319824e-01,-3.072471022605895996e-01
-1.655298233032226562e+00,7.170190215110778809e-01
-1.768594026565551758e+00,3.247616291046142578e-01
-7.611989974975585938e-01,-2.620095610618591309e-01
-6.879746913909912109e-01,-1.558944284915924072e-01
1.453407764434814453e+00,1.153062939643859863e+00
-1.793332576751708984e+00,-3.264050781726837158e-01
-1.947573542594909668e+00,-1.389038413763046265e-01
-6.285774707794189453e-01,1.127761602401733398e+00
-8.840665221214294434e-01,-3.455297946929931641e-01
-1.549697816371917725e-01,-2.150294631719589233e-01
-4.095960259437561035e-01,-4.064440429210662842e-01
8.591190576553344727e-01,-2.241604775190353394e-02
7.181745171546936035e-01,1.345519304275512695e+00
-1.029716491699218750e+00,1.182430028915405273e+00
-1.661107659339904785e+00,-2.663437724113464355e-01
-1.024298310279846191e+00,-1.583844125270843506e-01
-1.387321949005126953e+00,8.266559243202209473e-01
4.446192085742950439e-01,2.091688960790634155e-01
7.353350520133972168e-01,1.374851346015930176e+00
-1.926403790712356567e-01,4.611794352531433105e-01
-9.481692910194396973e-01,-5.980465561151504517e-02
-5.648445487022399902e-01,2.790266647934913635e-02
-6.585788726806640625e-01,-3.549788296222686768e-01
-8.670828938484191895e-01,2.350354939699172974e-02
-1.609213471412658691e+00,5.264896750450134277e-01
-1.077794909477233887e+00,2.761701643466949463e-01
3.953135609626770020e-01,2.772039547562599182e-02
-7.763872742652893066e-01,4.371469020843505859e-01
-1.272509455680847168e+00,5.680305957794189453e-01
8.716491460800170898e-01,1.353291749954223633e+00
5.423408746719360352e-01,6.184796094894409180e-01
-1.060629010200500488e+00,4.663680195808410645e-01
-1.232287764549255371e+00,5.522446036338806152e-01
-1.234779834747314453e+00,-1.023708343505859375e+00
7.841530442237854004e-01,-6.921399235725402832e-01
1.285827398300170898e+00,-3.363388180732727051e-01
-4.922901988029479980e-01,3.540349304676055908e-01
-8.528164029121398926e-01,-2.749725580215454102e-01
7.612097859382629395e-01,4.289475679397583008e-01
-1.747108578681945801e+00,3.523607254028320312e-01
-1.275017619132995605e+00,4.393981099128723145e-01
-1.432683110237121582e+00,-3.783353418111801147e-02
-1.193979382514953613e+00,1.964494884014129639e-01
6.900917291641235352e-01,4.399081468582153320e-01
6.828781366348266602e-01,6.426276266574859619e-02
-4.957362115383148193e-01,2.640851140022277832e-01
-7.269047498703002930e-01,-9.658633172512054443e-02
-8.195832967758178711e-01,-2.639183998107910156e-01
-1.093417286872863770e+00,-3.791755139827728271e-01
-1.399107098579406738e+00,-3.635771870613098145e-01
-4.837308824062347412e-02,-4.085895121097564697e-01
-5.655519962310791016e-01,-1.161715388298034668e-01
8.055527210235595703e-01,1.443652272224426270e+00
-4.579959511756896973e-01,2.245325446128845215e-01
-4.153411984443664551e-01,-1.840807124972343445e-02
1.088374257087707520e+00,5.896791219711303711e-01
1.568992435932159424e-01,8.775931596755981445e-02
-2.745467424392700195e-01,-2.504490017890930176e-01
1.162542328238487244e-01,7.539784908294677734e-02
9.869225621223449707e-01,-7.807927578687667847e-02
1.153489947319030762e+00,1.636481434106826782e-01
-1.938515901565551758e-01,1.504761576652526855e-01
-2.269560545682907104e-01,1.354032605886459351e-01
1.662420868873596191e+00,-9.424282610416412354e-02
-3.818133473396301270e-01,1.223179027438163757e-01
-9.712464809417724609e-01,5.086045265197753906e-01
5.198693275451660156e-01,-8.332512378692626953e-01
7.633160352706909180e-01,2.541723847389221191e-02
5.769084692001342773e-01,-3.852181434631347656e-01
7.594197988510131836e-01,4.527576565742492676e-01
-8.941527605056762695e-01,2.376525402069091797e-01
1.141217112541198730e+00,1.042345166206359863e-02
1.204542756080627441e+00,9.926600456237792969e-01
1.023194313049316406e+00,2.522193789482116699e-01
1.347448825836181641e+00,8.532786369323730469e-01
5.304115638136863708e-02,1.063203290104866028e-01
-1.160612344741821289e+00,3.060705661773681641e-01
-3.612764775753021240e-01,-1.859866827726364136e-02
-4.041295051574707031e-01,-2.793549895286560059e-01
-3.754786550998687744e-01,2.269692867994308472e-01
9.072027802467346191e-01,-6.082494556903839111e-02
-1.379754096269607544e-01,8.003222942352294922e-01
-5.140275359153747559e-01,8.351458907127380371e-01
-1.634584553539752960e-02,-2.227245569229125977e-01
-4.870327115058898926e-01,1.293815374374389648e+00
6.899256110191345215e-01,-1.340886056423187256e-01
1.111097812652587891e+00,-3.752614259719848633e-01
-3.824403882026672363e-01,-2.726705074310302734e-01
-3.446733355522155762e-01,-2.661452293395996094e-01
1.437538743019104004e+00,-1.237717568874359131e-01
-9.801589846611022949e-01,-4.804645776748657227e-01
-1.482551574707031250e+00,-4.090282320976257324e-01
5.311881899833679199e-01,3.564432859420776367e-01
1.110979914665222168e+00,-1.923506557941436768e-01
9.682132005691528320e-01,7.687274217605590820e-01
-7.425324916839599609e-01,-2.762204110622406006e-01
6.988328099250793457e-01,1.597873866558074951e-01
4.718659520149230957e-01,1.882690936326980591e-02
7.912701964378356934e-01,-1.972849667072296143e-01
-1.110004425048828125e+00,3.081978261470794678e-01
9.715306162834167480e-01,5.006973743438720703e-01
1.086787939071655273e+00,6.792169809341430664e-01
-1.564516782760620117e+00,-4.153494238853454590e-01
-3.427868485450744629e-01,1.264639794826507568e-01
-4.738595187664031982e-01,-4.380414485931396484e-01
-6.371416449546813965e-01,-9.363307058811187744e-02
1.671483397483825684e+00,-4.430877566337585449e-01
-5.259627103805541992e-01,-2.433382272720336914e-01
-9.249795079231262207e-01,-6.474065184593200684e-01
1.193411469459533691e+00,1.065787225961685181e-01
-8.888738751411437988e-01,2.115484774112701416e-01
1.531102061271667480e-01,9.321460127830505371e-01
-3.162046670913696289e-01,-5.932304263114929199e-02
-6.866879761219024658e-02,-2.443662136793136597e-01
1.201509356498718262e+00,4.046671390533447266e-01
-1.897463500499725342e-01,-1.591663658618927002e-01
-7.820252776145935059e-01,-4.046771228313446045e-01
5.067234113812446594e-02,5.905939340591430664e-01
-1.181497573852539062e+00,6.727757453918457031e-01
9.390317201614379883e-01,1.102945804595947266e+00
1.020434379577636719e+00,4.644279479980468750e-01
-7.973475456237792969e-01,1.548429131507873535e-01
-8.571895956993103027e-01,-2.720173820853233337e-02
4.784525632858276367e-01,-3.429606556892395020e-01
-7.646878957748413086e-01,6.797128319740295410e-01
-1.416840553283691406e-01,6.943613290786743164e-01
-1.189107775688171387e+00,1.678721904754638672e-01
-1.445797324180603027e+00,-3.260756731033325195e-01
-1.728967308998107910e+00,-2.134039402008056641e-01
1.180790305137634277e+00,9.539246559143066406e-03
5.517625808715820312e-01,2.860220372676849365e-01
-1.434569597244262695e+00,4.092860221862792969e-01
-1.415951371192932129e+00,-5.759378429502248764e-03
3.873656988143920898e-01,1.535308361053466797e-01
3.719844818115234375e-01,3.158594667911529541e-01
-4.464948773384094238e-01,-7.880845069885253906e-01
-7.590391635894775391e-01,-6.820088624954223633e-01
-1.062076091766357422e+00,-4.457593560218811035e-01
-6.866938471794128418e-01,-1.301980018615722656e-01
4.163220524787902832e-01,-1.366288810968399048e-01
-1.469549894332885742e+00,1.161894649267196655e-01
-1.637714266777038574e+00,2.208901196718215942e-01
-6.352980136871337891e-01,1.141076609492301941e-01
-3.944934904575347900e-01,7.392884790897369385e-02
-1.525366604328155518e-01,5.547503829002380371e-01
-7.153393626213073730e-01,3.477574884891510010e-02
-7.070752978324890137e-01,2.468093484640121460e-01
-5.575987696647644043e-01,4.271153807640075684e-01
-5.506048202514648438e-01,6.724035143852233887e-01
-1.132309794425964355e+00,-2.465862594544887543e-02
7.045243978500366211e-01,6.459999829530715942e-02
4.015517830848693848e-01,1.032491549849510193e-01
4.321748912334442139e-01,-4.022061359137296677e-03
1.287365555763244629e+00,4.564619064331054688e-01
4.087493419647216797e-01,5.435030460357666016e-01
1.100695371627807617e+00,9.246922731399536133e-01
-1.314285278320312500e+00,4.951653778553009033e-01
-2.031779050827026367e+00,-1.736292392015457153e-01
-7.933602333068847656e-01,-2.582830190658569336e-01
-7.818162441253662109e-01,2.270780690014362335e-02
-9.016718864440917969e-01,-5.074957609176635742e-01
-1.109221935272216797e+00,-6.303922832012176514e-02
-9.189931750297546387e-01,-3.706039488315582275e-02
3.542022705078125000e-01,2.369447350502014160e-01
-1.229854151606559753e-01,1.900227554142475128e-02
-1.052059531211853027e+00,1.776031590998172760e-02
1.172595858573913574e+00,1.125629544258117676e+00
2.535383403301239014e-01,-3.072471022605895996e-01
-1.439376950263977051e+00,1.671846061944961548e-01
-1.958533406257629395e+00,-8.058627843856811523e-01
1.141351103782653809e+00,1.412750840187072754e+00
1.163544058799743652e+00,1.131844669580459595e-01
-9.212923049926757812e-01,1.934265792369842529e-01
-7.752510905265808105e-01,6.566612422466278076e-02
-9.819275736808776855e-01,-1.603507101535797119e-01
-1.162627458572387695e+00,-9.806448221206665039e-02
1.273099064826965332e+00,1.972755193710327148e-01
-1.294552206993103027e+00,-7.379355430603027344e-01
-1.109023571014404297e+00,-2.781260907649993896e-01
2.522842586040496826e-01,1.618051826953887939e-01
1.216735124588012695e+00,8.166904449462890625e-01
1.224822402000427246e+00,3.083811402320861816e-01
-7.484545111656188965e-01,2.537209987640380859e-01
-1.674114704132080078e+00,-4.267024099826812744e-01
5.650858283042907715e-01,-5.214968919754028320e-01
3.885983526706695557e-01,1.149635016918182373e-02
-1.754038214683532715e+00,-2.890685498714447021e-01
-5.958106517791748047e-01,-2.792889773845672607e-01
8.996247053146362305e-01,3.566195070743560791e-01
-1.413898706436157227e+00,6.547495126724243164e-01
-1.585353851318359375e+00,-4.443159699440002441e-01
6.601278185844421387e-01,6.145499944686889648e-01
-5.329083800315856934e-01,-5.145623683929443359e-01
-1.266769647598266602e+00,-5.009106397628784180e-01
-1.469501614570617676e+00,2.177671492099761963e-01
-1.489105939865112305e+00,-6.672965884208679199e-01
4.817056655883789062e-01,-3.072471022605895996e-01
-3.696209192276000977e-01,1.523981541395187378e-01
-2.961780309677124023e+00,-3.072471022605895996e-01
7.355762124061584473e-01,-3.120470326393842697e-03
1.126446843147277832e+00,-1.956063956022262573e-01
4.649202823638916016e-01,-2.560689449310302734e-01
-1.244056373834609985e-01,-3.072471022605895996e-01
-6.675932407379150391e-01,-8.753304481506347656e-01
4.695775210857391357e-01,-6.061624288558959961e-01
-4.881206452846527100e-01,-3.278045356273651123e-02
-4.686234593391418457e-01,-7.736270427703857422e-01
6.139627099037170410e-01,-3.072471022605895996e-01
4.168847799301147461e-01,2.803623378276824951e-01
-6.941003799438476562e-01,-4.858295433223247528e-04
-1.418915033340454102e+00,2.511761188507080078e-01
4.553860723972320557e-01,-3.320122361183166504e-01
-6.981467008590698242e-01,2.371882647275924683e-02
-1.189750909805297852e+00,-3.524657487869262695e-01
8.830054998397827148e-01,9.391160011291503906e-01
5.692124962806701660e-01,-3.307861685752868652e-01
-8.585937619209289551e-01,3.118016123771667480e-01
-6.220980882644653320e-01,-4.800504446029663086e-01
-8.780801892280578613e-01,-1.625909358263015747e-01
-6.696298122406005859e-01,-3.462253808975219727e-01
-4.689825475215911865e-01,-3.220080733299255371e-01
-5.245746970176696777e-01,-3.072471022605895996e-01
-6.257905960083007812e-01,1.437405943870544434e-01
-5.561678409576416016e-01,-3.072471022605895996e-01
-8.007024526596069336e-01,-7.402164936065673828e-01
-5.920858979225158691e-01,2.823432385921478271e-01
-1.273125767707824707e+00,3.565123677253723145e-01
-1.360048413276672363e+00,1.265663385391235352e+00
-1.472561836242675781e+00,1.004701375961303711e+00
1.000347614288330078e+00,6.435033865272998810e-04
-1.218385696411132812e+00,2.315140068531036377e-01
-1.262123107910156250e+00,4.246537685394287109e-01
4.447531998157501221e-01,1.178327441215515137e+00
1.102281689643859863e+00,-5.426806807518005371e-01
-9.958130866289138794e-02,3.310115933418273926e-01
-6.281969547271728516e-01,-1.720137894153594971e-01
1.177660465240478516e+00,-3.145063519477844238e-01
2.765512168407440186e-01,3.248654007911682129e-01
1.691709518432617188e+00,1.335635185241699219e+00
-5.657770633697509766e-01,-2.412069588899612427e-01
-5.120820999145507812e-01,2.697163522243499756e-01
-5.794004201889038086e-01,-5.154272913932800293e-01
-7.140102386474609375e-01,-1.084457159042358398e+00
1.541048526763916016e+00,5.979425907135009766e-01
1.230240583419799805e+00,4.185864329338073730e-01
5.244408249855041504e-01,-3.965573906898498535e-01
-1.085196137428283691e+00,-7.442905306816101074e-01
-1.240375041961669922e+00,8.041765093803405762e-01
1.051625490188598633e+00,1.011294841766357422e+00
-2.108030915260314941e-01,-5.766628980636596680e-01
-5.112621188163757324e-01,-2.404399514198303223e-01
-2.214359641075134277e-01,-1.916168034076690674e-01
-3.473154604434967041e-01,1.558599174022674561e-01
7.164434790611267090e-01,8.421831130981445312e-01
4.575780332088470459e-01,1.113094985485076904e-01
3.585969209671020508e-01,8.204348683357238770e-01
-2.515944719314575195e+00,-2.599456608295440674e-01
-1.561955094337463379e+00,3.788772821426391602e-01
-2.059261202812194824e-01,-3.369842469692230225e-01
-5.247515439987182617e-01,-3.072471022605895996e-01
3.442714810371398926e-01,-3.072471022605895996e-01
4.274747967720031738e-01,-3.072471022605895996e-01
-7.104516625404357910e-01,3.344002962112426758e-01
-8.719330430030822754e-01,7.068415880203247070e-01
-1.157970190048217773e+00,-3.305792212486267090e-01
7.892443537712097168e-01,3.123643063008785248e-02
-9.599382877349853516e-01,-7.323415875434875488e-01
-5.727924108505249023e-01,-3.071734905242919922e-01
1.000588759779930115e-02,-2.093987464904785156e-01
-1.762248128652572632e-01,-3.400987386703491211e-01
1.368521571159362793e+00,2.843610644340515137e-01
6.519071757793426514e-02,-1.386908143758773804e-01
-3.442606627941131592e-01,-3.072471022605895996e-01
3.990972340106964111e-01,-2.723478078842163086e-01
-8.854599595069885254e-01,-3.072471022605895996e-01
-9.115490913391113281e-01,-2.254099249839782715e-01
-1.267702102661132812e+00,-3.316877484321594238e-01
-3.240292668342590332e-01,-1.971878111362457275e-01
-8.945171833038330078e-01,-6.343224048614501953e-01
1.053785324096679688e+00,-5.507580637931823730e-01
-6.969515681266784668e-01,-2.359303236007690430e-01
-9.836639761924743652e-01,-1.043470144271850586e+00
6.618856787681579590e-01,-3.101810216903686523e-01
9.265124201774597168e-01,2.942586839199066162e-01
-1.832616329193115234e+00,1.752584576606750488e-01
-1.083218574523925781e+00,-5.333006978034973145e-01
-1.587379693984985352e+00,-3.369055986404418945e-01
9.100057482719421387e-01,-2.475614100694656372e-01
-1.091514706611633301e+00,-1.249181926250457764e-01
-1.465482115745544434e+00,1.127575933933258057e-01
6.214336156845092773e-01,-3.469167351722717285e-01
-1.169996500015258789e+00,-1.005853116512298584e-01
-9.575212597846984863e-01,-1.176153346896171570e-01
-7.591463923454284668e-01,3.406335711479187012e-01
-9.535928964614868164e-01,1.149997860193252563e-01
-1.225663661956787109e+00,7.248845100402832031e-01
-1.361377477645874023e+00,1.260412037372589111e-01
-5.380908846855163574e-01,2.908107042312622070e-01
-3.595400452613830566e-01,3.178750276565551758e-01
-3.126246333122253418e-01,-5.389261841773986816e-01
-8.166785836219787598e-01,1.066833585500717163e-01
1.232555866241455078e+00,7.060153484344482422e-01
-1.002930760383605957e+00,2.944017350673675537e-01
-1.075769066810607910e+00,3.297466635704040527e-01
-1.137181401252746582e+00,-6.715183258056640625e-01
-1.182215690612792969e+00,-1.264451980590820312e+00
1.997469365596771240e-01,-3.517279028892517090e-01
-1.055173277854919434e+00,-5.372961759567260742e-01
6.558886170387268066e-01,4.140097275376319885e-02
1.332356929779052734e+00,6.596781015396118164e-01
-8.486361503601074219e-01,2.105876654386520386e-01
-8.421299457550048828e-01,6.679362058639526367e-02
1.209719777107238770e+00,7.159979343414306641e-01
-1.429103136062622070e+00,9.678924083709716797e-01
-1.907287716865539551e+00,1.547465920448303223e-01
1.890550613403320312e+00,1.365995287895202637e+00
-8.311433196067810059e-01,1.083710789680480957e+00
-1.587529778480529785e+00,-4.621513187885284424e-01
-7.714084386825561523e-01,-3.759011626243591309e-01
-9.632557034492492676e-01,-1.185289621353149414e-01
7.092512845993041992e-01,6.433570981025695801e-01
-1.066299200057983398e+00,-7.041039466857910156e-01
-4.190605580806732178e-01,-5.947595834732055664e-01
-4.068247601389884949e-02,3.828708827495574951e-01
-7.440170049667358398e-01,-4.901094734668731689e-01
-2.593901194632053375e-02,-2.101914286613464355e-01
-7.294236421585083008e-01,1.798889189958572388e-01
7.468843460083007812e-01,2.069485336542129517e-01
-4.273996353149414062e-01,7.755107283592224121e-01
-1.368253469467163086e+00,6.479568481445312500e-01
1.123944044113159180e+00,6.226942539215087891e-01
2.962413430213928223e-01,6.145004034042358398e-01
-6.268678307533264160e-01,2.329100072383880615e-01
-4.984319508075714111e-01,-2.991895079612731934e-01
7.290003299713134766e-01,7.890835404396057129e-01
-9.797195196151733398e-01,6.437963247299194336e-01
-1.151496171951293945e+00,-3.571548461914062500e-01
-5.517035126686096191e-01,2.297512069344520569e-02
3.760200440883636475e-01,-2.626156806945800781e-01
-5.286960005760192871e-01,6.641124486923217773e-01
-6.467455029487609863e-01,1.118015646934509277e+00
1.527794957160949707e+00,1.339944839477539062e+00
1.272970438003540039e+00,1.058405160903930664e+00
1.051523685455322266e+00,8.755841255187988281e-01
1.008525967597961426e+00,1.195668220520019531e+00
-1.487653613090515137e+00,-2.010919153690338135e-01
-1.452651977539062500e+00,-2.966260910034179688e-02
1.603318333625793457e+00,7.732256054878234863e-01
-3.860472142696380615e-01,-4.367929697036743164e-01
-9.110185503959655762e-01,5.084812268614768982e-02
-7.177456617355346680e-01,5.912019312381744385e-02
-1.075715541839599609e+00,1.087777912616729736e-01
1.266914367675781250e+00,4.310398399829864502e-01
8.392896056175231934e-01,3.715777397155761719e-01
7.941749095916748047e-01,2.680320739746093750e-01
3.911707997322082520e-01,5.686306953430175781e-01
-1.101274013519287109e+00,-7.211925983428955078e-01
1.253955602645874023e+00,-8.029412478208541870e-03
1.442538976669311523e+00,6.381492316722869873e-02
-1.330856204032897949e+00,-3.206519186496734619e-01
1.143355965614318848e-01,5.992290377616882324e-01
1.921757936477661133e+00,8.593407869338989258e-01
-9.961190223693847656e-01,3.670307695865631104e-01
-1.084177851676940918e+00,3.344825506210327148e-01
5.162946581840515137e-01,1.555910259485244751e-01
1.309220790863037109e+00,7.743366956710815430e-01
-8.645211458206176758e-01,4.059569835662841797e-01
-5.110049247741699219e-01,9.662511944770812988e-01
1.942166209220886230e+00,1.382418155670166016e+00
1.383382916450500488e+00,9.512187242507934570e-01
1.463585019111633301e+00,-4.287657141685485840e-01
1.861160159111022949e+00,1.019074440002441406e+00
-1.353874444961547852e+00,-5.435422658920288086e-01
-2.943601012229919434e-01,-2.684032320976257324e-01
-1.111140608787536621e+00,2.159128785133361816e-01
-1.215432763099670410e+00,-7.374869287014007568e-02
1.547233223915100098e+00,-2.334283106029033661e-02
-4.693683981895446777e-01,4.442707300186157227e-01
-2.663469910621643066e-01,-5.308461189270019531e-01
-5.589010715484619141e-01,-5.822685956954956055e-01
-6.393710970878601074e-01,-4.582817554473876953e-01
8.985689282417297363e-01,-1.301503181457519531e-01
-1.669478416442871094e-01,4.829942882061004639e-01
-2.451509088277816772e-01,4.657206833362579346e-01
4.862610697746276855e-01,1.052108526229858398e+00
-3.828852176666259766e-01,4.796898365020751953e-01
-5.102706551551818848e-01,2.141824066638946533e-01
1.313615441322326660e+00,3.022174909710884094e-02
1.052391886711120605e+00,4.094899892807006836e-01
-7.783702015876770020e-01,1.179765820503234863e+00
-1.427334547042846680e+00,-8.264493942260742188e-01
2.615934014320373535e-01,-2.729748189449310303e-01
-4.794010519981384277e-01,-3.072471022605895996e-01
-3.191308379173278809e-01,-3.189516067504882812e-01
-6.351640820503234863e-01,5.952744483947753906e-01
1.201412916183471680e+00,1.614954173564910889e-01
-4.172759056091308594e-01,3.988653719425201416e-01
-1.159899592399597168e+00,1.215072512626647949e+00
-4.772894680500030518e-01,6.197533607482910156e-01
-6.958207488059997559e-01,5.955039262771606445e-01
-4.194839298725128174e-01,6.727808117866516113e-01
-1.414177417755126953e+00,-3.624541312456130981e-02
-8.295087814331054688e-01,5.131065845489501953e-01
-1.698043644428253174e-01,-1.127491444349288940e-01
-4.914702177047729492e-01,-6.036412715911865234e-01
-1.225652933120727539e+00,-4.590207040309906006e-01
-1.514160752296447754e+00,-8.462592363357543945e-01
1.483795046806335449e+00,2.419516444206237793e-01
9.389245510101318359e-01,6.288558840751647949e-01
-7.769339084625244141e-01,1.232546567916870117e+00
-5.258394479751586914e-01,9.884639084339141846e-02
-5.561141967773437500e-01,-2.489233314990997314e-01
-5.933882594108581543e-01,-8.888179063796997070e-01
-1.048340201377868652e+00,-5.969677120447158813e-02
-1.009876370429992676e+00,-2.896749973297119141e-01
-1.142851591110229492e+00,-3.803117871284484863e-01
-6.874387860298156738e-01,-2.588436603546142578e-01
-8.361703753471374512e-01,-6.908416748046875000e-01
-1.983974099159240723e+00,-2.807192802429199219e-01
2.024270772933959961e+00,1.403584718704223633e+00
-7.167006134986877441e-01,1.277125328779220581e-01
-2.149994224309921265e-01,-6.149796396493911743e-02
1.139818802475929260e-01,-3.677848577499389648e-01
-2.345930635929107666e-01,3.027971088886260986e-01
1.684436917304992676e+00,-9.606339782476425171e-02
-8.202800154685974121e-01,-3.886486887931823730e-01
-1.066149115562438965e+00,2.708713114261627197e-01
4.463985264301300049e-01,-4.583474397659301758e-01
-6.985272169113159180e-01,-3.291524052619934082e-01
-7.865753173828125000e-01,6.326985079795122147e-03
-9.934822320938110352e-01,-4.734188318252563477e-01
-1.277273893356323242e+00,-5.270789265632629395e-01
-1.664548397064208984e+00,-7.315049171447753906e-01
-1.669323563575744629e+00,-8.520103096961975098e-01
7.499713301658630371e-01,-5.727344751358032227e-01
5.861479043960571289e-01,1.038707494735717773e-01
5.872090458869934082e-01,-1.845144331455230713e-01
9.465883970260620117e-01,1.354586839675903320e+00
5.825035572052001953e-01,1.283277869224548340e+00
3.299996256828308105e-01,9.929356575012207031e-01
1.162852644920349121e+00,1.417851805686950684e+00
1.697851300239562988e+00,4.736794233322143555e-01
-1.664682388305664062e+00,-5.613548308610916138e-02
-8.295136690139770508e-02,7.952651381492614746e-02
7.693720459938049316e-01,-2.651822566986083984e-01
6.023919582366943359e-01,2.582913264632225037e-02
5.439004302024841309e-01,3.533911705017089844e-01
-1.297488659620285034e-01,-1.435309648513793945e-01
-3.484730720520019531e-01,2.127311229705810547e-01
4.378075301647186279e-01,-4.438354820013046265e-02
7.399386763572692871e-01,5.297213196754455566e-01
8.462942242622375488e-01,-2.181084454059600830e-01
-1.986562609672546387e+00,1.148709893226623535e+00
-1.176615238189697266e+00,5.527382493019104004e-01
-1.059021234512329102e+00,-2.796012461185455322e-01
-1.077189326286315918e+00,-3.072471022605895996e-01
-5.783928632736206055e-01,-8.759624958038330078e-01
-1.606844663619995117e+00,-8.872656822204589844e-01
5.814263820648193359e-01,7.417669147253036499e-02
1.106424450874328613e+00,4.625094234943389893e-01
1.023682117462158203e+00,-2.618382573127746582e-01
-1.051582574844360352e+00,1.913120746612548828e-01
-1.183743119239807129e+00,-3.072471022605895996e-01
-5.319222807884216309e-01,-8.816963434219360352e-01
-6.742762923240661621e-01,-6.297631859779357910e-01
1.001044392585754395e+00,3.597403690218925476e-02
4.127527475357055664e-01,-5.405040383338928223e-01
-4.781576693058013916e-01,-8.951411843299865723e-01
-6.169155836105346680e-01,-3.656346797943115234e-01
3.463240861892700195e-01,-1.918144896626472473e-02
-9.648045897483825684e-01,1.155153065919876099e-01
-1.506984591484069824e+00,-1.890086233615875244e-01
-4.373733103275299072e-01,-6.389140617102384567e-03
-1.045124530792236328e+00,1.135701388120651245e-01
1.451296091079711914e+00,3.325961828231811523e-01
1.299986720085144043e+00,2.662155330181121826e-01
8.835574984550476074e-01,1.043712496757507324e+00
1.388002634048461914e+00,4.013659954071044922e-01
-1.313229441642761230e+00,-5.906763672828674316e-01
-1.857017278671264648e+00,-5.884396433830261230e-01
1.175382733345031738e+00,-1.611745357513427734e-01
5.124145150184631348e-01,-3.614322096109390259e-02
1.063962697982788086e+00,1.611438393592834473e-01
3.234349563717842102e-02,-9.975566267967224121e-01
-1.273179292678833008e+00,-7.703791260719299316e-01
-3.945149183273315430e-01,-5.741890519857406616e-02
2.773062944412231445e+00,7.542070746421813965e-01
2.582335948944091797e+00,6.464691162109375000e-01
-3.574070334434509277e-01,2.218812555074691772e-01
-4.125597178936004639e-01,-1.093873083591461182e-01
6.091500520706176758e-01,7.406195402145385742e-01
7.187533378601074219e-01,-1.126814931631088257e-01
-1.543266624212265015e-01,5.654691159725189209e-02
-1.171400666236877441e+00,3.316944837570190430e-02
8.168609142303466797e-01,7.570682764053344727e-01
-1.105191707611083984e+00,1.974619925022125244e-01
-1.050580382347106934e+00,-6.913634538650512695e-01
1.769896507263183594e+00,7.439994812011718750e-01
9.849985837936401367e-01,2.241312861442565918e-01
-6.002749204635620117e-01,-9.709810614585876465e-01
5.957571268081665039e-01,-6.175810098648071289e-01
4.399887621402740479e-01,-3.072471022605895996e-01
-1.086107254028320312e+00,-2.176928520202636719e-02
-1.339361429214477539e+00,-3.512232005596160889e-01
6.068777441978454590e-01,-8.016216754913330078e-01
-9.887928366661071777e-01,-7.213638424873352051e-01
-1.124313712120056152e+00,-4.962617531418800354e-02
7.161433696746826172e-01,4.855642020702362061e-01
-9.323539137840270996e-01,-1.015069246292114258e+00
-1.240975260734558105e+00,-9.036408066749572754e-01
3.537681698799133301e-01,-7.615864872932434082e-01
-1.272509455680847168e+00,-6.610354781150817871e-01
-7.417660951614379883e-01,-3.311322927474975586e-01
1.675765514373779297e+00,6.298176050186157227e-01
2.011193990707397461e+00,1.628287792205810547e+00
8.760544657707214355e-01,-3.634364008903503418e-01
1.828323721885681152e+00,-2.592219114303588867e-01
8.025783300399780273e-01,1.329605460166931152e+00
2.271265268325805664e+00,1.633077621459960938e+00
-6.695708632469177246e-01,-2.605966329574584961e-01
-9.707641005516052246e-01,-4.349931478500366211e-01
1.182178378105163574e+00,6.170647144317626953e-01
1.709314823150634766e+00,1.303707838058471680e+00
-8.343696594238281250e-01,-2.797687947750091553e-01
5.829863995313644409e-02,-5.721414089202880859e-01
-1.224940180778503418e+00,3.388321995735168457e-01
-1.675647497177124023e+00,7.213988900184631348e-02
5.533488988876342773e-01,1.336623668670654297e+00
1.527285814285278320e+00,1.276114702224731445e+00
1.888578414916992188e+00,-1.546856760978698730e-01
1.988674283027648926e+00,6.564134359359741211e-01
1.761471629142761230e+00,6.729704737663269043e-01
8.397665619850158691e-01,-3.072471022605895996e-01
-1.461457252502441406e+00,-8.062579631805419922e-01
-2.072043657302856445e+00,-5.690760612487792969e-01
-8.316900134086608887e-01,1.327219605445861816e-02
-6.495479494333267212e-02,-6.738948076963424683e-02
-4.125114679336547852e-01,-6.492994427680969238e-01
-7.259293794631958008e-01,-5.064014792442321777e-01
4.212687015533447266e-01,-7.082613706588745117e-01
6.230306625366210938e-01,-3.072471022605895996e-01
7.709851861000061035e-01,2.654306888580322266e-01
-1.034625649452209473e+00,-6.950443983078002930e-01
9.275146126747131348e-01,-3.478836715221405029e-01
1.820156097412109375e+00,6.350002288818359375e-01
4.047727286815643311e-01,-2.881213724613189697e-01
4.141515493392944336e-01,-3.072471022605895996e-01
-8.662897348403930664e-01,-2.542393803596496582e-01
-9.356606602668762207e-01,-9.219179153442382812e-01
-3.131712973117828369e-01,-8.290618062019348145e-01
-5.454223752021789551e-01,-5.844496488571166992e-01
-1.157112717628479004e+00,-6.905392408370971680e-01
-1.237598896026611328e+00,-4.698708951473236084e-01
7.451801300048828125e-01,-3.072471022605895996e-01
-6.823366880416870117e-01,-7.554063796997070312e-01
-1.377439379692077637e+00,1.633056849241256714e-01
6.227412819862365723e-01,9.519425630569458008e-01
-1.271496534347534180e+00,-4.231073260307312012e-01
-1.400195002555847168e+00,-3.283054530620574951e-01
2.031050443649291992e+00,1.098283529281616211e+00
-2.200752735137939453e+00,-4.486395716667175293e-01
-2.081122159957885742e+00,2.753739058971405029e-01
-7.419269084930419922e-01,-3.538819849491119385e-01
-8.184364438056945801e-01,-5.162358880043029785e-01
7.637340426445007324e-01,-3.072471022605895996e-01
1.021291851997375488e+00,9.050399065017700195e-01
1.310780405998229980e+00,8.834443092346191406e-01
1.446054697036743164e+00,1.202844858169555664e+00
-1.910058379173278809e+00,-4.292211532592773438e-01
-3.191415667533874512e-01,-7.893725037574768066e-01
1.859128952026367188e+00,8.296622037887573242e-01
1.188781023025512695e+00,-6.597830057144165039e-01
5.380212664604187012e-01,-3.116543889045715332e-01
-3.191790878772735596e-01,-5.530770402401685715e-03
-5.721439123153686523e-01,2.152658812701702118e-02
-5.718438029289245605e-01,-2.192753255367279053e-01
-8.290799856185913086e-01,-7.803194522857666016e-01
4.651561081409454346e-01,7.096512317657470703e-01
2.371227264404296875e+00,9.008270502090454102e-01
1.693424463272094727e+00,1.071854710578918457e+00
-7.564238309860229492e-01,1.559597253799438477e-01
-8.708344101905822754e-01,1.309568524360656738e+00
-6.888107657432556152e-01,-4.880379140377044678e-02
-7.462947368621826172e-01,-7.268248796463012695e-01
5.417621135711669922e-01,6.695598363876342773e-01
9.483140707015991211e-01,6.461103260517120361e-02
-4.923169910907745361e-01,-1.450422108173370361e-01
-3.069759309291839600e-01,-4.873736500740051270e-01
-3.147040605545043945e-01,-4.600453972816467285e-01
-4.244198799133300781e-01,3.111286461353302002e-02
3.648083508014678955e-01,-3.745599687099456787e-01
-1.984981149435043335e-01,5.079591274261474609e-01
-6.423455476760864258e-01,-3.331717252731323242e-01
2.187499284744262695e+00,1.048877835273742676e-01
2.503736257553100586e+00,9.920153021812438965e-01
1.012293577194213867e+00,1.572880983352661133e+00
-3.483444452285766602e-01,8.916777968406677246e-01
-8.490756154060363770e-01,-6.065308451652526855e-01
1.169391036033630371e+00,-8.891927078366279602e-03
8.301198482513427734e-01,6.575191617012023926e-01
9.213352799415588379e-01,-3.411175906658172607e-01
4.958971142768859863e-01,-4.462761282920837402e-01
1.955988258123397827e-01,-5.401859283447265625e-01
-7.323712706565856934e-01,2.922562360763549805e-01
2.535115003585815430e+00,-2.588955760002136230e-01
2.839373826980590820e+00,-2.502136230468750000e-01
-8.129591941833496094e-01,1.621241867542266846e-01
-8.954711556434631348e-01,-1.096981525421142578e+00
2.068195819854736328e+00,8.115084767341613770e-01
1.197800755500793457e+00,5.579940676689147949e-01
-1.875957131385803223e+00,-9.115915298461914062e-01
-1.994472980499267578e+00,2.657549921423196793e-03
4.029130637645721436e-01,-5.155472755432128906e-01
1.495521187782287598e+00,2.601326107978820801e-01
-2.096396207809448242e+00,2.062487751245498657e-01
-2.148424386978149414e+00,3.900766372680664062e-01
7.022573947906494141e-01,1.199915409088134766e+00
7.356458902359008789e-01,1.281589269638061523e+00
4.266816079616546631e-01,-3.992984592914581299e-01
-1.311091065406799316e+00,7.946696877479553223e-01
-1.058597922325134277e+00,-4.718255102634429932e-01
4.459804892539978027e-01,4.289647936820983887e-02
6.436586976051330566e-01,-1.073714047670364380e-01
6.614944934844970703e-01,-3.153307735919952393e-01
9.480890035629272461e-01,-6.046408787369728088e-02
5.815120935440063477e-01,-3.384571075439453125e-01
-1.131881117820739746e+00,-4.099875986576080322e-01
-1.323717594146728516e+00,-1.341346651315689087e-01
-2.273751974105834961e+00,-1.069694399833679199e+00
-1.273833155632019043e+00,-3.994016051292419434e-01
4.007639884948730469e-01,-3.072471022605895996e-01
5.515803694725036621e-01,-3.072471022605895996e-01
-5.287870764732360840e-01,-2.075059413909912109e-01
9.541932344436645508e-01,-7.427483052015304565e-02
9.471350312232971191e-01,3.523002564907073975e-01
-6.297457814216613770e-01,5.974057912826538086e-01
-8.064959049224853516e-01,9.688582271337509155e-02
-1.458857506513595581e-01,-3.679262399673461914e-01
8.654162287712097168e-01,-3.072471022605895996e-01
7.813929915428161621e-01,-3.072471022605895996e-01
3.612980246543884277e-01,4.168013036251068115e-01
-1.082221746444702148e+00,6.229691505432128906e-01
-1.345396041870117188e+00,-3.660642206668853760e-01
-2.075628995895385742e+00,-6.468029022216796875e-01
-2.012941122055053711e+00,3.841904699802398682e-01
3.632648885250091553e-01,8.747223615646362305e-01
4.785490334033966064e-01,1.565785408020019531e+00
1.380124449729919434e+00,2.517356276512145996e-01
1.271051764488220215e+00,1.352922916412353516e+00
3.668453916907310486e-02,3.496662080287933350e-01
-3.252886831760406494e-01,1.535416841506958008e-01
-1.131586313247680664e+00,-9.236418604850769043e-01
-1.529895663261413574e+00,-1.361904621124267578e+00
8.844739794731140137e-01,-2.335264980792999268e-01
1.032106876373291016e+00,3.019092679023742676e-01
-2.063758134841918945e+00,1.181086003780364990e-01
-2.050445556640625000e+00,-4.349198043346405029e-01
-1.284953713417053223e+00,-3.481078147888183594e-01
-1.759981632232666016e+00,-1.121087789535522461e+00
2.741663455963134766e-01,4.713888466358184814e-01
1.212056517601013184e+00,2.829098105430603027e-01
7.955308556556701660e-01,-6.377044916152954102e-01
-1.111011981964111328e+00,-4.318692088127136230e-01
-1.224254131317138672e+00,-7.404246926307678223e-01
1.152144789695739746e+00,-1.814206242561340332e-01
-1.046191096305847168e+00,-1.942801475524902344e-01
-1.132331252098083496e+00,-5.092104673385620117e-01
5.136953592300415039e-01,-3.072471022605895996e-01
5.643891096115112305e-01,7.804100513458251953e-01
-5.878413319587707520e-01,-2.674033045768737793e-01
-1.246736526489257812e+00,-9.165624380111694336e-01
1.468697786331176758e+00,4.985854029655456543e-01
5.971934199333190918e-01,-4.398679435253143311e-01
3.654353916645050049e-01,-5.844898819923400879e-01
-1.524922251701354980e+00,-4.106955975294113159e-02
-1.850768327713012695e+00,-8.745388984680175781e-01
8.227025270462036133e-01,4.961737990379333496e-01
1.868213057518005371e+00,-9.820165485143661499e-02
1.819470047950744629e+00,1.511241912841796875e+00
-2.230829238891601562e+00,-8.300310969352722168e-01
-2.128370046615600586e+00,-9.192764163017272949e-01
-7.193534970283508301e-01,-4.915241003036499023e-01
-1.139555573463439941e+00,-2.531453669071197510e-01
2.136141061782836914e+00,9.513993263244628906e-01
-1.404450297355651855e+00,8.058043718338012695e-01
-1.838356256484985352e+00,1.207505166530609131e-01
-1.442994475364685059e+00,-7.231316566467285156e-01
-1.349490523338317871e+00,-6.463550925254821777e-01
-1.167879581451416016e+00,-9.096761941909790039e-01
-1.822294354438781738e+00,-5.968067049980163574e-01
9.266410470008850098e-01,8.188989162445068359e-01
3.599153161048889160e-01,-3.388785719871520996e-01
6.544041037559509277e-01,7.421267032623291016e-01
-1.231114149093627930e+00,-3.072471022605895996e-01
-1.944743871688842773e+00,-1.708827614784240723e-01
6.235023140907287598e-01,-7.330617308616638184e-01
-1.772817134857177734e+00,-8.305600285530090332e-01
-1.563675403594970703e+00,-1.935531944036483765e-01
-3.008180856704711914e-01,2.847783565521240234e-01
-6.785798668861389160e-01,-3.300928473472595215e-01
4.374377429485321045e-01,9.814102202653884888e-02
7.755620479583740234e-01,1.979101300239562988e-01
1.575573205947875977e+00,-4.102482497692108154e-01
-9.284201860427856445e-01,9.501890838146209717e-02
-1.913006067276000977e+00,-4.028707742691040039e-01
5.092578530311584473e-01,1.235944032669067383e-01
5.291945338249206543e-01,-1.021241545677185059e+00
5.769084692001342773e-01,-2.861835956573486328e-01
5.973006486892700195e-01,-1.293819844722747803e-01
6.286633014678955078e-01,9.830221533775329590e-01
8.093096017837524414e-01,4.916344583034515381e-01
7.638573050498962402e-01,3.561407327651977539e-01
7.095085382461547852e-01,1.464318394660949707e+00
9.713430404663085938e-01,1.038856148719787598e+00
4.093817472457885742e-01,-6.535756401717662811e-04
-1.178158760070800781e+00,9.425384551286697388e-02
-1.028156995773315430e+00,-1.171660184860229492e+00
1.321841955184936523e+00,6.626987457275390625e-01
-1.385730266571044922e+00,-9.223858118057250977e-01
-1.798466801643371582e+00,-9.024981856346130371e-01
9.504953026771545410e-01,8.276547193527221680e-01
1.958994388580322266e+00,9.056684970855712891e-01
1.889591336250305176e+00,2.187175750732421875e-01
4.928208589553833008e-01,7.067106366157531738e-01
-6.872243881225585938e-01,-3.259757161140441895e-01
-8.612090945243835449e-01,-3.072471022605895996e-01
-1.021441817283630371e+00,-2.766025662422180176e-01
-1.005031585693359375e+00,-3.837919831275939941e-01
3.474763631820678711e-01,-9.100985527038574219e-01
5.559642910957336426e-01,8.078514933586120605e-01
-5.171145200729370117e-01,7.125843763351440430e-01
-5.422389507293701172e-01,7.877902984619140625e-01
-6.874226927757263184e-01,-7.182476520538330078e-01
-1.784006953239440918e-01,1.755562871694564819e-01
-6.292366385459899902e-01,-3.647772371768951416e-01
-1.784194946289062500e+00,-6.138034462928771973e-01
3.237935602664947510e-01,9.173610210418701172e-01
6.493502855300903320e-01,3.243968263268470764e-02
7.629033327102661133e-01,2.594112157821655273e-01
1.106821060180664062e+00,7.611769437789916992e-02
-1.734878659248352051e+00,-3.714379072189331055e-01
2.461376190185546875e+00,-4.223058372735977173e-02
4.770327068399637938e-04,-6.663407087326049805e-01
-1.345647931098937988e+00,6.867148913443088531e-04
-1.439741373062133789e+00,-6.455340385437011719e-01
-1.404262661933898926e+00,-5.704147219657897949e-01
-1.692647218704223633e+00,-2.943635880947113037e-01
3.299781978130340576e-01,-4.337228536605834961e-01
5.287282466888427734e-01,-2.805409431457519531e-01
4.027308523654937744e-01,3.702605068683624268e-01
-9.528157711029052734e-01,2.017877846956253052e-01
-9.863543510437011719e-01,1.807172596454620361e-01
-4.599735438823699951e-01,-8.439620137214660645e-01
2.861813306808471680e+00,3.061134219169616699e-01
2.186197042465209961e+00,1.842086017131805420e-01
-1.099559068679809570e+00,3.118352890014648438e-01
-9.202257990837097168e-01,-1.562871634960174561e-01
4.448818266391754150e-01,-3.953688144683837891e-01
6.555514782667160034e-02,1.783478558063507080e-01
-4.974619150161743164e-01,-3.151064738631248474e-02
8.113300800323486328e-01,3.729030191898345947e-01
-1.464238762855529785e+00,-2.643820643424987793e-01
-2.281062126159667969e+00,-9.585652947425842285e-01
-1.496764421463012695e+00,4.576227664947509766e-01
-3.121155202388763428e-01,-6.641862392425537109e-01
1.395795106887817383e+00,1.711609244346618652e+00
-8.471033573150634766e-01,3.717982172966003418e-01
1.140863418579101562e+00,6.368530392646789551e-01
2.112549304962158203e+00,1.398183345794677734e+00
1.667431831359863281e+00,1.343089938163757324e+00
3.614695072174072266e-01,1.321243166923522949e+00
1.943693518638610840e+00,7.860752344131469727e-01
1.257637381553649902e+00,8.067566156387329102e-01
1.083599209785461426e+00,6.944955587387084961e-01
1.493881225585937500e+00,6.309462189674377441e-01
-2.152706623077392578e+00,-3.645483851432800293e-01
-2.705476760864257812e+00,-9.090816378593444824e-01
5.938385128974914551e-01,-1.925944238901138306e-01
5.225704312324523926e-01,-3.028100132942199707e-01
5.520895123481750488e-01,7.164773941040039062e-01
9.322950839996337891e-01,2.156270444393157959e-01
7.647683620452880859e-01,1.040699958801269531e+00
6.044606566429138184e-01,8.931230306625366211e-01
4.838922619819641113e-01,7.603478431701660156e-01
-1.079976201057434082e+00,-5.950564146041870117e-01
-5.797970294952392578e-01,-9.235973954200744629e-01
9.838784933090209961e-01,-6.399574279785156250e-01
5.213323831558227539e-01,2.367299050092697144e-01
-6.321199536323547363e-01,-3.588191568851470947e-01
-5.355558991432189941e-01,-9.207983314990997314e-02
-4.455569982528686523e-01,-8.281104266643524170e-02
-9.898218512535095215e-01,1.610637903213500977e-01
-4.759389162063598633e-01,1.238279640674591064e-01
-7.299113273620605469e-01,9.638209640979766846e-02
1.817824840545654297e+00,7.814884185791015625e-01
-6.646612286567687988e-02,-6.156408786773681641e-01
-1.393586993217468262e+00,-2.694074511528015137e-01
-1.431659460067749023e+00,3.181919455528259277e-02
-4.726751148700714111e-01,-5.565504431724548340e-01
-9.516956806182861328e-01,-9.654466509819030762e-01
4.046012461185455322e-01,-4.088638126850128174e-01
1.025166630744934082e+00,9.920758008956909180e-01
-1.037005186080932617e+00,4.621308147907257080e-01
-1.548031568527221680e+00,-3.155718743801116943e-01
2.567485570907592773e-01,4.540355503559112549e-01
1.626534938812255859e+00,9.492582082748413086e-01
-1.623774766921997070e+00,-3.996961712837219238e-01
-1.288233637809753418e+00,-1.458219289779663086e-01
-3.745246827602386475e-01,-1.098313689231872559e+00
-7.794420719146728516e-01,4.031768739223480225e-01
1.121671676635742188e+00,1.347727537155151367e+00
-9.505059123039245605e-01,-9.345262646675109863e-01
2.337999939918518066e-01,-2.715098857879638672e-01
-7.792330384254455566e-01,-2.572990059852600098e-01
6.495003104209899902e-01,-3.072471022605895996e-01
1.162879467010498047e+00,-2.497313916683197021e-02
-9.934340119361877441e-01,-6.303619742393493652e-01
-1.006751894950866699e+00,-3.773378729820251465e-01
3.484517335891723633e-01,6.068169474601745605e-01
1.662812113761901855e+00,2.652211487293243408e-01
-1.943114638328552246e+00,-5.777035951614379883e-01
-1.926066637039184570e+00,5.111328959465026855e-01
-2.314691781997680664e+00,-8.898516893386840820e-01
-2.204643726348876953e+00,-9.262747764587402344e-01
1.403014063835144043e+00,9.899950027465820312e-02
3.122067153453826904e-01,1.793203949928283691e-01
5.267506837844848633e-01,-6.266689300537109375e-01
6.640669107437133789e-01,-9.915158152580261230e-02
2.068785190582275391e+00,1.206285834312438965e+00
1.797271847724914551e+00,1.034198641777038574e+00
8.836164474487304688e-01,4.009355306625366211e-01
-6.469545364379882812e-01,-1.720336675643920898e-01
-8.048719763755798340e-01,1.813443750143051147e-01
3.744229674339294434e-01,1.030418515205383301e+00
9.167691469192504883e-01,1.094397783279418945e+00
4.421432316303253174e-01,8.468581438064575195e-01
-1.090925216674804688e+00,-4.186647832393646240e-01
-1.775845170021057129e+00,2.602562904357910156e-01
8.100706338882446289e-01,8.181322813034057617e-01
7.733272314071655273e-01,1.524273678660392761e-02
-7.814942300319671631e-02,-8.367818593978881836e-01
-2.633404135704040527e-01,1.241852343082427979e-01
1.083293676376342773e+00,-5.355854034423828125e-01
1.130080461502075195e+00,3.495070636272430420e-01
1.875866651535034180e-01,1.120852828025817871e+00
-6.613067984580993652e-01,2.994502782821655273e-01
-6.899630427360534668e-01,-3.524962365627288818e-01
2.311754941940307617e+00,5.509496331214904785e-01
-8.707165122032165527e-01,-1.727256923913955688e-01
-8.993887901306152344e-01,-5.121109485626220703e-01
-5.993370413780212402e-01,-4.460057616233825684e-01
-9.780902862548828125e-01,-9.990415573120117188e-01
-6.499772071838378906e-01,-6.671684980392456055e-01
1.185827970504760742e+00,-3.367463871836662292e-02
-1.021045207977294922e+00,-5.641509294509887695e-01
-1.589089274406433105e+00,-5.626667737960815430e-01
1.173346161842346191e+00,4.556452855467796326e-02
1.124003052711486816e+00,5.558737516403198242e-01
7.377520799636840820e-01,5.832617878913879395e-01
9.137947559356689453e-01,8.589841127395629883e-01
2.296497106552124023e+00,1.760992050170898438e+00
-1.514777064323425293e+00,-7.772291898727416992e-01
-8.803418278694152832e-01,-4.945174455642700195e-01
1.164144277572631836e+00,-6.933537125587463379e-01
1.535003185272216797e+00,-1.912390589714050293e-01
1.771900892257690430e+00,-4.769911766052246094e-01
-2.083962678909301758e+00,-2.288545519113540649e-01
1.426632642745971680e+00,3.585984110832214355e-01
-8.676402568817138672e-01,6.400001049041748047e-01
-1.226183533668518066e+00,-9.584347903728485107e-02
-7.028896808624267578e-01,6.673775911331176758e-01
-7.561987638473510742e-01,-3.228179216384887695e-01
1.212688922882080078e+00,9.229801297187805176e-01
-6.204688549041748047e-01,1.497828364372253418e-01
-5.711845755577087402e-01,4.866262376308441162e-01
1.376807093620300293e+00,1.195071101188659668e+00
3.804039657115936279e-01,1.868662089109420776e-01
-3.766041100025177002e-01,8.322860002517700195e-01
-3.710840046405792236e-01,7.377727031707763672e-01
6.847860217094421387e-01,6.242503523826599121e-01
-1.474614381790161133e+00,-9.022425413131713867e-01
-1.525929808616638184e+00,1.586504876613616943e-01
8.765100240707397461e-01,-8.136274814605712891e-01
1.838645696640014648e+00,-4.555993080139160156e-01
1.097538709640502930e+00,2.231221199035644531e-01
-8.814565539360046387e-01,-2.686738967895507812e-01
-2.248391211032867432e-01,-8.880046606063842773e-01
-6.480532288551330566e-01,2.619967758655548096e-01
-7.394937872886657715e-01,-7.068374156951904297e-01
2.850296497344970703e-01,5.006021261215209961e-01
3.417311608791351318e-01,-1.986181735992431641e-01
4.116809070110321045e-01,-3.365654051303863525e-01
4.923974871635437012e-01,1.461098641157150269e-01
5.783876180648803711e-01,-3.174831867218017578e-01
3.856721520423889160e-01,4.163463115692138672e-01
-1.260402679443359375e+00,-4.946885108947753906e-01
-1.433588862419128418e+00,-2.006485909223556519e-01
-7.408228516578674316e-01,-7.177063226699829102e-01
-5.724762082099914551e-01,-2.467007488012313843e-01
3.441642820835113525e-01,7.792049646377563477e-01
2.137282609939575195e+00,5.909937620162963867e-01
5.340661406517028809e-01,1.519005179405212402e+00
1.144389867782592773e+00,2.806499004364013672e-01
-7.088921070098876953e-01,-1.142089813947677612e-01
-3.498557806015014648e-01,-8.829554319381713867e-01
7.323552966117858887e-01,5.130738485604524612e-03
-3.952544927597045898e-01,-3.737023472785949707e-01
-3.030100464820861816e-01,1.612480282783508301e-01
1.394819736480712891e+00,3.297698497772216797e-01
1.143307209014892578e+00,3.717483282089233398e-01
7.668907046318054199e-01,1.815923213958740234e+00
5.329514145851135254e-01,1.818575382232666016e+00
-1.759059786796569824e+00,7.856874465942382812e-01
-2.126435279846191406e+00,-4.338514208793640137e-01
-1.840226650238037109e+00,1.008132323622703552e-01
-1.926318526268005371e+00,5.394095778465270996e-01
3.508044779300689697e-01,1.636887073516845703e+00
6.361234784126281738e-01,7.690985202789306641e-01
-9.371129870414733887e-01,-1.510526519268751144e-03
-1.199172616004943848e+00,-6.000421475619077682e-03
7.571639865636825562e-02,-2.031323611736297607e-01
-2.524556517601013184e-01,-4.008446633815765381e-01
-4.972261190414428711e-01,-1.575641799718141556e-03
-1.543502926826477051e+00,5.281100422143936157e-02
4.081651866436004639e-01,-1.236256062984466553e-01
3.075494766235351562e-01,-5.073251128196716309e-01
6.916566491127014160e-01,3.339425325393676758e-01
-1.473033428192138672e+00,-5.123675465583801270e-01
7.318086028099060059e-01,1.460203289985656738e+00
1.411771178245544434e+00,1.474171400070190430e+00
5.793523192405700684e-01,8.903899192810058594e-01
5.793844461441040039e-01,9.077132940292358398e-01
4.504179954528808594e-01,8.955340385437011719e-01
-1.475177168846130371e+00,-3.884045779705047607e-01
-1.250380873680114746e+00,-1.008524179458618164e+00
1.448182344436645508e+00,1.030747890472412109e+00
3.125765025615692139e-01,6.659358739852905273e-01
-5.703753232955932617e-01,1.125767946243286133e+00
-8.255375027656555176e-01,-1.957975924015045166e-01
1.456146359443664551e+00,3.103022575378417969e-01
-1.736175537109375000e+00,-9.910534620285034180e-01
-2.233064174652099609e+00,-5.027577280998229980e-02
-1.112271428108215332e+00,-9.088657498359680176e-01
-1.000556588172912598e+00,-2.164510935544967651e-01
1.749627590179443359e+00,3.738672137260437012e-01
-7.185978293418884277e-01,-3.358122706413269043e-01
-7.025306224822998047e-01,-1.006933212280273438e+00
9.416846036911010742e-01,-2.433020770549774170e-01
-5.080465674400329590e-01,-5.514793992042541504e-01
-2.124751955270767212e-01,-8.205509781837463379e-01
6.229020357131958008e-01,-9.881392121315002441e-01
-1.083995699882507324e+00,-7.039237618446350098e-01
-1.055532336235046387e+00,-7.235212326049804688e-01
-1.306439161300659180e+00,-4.926655888557434082e-01
-1.551016688346862793e+00,-7.918320894241333008e-01
5.383642911911010742e-01,1.264330297708511353e-01
1.678139686584472656e+00,-6.263822913169860840e-01
-2.229955196380615234e-01,-2.495383024215698242e-01
-1.069488048553466797e+00,-3.229168653488159180e-01
1.135053873062133789e+00,-4.342953562736511230e-01
1.543353080749511719e+00,-2.638274133205413818e-01
-5.653322339057922363e-01,8.074082434177398682e-02
-5.429356694221496582e-01,-7.172639966011047363e-01
-7.070484757423400879e-01,5.238565057516098022e-02
-1.597615957260131836e+00,-1.542390584945678711e-01
3.172181546688079834e-02,-2.390161454677581787e-01
-4.235891699790954590e-01,-6.498565673828125000e-01
7.387650012969970703e-01,-4.789420962333679199e-01
1.412140965461730957e+00,-3.246378004550933838e-01
1.654853463172912598e+00,-7.863999605178833008e-01
1.677180409431457520e+00,-2.314647287130355835e-01
1.988518834114074707e+00,-1.520971655845642090e-01
-3.156365752220153809e-01,1.191803514957427979e-01
-4.839135706424713135e-01,-1.908540725708007812e-01
1.116017580032348633e+00,-4.512718021869659424e-01
8.097758889198303223e-01,-8.458943367004394531e-01
7.489209175109863281e-01,1.486814767122268677e-02
-1.034379124641418457e+00,-7.318520545959472656e-01
1.279851794242858887e+00,-2.858424186706542969e-02
-1.815332651138305664e+00,-5.744415521621704102e-01
-1.945735335350036621e+00,-1.680630724877119064e-03
9.185431003570556641e-01,-1.253094673156738281e-01
1.055725336074829102e+00,-5.464605689048767090e-01
3.662339448928833008e-01,5.903506278991699219e-01
2.778964042663574219e-01,-6.276980042457580566e-02
9.411700963973999023e-01,4.684190824627876282e-02
-9.981877207756042480e-01,9.618914127349853516e-02
-3.486499190330505371e-01,2.159396708011627197e-01
2.286099910736083984e+00,1.096897721290588379e+00
2.581049688160419464e-02,-2.943894565105438232e-01
-1.087296530604362488e-01,-7.386984825134277344e-01
1.024828910827636719e+00,-7.763197422027587891e-01
-1.010074615478515625e+00,-7.465721368789672852e-01
-2.140626668930053711e+00,-4.440494179725646973e-01
6.954081654548645020e-01,1.748432219028472900e-01
9.100217819213867188e-01,-4.579118192195892334e-01
1.138114094734191895e+00,2.357080280780792236e-01
1.566248059272766113e+00,3.864011466503143311e-01
1.681896567344665527e+00,1.012094140052795410e+00
-9.373112916946411133e-01,1.874404996633529663e-01
-7.010782361030578613e-01,-2.867066860198974609e-01
5.997552275657653809e-01,-8.842559158802032471e-02
-5.429035425186157227e-01,-3.975715041160583496e-01
-6.532142162322998047e-01,-4.498431384563446045e-01
-5.669400095939636230e-01,-2.173594534397125244e-01
-9.682506322860717773e-01,-3.260126411914825439e-01
3.380385935306549072e-01,1.152975261211395264e-01
3.666251599788665771e-01,6.806316375732421875e-01
-1.430148243904113770e+00,-1.056230068206787109e+00
-1.428031206130981445e+00,-3.394615650177001953e-01
-6.711947321891784668e-01,-1.870218515396118164e-01
-8.156763911247253418e-01,-3.072471022605895996e-01
-8.394234776496887207e-01,-3.072471022605895996e-01
-1.270135283470153809e+00,-9.221767187118530273e-01
3.890913911163806915e-03,3.396939858794212341e-02
-7.287751436233520508e-01,-4.451673626899719238e-01
7.183299660682678223e-01,5.516082420945167542e-02
3.065097630023956299e-01,2.852112650871276855e-01
-1.451612234115600586e+00,3.095054030418395996e-01
-1.109516739845275879e+00,-6.264699101448059082e-01
-1.213932156562805176e+00,-5.677515268325805664e-01
-1.094976902008056641e+00,1.417416810989379883e+00
-1.247036576271057129e+00,3.123892545700073242e-01
6.575767993927001953e-01,-2.818306982517242432e-01
-6.658996939659118652e-01,-3.608884811401367188e-01
-6.112079620361328125e-01,-7.613213062286376953e-01
-7.759585380554199219e-01,-8.131854534149169922e-01
-7.759263515472412109e-01,-7.161180973052978516e-01
-1.247508287429809570e+00,-7.859607338905334473e-01
-8.726565837860107422e-01,-3.072471022605895996e-01
-1.382402062416076660e+00,-2.562636733055114746e-01
-1.293791294097900391e+00,-1.248086988925933838e-01
3.106310963630676270e-01,-5.026153922080993652e-01
-7.656311392784118652e-01,-2.831319570541381836e-01
-8.091755509376525879e-01,-4.068379402160644531e-01
3.504454195499420166e-01,-1.935800313949584961e-01
1.217046022415161133e+00,-2.755924463272094727e-01
-1.128708362579345703e+00,-1.057581827044487000e-01
-4.529099762439727783e-01,-2.757920324802398682e-01
2.172177076339721680e+00,6.774718761444091797e-01
2.064647912979125977e+00,-5.322664976119995117e-01
-8.234956264495849609e-01,-1.250037401914596558e-01
-1.154004335403442383e+00,-1.761159598827362061e-01
1.551284790039062500e+00,1.094710350036621094e+00
1.170334219932556152e+00,1.003721356391906738e+00
5.576256513595581055e-01,8.473793268203735352e-01
1.210320115089416504e+00,1.016895294189453125e+00
-5.389965772628784180e-01,1.718171685934066772e-01
-1.857494354248046875e+00,7.986701130867004395e-01
5.741162300109863281e-01,4.783219695091247559e-01
4.398923218250274658e-01,7.686084508895874023e-01
4.737953245639801025e-01,-5.873305723071098328e-02
-1.167365074157714844e+00,-5.105935931205749512e-01
-9.186448454856872559e-01,3.679689168930053711e-01
3.827459812164306641e-01,-1.644575148820877075e-01
4.435955882072448730e-01,1.603446900844573975e-01
5.389055609703063965e-01,-8.620695769786834717e-02
4.737149178981781006e-01,-1.596836745738983154e-01
2.531042397022247314e-01,1.954996138811111450e-01
-9.069615006446838379e-01,-3.694124817848205566e-01
-7.683322429656982422e-01,-4.663282632827758789e-01
6.109293699264526367e-01,-2.020005285739898682e-01
-1.633416175842285156e+00,-2.394754439592361450e-01
-2.116708040237426758e+00,-4.720118343830108643e-01
6.373078823089599609e-01,5.229818820953369141e-01
8.564286828041076660e-01,4.049817919731140137e-01
6.928196549415588379e-01,3.723708391189575195e-01
6.417507529258728027e-01,7.670184969902038574e-01
1.461628913879394531e+00,3.634243011474609375e-01
-1.594019889831542969e+00,-3.378067910671234131e-01
-1.351044774055480957e+00,8.913610875606536865e-02
1.189643859863281250e+00,-6.153629422187805176e-01
-1.238016843795776367e+00,-1.715204119682312012e-01
-1.419745802879333496e+00,4.719214439392089844e-01
-1.239506721496582031e+00,-1.106391698122024536e-01
-1.421074867248535156e+00,-7.942660450935363770e-01
-1.962997674942016602e+00,-3.929114341735839844e-01
3.849540054798126221e-01,-1.068741917610168457e+00
4.247308075428009033e-01,4.745022580027580261e-02
-9.136981964111328125e-01,-9.340925812721252441e-01
-1.368183851242065430e+00,-8.402099609375000000e-01
3.501988649368286133e-01,-6.843591481447219849e-02
-1.405350685119628906e+00,-3.692656159400939941e-01
-1.482112050056457520e+00,-8.223806619644165039e-01
3.263928294181823730e-01,1.200109422206878662e-01
-1.026806473731994629e+00,-3.776193261146545410e-01
-9.763753414154052734e-01,-2.322765588760375977e-01
-8.292407989501953125e-01,-3.747406303882598877e-01
-2.491849184036254883e+00,-3.682267665863037109e-01
-2.932218313217163086e+00,-2.194005548954010010e-01
-1.398131608963012695e+00,2.308606356382369995e-02
-1.567400097846984863e+00,-9.711624979972839355e-01
-5.755792260169982910e-01,-2.558478116989135742e-01
-7.703151702880859375e-01,-1.417534798383712769e-01
-5.884630084037780762e-01,-3.511291146278381348e-01
-8.590546250343322754e-01,-3.072471022605895996e-01
-1.322661876678466797e+00,-2.588038444519042969e-01
-1.691768288612365723e+00,-1.682987213134765625e-01
-8.824533820152282715e-01,-9.179618209600448608e-02
-9.430189728736877441e-01,1.843348890542984009e-02
1.093888998031616211e+00,4.996841549873352051e-01
-1.380231618881225586e+00,-8.293759226799011230e-01
-6.244293451309204102e-01,4.866257309913635254e-01
1.013376116752624512e+00,-4.785773754119873047e-01
-8.197226524353027344e-01,6.936109066009521484e-01
-1.477476239204406738e+00,-2.039278149604797363e-01
1.694121122360229492e+00,1.121181011199951172e+00
1.838710069656372070e+00,8.939567804336547852e-01
5.529469847679138184e-01,1.520263910293579102e+00
-1.229415178298950195e+00,-2.437593340873718262e-01
-1.615821480751037598e+00,-5.912636518478393555e-01
5.883613228797912598e-01,3.628501296043395996e-01
3.420205712318420410e-01,-7.238972187042236328e-02
-1.325866699218750000e+00,-9.412903189659118652e-01
-1.233107805252075195e+00,-3.793735802173614502e-01
1.596871137619018555e+00,5.715690851211547852e-01
1.881584525108337402e+00,7.064671516418457031e-01
1.315378665924072266e+00,-2.649598121643066406e-01
-4.820592701435089111e-01,-3.384701013565063477e-01
-7.266528606414794922e-01,-3.642897605895996094e-01
-5.074409842491149902e-01,-4.415552020072937012e-01
-8.774906992912292480e-01,-2.302062809467315674e-01
1.743737697601318359e+00,1.257655620574951172e+00
1.899404168128967285e+00,7.944518327713012695e-01
-1.065682888031005859e+00,5.537106990814208984e-01
-1.364845037460327148e+00,-2.560615241527557373e-01
-3.535268902778625488e-01,3.484016656875610352e-01
-1.068566203117370605e+00,-3.340866565704345703e-01
1.550180792808532715e+00,4.354642033576965332e-01
1.246490120887756348e+00,1.694893836975097656e-01
-1.011537790298461914e+00,1.189439058303833008e+00
-9.518130868673324585e-02,1.343873262405395508e+00
1.067076444625854492e+00,4.926594495773315430e-01
1.220786809921264648e+00,7.932524085044860840e-01
-2.591060638427734375e+00,1.334453821182250977e+00
-2.626319646835327148e+00,-7.894576191902160645e-01
-1.319494485855102539e+00,-4.861294329166412354e-01
-1.263934493064880371e+00,-3.062494695186614990e-01
-7.644091844558715820e-01,-4.874947071075439453e-01
-1.169787526130676270e+00,-2.527980208396911621e-01
-7.592428326606750488e-01,-6.009426116943359375e-01
-9.992703199386596680e-01,-1.041854858398437500e+00
-1.293362498283386230e+00,-3.177797198295593262e-01
-1.537591695785522461e+00,-6.404290199279785156e-01
6.972410678863525391e-01,1.313486456871032715e+00
-3.439015746116638184e-01,1.143909469246864319e-01
-7.652184367179870605e-01,-6.014170646667480469e-01
-1.126007318496704102e+00,-6.000488996505737305e-01
-1.274888992309570312e+00,-1.008244395256042480e+00
-1.221043944358825684e+00,-3.072471022605895996e-01
-1.531401634216308594e+00,1.475375890731811523e-02
1.288603544235229492e+00,1.142252206802368164e+00
-6.614300608634948730e-01,3.140049278736114502e-01
-1.282081127166748047e+00,-5.780482292175292969e-01
1.023949980735778809e+00,-2.255782335996627808e-01
9.825600981712341309e-01,-1.746576130390167236e-01
-1.403378486633300781e+00,-7.238185405731201172e-01
-1.204665899276733398e+00,3.474811837077140808e-02
-1.149089813232421875e+00,-6.844159960746765137e-02
-1.201160907745361328e+00,-7.193559408187866211e-01
6.990310549736022949e-01,1.897021234035491943e-01
4.639395475387573242e-01,5.820717811584472656e-01
-8.926897048950195312e-01,8.693079650402069092e-02
-1.139614582061767578e+00,2.693498134613037109e-01
7.642806768417358398e-01,1.761506497859954834e-01
3.208191394805908203e-01,-7.884284257888793945e-01
8.898761272430419922e-01,-4.588467255234718323e-02
1.697149157524108887e+00,4.697514772415161133e-01
9.865849018096923828e-01,1.152189135551452637e+00
-5.470243468880653381e-02,-6.296754479408264160e-01
-7.505714893341064453e-01,-3.448490500450134277e-01
1.468831777572631836e+00,2.551707625389099121e-01
2.488847970962524414e+00,9.521583318710327148e-01
1.819357514381408691e+00,7.533960342407226562e-01
9.454950690269470215e-01,9.282985329627990723e-01
3.809773921966552734e-01,-4.555421173572540283e-01
1.269084930419921875e+00,-1.355316936969757080e-01
-1.412312388420104980e+00,-1.126226186752319336e+00
-1.295340061187744141e+00,-1.091445326805114746e+00
1.248060345649719238e+00,1.034197807312011719e+00
1.086745023727416992e+00,5.575544834136962891e-01
-1.906842291355133057e-01,-7.148224115371704102e-02
-6.478173732757568359e-01,-6.645641922950744629e-01
1.918944239616394043e+00,1.285097122192382812e+00
1.797266483306884766e+00,1.455070257186889648e+00
-5.064494609832763672e-01,-1.095792353153228760e-01
-1.762698769569396973e+00,-2.873629331588745117e-01
2.144056797027587891e+00,1.057484149932861328e+00
1.800439238548278809e+00,1.282438039779663086e+00
-5.933239459991455078e-01,1.141090393066406250e+00
-1.228627324104309082e+00,3.263763189315795898e-01
1.094837665557861328e+00,-2.279083877801895142e-01
-8.213626146316528320e-01,1.275821775197982788e-02
-1.153162956237792969e+00,4.441162645816802979e-01
9.934930801391601562e-01,4.151266217231750488e-01
2.079562902450561523e+00,1.495521426200866699e+00
-1.021516799926757812e+00,-4.140568077564239502e-01
-7.961416840553283691e-01,-7.845879346132278442e-02
1.006237506866455078e+00,6.986819505691528320e-01
-6.308552026748657227e-01,-4.198657870292663574e-01
-4.001154005527496338e-01,-1.161930114030838013e-01
9.107024073600769043e-01,-5.122483968734741211e-01
1.161882638931274414e+00,2.189276367425918579e-01
1.287220835685729980e+00,-1.577014923095703125e-01
-5.978150367736816406e-01,8.398693054914474487e-03
-9.728971123695373535e-01,2.974964380264282227e-01
-3.023883700370788574e-01,-7.868924736976623535e-01
-1.184353721328079700e-03,-3.217567801475524902e-01
-7.359566092491149902e-01,-8.113319873809814453e-01
9.870886802673339844e-01,-4.348508119583129883e-01
1.117604017257690430e+00,3.346334397792816162e-01
8.771799206733703613e-01,-1.203876733779907227e-01
-4.399082660675048828e-01,-5.829615890979766846e-02
-1.488012671470642090e+00,4.213356673717498779e-01
1.077934384346008301e+00,1.105064630508422852e+00
4.748457372188568115e-01,1.455345392227172852e+00
-4.339165687561035156e-01,-2.307897061109542847e-01
-1.175312995910644531e+00,4.336289763450622559e-01
-1.217817664146423340e+00,6.950204074382781982e-02
-1.407006740570068359e+00,-4.347982108592987061e-01
9.871637225151062012e-01,8.432983160018920898e-01
1.510082483291625977e+00,-8.582640290260314941e-01
-6.357214450836181641e-01,-4.202817082405090332e-01
-9.210296869277954102e-01,-5.077347755432128906e-01
5.551550388336181641e-01,-2.929092347621917725e-01
-7.016891837120056152e-01,1.127798795700073242e+00
2.571398019790649414e-01,-8.005077838897705078e-01
-1.292113780975341797e+00,-2.201809883117675781e-01
-1.801468014717102051e+00,-3.750554323196411133e-01
4.446085095405578613e-01,5.936022996902465820e-01
2.289031505584716797e+00,8.657884001731872559e-01
5.215039253234863281e-01,7.452138066291809082e-01
1.675036668777465820e+00,-8.850099891424179077e-02
-1.269936919212341309e+00,-4.617678225040435791e-01
-1.181272506713867188e+00,-3.668169081211090088e-01
-6.541306376457214355e-01,-4.510154426097869873e-01
-1.096879482269287109e+00,-5.089086294174194336e-01
-1.992307782173156738e+00,2.621338516473770142e-02
-2.123423337936401367e+00,-1.034208685159683228e-01
4.411195814609527588e-01,-4.552773237228393555e-01
-1.136114954948425293e+00,7.620255351066589355e-01
-4.453211724758148193e-01,-4.287565350532531738e-01
9.043945074081420898e-01,8.688034415245056152e-01
-6.830120086669921875e-01,-9.807686805725097656e-01
-6.502880454063415527e-01,-1.091073155403137207e-01
3.905169665813446045e-01,1.337241530418395996e-01
-1.272981047630310059e+00,-5.664528608322143555e-01
-1.292542576789855957e+00,-2.284105420112609863e-01
1.245927333831787109e+00,1.057829856872558594e+00
-3.751999437808990479e-01,-1.878092139959335327e-01
-6.584234833717346191e-01,7.065486311912536621e-01
-3.810844719409942627e-01,4.981642663478851318e-01
-1.230524539947509766e+00,8.626437187194824219e-01
1.179391503334045410e+00,-7.466822117567062378e-02
1.406712055206298828e+00,3.657780587673187256e-01
-7.499498128890991211e-01,-5.079192519187927246e-01
1.885105609893798828e+00,4.492451548576354980e-01
1.026903033256530762e+00,4.108192920684814453e-01
7.552234530448913574e-01,1.564926654100418091e-01
-1.049894332885742188e+00,-2.168884873390197754e-01
-1.316707611083984375e+00,-8.388102054595947266e-02
1.987430930137634277e+00,-2.792323231697082520e-01
-1.342238932847976685e-01,2.995788753032684326e-01
-4.713835120201110840e-01,1.067000925540924072e-01
1.207077741622924805e+00,3.657816350460052490e-01
-8.922341465950012207e-01,-2.387237399816513062e-01
-1.363917827606201172e+00,2.452555149793624878e-01
-3.368808925151824951e-01,-1.247472763061523438e-01
-5.535685420036315918e-01,-4.915407896041870117e-01
6.020811200141906738e-01,-1.073080539703369141e+00
8.857601881027221680e-01,-1.502802222967147827e-02
-8.659252524375915527e-01,-4.246648550033569336e-01
-1.188223481178283691e+00,-6.495156288146972656e-01
-7.786596417427062988e-01,2.063542604446411133e-02
-1.157959461212158203e+00,-1.325569748878479004e-01
-4.852266013622283936e-01,1.005649566650390625e-01
-4.780076146125793457e-01,-7.815907001495361328e-01
3.761057853698730469e-01,7.112655639648437500e-01
-9.969229102134704590e-01,-2.692412436008453369e-01
-1.183191180229187012e+00,-3.472214341163635254e-01
1.163265347480773926e+00,1.361114621162414551e+00
1.251399159431457520e+00,8.495855331420898438e-01
4.128974676132202148e-01,7.645399123430252075e-02
1.161823630332946777e+00,7.349156141281127930e-01
-1.095266222953796387e+00,-3.683131933212280273e-01
-9.304727911949157715e-01,-8.645738363265991211e-01
-4.453211724758148193e-01,-9.327192902565002441e-01
-8.659628033638000488e-01,-9.723204970359802246e-01
-4.078381657600402832e-01,6.028627753257751465e-01
-3.530820906162261963e-01,4.990528523921966553e-01
-1.522714257240295410e+00,6.981052458286285400e-02
-2.082944393157958984e+00,8.651217222213745117e-01
-5.986671447753906250e-01,-1.230015829205513000e-01
