True_RPKM,Predicted_RPKM
6.046259999275207520e-01,5.653575062751770020e-01
5.338510274887084961e-01,6.345945000648498535e-01
5.697609782218933105e-01,5.226137042045593262e-01
7.142419815063476562e-01,6.772256493568420410e-01
7.005140185356140137e-01,5.785961747169494629e-01
4.690949916839599609e-01,6.317606568336486816e-01
4.525820016860961914e-01,6.317606568336486816e-01
7.188040018081665039e-01,6.223247647285461426e-01
7.417510151863098145e-01,6.430966258049011230e-01
5.614060163497924805e-01,5.608339905738830566e-01
4.893819987773895264e-01,6.759615540504455566e-01
9.170789718627929688e-01,8.101191520690917969e-01
8.222950100898742676e-01,6.300958991050720215e-01
8.439249992370605469e-01,7.084432244300842285e-01
8.838610053062438965e-01,8.355583548545837402e-01
8.918240070343017578e-01,5.320159196853637695e-01
9.271659851074218750e-01,6.611813902854919434e-01
4.925290048122406006e-01,6.282061934471130371e-01
5.037919878959655762e-01,6.513817310333251953e-01
4.483450055122375488e-01,6.309242844581604004e-01
8.665900230407714844e-01,7.560389041900634766e-01
7.720559835433959961e-01,8.105248808860778809e-01
7.403479814529418945e-01,7.286933064460754395e-01
4.735270142555236816e-01,6.388862729072570801e-01
4.912259876728057861e-01,5.720325708389282227e-01
8.727679848670959473e-01,7.432695627212524414e-01
6.717000007629394531e-01,6.662793755531311035e-01
6.765059828758239746e-01,6.589511036872863770e-01
5.966070294380187988e-01,6.317606568336486816e-01
7.138500213623046875e-01,6.317606568336486816e-01
4.275150001049041748e-01,6.317606568336486816e-01
3.839530050754547119e-01,5.773218274116516113e-01
8.050619959831237793e-01,6.962895989418029785e-01
8.387060165405273438e-01,8.187646269798278809e-01
9.119169712066650391e-01,7.198215126991271973e-01
5.077180266380310059e-01,6.358844637870788574e-01
4.250169992446899414e-01,5.039570927619934082e-01
6.481530070304870605e-01,4.388577044010162354e-01
5.737159848213195801e-01,6.317606568336486816e-01
8.313059806823730469e-01,6.757201552391052246e-01
4.959709942340850830e-01,6.257061958312988281e-01
4.716790020465850830e-01,6.520619988441467285e-01
5.574970245361328125e-01,7.491895556449890137e-01
6.319159865379333496e-01,6.317606568336486816e-01
8.124470114707946777e-01,5.798230767250061035e-01
3.839730024337768555e-01,6.317606568336486816e-01
3.219990134239196777e-01,6.317606568336486816e-01
7.763490080833435059e-01,7.405826449394226074e-01
5.771480202674865723e-01,6.317606568336486816e-01
5.959669947624206543e-01,5.981332659721374512e-01
7.347030043601989746e-01,6.428516507148742676e-01
5.533930063247680664e-01,6.317606568336486816e-01
5.471670031547546387e-01,6.317606568336486816e-01
5.607370138168334961e-01,7.334281206130981445e-01
5.559470057487487793e-01,6.317606568336486816e-01
4.731580018997192383e-01,6.554587483406066895e-01
4.969500005245208740e-01,6.253853440284729004e-01
9.054049849510192871e-01,6.810312271118164062e-01
9.599509835243225098e-01,6.530877947807312012e-01
7.573140263557434082e-01,6.554685831069946289e-01
7.768840193748474121e-01,6.317606568336486816e-01
7.550669908523559570e-01,6.328733563423156738e-01
3.659540116786956787e-01,8.243023753166198730e-01
4.065589904785156250e-01,8.383986353874206543e-01
8.802589774131774902e-01,6.437584757804870605e-01
7.784180045127868652e-01,6.314414143562316895e-01
7.860730290412902832e-01,6.020691394805908203e-01
5.192840099334716797e-01,6.282221078872680664e-01
5.104169845581054688e-01,6.772795915603637695e-01
8.345990180969238281e-01,7.465357184410095215e-01
6.329270005226135254e-01,7.321241497993469238e-01
5.591160058975219727e-01,6.336666941642761230e-01
6.927009820938110352e-01,5.355932116508483887e-01
6.301130056381225586e-01,6.046094298362731934e-01
8.060510158538818359e-01,6.331714391708374023e-01
6.676120162010192871e-01,6.187589764595031738e-01
6.555489897727966309e-01,6.667243838310241699e-01
8.903149962425231934e-01,6.678423285484313965e-01
6.067410111427307129e-01,6.411936879158020020e-01
5.686050057411193848e-01,6.056642532348632812e-01
9.439690113067626953e-01,6.203944683074951172e-01
6.319990158081054688e-01,6.517154574394226074e-01
5.363519787788391113e-01,6.305696964263916016e-01
7.251639962196350098e-01,6.317606568336486816e-01
5.297359824180603027e-01,6.279453635215759277e-01
4.376949965953826904e-01,6.752833724021911621e-01
7.380220293998718262e-01,6.116446852684020996e-01
5.770050287246704102e-01,6.317606568336486816e-01
5.337920188903808594e-01,6.317606568336486816e-01
7.014120221138000488e-01,6.317606568336486816e-01
5.425559878349304199e-01,5.963131785392761230e-01
5.040910243988037109e-01,5.426176190376281738e-01
1.062140941619873047e+00,7.596125006675720215e-01
5.260459780693054199e-01,6.799654960632324219e-01
3.987570106983184814e-01,6.958979964256286621e-01
7.515670061111450195e-01,6.317606568336486816e-01
7.361779808998107910e-01,6.317606568336486816e-01
5.840240120887756348e-01,6.025397777557373047e-01
5.705180168151855469e-01,6.317606568336486816e-01
5.695660114288330078e-01,5.031301379203796387e-01
6.025059819221496582e-01,5.644171237945556641e-01
7.248089909553527832e-01,6.317606568336486816e-01
7.551620006561279297e-01,6.301559805870056152e-01
8.514779806137084961e-01,7.366315722465515137e-01
9.157900214195251465e-01,6.212981343269348145e-01
6.157119870185852051e-01,5.979290604591369629e-01
5.314260125160217285e-01,5.922787785530090332e-01
7.484160065650939941e-01,7.115418314933776855e-01
5.372670292854309082e-01,6.531327366828918457e-01
5.707569718360900879e-01,7.396150231361389160e-01
8.903719782829284668e-01,7.914993166923522949e-01
5.515879988670349121e-01,6.650053858757019043e-01
4.431430101394653320e-01,5.874649882316589355e-01
9.531390070915222168e-01,5.353899002075195312e-01
1.007292985916137695e+00,6.395168900489807129e-01
8.542450070381164551e-01,7.655140757560729980e-01
7.063300013542175293e-01,6.469631195068359375e-01
7.373340129852294922e-01,5.315604805946350098e-01
4.785000085830688477e-01,6.873872876167297363e-01
4.739519953727722168e-01,6.251865029335021973e-01
5.996429920196533203e-01,6.768403053283691406e-01
6.727700233459472656e-01,5.539076924324035645e-01
8.440369963645935059e-01,5.720684528350830078e-01
7.173500061035156250e-01,6.483480334281921387e-01
4.238840043544769287e-01,6.377451419830322266e-01
6.213390231132507324e-01,6.780986785888671875e-01
6.183180212974548340e-01,6.846476793289184570e-01
5.820329785346984863e-01,6.317606568336486816e-01
5.714679956436157227e-01,6.317606568336486816e-01
5.137469768524169922e-01,6.317606568336486816e-01
4.935489892959594727e-01,6.317606568336486816e-01
4.714849889278411865e-01,6.125215888023376465e-01
7.588170170783996582e-01,5.907022953033447266e-01
6.234710216522216797e-01,7.285059094429016113e-01
6.337329745292663574e-01,5.793239474296569824e-01
1.014624953269958496e+00,6.522917747497558594e-01
9.661459922790527344e-01,6.080991625785827637e-01
9.228140115737915039e-01,6.144823431968688965e-01
3.959769904613494873e-01,6.634635329246520996e-01
4.274779856204986572e-01,6.634381413459777832e-01
8.771380186080932617e-01,7.152234911918640137e-01
9.087049961090087891e-01,6.836674809455871582e-01
6.137269735336303711e-01,6.822962164878845215e-01
5.601149797439575195e-01,6.512238383293151855e-01
8.468000292778015137e-01,6.466025710105895996e-01
8.606839776039123535e-01,6.565026640892028809e-01
8.322349786758422852e-01,6.739372611045837402e-01
8.187929987907409668e-01,9.173237681388854980e-01
7.996500134468078613e-01,8.217661976814270020e-01
7.703409790992736816e-01,6.459550857543945312e-01
3.893139958381652832e-01,6.122779846191406250e-01
2.426709979772567749e-01,4.444240629673004150e-01
8.254759907722473145e-01,7.533019781112670898e-01
8.122259974479675293e-01,7.289331555366516113e-01
8.928740024566650391e-01,8.277927637100219727e-01
8.580170273780822754e-01,5.546700358390808105e-01
7.310159802436828613e-01,7.460765838623046875e-01
9.576609730720520020e-01,9.402647614479064941e-01
8.824520111083984375e-01,8.413419127464294434e-01
6.164410114288330078e-01,6.347600817680358887e-01
6.421660184860229492e-01,7.520925402641296387e-01
6.624379754066467285e-01,7.563317418098449707e-01
7.366449832916259766e-01,7.953652739524841309e-01
9.967250227928161621e-01,9.499621987342834473e-01
1.119663953781127930e+00,8.955894112586975098e-01
6.920089721679687500e-01,8.521513342857360840e-01
6.219109892845153809e-01,6.706082224845886230e-01
6.474239826202392578e-01,6.608207821846008301e-01
6.425930261611938477e-01,6.484184265136718750e-01
5.153419971466064453e-01,8.131908774375915527e-01
4.287039935588836670e-01,5.728923678398132324e-01
9.700580239295959473e-01,9.623878598213195801e-01
9.117259979248046875e-01,1.021297931671142578e+00
8.015189766883850098e-01,8.058375120162963867e-01
3.888820111751556396e-01,6.907486319541931152e-01
2.980130016803741455e-01,6.112627387046813965e-01
9.066299796104431152e-01,5.919812321662902832e-01
9.084860086441040039e-01,8.135316967964172363e-01
8.251339793205261230e-01,8.132895827293395996e-01
3.720790147781372070e-01,6.579388976097106934e-01
3.263700008392333984e-01,6.545771956443786621e-01
7.416980266571044922e-01,6.600657105445861816e-01
7.413700222969055176e-01,7.173610329627990723e-01
1.035066962242126465e+00,8.906267285346984863e-01
1.027793049812316895e+00,9.298361539840698242e-01
4.155319929122924805e-01,5.981675982475280762e-01
5.156329870223999023e-01,6.112482547760009766e-01
7.978569865226745605e-01,6.317606568336486816e-01
2.988530099391937256e-01,5.081849694252014160e-01
2.391339987516403198e-01,5.673585534095764160e-01
8.890590071678161621e-01,1.023665428161621094e+00
8.759310245513916016e-01,8.294347524642944336e-01
7.765579819679260254e-01,7.924061417579650879e-01
8.971689939498901367e-01,8.083984255790710449e-01
5.933560132980346680e-01,7.369877696037292480e-01
5.570679903030395508e-01,6.510232090950012207e-01
5.320950150489807129e-01,6.214986443519592285e-01
4.747230112552642822e-01,6.219301819801330566e-01
9.404270052909851074e-01,7.426044344902038574e-01
3.798240125179290771e-01,7.859370112419128418e-01
3.588849902153015137e-01,7.275647521018981934e-01
7.832670211791992188e-01,6.001570820808410645e-01
8.483849763870239258e-01,8.943598270416259766e-01
6.124680042266845703e-01,6.000109910964965820e-01
5.666390061378479004e-01,6.963263750076293945e-01
8.725559711456298828e-01,7.873710989952087402e-01
8.519960045814514160e-01,6.863710284233093262e-01
4.922940135002136230e-01,6.176196336746215820e-01
5.778999924659729004e-01,8.325958847999572754e-01
5.862650275230407715e-01,7.132238745689392090e-01
5.689399838447570801e-01,6.339949965476989746e-01
4.596740007400512695e-01,6.212990283966064453e-01
3.749159872531890869e-01,5.544744133949279785e-01
8.237320184707641602e-01,8.407606482505798340e-01
7.707059979438781738e-01,8.501852154731750488e-01
5.324149727821350098e-01,6.008813977241516113e-01
3.865149915218353271e-01,6.171624064445495605e-01
4.633669853210449219e-01,6.317606568336486816e-01
3.640179932117462158e-01,6.317606568336486816e-01
1.018594026565551758e+00,8.634660840034484863e-01
9.165549874305725098e-01,8.805880546569824219e-01
7.738819718360900879e-01,5.996360778808593750e-01
6.215519905090332031e-01,7.606062293052673340e-01
5.029879808425903320e-01,6.828970313072204590e-01
9.852619767189025879e-01,7.175763845443725586e-01
9.480410218238830566e-01,6.238550543785095215e-01
8.637490272521972656e-01,5.978726148605346680e-01
7.102209925651550293e-01,6.685066819190979004e-01
4.650810062885284424e-01,5.340191721916198730e-01
4.593479931354522705e-01,5.341385602951049805e-01
5.119609832763671875e-01,6.680062413215637207e-01
5.373150110244750977e-01,7.257299423217773438e-01
7.537940144538879395e-01,7.962295413017272949e-01
5.720120072364807129e-01,6.409083008766174316e-01
5.045359730720520020e-01,7.500197291374206543e-01
9.322500228881835938e-01,7.556957006454467773e-01
7.026439905166625977e-01,5.167881846427917480e-01
5.143880248069763184e-01,7.087736725807189941e-01
5.419620275497436523e-01,6.812972426414489746e-01
5.536590218544006348e-01,4.701835215091705322e-01
4.275079965591430664e-01,4.711594879627227783e-01
1.037405967712402344e+00,6.991567015647888184e-01
9.353020191192626953e-01,9.407811164855957031e-01
7.851210236549377441e-01,8.625047802925109863e-01
7.474849820137023926e-01,6.338468790054321289e-01
7.336019873619079590e-01,7.062728404998779297e-01
7.962129712104797363e-01,6.072302460670471191e-01
6.939809918403625488e-01,5.939136743545532227e-01
4.757759869098663330e-01,6.955349445343017578e-01
8.228539824485778809e-01,8.242506384849548340e-01
5.492029786109924316e-01,5.506516098976135254e-01
4.641959965229034424e-01,5.282952785491943359e-01
7.397099733352661133e-01,6.497157216072082520e-01
7.283489704132080078e-01,5.008795857429504395e-01
7.434830069541931152e-01,6.271838545799255371e-01
5.799350142478942871e-01,6.851494312286376953e-01
5.324609875679016113e-01,7.540072798728942871e-01
8.103650212287902832e-01,6.500404477119445801e-01
5.210199952125549316e-01,6.524921059608459473e-01
4.561879932880401611e-01,6.670609712600708008e-01
7.257789969444274902e-01,8.716927170753479004e-01
5.391799807548522949e-01,6.317606568336486816e-01
5.038049817085266113e-01,6.226203441619873047e-01
5.381760001182556152e-01,7.675830721855163574e-01
4.879269897937774658e-01,6.851799488067626953e-01
1.001415967941284180e+00,8.145346641540527344e-01
8.988710045814514160e-01,8.175137042999267578e-01
5.439190268516540527e-01,8.708611726760864258e-01
5.768269896507263184e-01,6.317606568336486816e-01
5.087770223617553711e-01,6.317606568336486816e-01
5.116320252418518066e-01,6.317606568336486816e-01
4.996100068092346191e-01,6.039148569107055664e-01
4.922220110893249512e-01,6.307650208473205566e-01
4.239160120487213135e-01,6.107899546623229980e-01
3.113900125026702881e-01,4.796593487262725830e-01
7.778570055961608887e-01,8.507671356201171875e-01
7.670239806175231934e-01,8.763236403465270996e-01
7.351570129394531250e-01,6.527771353721618652e-01
7.227830290794372559e-01,6.284497976303100586e-01
7.136440277099609375e-01,6.308833360671997070e-01
7.473790049552917480e-01,8.543714880943298340e-01
7.738940119743347168e-01,8.474096655845642090e-01
9.223359823226928711e-01,9.438573718070983887e-01
7.140229940414428711e-01,8.791980147361755371e-01
4.810029864311218262e-01,6.317606568336486816e-01
5.588449835777282715e-01,5.211016535758972168e-01
8.649820089340209961e-01,8.547425866127014160e-01
8.296830058097839355e-01,7.595210671424865723e-01
7.671509981155395508e-01,7.161335349082946777e-01
4.238280057907104492e-01,5.012956261634826660e-01
3.588120043277740479e-01,6.244485974311828613e-01
7.962160110473632812e-01,6.223703026771545410e-01
7.433869838714599609e-01,6.708237528800964355e-01
5.594850182533264160e-01,7.671077251434326172e-01
5.461739897727966309e-01,6.317606568336486816e-01
5.597900152206420898e-01,6.317606568336486816e-01
5.501589775085449219e-01,6.317606568336486816e-01
5.296249985694885254e-01,6.317606568336486816e-01
5.382599830627441406e-01,5.623516440391540527e-01
7.283489704132080078e-01,6.317606568336486816e-01
5.406299829483032227e-01,7.310363650321960449e-01
5.863609910011291504e-01,7.328181862831115723e-01
7.308049798011779785e-01,8.631049394607543945e-01
8.561180233955383301e-01,6.394938230514526367e-01
7.709580063819885254e-01,5.807653069496154785e-01
1.124533057212829590e+00,7.529588341712951660e-01
9.025470018386840820e-01,6.065736413002014160e-01
9.834520220756530762e-01,6.137471795082092285e-01
1.039679050445556641e+00,5.222793817520141602e-01
7.609099745750427246e-01,6.012926697731018066e-01
7.529360055923461914e-01,7.600030899047851562e-01
7.593200206756591797e-01,7.398106455802917480e-01
6.215199828147888184e-01,5.931958556175231934e-01
5.995180010795593262e-01,6.341976523399353027e-01
7.243520021438598633e-01,6.516016721725463867e-01
4.197849929332733154e-01,5.513750314712524414e-01
4.280869960784912109e-01,6.830034255981445312e-01
8.957489728927612305e-01,6.377497911453247070e-01
7.687529921531677246e-01,8.296045660972595215e-01
8.752369880676269531e-01,6.621373295783996582e-01
7.171310186386108398e-01,8.619945645332336426e-01
7.750449776649475098e-01,7.366615533828735352e-01
9.621099829673767090e-01,7.128794789314270020e-01
6.476050019264221191e-01,7.366219162940979004e-01
6.387479901313781738e-01,7.822359204292297363e-01
9.984899759292602539e-01,5.465369820594787598e-01
5.109900236129760742e-01,5.954501628875732422e-01
3.319999873638153076e-01,5.332714915275573730e-01
7.560219764709472656e-01,5.977717041969299316e-01
8.461179733276367188e-01,6.868660449981689453e-01
8.708630204200744629e-01,6.341187953948974609e-01
6.806690096855163574e-01,6.942971348762512207e-01
5.003129839897155762e-01,6.348839402198791504e-01
8.529599905014038086e-01,5.915697216987609863e-01
8.338410258293151855e-01,8.008891940116882324e-01
1.006077051162719727e+00,8.930929899215698242e-01
4.874440133571624756e-01,6.498252749443054199e-01
4.221400022506713867e-01,5.664881467819213867e-01
8.517420291900634766e-01,6.795944571495056152e-01
7.236909866333007812e-01,6.016297340393066406e-01
7.195439934730529785e-01,6.510198712348937988e-01
5.746690034866333008e-01,6.162039637565612793e-01
5.221030116081237793e-01,6.435011029243469238e-01
8.886319994926452637e-01,6.176348924636840820e-01
7.632910013198852539e-01,6.892164945602416992e-01
5.643709897994995117e-01,7.833108305931091309e-01
5.852249860763549805e-01,5.866593718528747559e-01
7.376980185508728027e-01,6.740714907646179199e-01
8.563989996910095215e-01,8.662249445915222168e-01
9.127990007400512695e-01,5.333889126777648926e-01
9.332119822502136230e-01,6.981287002563476562e-01
8.850569725036621094e-01,6.349002718925476074e-01
8.675280213356018066e-01,6.297896504402160645e-01
8.168169856071472168e-01,7.133048176765441895e-01
8.555780053138732910e-01,7.247683405876159668e-01
7.820960283279418945e-01,7.896065711975097656e-01
7.107840180397033691e-01,6.826313734054565430e-01
7.473459839820861816e-01,6.825050711631774902e-01
5.347790122032165527e-01,7.251381278038024902e-01
4.711759984493255615e-01,6.676036715507507324e-01
5.161240100860595703e-01,5.440230965614318848e-01
4.650070071220397949e-01,7.963546514511108398e-01
5.784760117530822754e-01,6.317606568336486816e-01
5.662490129470825195e-01,6.317606568336486816e-01
5.943089723587036133e-01,6.317606568336486816e-01
5.662440061569213867e-01,6.317606568336486816e-01
6.962620019912719727e-01,7.219172120094299316e-01
7.476879954338073730e-01,5.131964683532714844e-01
8.305040001869201660e-01,7.932873368263244629e-01
7.386440038681030273e-01,7.820103168487548828e-01
8.076670169830322266e-01,7.870079278945922852e-01
4.575079977512359619e-01,5.510400533676147461e-01
4.298059940338134766e-01,7.724567055702209473e-01
8.600220084190368652e-01,7.971872687339782715e-01
9.000899791717529297e-01,8.314492106437683105e-01
9.295390248298645020e-01,6.939665675163269043e-01
9.445120096206665039e-01,7.736545205116271973e-01
7.461310029029846191e-01,6.317606568336486816e-01
8.781489729881286621e-01,7.976881265640258789e-01
8.584809899330139160e-01,7.949571013450622559e-01
3.482860028743743896e-01,6.093884706497192383e-01
3.522970080375671387e-01,6.240181326866149902e-01
7.317919731140136719e-01,7.267790436744689941e-01
7.045530080795288086e-01,6.317606568336486816e-01
7.040020227432250977e-01,6.317606568336486816e-01
5.858299732208251953e-01,6.444633603096008301e-01
4.855119884014129639e-01,8.866863846778869629e-01
8.945829868316650391e-01,7.888721227645874023e-01
6.533340215682983398e-01,7.276634573936462402e-01
6.258029937744140625e-01,6.966489553451538086e-01
5.583379864692687988e-01,6.749891638755798340e-01
5.874770283699035645e-01,5.697327256202697754e-01
8.964620232582092285e-01,6.867024898529052734e-01
6.096220016479492188e-01,4.916969239711761475e-01
6.937699913978576660e-01,1.024761080741882324e+00
6.004390120506286621e-01,8.686923980712890625e-01
7.393699884414672852e-01,5.714449286460876465e-01
7.859669923782348633e-01,7.626195549964904785e-01
6.284540295600891113e-01,7.398741841316223145e-01
6.057999730110168457e-01,6.315351128578186035e-01
6.155869960784912109e-01,6.189923286437988281e-01
6.163510084152221680e-01,5.907524228096008301e-01
6.069939732551574707e-01,5.084918141365051270e-01
6.146900057792663574e-01,6.173753142356872559e-01
4.926300048828125000e-01,6.768913865089416504e-01
5.670160055160522461e-01,7.080749869346618652e-01
9.814059734344482422e-01,7.351726293563842773e-01
1.027088999748229980e+00,6.594291329383850098e-01
1.005144953727722168e+00,5.833960175514221191e-01
4.570609927177429199e-01,5.873860716819763184e-01
8.653479814529418945e-01,5.925064682960510254e-01
9.700449705123901367e-01,6.885578036308288574e-01
9.318990111351013184e-01,6.476237177848815918e-01
7.742000222206115723e-01,5.786681771278381348e-01
8.698130249977111816e-01,6.377526521682739258e-01
7.969819903373718262e-01,5.426140427589416504e-01
8.401830196380615234e-01,6.125164628028869629e-01
6.939150094985961914e-01,4.824154376983642578e-01
5.247219800949096680e-01,6.058521866798400879e-01
4.446029961109161377e-01,7.834233641624450684e-01
8.035069704055786133e-01,9.528654217720031738e-01
8.042119741439819336e-01,8.763590455055236816e-01
7.009199857711791992e-01,5.525886416435241699e-01
5.219789743423461914e-01,8.008551001548767090e-01
4.651690125465393066e-01,6.052605509757995605e-01
6.742470264434814453e-01,6.478694081306457520e-01
6.807489991188049316e-01,6.883719563484191895e-01
8.479980230331420898e-01,8.913553953170776367e-01
9.274610280990600586e-01,9.075964093208312988e-01
8.026400208473205566e-01,7.648389935493469238e-01
9.101160168647766113e-01,8.882495760917663574e-01
5.143420100212097168e-01,8.982989788055419922e-01
5.502120256423950195e-01,9.058236479759216309e-01
1.063132047653198242e+00,8.883278965950012207e-01
1.136402964591979980e+00,8.016666769981384277e-01
8.680769801139831543e-01,8.323228955268859863e-01
5.378209948539733887e-01,7.290615439414978027e-01
5.191799998283386230e-01,5.213500857353210449e-01
7.139170169830322266e-01,7.306197285652160645e-01
8.782389760017395020e-01,7.305147051811218262e-01
6.118100285530090332e-01,7.265236377716064453e-01
5.172749757766723633e-01,5.947633385658264160e-01
8.949729800224304199e-01,8.026842474937438965e-01
1.108924031257629395e+00,9.201146960258483887e-01
5.356730222702026367e-01,7.932699918746948242e-01
5.582590103149414062e-01,6.531891226768493652e-01
6.520119905471801758e-01,7.084364295005798340e-01
6.498159766197204590e-01,7.734572291374206543e-01
9.471439719200134277e-01,7.451698184013366699e-01
8.775320053100585938e-01,6.778093576431274414e-01
6.564040184020996094e-01,8.749330043792724609e-01
5.795490145683288574e-01,8.755183219909667969e-01
8.296489715576171875e-01,7.379507422447204590e-01
8.017560243606567383e-01,6.668154597282409668e-01
1.048339009284973145e+00,8.777000308036804199e-01
6.450200080871582031e-01,7.637718915939331055e-01
5.167099833488464355e-01,6.150279641151428223e-01
7.836539745330810547e-01,5.826984047889709473e-01
7.360979914665222168e-01,5.792289376258850098e-01
5.949100255966186523e-01,6.697920560836791992e-01
4.899919927120208740e-01,6.317606568336486816e-01
4.253920018672943115e-01,6.188678145408630371e-01
7.605580091476440430e-01,8.264448046684265137e-01
8.749430179595947266e-01,9.354725480079650879e-01
8.589450120925903320e-01,8.092370033264160156e-01
8.870580196380615234e-01,8.808330893516540527e-01
7.823240160942077637e-01,7.019646167755126953e-01
5.556780099868774414e-01,4.894444644451141357e-01
5.628839731216430664e-01,5.469975471496582031e-01
7.228639721870422363e-01,8.107708692550659180e-01
7.943000197410583496e-01,7.225651741027832031e-01
3.374530076980590820e-01,6.495547294616699219e-01
4.692409932613372803e-01,8.064805269241333008e-01
8.356670141220092773e-01,7.205236554145812988e-01
1.007051944732666016e+00,7.083375453948974609e-01
6.333749890327453613e-01,8.778597712516784668e-01
5.072219967842102051e-01,7.779569029808044434e-01
9.729539752006530762e-01,7.142790555953979492e-01
5.737419724464416504e-01,6.855127811431884766e-01
5.213660001754760742e-01,7.415396571159362793e-01
6.261940002441406250e-01,6.008121371269226074e-01
8.196340203285217285e-01,6.723458170890808105e-01
8.676559925079345703e-01,6.085049510002136230e-01
8.722910284996032715e-01,5.838491916656494141e-01
8.821039795875549316e-01,7.185097932815551758e-01
8.308709859848022461e-01,8.270841240882873535e-01
6.888549923896789551e-01,6.294987201690673828e-01
6.084430217742919922e-01,6.125548481941223145e-01
8.451189994812011719e-01,6.747567057609558105e-01
8.815870285034179688e-01,7.353351712226867676e-01
1.083469033241271973e+00,6.203038096427917480e-01
8.844860196113586426e-01,7.025227546691894531e-01
9.302459955215454102e-01,7.885676622390747070e-01
8.006920218467712402e-01,6.212272047996520996e-01
8.445870280265808105e-01,6.455166935920715332e-01
9.753479957580566406e-01,8.184755444526672363e-01
1.017124056816101074e+00,8.860538005828857422e-01
8.345260024070739746e-01,7.198744416236877441e-01
8.061050176620483398e-01,6.192429661750793457e-01
8.421339988708496094e-01,5.942366719245910645e-01
8.029209971427917480e-01,5.135939717292785645e-01
7.162309885025024414e-01,6.732248067855834961e-01
7.886440157890319824e-01,7.431458830833435059e-01
7.368190288543701172e-01,6.185334324836730957e-01
7.981179952621459961e-01,6.677224040031433105e-01
9.080629944801330566e-01,8.036378622055053711e-01
8.882340192794799805e-01,8.335350751876831055e-01
7.340189814567565918e-01,7.520831823348999023e-01
8.366240262985229492e-01,7.594571709632873535e-01
6.035670042037963867e-01,6.652441620826721191e-01
5.664970278739929199e-01,5.904188752174377441e-01
9.785839915275573730e-01,8.279602527618408203e-01
9.011229872703552246e-01,1.036396145820617676e+00
7.001810073852539062e-01,6.802099347114562988e-01
1.019772052764892578e+00,8.363287448883056641e-01
1.026571035385131836e+00,6.980230212211608887e-01
7.727450132369995117e-01,6.611343026161193848e-01
9.757059812545776367e-01,6.521106362342834473e-01
8.094009757041931152e-01,7.526020407676696777e-01
9.020209908485412598e-01,6.981400847434997559e-01
7.374680042266845703e-01,7.627755999565124512e-01
1.030343055725097656e+00,7.553812861442565918e-01
9.895769953727722168e-01,9.408273100852966309e-01
8.008009791374206543e-01,5.747364759445190430e-01
8.938710093498229980e-01,6.183094382286071777e-01
9.018620252609252930e-01,5.644699931144714355e-01
8.971059918403625488e-01,7.308698892593383789e-01
8.676519989967346191e-01,6.429034471511840820e-01
1.104418992996215820e+00,6.345139741897583008e-01
1.218829035758972168e+00,8.222222328186035156e-01
5.137310028076171875e-01,5.239483714103698730e-01
3.744109869003295898e-01,5.003352761268615723e-01
8.876730203628540039e-01,7.419119477272033691e-01
8.535599708557128906e-01,7.149427533149719238e-01
4.722940027713775635e-01,7.984294295310974121e-01
4.864470064640045166e-01,6.342947483062744141e-01
6.169880032539367676e-01,7.176374793052673340e-01
5.506160259246826172e-01,7.124031186103820801e-01
7.303109765052795410e-01,5.517433881759643555e-01
5.432580113410949707e-01,7.474120259284973145e-01
4.649859964847564697e-01,5.552237033843994141e-01
4.600220024585723877e-01,6.526395082473754883e-01
4.845269918441772461e-01,5.282470583915710449e-01
5.143479704856872559e-01,6.312869787216186523e-01
4.559479951858520508e-01,6.317606568336486816e-01
7.239879965782165527e-01,6.233050823211669922e-01
5.144420266151428223e-01,6.203750967979431152e-01
5.851389765739440918e-01,9.252740144729614258e-01
1.060003995895385742e+00,7.599279284477233887e-01
7.141609787940979004e-01,6.235846877098083496e-01
5.963060259819030762e-01,6.469681859016418457e-01
6.154469847679138184e-01,7.078713178634643555e-01
7.007179856300354004e-01,6.317606568336486816e-01
7.575830221176147461e-01,6.317606568336486816e-01
4.497689902782440186e-01,6.461189389228820801e-01
9.009389877319335938e-01,9.976553320884704590e-01
8.350899815559387207e-01,8.192710876464843750e-01
7.490320205688476562e-01,6.009481549263000488e-01
4.514299929141998291e-01,6.317606568336486816e-01
5.363010168075561523e-01,5.618718862533569336e-01
5.650069713592529297e-01,6.317606568336486816e-01
7.581260204315185547e-01,6.317606568336486816e-01
5.438619852066040039e-01,6.765991449356079102e-01
5.006819963455200195e-01,6.650235056877136230e-01
9.845460057258605957e-01,7.239564061164855957e-01
4.797269999980926514e-01,6.473365426063537598e-01
4.382280111312866211e-01,7.007206082344055176e-01
5.216630101203918457e-01,6.317606568336486816e-01
5.100749731063842773e-01,6.317606568336486816e-01
4.946169853210449219e-01,6.317606568336486816e-01
4.939419925212860107e-01,6.317606568336486816e-01
8.303340077400207520e-01,7.627140879631042480e-01
4.837259948253631592e-01,6.317606568336486816e-01
4.843190014362335205e-01,6.317606568336486816e-01
5.645920038223266602e-01,6.317606568336486816e-01
5.856119990348815918e-01,6.317606568336486816e-01
5.095620155334472656e-01,7.367576360702514648e-01
4.742470085620880127e-01,7.101202607154846191e-01
4.477440118789672852e-01,6.550536751747131348e-01
5.187940001487731934e-01,7.216181159019470215e-01
8.508409857749938965e-01,7.609967589378356934e-01
4.623990058898925781e-01,6.349020004272460938e-01
5.093500018119812012e-01,6.154932975769042969e-01
4.232909977436065674e-01,7.924086451530456543e-01
8.429269790649414062e-01,9.426928162574768066e-01
1.007971048355102539e+00,6.207002997398376465e-01
9.416599869728088379e-01,6.378266215324401855e-01
9.317349791526794434e-01,8.042662739753723145e-01
4.567320048809051514e-01,6.557139754295349121e-01
3.684009909629821777e-01,7.777195572853088379e-01
7.449790239334106445e-01,6.244829297065734863e-01
8.029469847679138184e-01,6.141270995140075684e-01
8.772529959678649902e-01,8.223592638969421387e-01
5.129820108413696289e-01,6.616013646125793457e-01
5.524860024452209473e-01,7.211648225784301758e-01
7.547370195388793945e-01,6.605012416839599609e-01
4.770089983940124512e-01,7.226477265357971191e-01
4.010750055313110352e-01,6.451752781867980957e-01
8.704419732093811035e-01,8.939266800880432129e-01
4.669060111045837402e-01,5.359298586845397949e-01
4.875389933586120605e-01,5.979310274124145508e-01
8.046209812164306641e-01,6.317606568336486816e-01
8.162940144538879395e-01,6.413546204566955566e-01
7.890229821205139160e-01,6.387274265289306641e-01
3.586130142211914062e-01,6.048304438591003418e-01
3.239580094814300537e-01,6.135918498039245605e-01
7.761489748954772949e-01,7.088305950164794922e-01
7.526640295982360840e-01,5.425677895545959473e-01
8.017420172691345215e-01,9.866369366645812988e-01
8.134130239486694336e-01,9.184202551841735840e-01
9.290630221366882324e-01,6.815180182456970215e-01
9.114530086517333984e-01,9.516115784645080566e-01
9.723070263862609863e-01,9.465603232383728027e-01
3.431330025196075439e-01,7.203055024147033691e-01
4.079689979553222656e-01,6.765245795249938965e-01
7.964360117912292480e-01,8.902459740638732910e-01
6.927319765090942383e-01,5.970106720924377441e-01
4.780989885330200195e-01,6.415714621543884277e-01
7.593370079994201660e-01,7.272828817367553711e-01
9.540100097656250000e-01,7.284780144691467285e-01
5.087550282478332520e-01,7.831255793571472168e-01
4.366469979286193848e-01,4.401868283748626709e-01
8.744840025901794434e-01,6.317606568336486816e-01
8.590279817581176758e-01,6.317606568336486816e-01
4.898839890956878662e-01,6.317606568336486816e-01
4.760639965534210205e-01,6.317606568336486816e-01
1.597580015659332275e-01,6.317606568336486816e-01
7.791829705238342285e-01,5.282170176506042480e-01
7.780349850654602051e-01,5.349607467651367188e-01
8.093079924583435059e-01,8.052273988723754883e-01
7.521950006484985352e-01,5.491886734962463379e-01
4.540919959545135498e-01,6.787862181663513184e-01
4.358290135860443115e-01,6.642791628837585449e-01
5.074020028114318848e-01,5.822347998619079590e-01
4.675239920616149902e-01,5.415999293327331543e-01
5.401080250740051270e-01,6.222778558731079102e-01
7.490310072898864746e-01,5.697230696678161621e-01
7.588049769401550293e-01,1.046250820159912109e+00
5.121799707412719727e-01,7.376123070716857910e-01
4.639500081539154053e-01,5.506737828254699707e-01
7.142390012741088867e-01,6.083077192306518555e-01
8.753749728202819824e-01,8.064163327217102051e-01
7.347120046615600586e-01,6.385205388069152832e-01
8.389899730682373047e-01,6.827303767204284668e-01
8.409190177917480469e-01,7.973195910453796387e-01
7.605509757995605469e-01,6.535137295722961426e-01
7.020909786224365234e-01,5.962120890617370605e-01
4.551889896392822266e-01,6.801891326904296875e-01
5.329790115356445312e-01,6.612207293510437012e-01
9.757519960403442383e-01,7.925125956535339355e-01
7.649779915809631348e-01,8.919944763183593750e-01
2.857399880886077881e-01,4.863503277301788330e-01
3.477770090103149414e-01,6.508795619010925293e-01
7.127559781074523926e-01,6.507501006126403809e-01
5.640270113945007324e-01,7.923948168754577637e-01
5.506690144538879395e-01,7.090236544609069824e-01
4.760879874229431152e-01,6.790633797645568848e-01
4.743340015411376953e-01,6.893827319145202637e-01
6.633759737014770508e-01,8.369022607803344727e-01
5.143719911575317383e-01,7.082971930503845215e-01
9.437170028686523438e-01,8.305116295814514160e-01
5.923299789428710938e-01,6.317606568336486816e-01
5.671640038490295410e-01,6.440560221672058105e-01
5.186480283737182617e-01,5.709327459335327148e-01
4.872100055217742920e-01,6.781073212623596191e-01
5.131180286407470703e-01,6.317606568336486816e-01
5.772250294685363770e-01,5.443988442420959473e-01
4.542819857597351074e-01,6.317606568336486816e-01
4.268920123577117920e-01,6.317606568336486816e-01
5.453230142593383789e-01,6.317606568336486816e-01
5.028529763221740723e-01,5.305964350700378418e-01
7.296609878540039062e-01,7.694347500801086426e-01
7.090970277786254883e-01,7.291461229324340820e-01
7.399299740791320801e-01,6.945611834526062012e-01
4.948480129241943359e-01,7.367450594902038574e-01
4.377939999103546143e-01,6.317606568336486816e-01
8.027579784393310547e-01,6.317606568336486816e-01
4.100629985332489014e-01,6.442618966102600098e-01
4.276469945907592773e-01,7.014271616935729980e-01
8.706330060958862305e-01,6.216409802436828613e-01
7.027649879455566406e-01,7.149406075477600098e-01
7.158200144767761230e-01,6.829087138175964355e-01
9.265170097351074219e-01,6.404954791069030762e-01
5.079640150070190430e-01,4.432091414928436279e-01
7.937059998512268066e-01,8.459300994873046875e-01
5.151450037956237793e-01,5.463020801544189453e-01
5.463140010833740234e-01,5.913249254226684570e-01
7.928519845008850098e-01,7.725660204887390137e-01
5.084480047225952148e-01,4.411276876926422119e-01
4.525460004806518555e-01,5.054552555084228516e-01
8.323029875755310059e-01,7.642435431480407715e-01
5.892770290374755859e-01,6.938381791114807129e-01
5.720739960670471191e-01,7.148543000221252441e-01
8.720430135726928711e-01,6.493046879768371582e-01
8.172590136528015137e-01,6.851275563240051270e-01
9.562150239944458008e-01,8.449469208717346191e-01
6.950129866600036621e-01,6.086559891700744629e-01
6.185299754142761230e-01,6.799263358116149902e-01
7.830730080604553223e-01,7.837640643119812012e-01
8.434140086174011230e-01,8.073714971542358398e-01
8.463310003280639648e-01,7.500063776969909668e-01
7.018780112266540527e-01,7.909142374992370605e-01
8.300539851188659668e-01,6.863750815391540527e-01
8.400760293006896973e-01,6.591095328330993652e-01
7.250009775161743164e-01,6.562910676002502441e-01
3.822880089282989502e-01,6.317606568336486816e-01
4.326829910278320312e-01,5.806781649589538574e-01
9.781270027160644531e-01,9.010906815528869629e-01
5.338109731674194336e-01,6.567100286483764648e-01
4.867669939994812012e-01,7.565922141075134277e-01
6.606299877166748047e-01,7.420834898948669434e-01
6.438270211219787598e-01,8.538157343864440918e-01
8.606430292129516602e-01,6.656339764595031738e-01
6.647490262985229492e-01,6.728261113166809082e-01
6.270700097084045410e-01,6.485759615898132324e-01
8.014590144157409668e-01,7.015568017959594727e-01
7.001339793205261230e-01,6.697315573692321777e-01
4.413889944553375244e-01,6.317606568336486816e-01
4.225780069828033447e-01,5.828052163124084473e-01
4.826680123805999756e-01,5.918927192687988281e-01
4.364379942417144775e-01,7.421985268592834473e-01
1.222445964813232422e+00,8.351175189018249512e-01
1.209053039550781250e+00,8.488993048667907715e-01
9.242269992828369141e-01,8.104470372200012207e-01
7.226549983024597168e-01,7.389461398124694824e-01
8.197479844093322754e-01,7.447071671485900879e-01
4.627119898796081543e-01,6.875449419021606445e-01
4.949600100517272949e-01,6.278102397918701172e-01
8.661959767341613770e-01,6.989277005195617676e-01
4.929009974002838135e-01,6.457615494728088379e-01
5.921750068664550781e-01,6.317606568336486816e-01
5.143449902534484863e-01,6.379722952842712402e-01
5.067589879035949707e-01,6.978787779808044434e-01
6.266970038414001465e-01,7.200832366943359375e-01
5.758249759674072266e-01,8.173751831054687500e-01
7.794799804687500000e-01,8.646504878997802734e-01
7.199320197105407715e-01,6.203284859657287598e-01
7.283229827880859375e-01,8.997234702110290527e-01
9.256060123443603516e-01,8.497021794319152832e-01
9.813370108604431152e-01,9.285987019538879395e-01
8.382049798965454102e-01,6.996905207633972168e-01
9.487900137901306152e-01,6.876209974288940430e-01
5.184950232505798340e-01,6.116796731948852539e-01
4.430060088634490967e-01,4.726631045341491699e-01
8.525879979133605957e-01,6.781050562858581543e-01
6.254190206527709961e-01,7.536099553108215332e-01
3.804740011692047119e-01,7.781900763511657715e-01
8.550180196762084961e-01,6.340772509574890137e-01
8.238229751586914062e-01,7.838295698165893555e-01
7.643880248069763184e-01,7.086484432220458984e-01
8.343219757080078125e-01,6.559789776802062988e-01
7.376840114593505859e-01,8.591737151145935059e-01
7.476620078086853027e-01,8.473025560379028320e-01
7.829329967498779297e-01,7.080999016761779785e-01
7.678940296173095703e-01,8.524118065834045410e-01
7.670000195503234863e-01,6.495726108551025391e-01
5.368260145187377930e-01,5.885182619094848633e-01
6.132019758224487305e-01,5.373996496200561523e-01
5.938299894332885742e-01,5.984224081039428711e-01
5.705029964447021484e-01,6.794077754020690918e-01
5.214759707450866699e-01,6.860783696174621582e-01
5.376920104026794434e-01,8.021950125694274902e-01
4.657950103282928467e-01,5.185625553131103516e-01
7.928619980812072754e-01,7.402480244636535645e-01
8.066939711570739746e-01,7.048553228378295898e-01
8.109729886054992676e-01,7.055544853210449219e-01
8.021979928016662598e-01,6.705339550971984863e-01
7.452099919319152832e-01,6.335411667823791504e-01
6.627929806709289551e-01,5.470031499862670898e-01
4.663160145282745361e-01,5.562725663185119629e-01
7.226870059967041016e-01,6.211217641830444336e-01
7.338709831237792969e-01,6.549637913703918457e-01
4.152260124683380127e-01,5.200242400169372559e-01
3.702630102634429932e-01,5.485512614250183105e-01
7.004230022430419922e-01,6.127004027366638184e-01
7.008979916572570801e-01,7.502967715263366699e-01
7.040690183639526367e-01,6.317606568336486816e-01
3.366450071334838867e-01,4.904066920280456543e-01
3.521640002727508545e-01,5.112994909286499023e-01
6.790390014648437500e-01,6.814541220664978027e-01
6.624209880828857422e-01,5.427970290184020996e-01
7.060369849205017090e-01,7.536045908927917480e-01
7.142890095710754395e-01,7.509320378303527832e-01
8.073880076408386230e-01,7.273691892623901367e-01
7.387790083885192871e-01,6.914366483688354492e-01
3.508540093898773193e-01,6.207562088966369629e-01
5.643259882926940918e-01,5.745631456375122070e-01
9.051740169525146484e-01,8.646382093429565430e-01
5.344359874725341797e-01,6.641899943351745605e-01
4.820629954338073730e-01,6.317862868309020996e-01
7.733359932899475098e-01,7.306950092315673828e-01
7.644780278205871582e-01,6.698408126831054688e-01
7.913749814033508301e-01,8.497889637947082520e-01
4.920420050621032715e-01,6.558712720870971680e-01
5.160260200500488281e-01,6.291250586509704590e-01
4.426229894161224365e-01,6.887118220329284668e-01
7.289969921112060547e-01,7.223837971687316895e-01
4.609580039978027344e-01,6.663205623626708984e-01
3.377470076084136963e-01,5.941776633262634277e-01
4.719800055027008057e-01,5.013903975486755371e-01
4.491479992866516113e-01,6.514088511466979980e-01
4.513089954853057861e-01,5.177501440048217773e-01
4.945749938488006592e-01,7.559060454368591309e-01
7.550340294837951660e-01,6.317606568336486816e-01
7.512379884719848633e-01,6.317606568336486816e-01
5.420060157775878906e-01,7.762030959129333496e-01
4.984189867973327637e-01,5.034158229827880859e-01
8.603129982948303223e-01,6.472411751747131348e-01
8.174170255661010742e-01,6.216992735862731934e-01
5.959519743919372559e-01,7.286351919174194336e-01
4.855690002441406250e-01,5.144025683403015137e-01
8.395799994468688965e-01,7.740938067436218262e-01
8.113620281219482422e-01,7.855727672576904297e-01
5.452309846878051758e-01,8.092201352119445801e-01
4.491010010242462158e-01,5.309397578239440918e-01
1.098008036613464355e+00,6.800432205200195312e-01
1.077600955963134766e+00,8.547745943069458008e-01
5.685759782791137695e-01,5.502324700355529785e-01
3.454979956150054932e-01,6.750537753105163574e-01
7.652890086174011230e-01,6.583662033081054688e-01
7.381899952888488770e-01,6.374477744102478027e-01
9.119099974632263184e-01,7.736428380012512207e-01
5.315999984741210938e-01,6.250549554824829102e-01
5.365020036697387695e-01,4.879206418991088867e-01
6.221789717674255371e-01,5.131518244743347168e-01
5.770009756088256836e-01,5.213578343391418457e-01
5.110200047492980957e-01,5.279785990715026855e-01
8.689910173416137695e-01,7.423819899559020996e-01
7.569720149040222168e-01,4.934066832065582275e-01
8.989999890327453613e-01,6.429115533828735352e-01
8.802130222320556641e-01,6.351013779640197754e-01
5.899779796600341797e-01,6.165384650230407715e-01
5.563759803771972656e-01,7.230712771415710449e-01
6.161140203475952148e-01,7.784815430641174316e-01
6.049839854240417480e-01,5.444454550743103027e-01
8.793349862098693848e-01,7.628807425498962402e-01
8.753150105476379395e-01,7.565507292747497559e-01
6.932479739189147949e-01,9.584361910820007324e-01
5.294770002365112305e-01,8.493547439575195312e-01
8.116829991340637207e-01,7.418935298919677734e-01
9.802590012550354004e-01,8.395071625709533691e-01
4.350889921188354492e-01,5.911909341812133789e-01
3.630749881267547607e-01,6.924315094947814941e-01
5.624030232429504395e-01,6.807887554168701172e-01
5.601720213890075684e-01,5.829253196716308594e-01
7.467060089111328125e-01,7.165438532829284668e-01
5.410979986190795898e-01,6.113637089729309082e-01
4.866830110549926758e-01,6.273429989814758301e-01
7.769979834556579590e-01,6.094180941581726074e-01
5.121399760246276855e-01,5.613494515419006348e-01
5.825269818305969238e-01,6.317606568336486816e-01
6.252210140228271484e-01,5.907179713249206543e-01
5.911729931831359863e-01,6.288166046142578125e-01
8.408550024032592773e-01,6.462715864181518555e-01
5.070059895515441895e-01,6.243603229522705078e-01
5.644999742507934570e-01,4.402256906032562256e-01
5.310639739036560059e-01,6.230999827384948730e-01
5.560470223426818848e-01,7.539394497871398926e-01
5.885450243949890137e-01,5.508052706718444824e-01
4.599660038948059082e-01,5.306044816970825195e-01
8.005489706993103027e-01,6.859644651412963867e-01
9.141499996185302734e-01,6.922652125358581543e-01
5.582320094108581543e-01,6.511549353599548340e-01
5.782110095024108887e-01,6.674402952194213867e-01
8.906559944152832031e-01,7.025484442710876465e-01
5.476369857788085938e-01,4.560347497463226318e-01
5.333960056304931641e-01,5.764376521110534668e-01
6.543149948120117188e-01,6.670129895210266113e-01
6.425769925117492676e-01,6.566770672798156738e-01
6.418390274047851562e-01,8.370164036750793457e-01
5.688269734382629395e-01,7.751933932304382324e-01
9.241179823875427246e-01,5.270574688911437988e-01
8.967970013618469238e-01,5.876552462577819824e-01
4.664160013198852539e-01,5.727661252021789551e-01
4.209310114383697510e-01,5.420399308204650879e-01
9.275689721107482910e-01,7.899973988533020020e-01
1.016085028648376465e+00,6.603665947914123535e-01
8.101930022239685059e-01,6.974034309387207031e-01
9.634240269660949707e-01,7.699499726295471191e-01
8.113970160484313965e-01,5.389526486396789551e-01
9.482240080833435059e-01,8.422470688819885254e-01
6.271119713783264160e-01,6.547009348869323730e-01
6.934970021247863770e-01,6.916894316673278809e-01
5.097630023956298828e-01,6.826276183128356934e-01
3.159829974174499512e-01,6.567956805229187012e-01
7.713310122489929199e-01,6.317606568336486816e-01
7.851300239562988281e-01,6.317606568336486816e-01
7.804290056228637695e-01,6.734544634819030762e-01
6.492630243301391602e-01,5.732903480529785156e-01
5.255979895591735840e-01,7.561742663383483887e-01
9.574199914932250977e-01,8.949613571166992188e-01
9.314960241317749023e-01,8.746361136436462402e-01
6.037859916687011719e-01,6.078750491142272949e-01
5.781990289688110352e-01,6.912052035331726074e-01
5.336980223655700684e-01,6.406453847885131836e-01
5.299980044364929199e-01,5.900332331657409668e-01
7.984820008277893066e-01,7.639383673667907715e-01
7.481300234794616699e-01,6.101643443107604980e-01
7.599719762802124023e-01,6.810398101806640625e-01
7.318879961967468262e-01,6.760139465332031250e-01
8.215420246124267578e-01,5.917113423347473145e-01
4.431239962577819824e-01,6.317606568336486816e-01
4.886539876461029053e-01,5.522863864898681641e-01
7.598459720611572266e-01,7.832241654396057129e-01
8.364650011062622070e-01,6.192588210105895996e-01
5.662810206413269043e-01,6.068935990333557129e-01
5.447099804878234863e-01,7.281182408332824707e-01
7.773650288581848145e-01,7.389146685600280762e-01
1.078945040702819824e+00,7.918211817741394043e-01
4.997079968452453613e-01,6.453215479850769043e-01
5.064640045166015625e-01,7.492057681083679199e-01
1.011186957359313965e+00,6.994958519935607910e-01
9.031829833984375000e-01,6.666924357414245605e-01
4.132060110569000244e-01,5.625328421592712402e-01
3.992849886417388916e-01,6.938179135322570801e-01
8.290969729423522949e-01,6.882794499397277832e-01
7.230010032653808594e-01,5.613927841186523438e-01
5.000799894332885742e-01,6.938830018043518066e-01
4.359790086746215820e-01,5.685055255889892578e-01
8.186920285224914551e-01,7.043656706809997559e-01
8.242099881172180176e-01,6.282570958137512207e-01
3.655300140380859375e-01,6.119278073310852051e-01
6.075249910354614258e-01,5.738862752914428711e-01
7.443069815635681152e-01,6.072283387184143066e-01
6.557090282440185547e-01,6.396651864051818848e-01
6.435559988021850586e-01,6.343689560890197754e-01
1.004763960838317871e+00,6.467438340187072754e-01
9.303249716758728027e-01,8.830414414405822754e-01
9.663900136947631836e-01,8.816959261894226074e-01
5.504009723663330078e-01,6.417506337165832520e-01
4.528279900550842285e-01,5.256066322326660156e-01
1.121971011161804199e+00,7.545537352561950684e-01
1.074036002159118652e+00,8.259924054145812988e-01
5.100849866867065430e-01,6.293594241142272949e-01
6.336119771003723145e-01,6.824225187301635742e-01
7.153189778327941895e-01,6.327823400497436523e-01
8.727769851684570312e-01,6.976441740989685059e-01
6.885690093040466309e-01,6.617246270179748535e-01
5.633890032768249512e-01,6.738441586494445801e-01
8.059800267219543457e-01,5.830439925193786621e-01
6.020820140838623047e-01,6.810962557792663574e-01
5.313969850540161133e-01,6.135022640228271484e-01
8.479890227317810059e-01,8.338170647621154785e-01
9.002169966697692871e-01,9.051261544227600098e-01
6.187970042228698730e-01,8.131446838378906250e-01
5.950850248336791992e-01,5.524218678474426270e-01
8.711330294609069824e-01,6.470460295677185059e-01
6.566259860992431641e-01,5.616072416305541992e-01
5.915499925613403320e-01,6.956990957260131836e-01
5.034009814262390137e-01,5.908829569816589355e-01
4.337860047817230225e-01,4.834196269512176514e-01
7.795019745826721191e-01,7.769820094108581543e-01
8.994309902191162109e-01,7.555050253868103027e-01
4.155060052871704102e-01,7.102345228195190430e-01
3.224669992923736572e-01,5.857780575752258301e-01
8.769310116767883301e-01,6.797654032707214355e-01
4.094569981098175049e-01,8.461580276489257812e-01
3.546630144119262695e-01,5.927041769027709961e-01
6.011109948158264160e-01,6.832051277160644531e-01
5.516530275344848633e-01,6.470618844032287598e-01
5.176470279693603516e-01,4.927390515804290771e-01
4.010109901428222656e-01,7.019441127777099609e-01
3.316670060157775879e-01,5.412273406982421875e-01
5.651090145111083984e-01,5.394119620323181152e-01
3.080750107765197754e-01,4.023014903068542480e-01
2.860099971294403076e-01,5.809229612350463867e-01
7.476029992103576660e-01,6.482660174369812012e-01
8.026700019836425781e-01,6.638672947883605957e-01
4.529840052127838135e-01,7.097873687744140625e-01
8.658990263938903809e-01,8.004674315452575684e-01
3.290770053863525391e-01,6.819252967834472656e-01
6.185879707336425781e-01,7.454995512962341309e-01
9.340710043907165527e-01,8.368481993675231934e-01
7.344459891319274902e-01,7.417179942131042480e-01
4.836440086364746094e-01,7.575299143791198730e-01
4.414879977703094482e-01,6.209661364555358887e-01
8.468819856643676758e-01,7.427511811256408691e-01
5.632020235061645508e-01,5.836887359619140625e-01
5.326939821243286133e-01,5.662676692008972168e-01
9.078739881515502930e-01,7.273048758506774902e-01
1.058323979377746582e+00,8.037225008010864258e-01
9.796580076217651367e-01,7.884506583213806152e-01
9.334779977798461914e-01,8.501988053321838379e-01
9.391729831695556641e-01,6.689396500587463379e-01
4.598590135574340820e-01,4.432941377162933350e-01
3.778919875621795654e-01,5.313510894775390625e-01
8.266419768333435059e-01,7.115316987037658691e-01
8.171280026435852051e-01,7.259365916252136230e-01
7.985180020332336426e-01,6.317606568336486816e-01
8.061029911041259766e-01,6.114423871040344238e-01
7.147409915924072266e-01,8.127320408821105957e-01
7.932659983634948730e-01,7.894662022590637207e-01
4.429180026054382324e-01,6.377334594726562500e-01
3.419789969921112061e-01,6.330195069313049316e-01
5.282350182533264160e-01,7.367880940437316895e-01
4.650650024414062500e-01,7.251581549644470215e-01
7.609940171241760254e-01,7.991709113121032715e-01
5.387449860572814941e-01,6.317606568336486816e-01
5.409010052680969238e-01,5.957633256912231445e-01
5.694879889488220215e-01,6.459366679191589355e-01
3.945989906787872314e-01,6.129004955291748047e-01
7.837600111961364746e-01,6.265671253204345703e-01
7.779889702796936035e-01,8.000414371490478516e-01
4.891679883003234863e-01,6.578262448310852051e-01
4.648979902267456055e-01,5.027404427528381348e-01
5.082790255546569824e-01,6.920841932296752930e-01
5.116490125656127930e-01,7.605313658714294434e-01
7.299600243568420410e-01,7.506491541862487793e-01
7.143039703369140625e-01,8.059530854225158691e-01
8.486220240592956543e-01,7.662385106086730957e-01
7.070040106773376465e-01,7.464379668235778809e-01
4.555679857730865479e-01,5.947788953781127930e-01
4.465520083904266357e-01,6.062129139900207520e-01
8.019670248031616211e-01,7.304752469062805176e-01
7.948529720306396484e-01,7.446208000183105469e-01
7.960259914398193359e-01,6.993448734283447266e-01
6.304749846458435059e-01,7.627436518669128418e-01
5.609099864959716797e-01,5.749985575675964355e-01
8.908920288085937500e-01,7.992481589317321777e-01
8.537960052490234375e-01,6.544732451438903809e-01
4.331719875335693359e-01,5.624292492866516113e-01
4.093919992446899414e-01,4.846096038818359375e-01
7.906759977340698242e-01,7.365236878395080566e-01
8.332759737968444824e-01,8.778718113899230957e-01
7.600759863853454590e-01,6.522694230079650879e-01
7.095100283622741699e-01,7.323784828186035156e-01
7.356989979743957520e-01,6.674352288246154785e-01
7.248839735984802246e-01,6.798204779624938965e-01
5.977650284767150879e-01,5.768840909004211426e-01
5.146809816360473633e-01,6.637762188911437988e-01
8.670039772987365723e-01,8.307868838310241699e-01
5.176110267639160156e-01,5.907008647918701172e-01
4.261929988861083984e-01,5.942962765693664551e-01
7.642139792442321777e-01,8.066594004631042480e-01
3.749020099639892578e-01,5.002425909042358398e-01
4.129169881343841553e-01,5.576651096343994141e-01
5.395060181617736816e-01,4.988341033458709717e-01
4.719190001487731934e-01,4.974985420703887939e-01
3.854149878025054932e-01,5.380644798278808594e-01
3.844889998435974121e-01,5.201398730278015137e-01
8.791949748992919922e-01,7.156524062156677246e-01
3.802399933338165283e-01,5.400392413139343262e-01
3.624419867992401123e-01,6.472728848457336426e-01
5.275200009346008301e-01,6.585585474967956543e-01
5.188919901847839355e-01,6.163790822029113770e-01
4.701960086822509766e-01,6.134054064750671387e-01
5.952079892158508301e-01,5.246971249580383301e-01
8.253570199012756348e-01,6.380317807197570801e-01
8.740479946136474609e-01,6.817864775657653809e-01
7.709100246429443359e-01,5.163885951042175293e-01
7.598839998245239258e-01,5.538567900657653809e-01
7.362830042839050293e-01,7.515807151794433594e-01
4.949710071086883545e-01,6.144590377807617188e-01
3.900470137596130371e-01,6.875126957893371582e-01
7.044339776039123535e-01,7.467397451400756836e-01
7.805129885673522949e-01,6.604552268981933594e-01
7.859910130500793457e-01,6.494091749191284180e-01
7.019699811935424805e-01,7.345916628837585449e-01
7.409089803695678711e-01,8.595278859138488770e-01
7.472069859504699707e-01,8.408513665199279785e-01
7.432810068130493164e-01,8.500432968139648438e-01
7.921350002288818359e-01,8.155381083488464355e-01
8.075159788131713867e-01,7.030742764472961426e-01
8.094369769096374512e-01,7.053566575050354004e-01
5.329980254173278809e-01,5.975549221038818359e-01
4.434860050678253174e-01,5.455630421638488770e-01
8.605110049247741699e-01,8.625859022140502930e-01
4.373590052127838135e-01,5.463977456092834473e-01
3.786750137805938721e-01,5.893679857254028320e-01
7.395870089530944824e-01,6.261981129646301270e-01
7.799630165100097656e-01,6.790519952774047852e-01
8.643659949302673340e-01,7.089282274246215820e-01
8.370789885520935059e-01,7.302414774894714355e-01
6.678860187530517578e-01,7.156453132629394531e-01
5.687950253486633301e-01,7.480177283287048340e-01
5.017409920692443848e-01,6.038665771484375000e-01
4.766530096530914307e-01,6.957425475120544434e-01
7.137420177459716797e-01,6.295596361160278320e-01
5.311290025711059570e-01,6.304607987403869629e-01
5.468969941139221191e-01,5.336719155311584473e-01
8.524479866027832031e-01,6.439822316169738770e-01
8.304380178451538086e-01,6.787776350975036621e-01
5.969160199165344238e-01,6.039813756942749023e-01
6.865850090980529785e-01,7.412195801734924316e-01
9.956960082054138184e-01,7.343511581420898438e-01
9.108909964561462402e-01,6.298069357872009277e-01
8.749849796295166016e-01,5.500833392143249512e-01
6.143890023231506348e-01,6.801931262016296387e-01
4.899339973926544189e-01,6.029545068740844727e-01
7.624490261077880859e-01,7.012227773666381836e-01
7.608460187911987305e-01,5.991742014884948730e-01
1.060938954353332520e+00,6.865126490592956543e-01
1.088055968284606934e+00,7.455659508705139160e-01
4.051949977874755859e-01,6.399747133255004883e-01
5.180360078811645508e-01,6.070690751075744629e-01
7.339019775390625000e-01,5.497220158576965332e-01
7.796109914779663086e-01,5.818488001823425293e-01
9.062569737434387207e-01,5.697093009948730469e-01
6.231279969215393066e-01,6.061186790466308594e-01
4.962489902973175049e-01,5.016497969627380371e-01
6.734449863433837891e-01,6.049631237983703613e-01
5.999159812927246094e-01,6.217989325523376465e-01
9.017329812049865723e-01,6.297311782836914062e-01
5.969660282135009766e-01,5.092161297798156738e-01
6.434260010719299316e-01,7.658954858779907227e-01
6.647269725799560547e-01,6.896113753318786621e-01
6.212360262870788574e-01,7.340399026870727539e-01
9.723799824714660645e-01,6.571983695030212402e-01
6.914399862289428711e-01,5.824437141418457031e-01
6.084920167922973633e-01,5.087910890579223633e-01
6.034169793128967285e-01,5.722206830978393555e-01
4.782939851284027100e-01,4.994297325611114502e-01
8.746479749679565430e-01,7.221593856811523438e-01
5.405460000038146973e-01,6.036110520362854004e-01
6.283789873123168945e-01,5.773689150810241699e-01
8.557180166244506836e-01,6.892382502555847168e-01
6.383410096168518066e-01,6.291224360466003418e-01
8.324469923973083496e-01,6.373217701911926270e-01
4.113929867744445801e-01,5.942453742027282715e-01
3.566299974918365479e-01,6.388996243476867676e-01
5.461620092391967773e-01,6.060564517974853516e-01
4.572769999504089355e-01,6.795050501823425293e-01
8.328189849853515625e-01,5.578497052192687988e-01
7.171279788017272949e-01,5.896824598312377930e-01
1.118316054344177246e+00,8.570239543914794922e-01
9.298999905586242676e-01,9.451531171798706055e-01
5.822600126266479492e-01,9.013388752937316895e-01
9.527170062065124512e-01,8.646615147590637207e-01
7.143779993057250977e-01,6.207577586174011230e-01
8.574630022048950195e-01,6.309656500816345215e-01
4.385420083999633789e-01,6.925165057182312012e-01
3.294169902801513672e-01,5.855599045753479004e-01
7.933809757232666016e-01,6.451644301414489746e-01
7.389870285987854004e-01,7.046511173248291016e-01
7.226499915122985840e-01,8.525632023811340332e-01
7.269719839096069336e-01,8.043219447135925293e-01
7.440050244331359863e-01,7.125169634819030762e-01
7.944129705429077148e-01,8.125829100608825684e-01
7.056810259819030762e-01,6.317606568336486816e-01
5.480269789695739746e-01,6.058809757232666016e-01
4.206140041351318359e-01,3.855075538158416748e-01
6.336330175399780273e-01,6.886906027793884277e-01
6.419000029563903809e-01,7.291466593742370605e-01
8.079659938812255859e-01,8.633269071578979492e-01
8.811029791831970215e-01,6.229103207588195801e-01
8.766999840736389160e-01,5.366076827049255371e-01
8.692420125007629395e-01,7.532173991203308105e-01
7.481269836425781250e-01,6.389366984367370605e-01
7.019739747047424316e-01,7.622410058975219727e-01
7.721379995346069336e-01,7.654172182083129883e-01
9.624739885330200195e-01,8.626703023910522461e-01
6.988980174064636230e-01,8.887608051300048828e-01
6.159800291061401367e-01,6.976462006568908691e-01
1.021384954452514648e+00,8.477783799171447754e-01
8.685619831085205078e-01,6.414806842803955078e-01
9.219980239868164062e-01,6.774858832359313965e-01
6.361370086669921875e-01,5.760270953178405762e-01
5.917130112648010254e-01,6.390200853347778320e-01
7.895050048828125000e-01,5.862104296684265137e-01
7.001640200614929199e-01,6.727344989776611328e-01
7.283899784088134766e-01,7.235140204429626465e-01
4.951590001583099365e-01,6.404030919075012207e-01
4.664179980754852295e-01,5.636966228485107422e-01
4.355250000953674316e-01,5.831814408302307129e-01
3.879109919071197510e-01,6.293120980262756348e-01
7.045580148696899414e-01,7.051379084587097168e-01
7.188810110092163086e-01,6.528589725494384766e-01
5.751929879188537598e-01,6.507084369659423828e-01
4.321930110454559326e-01,6.295388340950012207e-01
3.968819975852966309e-01,6.500328183174133301e-01
4.330520033836364746e-01,5.417355895042419434e-01
9.118369817733764648e-01,7.524319887161254883e-01
4.966160058975219727e-01,6.310976147651672363e-01
5.833929777145385742e-01,6.724718213081359863e-01
7.854660153388977051e-01,6.011161208152770996e-01
8.066520094871520996e-01,7.225733399391174316e-01
8.459489941596984863e-01,6.486346125602722168e-01
5.045890212059020996e-01,4.769576787948608398e-01
5.379160046577453613e-01,5.719184279441833496e-01
8.656150102615356445e-01,5.802873969078063965e-01
8.612819910049438477e-01,6.444107294082641602e-01
4.357430040836334229e-01,6.374862790107727051e-01
3.978460133075714111e-01,6.580179333686828613e-01
2.847729921340942383e-01,6.227087974548339844e-01
3.036020100116729736e-01,5.888006687164306641e-01
7.350739836692810059e-01,8.021172881126403809e-01
4.798240065574645996e-01,6.880846023559570312e-01
5.379589796066284180e-01,8.132587671279907227e-01
5.781990289688110352e-01,6.608768701553344727e-01
5.934609770774841309e-01,6.513599157333374023e-01
5.612459778785705566e-01,6.234446763992309570e-01
6.136810183525085449e-01,5.424968600273132324e-01
7.863299846649169922e-01,6.663922667503356934e-01
8.476669788360595703e-01,6.327131390571594238e-01
8.773750066757202148e-01,6.907347440719604492e-01
8.312309980392456055e-01,6.810890436172485352e-01
9.086650013923645020e-01,6.797725558280944824e-01
8.180400133132934570e-01,7.831285595893859863e-01
6.682869791984558105e-01,8.165915608406066895e-01
6.350730061531066895e-01,6.293581128120422363e-01
4.613839983940124512e-01,6.415875554084777832e-01
3.893640041351318359e-01,5.651022195816040039e-01
8.549280166625976562e-01,8.086851239204406738e-01
1.008399963378906250e+00,6.582610607147216797e-01
1.089313983917236328e+00,6.597816348075866699e-01
8.772709965705871582e-01,5.908498167991638184e-01
9.321510195732116699e-01,8.660574555397033691e-01
5.695369839668273926e-01,5.821509957313537598e-01
6.461049914360046387e-01,4.793162941932678223e-01
5.786579847335815430e-01,5.640687346458435059e-01
6.338329911231994629e-01,5.630046725273132324e-01
5.973389744758605957e-01,5.393046736717224121e-01
8.273069858551025391e-01,5.309404134750366211e-01
5.584139823913574219e-01,6.288877129554748535e-01
5.915889739990234375e-01,5.442546010017395020e-01
5.875020027160644531e-01,6.098609566688537598e-01
5.323989987373352051e-01,6.404396891593933105e-01
8.527050018310546875e-01,5.293820500373840332e-01
8.653100132942199707e-01,5.845873355865478516e-01
4.384210109710693359e-01,6.056422591209411621e-01
7.740759849548339844e-01,6.530066132545471191e-01
9.214019775390625000e-01,6.557561755180358887e-01
9.143409729003906250e-01,7.545430064201354980e-01
7.677900195121765137e-01,4.804866015911102295e-01
9.503419995307922363e-01,6.776941418647766113e-01
3.999939858913421631e-01,6.049311161041259766e-01
6.577469706535339355e-01,6.207117438316345215e-01
7.821270227432250977e-01,5.957002043724060059e-01
6.539019942283630371e-01,5.120430588722229004e-01
8.991910219192504883e-01,6.524738669395446777e-01
4.205259978771209717e-01,6.159546971321105957e-01
3.209919929504394531e-01,4.995606839656829834e-01
7.984960079193115234e-01,8.541526198387145996e-01
8.456079959869384766e-01,6.934705376625061035e-01
8.656049966812133789e-01,6.793827414512634277e-01
8.738520145416259766e-01,6.762655973434448242e-01
8.701390027999877930e-01,7.668247818946838379e-01
9.146699905395507812e-01,5.551865696907043457e-01
4.653800129890441895e-01,7.732705473899841309e-01
5.932670235633850098e-01,6.740271449089050293e-01
9.884610176086425781e-01,6.849761009216308594e-01
7.387430071830749512e-01,6.711906790733337402e-01
5.809779763221740723e-01,5.898661017417907715e-01
5.771009922027587891e-01,6.091404557228088379e-01
1.035768032073974609e+00,6.990554928779602051e-01
6.026390194892883301e-01,6.471514105796813965e-01
5.721070170402526855e-01,6.237640976905822754e-01
6.610360145568847656e-01,7.584913372993469238e-01
5.822029709815979004e-01,7.525072693824768066e-01
7.760130167007446289e-01,5.495943427085876465e-01
7.730910181999206543e-01,6.446642279624938965e-01
4.217880070209503174e-01,4.024488329887390137e-01
4.216209948062896729e-01,6.518498063087463379e-01
9.652289748191833496e-01,7.340532541275024414e-01
1.033251047134399414e+00,6.331671476364135742e-01
4.427039921283721924e-01,5.140784978866577148e-01
4.011299908161163330e-01,5.525250434875488281e-01
7.718690037727355957e-01,5.715309381484985352e-01
3.918179869651794434e-01,7.234907150268554688e-01
5.695329904556274414e-01,5.989622473716735840e-01
8.566229939460754395e-01,5.736714601516723633e-01
5.319409966468811035e-01,5.212030410766601562e-01
4.720489978790283203e-01,6.170746088027954102e-01
5.024110078811645508e-01,5.534756779670715332e-01
4.255740046501159668e-01,6.670204401016235352e-01
8.299959897994995117e-01,6.931021809577941895e-01
4.961369931697845459e-01,7.149435877799987793e-01
6.321129798889160156e-01,7.247274518013000488e-01
6.675940155982971191e-01,6.196407675743103027e-01
5.667690038681030273e-01,7.201532721519470215e-01
4.951390027999877930e-01,5.734890103340148926e-01
4.940780103206634521e-01,6.213341951370239258e-01
4.516740143299102783e-01,5.660917162895202637e-01
8.318060040473937988e-01,6.826053857803344727e-01
8.180800080299377441e-01,6.257928013801574707e-01
5.145019888877868652e-01,6.885741949081420898e-01
3.963150084018707275e-01,5.816066861152648926e-01
5.198959708213806152e-01,7.746008038520812988e-01
4.493809938430786133e-01,8.981063365936279297e-01
5.954120159149169922e-01,6.009410023689270020e-01
5.592539906501770020e-01,6.802455186843872070e-01
7.107980251312255859e-01,7.349269390106201172e-01
8.865900039672851562e-01,9.179064035415649414e-01
7.607970237731933594e-01,6.387662291526794434e-01
5.948479771614074707e-01,6.338729858398437500e-01
4.792009890079498291e-01,6.868579387664794922e-01
7.580450177192687988e-01,6.926539540290832520e-01
3.993090093135833740e-01,5.278324484825134277e-01
4.863590002059936523e-01,6.289905309677124023e-01
4.314250051975250244e-01,6.170048713684082031e-01
7.142279744148254395e-01,7.841588258743286133e-01
7.654770016670227051e-01,8.417326807975769043e-01
8.317199945449829102e-01,8.482799530029296875e-01
8.319600224494934082e-01,8.564466834068298340e-01
8.274030089378356934e-01,6.317606568336486816e-01
4.469380080699920654e-01,5.804913640022277832e-01
4.050700068473815918e-01,7.513107061386108398e-01
6.703270077705383301e-01,7.217264175415039062e-01
8.178939819335937500e-01,7.620521783828735352e-01
7.095239758491516113e-01,8.472830057144165039e-01
6.827340126037597656e-01,8.374053239822387695e-01
6.545829772949218750e-01,8.188961148262023926e-01
7.234020233154296875e-01,6.760678887367248535e-01
7.236049771308898926e-01,7.332481145858764648e-01
3.579879999160766602e-01,5.097551345825195312e-01
3.392210006713867188e-01,5.535275340080261230e-01
4.335139989852905273e-01,5.599295496940612793e-01
4.898650050163269043e-01,5.878112912178039551e-01
9.158849716186523438e-01,5.433844923973083496e-01
5.489959716796875000e-01,5.522826313972473145e-01
5.318930149078369141e-01,6.419020295143127441e-01
6.839460134506225586e-01,5.868676304817199707e-01
6.882230043411254883e-01,5.848266482353210449e-01
5.330470204353332520e-01,5.325207710266113281e-01
4.242550134658813477e-01,5.889962315559387207e-01
4.582979977130889893e-01,5.601961016654968262e-01
3.720239996910095215e-01,5.477116107940673828e-01
6.570640206336975098e-01,7.338115572929382324e-01
4.567190110683441162e-01,5.689192414283752441e-01
8.974410295486450195e-01,5.189646482467651367e-01
8.517680168151855469e-01,7.479996085166931152e-01
9.572619795799255371e-01,6.986224055290222168e-01
6.304929852485656738e-01,5.846269726753234863e-01
5.445759892463684082e-01,6.278813481330871582e-01
6.638460159301757812e-01,4.902416169643402100e-01
5.756490230560302734e-01,5.442835092544555664e-01
1.076748013496398926e+00,7.919512391090393066e-01
8.720909953117370605e-01,6.386051177978515625e-01
1.009732007980346680e+00,8.220589756965637207e-01
1.055341005325317383e+00,7.616158723831176758e-01
8.639010190963745117e-01,5.339261889457702637e-01
9.243549704551696777e-01,7.061631679534912109e-01
5.987910032272338867e-01,6.336154937744140625e-01
9.909009933471679688e-01,7.807642817497253418e-01
8.445640206336975098e-01,6.536980271339416504e-01
9.326429963111877441e-01,6.138773560523986816e-01
9.389600157737731934e-01,6.865685582160949707e-01
9.497330188751220703e-01,5.887648463249206543e-01
7.746260166168212891e-01,6.089124679565429688e-01
6.670309901237487793e-01,5.732298493385314941e-01
8.637310266494750977e-01,7.627629041671752930e-01
8.772910237312316895e-01,6.703473329544067383e-01
8.629249930381774902e-01,6.109766960144042969e-01
6.469879746437072754e-01,7.017856240272521973e-01
5.590999722480773926e-01,5.461693406105041504e-01
7.119399905204772949e-01,8.455738425254821777e-01
6.592940092086791992e-01,7.940698266029357910e-01
5.450839996337890625e-01,6.997646689414978027e-01
9.287539720535278320e-01,6.317606568336486816e-01
7.410640120506286621e-01,6.449052691459655762e-01
7.682629823684692383e-01,6.383086442947387695e-01
5.421640276908874512e-01,5.834266543388366699e-01
5.077530145645141602e-01,6.420997977256774902e-01
5.596550107002258301e-01,7.544038891792297363e-01
5.175459980964660645e-01,5.547404289245605469e-01
6.304290294647216797e-01,5.466099381446838379e-01
9.593480229377746582e-01,8.333328962326049805e-01
6.797220110893249512e-01,5.852829217910766602e-01
8.355749845504760742e-01,5.866077542304992676e-01
6.073650121688842773e-01,5.837910771369934082e-01
4.939570128917694092e-01,6.606643795967102051e-01
3.893469870090484619e-01,5.791763663291931152e-01
2.825289964675903320e-01,5.999091863632202148e-01
7.755939960479736328e-01,6.668571829795837402e-01
5.777410268783569336e-01,5.901792645454406738e-01
7.800760269165039062e-01,6.596284508705139160e-01
7.095720171928405762e-01,7.360286116600036621e-01
5.995140075683593750e-01,6.299837231636047363e-01
5.729920268058776855e-01,6.368259787559509277e-01
7.078300118446350098e-01,6.641854047775268555e-01
7.013139724731445312e-01,7.188444733619689941e-01
5.022490024566650391e-01,4.968546032905578613e-01
4.504300057888031006e-01,6.474987268447875977e-01
4.695810079574584961e-01,6.317606568336486816e-01
4.595060050487518311e-01,5.745946764945983887e-01
8.878300189971923828e-01,7.701191306114196777e-01
6.173549890518188477e-01,5.941196084022521973e-01
5.221109986305236816e-01,5.596210360527038574e-01
7.728499770164489746e-01,5.441774725914001465e-01
8.160229921340942383e-01,5.477902293205261230e-01
6.476730108261108398e-01,4.948123991489410400e-01
6.268749833106994629e-01,4.505501091480255127e-01
9.586510062217712402e-01,5.948112607002258301e-01
6.349310278892517090e-01,5.491828322410583496e-01
5.595980286598205566e-01,7.361206412315368652e-01
7.028949856758117676e-01,6.411702036857604980e-01
5.221670269966125488e-01,6.704174876213073730e-01
5.722929835319519043e-01,5.852161049842834473e-01
8.516860008239746094e-01,8.890786767005920410e-01
6.482579708099365234e-01,6.489131450653076172e-01
4.521630108356475830e-01,5.895737409591674805e-01
4.571000039577484131e-01,6.462415456771850586e-01
4.167610108852386475e-01,7.188579440116882324e-01
4.067600071430206299e-01,7.220751643180847168e-01
5.009279847145080566e-01,6.317606568336486816e-01
4.522939920425415039e-01,5.624687075614929199e-01
3.688940107822418213e-01,6.252796053886413574e-01
3.591119945049285889e-01,6.724206805229187012e-01
5.306130051612854004e-01,5.762125253677368164e-01
5.764150023460388184e-01,5.947669744491577148e-01
6.061890125274658203e-01,7.454273700714111328e-01
5.469490289688110352e-01,8.189018368721008301e-01
5.313379764556884766e-01,6.082485914230346680e-01
5.543500185012817383e-01,5.948773622512817383e-01
7.966369986534118652e-01,6.171101927757263184e-01
4.672060012817382812e-01,6.113551259040832520e-01
5.117880105972290039e-01,7.499584555625915527e-01
8.104010224342346191e-01,6.942713856697082520e-01
7.673779726028442383e-01,6.193478703498840332e-01
7.236049771308898926e-01,7.157489061355590820e-01
3.845269978046417236e-01,7.025247216224670410e-01
2.342900037765502930e-01,6.032471060752868652e-01
7.825390100479125977e-01,7.220652103424072266e-01
3.625879883766174316e-01,6.839379668235778809e-01
4.853810071945190430e-01,6.077524423599243164e-01
4.656080007553100586e-01,6.061004996299743652e-01
4.591059982776641846e-01,5.686427354812622070e-01
5.241339802742004395e-01,6.403507590293884277e-01
4.454570114612579346e-01,5.423179268836975098e-01
8.106110095977783203e-01,7.055428624153137207e-01
7.247819900512695312e-01,8.510047197341918945e-01
4.167230129241943359e-01,5.561679601669311523e-01
2.925019860267639160e-01,6.422475576400756836e-01
7.133439779281616211e-01,6.551263928413391113e-01
7.580040097236633301e-01,6.512169837951660156e-01
7.444149851799011230e-01,6.715388894081115723e-01
8.117489814758300781e-01,8.288460969924926758e-01
4.758900105953216553e-01,5.707659125328063965e-01
5.097770094871520996e-01,6.741022467613220215e-01
4.938980042934417725e-01,5.799446702003479004e-01
4.798539876937866211e-01,7.083384394645690918e-01
7.278800010681152344e-01,5.896087884902954102e-01
6.589260101318359375e-01,7.136776447296142578e-01
3.456830084323883057e-01,6.577106118202209473e-01
3.376649916172027588e-01,6.172282695770263672e-01
7.048500180244445801e-01,5.744212865829467773e-01
7.270529866218566895e-01,5.698378682136535645e-01
7.546390295028686523e-01,6.672314405441284180e-01
7.385290265083312988e-01,6.955017447471618652e-01
7.108250260353088379e-01,6.139633655548095703e-01
7.550510168075561523e-01,6.317606568336486816e-01
7.790390253067016602e-01,5.190609097480773926e-01
7.782210111618041992e-01,6.802480816841125488e-01
7.371979951858520508e-01,6.992576718330383301e-01
4.093239903450012207e-01,5.814436078071594238e-01
4.002569913864135742e-01,6.311419606208801270e-01
8.223559856414794922e-01,6.920675635337829590e-01
7.670590281486511230e-01,5.357167124748229980e-01
7.762529850006103516e-01,6.184758543968200684e-01
6.409900188446044922e-01,5.615503787994384766e-01
4.953120052814483643e-01,7.013948559761047363e-01
5.226100087165832520e-01,6.614041924476623535e-01
5.375369787216186523e-01,6.492614150047302246e-01
7.744730114936828613e-01,6.471741795539855957e-01
7.201690077781677246e-01,7.932441234588623047e-01
4.025090038776397705e-01,6.468519568443298340e-01
4.248340129852294922e-01,6.336320638656616211e-01
5.440319776535034180e-01,5.474992990493774414e-01
5.458070039749145508e-01,6.317606568336486816e-01
5.143010020256042480e-01,6.448246836662292480e-01
1.283919960260391235e-01,5.780653953552246094e-01
4.799610078334808350e-01,6.511967182159423828e-01
4.827969968318939209e-01,5.878071188926696777e-01
4.191559851169586182e-01,6.068091988563537598e-01
4.202629923820495605e-01,6.040912270545959473e-01
4.455190002918243408e-01,6.064844131469726562e-01
4.649409949779510498e-01,6.114976406097412109e-01
4.379189908504486084e-01,6.626274585723876953e-01
3.575479984283447266e-01,6.915670037269592285e-01
4.716239869594573975e-01,6.906458735466003418e-01
3.796350061893463135e-01,6.859639286994934082e-01
9.214640259742736816e-01,8.697388768196105957e-01
4.333080053329467773e-01,5.988652706146240234e-01
3.111720085144042969e-01,4.718074202537536621e-01
5.855209827423095703e-01,5.391430258750915527e-01
8.130739927291870117e-01,6.346297860145568848e-01
8.823990225791931152e-01,6.503975987434387207e-01
8.717830181121826172e-01,7.053183913230895996e-01
5.343440175056457520e-01,6.088653206825256348e-01
5.030760169029235840e-01,5.976324081420898438e-01
3.831309974193572998e-01,6.242857575416564941e-01
3.703170120716094971e-01,6.583442091941833496e-01
7.185519933700561523e-01,7.012420296669006348e-01
5.628629922866821289e-01,5.578561425209045410e-01
5.820699930191040039e-01,4.889927804470062256e-01
7.258139848709106445e-01,6.663386225700378418e-01
9.322280287742614746e-01,5.960543155670166016e-01
8.355810046195983887e-01,7.053191065788269043e-01
1.003996968269348145e+00,7.631304264068603516e-01
7.495840191841125488e-01,6.234663724899291992e-01
5.701310038566589355e-01,6.535518765449523926e-01
5.608569979667663574e-01,5.571522116661071777e-01
7.912240028381347656e-01,6.412038207054138184e-01
9.734770059585571289e-01,6.458678245544433594e-01
6.054340004920959473e-01,5.771921277046203613e-01
5.711100101470947266e-01,7.763169407844543457e-01
6.897280216217041016e-01,5.386314392089843750e-01
5.663610100746154785e-01,5.426810383796691895e-01
8.047350049018859863e-01,6.058788895606994629e-01
7.769320011138916016e-01,7.536305189132690430e-01
4.252600073814392090e-01,6.472977399826049805e-01
4.948160052299499512e-01,7.186502814292907715e-01
8.066130280494689941e-01,8.948290944099426270e-01
7.680529952049255371e-01,8.691495060920715332e-01
8.283089995384216309e-01,7.900370359420776367e-01
8.398209810256958008e-01,9.082930684089660645e-01
2.097119987010955811e-01,6.135757565498352051e-01
1.986239999532699585e-01,6.002487540245056152e-01
5.077189803123474121e-01,5.996736884117126465e-01
3.916350007057189941e-01,7.387046217918395996e-01
5.209419727325439453e-01,5.406350493431091309e-01
4.342939853668212891e-01,5.410934686660766602e-01
5.760899782180786133e-01,5.861989855766296387e-01
5.643489956855773926e-01,6.618548035621643066e-01
7.192500233650207520e-01,6.493881940841674805e-01
5.510129928588867188e-01,5.731326937675476074e-01
5.437510013580322266e-01,5.853577256202697754e-01
4.255770146846771240e-01,5.549611449241638184e-01
4.023050069808959961e-01,5.493705272674560547e-01
7.307509779930114746e-01,7.460959553718566895e-01
5.549679994583129883e-01,6.317606568336486816e-01
5.682780146598815918e-01,5.392777323722839355e-01
4.806059896945953369e-01,6.396859288215637207e-01
4.541890025138854980e-01,6.024671792984008789e-01
5.218409895896911621e-01,6.581017374992370605e-01
4.774610102176666260e-01,5.112233161926269531e-01
7.488989830017089844e-01,6.367892026901245117e-01
4.548609852790832520e-01,5.982638001441955566e-01
4.151560068130493164e-01,7.120696902275085449e-01
5.788750052452087402e-01,5.714873671531677246e-01
5.465869903564453125e-01,4.819267690181732178e-01
5.737190246582031250e-01,5.954861044883728027e-01
4.038619995117187500e-01,6.344442367553710938e-01
7.483440041542053223e-01,7.111933231353759766e-01
7.879369854927062988e-01,6.281525492668151855e-01
4.969420135021209717e-01,6.522128582000732422e-01
4.665910005569458008e-01,6.663846373558044434e-01
8.437820076942443848e-01,7.523689270019531250e-01
7.870900034904479980e-01,7.884036302566528320e-01
7.908539772033691406e-01,7.809187173843383789e-01
5.198180079460144043e-01,6.971682906150817871e-01
4.610440135002136230e-01,7.393642067909240723e-01
8.246870040893554688e-01,7.101435065269470215e-01
5.285959839820861816e-01,5.896076560020446777e-01
5.067030191421508789e-01,6.869713664054870605e-01
7.896550297737121582e-01,7.162615060806274414e-01
5.889909863471984863e-01,6.673792600631713867e-01
4.994319975376129150e-01,6.529716253280639648e-01
4.309659898281097412e-01,4.831222593784332275e-01
3.834680020809173584e-01,4.174767732620239258e-01
9.525309801101684570e-01,9.150832295417785645e-01
5.956879854202270508e-01,5.136996507644653320e-01
5.645239949226379395e-01,6.194234490394592285e-01
7.156739830970764160e-01,7.292588353157043457e-01
7.834950089454650879e-01,6.792811155319213867e-01
7.375649809837341309e-01,6.198668479919433594e-01
5.132870078086853027e-01,7.228053212165832520e-01
3.370890021324157715e-01,5.358176827430725098e-01
1.058187007904052734e+00,8.708599209785461426e-01
1.034665942192077637e+00,8.491824269294738770e-01
5.321859717369079590e-01,6.871985793113708496e-01
4.882780015468597412e-01,5.746748447418212891e-01
7.991430163383483887e-01,5.667372345924377441e-01
5.287879705429077148e-01,6.423566937446594238e-01
5.084670186042785645e-01,6.397081017494201660e-01
7.639840245246887207e-01,7.731174230575561523e-01
8.448439836502075195e-01,7.477467060089111328e-01
9.135199785232543945e-01,8.856523036956787109e-01
9.043779969215393066e-01,7.988604903221130371e-01
9.020820260047912598e-01,7.324693799018859863e-01
8.532260060310363770e-01,7.931482791900634766e-01
4.062429964542388916e-01,5.818805694580078125e-01
4.509870111942291260e-01,6.182336211204528809e-01
5.683130025863647461e-01,6.298721432685852051e-01
6.109780073165893555e-01,6.547324061393737793e-01
8.165320158004760742e-01,6.092453598976135254e-01
7.621979713439941406e-01,5.858125090599060059e-01
5.604509711265563965e-01,6.775150895118713379e-01
5.122330188751220703e-01,6.274750232696533203e-01
6.588000059127807617e-01,6.899926066398620605e-01
6.140909790992736816e-01,6.130374073982238770e-01
6.761710047721862793e-01,5.109509825706481934e-01
6.336740255355834961e-01,5.656154155731201172e-01
5.640419721603393555e-01,7.121312022209167480e-01
4.381639957427978516e-01,6.811218857765197754e-01
8.870779871940612793e-01,7.769606709480285645e-01
7.255650162696838379e-01,7.753846049308776855e-01
7.252150177955627441e-01,7.995677590370178223e-01
7.486749887466430664e-01,7.618815302848815918e-01
7.101749777793884277e-01,8.333919644355773926e-01
7.358040213584899902e-01,7.183975577354431152e-01
5.343869924545288086e-01,6.612471938133239746e-01
8.000310063362121582e-01,6.950705647468566895e-01
8.346059918403625488e-01,7.671337723731994629e-01
8.098300099372863770e-01,6.092801690101623535e-01
4.447340071201324463e-01,5.804327130317687988e-01
4.096879959106445312e-01,5.745963454246520996e-01
1.094184041023254395e+00,7.428537011146545410e-01
6.715700030326843262e-01,5.745447278022766113e-01
5.776829719543457031e-01,5.864560604095458984e-01
6.337220072746276855e-01,5.830914378166198730e-01
5.597440004348754883e-01,6.253565549850463867e-01
7.824349999427795410e-01,7.350584268569946289e-01
7.869359850883483887e-01,6.404081583023071289e-01
6.896359920501708984e-01,7.416757941246032715e-01
6.594030261039733887e-01,6.646244525909423828e-01
6.550329923629760742e-01,7.399451732635498047e-01
4.698710143566131592e-01,5.766599178314208984e-01
9.550039768218994141e-01,7.749991416931152344e-01
4.963029921054840088e-01,6.343439221382141113e-01
4.335609972476959229e-01,7.094461917877197266e-01
4.740499854087829590e-01,6.518334746360778809e-01
5.027940273284912109e-01,5.570851564407348633e-01
8.514860272407531738e-01,8.046492934226989746e-01
3.454369902610778809e-01,6.812385916709899902e-01
2.412980049848556519e-01,6.211236715316772461e-01
1.012158036231994629e+00,6.817502379417419434e-01
4.924469888210296631e-01,5.931456685066223145e-01
5.777590274810791016e-01,5.432398915290832520e-01
8.162080049514770508e-01,6.913036704063415527e-01
3.524169921875000000e-01,7.392564415931701660e-01
3.424899876117706299e-01,6.564275026321411133e-01
1.009542942047119141e+00,6.668583750724792480e-01
5.650519728660583496e-01,6.685304045677185059e-01
6.220309734344482422e-01,6.329926848411560059e-01
7.920029759407043457e-01,5.914840102195739746e-01
7.983390092849731445e-01,6.702433228492736816e-01
4.666740000247955322e-01,5.190365910530090332e-01
4.471249878406524658e-01,6.191702485084533691e-01
6.724529862403869629e-01,8.306303620338439941e-01
6.895480155944824219e-01,6.526382565498352051e-01
7.320330142974853516e-01,9.276899099349975586e-01
4.281879961490631104e-01,5.951003432273864746e-01
3.284260034561157227e-01,6.921429038047790527e-01
7.753350138664245605e-01,6.317606568336486816e-01
7.916340231895446777e-01,6.441152095794677734e-01
8.545870184898376465e-01,8.625795841217041016e-01
6.200399994850158691e-01,4.884538352489471436e-01
1.042963027954101562e+00,9.094108343124389648e-01
9.283369779586791992e-01,6.247212886810302734e-01
9.169380068778991699e-01,6.254963874816894531e-01
5.532310009002685547e-01,6.446182131767272949e-01
4.757640063762664795e-01,7.835241556167602539e-01
6.067469716072082520e-01,6.338379383087158203e-01
5.548580288887023926e-01,6.258188486099243164e-01
4.728769958019256592e-01,6.334625482559204102e-01
3.807449936866760254e-01,5.278642177581787109e-01
5.232939720153808594e-01,6.416859030723571777e-01
6.286579966545104980e-01,5.954824090003967285e-01
7.406399846076965332e-01,6.832136511802673340e-01
6.464710235595703125e-01,5.603191256523132324e-01
6.251620054244995117e-01,6.570761799812316895e-01
8.087059855461120605e-01,6.005014777183532715e-01
6.283630132675170898e-01,5.625724792480468750e-01
4.901230037212371826e-01,5.495248436927795410e-01
8.589349985122680664e-01,5.699635148048400879e-01
5.511760115623474121e-01,6.317606568336486816e-01
4.266810119152069092e-01,6.833784580230712891e-01
7.170590162277221680e-01,6.213685870170593262e-01
7.199569940567016602e-01,5.667256712913513184e-01
7.014539837837219238e-01,7.262806296348571777e-01
7.557709813117980957e-01,6.877192258834838867e-01
6.150519847869873047e-01,6.447849869728088379e-01
4.580439925193786621e-01,6.391598582267761230e-01
8.056380152702331543e-01,8.995347619056701660e-01
7.985060214996337891e-01,8.878887295722961426e-01
5.122600197792053223e-01,6.382763981819152832e-01
4.626039862632751465e-01,4.926236867904663086e-01
6.417109966278076172e-01,7.389292120933532715e-01
5.774670243263244629e-01,8.695308566093444824e-01
5.806559920310974121e-01,6.369255781173706055e-01
7.355579733848571777e-01,6.788197159767150879e-01
5.331370234489440918e-01,5.191598534584045410e-01
4.527679979801177979e-01,5.277376174926757812e-01
9.170140027999877930e-01,7.089783549308776855e-01
6.413909792900085449e-01,6.403047442436218262e-01
6.453689932823181152e-01,6.568723320960998535e-01
1.013980031013488770e+00,7.246459722518920898e-01
8.684399724006652832e-01,6.894983053207397461e-01
9.490280151367187500e-01,5.658535361289978027e-01
9.609100222587585449e-01,5.936985611915588379e-01
9.538140296936035156e-01,7.003871798515319824e-01
6.695250272750854492e-01,5.225385427474975586e-01
6.291279792785644531e-01,6.508675217628479004e-01
8.738459944725036621e-01,5.135163664817810059e-01
7.417449951171875000e-01,6.443818807601928711e-01
7.165409922599792480e-01,5.800241827964782715e-01
7.185199856758117676e-01,6.317606568336486816e-01
7.178279757499694824e-01,6.509452462196350098e-01
7.357699871063232422e-01,6.356577277183532715e-01
4.284130036830902100e-01,6.317606568336486816e-01
4.480769932270050049e-01,6.317606568336486816e-01
7.027729749679565430e-01,6.317606568336486816e-01
8.194090127944946289e-01,6.870220303535461426e-01
5.712270140647888184e-01,6.843413710594177246e-01
5.317580103874206543e-01,6.452134251594543457e-01
8.499680161476135254e-01,5.389428734779357910e-01
8.658210039138793945e-01,7.019820809364318848e-01
4.659309983253479004e-01,4.841310977935791016e-01
4.546479880809783936e-01,5.507195591926574707e-01
3.970249891281127930e-01,4.428019523620605469e-01
7.406160235404968262e-01,6.317606568336486816e-01
7.207480072975158691e-01,6.317606568336486816e-01
7.415720224380493164e-01,6.533032059669494629e-01
7.101420164108276367e-01,7.115316987037658691e-01
7.326570153236389160e-01,6.317606568336486816e-01
5.519359707832336426e-01,6.565842032432556152e-01
6.883029937744140625e-01,6.317606568336486816e-01
4.461329877376556396e-01,6.317606568336486816e-01
4.176470041275024414e-01,5.634000301361083984e-01
8.315560221672058105e-01,7.597795128822326660e-01
7.518650293350219727e-01,7.123715281486511230e-01
8.551489710807800293e-01,6.745042204856872559e-01
8.767229914665222168e-01,7.153479456901550293e-01
8.665850162506103516e-01,6.669872999191284180e-01
8.274919986724853516e-01,6.564419865608215332e-01
5.131509900093078613e-01,6.440431475639343262e-01
4.013290107250213623e-01,6.317606568336486816e-01
7.511849999427795410e-01,6.392895579338073730e-01
7.363690137863159180e-01,6.464386582374572754e-01
7.096869945526123047e-01,6.476858258247375488e-01
6.191260218620300293e-01,6.363947987556457520e-01
6.641290187835693359e-01,6.300318837165832520e-01
8.638619780540466309e-01,6.733236908912658691e-01
5.819299817085266113e-01,6.028748154640197754e-01
4.742020070552825928e-01,6.317606568336486816e-01
4.697889983654022217e-01,6.317606568336486816e-01
4.327090084552764893e-01,6.317606568336486816e-01
5.078719854354858398e-01,6.615424752235412598e-01
5.425490140914916992e-01,6.334826946258544922e-01
5.509080290794372559e-01,6.621969342231750488e-01
5.710229873657226562e-01,6.398386359214782715e-01
5.739349722862243652e-01,5.694504976272583008e-01
5.833989977836608887e-01,5.886439681053161621e-01
6.301339864730834961e-01,7.162332534790039062e-01
4.354650080204010010e-01,6.317606568336486816e-01
5.808100104331970215e-01,6.017959713935852051e-01
8.194379806518554688e-01,5.279421210289001465e-01
9.165179729461669922e-01,7.189731001853942871e-01
7.272149920463562012e-01,6.876376867294311523e-01
8.903440237045288086e-01,7.491687536239624023e-01
4.817740023136138916e-01,4.634267389774322510e-01
4.547519981861114502e-01,5.800336003303527832e-01
7.029269933700561523e-01,6.511741876602172852e-01
7.688819766044616699e-01,5.385336875915527344e-01
4.744499921798706055e-01,6.387915611267089844e-01
4.907169938087463379e-01,5.201988816261291504e-01
8.712450265884399414e-01,6.129649281501770020e-01
5.636669993400573730e-01,5.582475066184997559e-01
4.402950108051300049e-01,7.533276677131652832e-01
1.166548967361450195e+00,6.165590882301330566e-01
4.659009873867034912e-01,5.387949347496032715e-01
4.742830097675323486e-01,6.102724671363830566e-01
4.895789921283721924e-01,6.317606568336486816e-01
4.725610017776489258e-01,6.031076312065124512e-01
8.784000277519226074e-01,6.102221608161926270e-01
8.221979737281799316e-01,7.629539370536804199e-01
7.915480136871337891e-01,5.776457786560058594e-01
7.048469781875610352e-01,6.167441010475158691e-01
8.304600119590759277e-01,7.215639948844909668e-01
8.113939762115478516e-01,7.056826949119567871e-01
8.197280168533325195e-01,6.247478127479553223e-01
8.691250085830688477e-01,6.223345398902893066e-01
5.829619765281677246e-01,5.183643102645874023e-01
6.190249919891357422e-01,5.828748345375061035e-01
8.994650244712829590e-01,9.532500505447387695e-01
5.742490291595458984e-01,6.333549618721008301e-01
4.574269950389862061e-01,6.479873061180114746e-01
7.285150289535522461e-01,6.439102292060852051e-01
7.490900158882141113e-01,6.508952975273132324e-01
7.615370154380798340e-01,6.317606568336486816e-01
6.029400229454040527e-01,6.322498321533203125e-01
5.535950064659118652e-01,6.433786153793334961e-01
7.685289978981018066e-01,6.573686599731445312e-01
5.704010128974914551e-01,6.317606568336486816e-01
6.801019906997680664e-01,6.881171464920043945e-01
7.027260065078735352e-01,6.137447953224182129e-01
7.537729740142822266e-01,6.498985886573791504e-01
6.937940120697021484e-01,6.990802884101867676e-01
6.393889784812927246e-01,7.668143510818481445e-01
8.770419955253601074e-01,8.345744013786315918e-01
5.578399896621704102e-01,6.613268256187438965e-01
4.857769906520843506e-01,6.435914635658264160e-01
7.956140041351318359e-01,6.508516669273376465e-01
7.126370072364807129e-01,6.520753502845764160e-01
7.164769768714904785e-01,6.520066857337951660e-01
7.175400257110595703e-01,6.317606568336486816e-01
7.432429790496826172e-01,6.317606568336486816e-01
7.063530087471008301e-01,6.434621810913085938e-01
7.000799775123596191e-01,6.317606568336486816e-01
5.481939911842346191e-01,6.206160783767700195e-01
6.628190279006958008e-01,5.282477140426635742e-01
8.283839821815490723e-01,6.395812034606933594e-01
8.924819827079772949e-01,6.436789631843566895e-01
8.821660280227661133e-01,6.471584439277648926e-01
9.740260243415832520e-01,5.752425789833068848e-01
8.106160163879394531e-01,6.771239042282104492e-01
5.432569980621337891e-01,6.006183028221130371e-01
4.235480129718780518e-01,5.497770309448242188e-01
8.868979811668395996e-01,6.409727334976196289e-01
8.574420213699340820e-01,5.610107779502868652e-01
8.443809747695922852e-01,8.386924266815185547e-01
7.785000205039978027e-01,6.934736371040344238e-01
9.754760265350341797e-01,7.545173764228820801e-01
9.437699913978576660e-01,6.173303127288818359e-01
5.276740193367004395e-01,5.695331096649169922e-01
4.422239959239959717e-01,5.097177028656005859e-01
8.370440006256103516e-01,6.945568323135375977e-01
5.533540248870849609e-01,6.506591439247131348e-01
4.807159900665283203e-01,6.523038744926452637e-01
4.633109867572784424e-01,6.510159373283386230e-01
7.609210014343261719e-01,6.501025557518005371e-01
6.323599815368652344e-01,6.317606568336486816e-01
6.467450261116027832e-01,7.136518955230712891e-01
6.189650297164916992e-01,6.960389614105224609e-01
6.277319788932800293e-01,7.119141221046447754e-01
5.700479745864868164e-01,4.815283715724945068e-01
4.858730137348175049e-01,6.892939209938049316e-01
7.223740220069885254e-01,6.317606568336486816e-01
9.877420067787170410e-01,7.819733619689941406e-01
3.882000148296356201e-01,5.314959883689880371e-01
4.046280086040496826e-01,6.161271929740905762e-01
7.713149785995483398e-01,6.835352778434753418e-01
5.456320047378540039e-01,6.197872757911682129e-01
6.298570036888122559e-01,6.075611710548400879e-01
7.247790098190307617e-01,6.317606568336486816e-01
7.965090274810791016e-01,6.317606568336486816e-01
6.470760107040405273e-01,6.035290360450744629e-01
5.762349963188171387e-01,7.286354303359985352e-01
8.807790279388427734e-01,7.870340943336486816e-01
4.869070053100585938e-01,6.059117317199707031e-01
4.409460127353668213e-01,7.639549970626831055e-01
6.460139751434326172e-01,6.240684390068054199e-01
7.313269972801208496e-01,5.891023278236389160e-01
8.960719704627990723e-01,5.595420002937316895e-01
7.828450202941894531e-01,6.572231650352478027e-01
6.303189992904663086e-01,5.792323350906372070e-01
6.595960259437561035e-01,6.007439494132995605e-01
7.856879830360412598e-01,5.621656775474548340e-01
8.069049715995788574e-01,6.997504234313964844e-01
8.784430027008056641e-01,7.481589913368225098e-01
7.117400169372558594e-01,5.269343256950378418e-01
7.147889733314514160e-01,6.317606568336486816e-01
9.192870259284973145e-01,6.839891076087951660e-01
9.041579961776733398e-01,7.467359900474548340e-01
7.613800168037414551e-01,8.096114397048950195e-01
8.589929938316345215e-01,7.246919274330139160e-01
8.115320205688476562e-01,8.576280474662780762e-01
8.087360262870788574e-01,7.137237787246704102e-01
8.072739839553833008e-01,7.148984074592590332e-01
7.811959981918334961e-01,5.561428070068359375e-01
7.739070057868957520e-01,5.827283263206481934e-01
7.192370295524597168e-01,6.573451161384582520e-01
6.365979909896850586e-01,6.931930780410766602e-01
6.324130296707153320e-01,7.476187944412231445e-01
6.289849877357482910e-01,6.391354203224182129e-01
5.890110135078430176e-01,5.333034992218017578e-01
8.333230018615722656e-01,6.553660631179809570e-01
7.707949876785278320e-01,7.568250894546508789e-01
7.180200219154357910e-01,7.161362767219543457e-01
8.833780288696289062e-01,7.529841065406799316e-01
5.913149714469909668e-01,6.793736815452575684e-01
8.851169943809509277e-01,6.779454350471496582e-01
5.662689805030822754e-01,6.046121120452880859e-01
4.884519875049591064e-01,6.872779726982116699e-01
9.128410220146179199e-01,7.967993617057800293e-01
8.085590004920959473e-01,8.240305185317993164e-01
4.123669862747192383e-01,7.918547987937927246e-01
3.750860095024108887e-01,6.373468041419982910e-01
7.393789887428283691e-01,7.768784165382385254e-01
7.510610222816467285e-01,6.960240006446838379e-01
3.853380084037780762e-01,6.317606568336486816e-01
3.426240086555480957e-01,6.317606568336486816e-01
7.420219779014587402e-01,5.450909137725830078e-01
7.264930009841918945e-01,6.317606568336486816e-01
7.048550248146057129e-01,6.317606568336486816e-01
7.288339734077453613e-01,6.647500395774841309e-01
7.471299767494201660e-01,6.203512549400329590e-01
4.501169919967651367e-01,5.597142577171325684e-01
6.147699952125549316e-01,6.317606568336486816e-01
3.528859913349151611e-01,5.365315079689025879e-01
2.766210138797760010e-01,5.671806931495666504e-01
8.941760063171386719e-01,8.456562161445617676e-01
8.666319847106933594e-01,7.058252692222595215e-01
7.210900187492370605e-01,6.317606568336486816e-01
5.748699903488159180e-01,6.323783397674560547e-01
5.070909857749938965e-01,5.106430649757385254e-01
7.301070094108581543e-01,6.202363967895507812e-01
8.606839776039123535e-01,5.492451786994934082e-01
8.910440206527709961e-01,8.622719645500183105e-01
2.959249913692474365e-01,7.322158217430114746e-01
2.636660039424896240e-01,6.914196610450744629e-01
4.268040060997009277e-01,6.317606568336486816e-01
4.236359894275665283e-01,6.317606568336486816e-01
8.376160264015197754e-01,6.092140078544616699e-01
8.744639754295349121e-01,7.320992350578308105e-01
4.350180029869079590e-01,5.222770571708679199e-01
3.464570045471191406e-01,4.899316430091857910e-01
7.030580043792724609e-01,5.806909203529357910e-01
4.661020040512084961e-01,5.520842075347900391e-01
3.646439909934997559e-01,8.562692999839782715e-01
5.754439830780029297e-01,6.317606568336486816e-01
5.347679853439331055e-01,6.317606568336486816e-01
7.605389952659606934e-01,6.419520974159240723e-01
7.708129882812500000e-01,7.802608609199523926e-01
5.068309903144836426e-01,7.321414351463317871e-01
4.462549984455108643e-01,5.711510777473449707e-01
5.559740066528320312e-01,5.729784369468688965e-01
5.579770207405090332e-01,6.392320990562438965e-01
6.137359738349914551e-01,6.317606568336486816e-01
5.534459948539733887e-01,6.210022568702697754e-01
8.327609896659851074e-01,6.691572070121765137e-01
7.151730060577392578e-01,7.898839116096496582e-01
7.325519919395446777e-01,7.045187354087829590e-01
7.461509704589843750e-01,7.527305483818054199e-01
5.828649997711181641e-01,4.203501045703887939e-01
5.776489973068237305e-01,6.317606568336486816e-01
5.579800009727478027e-01,6.317606568336486816e-01
5.329300165176391602e-01,4.559297561645507812e-01
7.244809865951538086e-01,5.183655619621276855e-01
7.518069744110107422e-01,5.700325369834899902e-01
7.693830132484436035e-01,7.233487963676452637e-01
7.876889705657958984e-01,6.263487935066223145e-01
4.718289971351623535e-01,6.217575073242187500e-01
3.711459934711456299e-01,7.003341913223266602e-01
7.110810279846191406e-01,6.491386294364929199e-01
5.043089985847473145e-01,5.850359201431274414e-01
5.785329937934875488e-01,7.469894886016845703e-01
7.002379894256591797e-01,4.867844283580780029e-01
5.332620143890380859e-01,5.405612587928771973e-01
4.612750113010406494e-01,5.216752886772155762e-01
4.680680036544799805e-01,7.919525504112243652e-01
4.208930134773254395e-01,6.516261696815490723e-01
5.281429886817932129e-01,8.099559545516967773e-01
6.098809838294982910e-01,6.098787188529968262e-01
7.057480216026306152e-01,6.317606568336486816e-01
5.974389910697937012e-01,6.317606568336486816e-01
5.694400072097778320e-01,6.317606568336486816e-01
7.470489740371704102e-01,7.989704012870788574e-01
7.041739821434020996e-01,7.450748085975646973e-01
5.474879741668701172e-01,5.095292329788208008e-01
5.463590025901794434e-01,6.317606568336486816e-01
8.879359960556030273e-01,5.966403484344482422e-01
7.403100132942199707e-01,6.931897997856140137e-01
3.380239903926849365e-01,6.829258799552917480e-01
2.645910084247589111e-01,6.522400975227355957e-01
4.195320010185241699e-01,6.317606568336486816e-01
4.188790023326873779e-01,6.338339447975158691e-01
7.179290056228637695e-01,6.667944788932800293e-01
8.804960250854492188e-01,9.056257009506225586e-01
4.525009989738464355e-01,6.381528377532958984e-01
4.092490077018737793e-01,5.608817934989929199e-01
7.333329916000366211e-01,6.317606568336486816e-01
7.175289988517761230e-01,5.799273848533630371e-01
5.976529717445373535e-01,6.317606568336486816e-01
6.279240250587463379e-01,5.544844269752502441e-01
8.053460121154785156e-01,8.139632940292358398e-01
8.114910125732421875e-01,8.122915029525756836e-01
7.121719717979431152e-01,8.289335370063781738e-01
9.381549954414367676e-01,6.200811266899108887e-01
9.536659717559814453e-01,6.344506144523620605e-01
6.969789862632751465e-01,6.558752655982971191e-01
9.184439778327941895e-01,7.715447545051574707e-01
6.045259833335876465e-01,7.097280621528625488e-01
6.155279874801635742e-01,5.436503887176513672e-01
9.432269930839538574e-01,5.193969607353210449e-01
1.072785019874572754e+00,7.412863373756408691e-01
1.023399949073791504e+00,8.308257460594177246e-01
8.730589747428894043e-01,8.245432972908020020e-01
8.937829732894897461e-01,8.991366028785705566e-01
5.928469896316528320e-01,6.507042050361633301e-01
5.536689758300781250e-01,8.762682080268859863e-01
7.616519927978515625e-01,6.201275587081909180e-01
8.822680115699768066e-01,6.972494721412658691e-01
7.072179913520812988e-01,6.317606568336486816e-01
7.064899802207946777e-01,6.317606568336486816e-01
5.682730078697204590e-01,6.697522997856140137e-01
5.837680101394653320e-01,6.570605635643005371e-01
7.138479948043823242e-01,6.212385296821594238e-01
8.680940270423889160e-01,6.116673946380615234e-01
8.243139982223510742e-01,7.124659419059753418e-01
8.241659998893737793e-01,7.276195883750915527e-01
8.275899887084960938e-01,7.035771608352661133e-01
8.099110126495361328e-01,7.107177376747131348e-01
4.924139976501464844e-01,5.455219149589538574e-01
4.094569981098175049e-01,6.704388260841369629e-01
6.635689735412597656e-01,5.947715044021606445e-01
8.546850085258483887e-01,6.448705792427062988e-01
6.391770243644714355e-01,6.609176397323608398e-01
8.625850081443786621e-01,7.745792269706726074e-01
6.426119804382324219e-01,6.291506886482238770e-01
5.090100169181823730e-01,3.863633275032043457e-01
7.243520021438598633e-01,6.317606568336486816e-01
8.529400229454040527e-01,6.581911444664001465e-01
6.289010047912597656e-01,6.741594672203063965e-01
7.570710182189941406e-01,5.766320824623107910e-01
7.445210218429565430e-01,7.148483395576477051e-01
4.477989971637725830e-01,4.859604835510253906e-01
3.746429979801177979e-01,4.709437787532806396e-01
8.407779932022094727e-01,6.317606568336486816e-01
6.295480132102966309e-01,6.317606568336486816e-01
6.022109985351562500e-01,4.918903410434722900e-01
7.748230099678039551e-01,6.188332438468933105e-01
8.416690230369567871e-01,8.424612283706665039e-01
8.113920092582702637e-01,7.636206150054931641e-01
8.294140100479125977e-01,8.201799988746643066e-01
6.293900012969970703e-01,6.328018307685852051e-01
6.827899813652038574e-01,5.475267767906188965e-01
6.155369877815246582e-01,6.559323668479919434e-01
8.007680177688598633e-01,6.452717185020446777e-01
8.662710189819335938e-01,6.979575157165527344e-01
7.435550093650817871e-01,6.548165082931518555e-01
8.479970097541809082e-01,5.705200433731079102e-01
7.327200174331665039e-01,8.472301363945007324e-01
5.116810202598571777e-01,6.441736817359924316e-01
4.680559933185577393e-01,4.718571603298187256e-01
7.024509906768798828e-01,6.494638919830322266e-01
5.479670166969299316e-01,7.968515753746032715e-01
5.023030042648315430e-01,7.118120193481445312e-01
4.730840027332305908e-01,4.057914912700653076e-01
4.794639945030212402e-01,6.096411347389221191e-01
5.418149828910827637e-01,5.990772843360900879e-01
6.220430135726928711e-01,5.601286292076110840e-01
8.377050161361694336e-01,7.585790157318115234e-01
8.711479902267456055e-01,6.851920485496520996e-01
6.139640212059020996e-01,5.546927452087402344e-01
5.113540291786193848e-01,6.317606568336486816e-01
4.946100115776062012e-01,5.386511683464050293e-01
5.217270255088806152e-01,6.263948082923889160e-01
4.181360006332397461e-01,6.145319938659667969e-01
3.255029916763305664e-01,5.115405917167663574e-01
7.242509722709655762e-01,6.317606568336486816e-01
7.103520035743713379e-01,6.317606568336486816e-01
4.715439975261688232e-01,6.304953694343566895e-01
3.653169870376586914e-01,5.381773710250854492e-01
7.351909875869750977e-01,6.508572697639465332e-01
8.872410058975219727e-01,7.748000025749206543e-01
3.973950147628784180e-01,6.759353280067443848e-01
4.769510030746459961e-01,6.317606568336486816e-01
5.219150185585021973e-01,4.887737929821014404e-01
4.959349930286407471e-01,5.168728828430175781e-01
7.202020287513732910e-01,4.632279872894287109e-01
7.135149836540222168e-01,7.659124135971069336e-01
7.409489750862121582e-01,6.993752121925354004e-01
7.590810060501098633e-01,6.399506330490112305e-01
7.652500271797180176e-01,6.021990180015563965e-01
8.439779877662658691e-01,8.105321526527404785e-01
8.492900133132934570e-01,8.051239252090454102e-01
5.550280213356018066e-01,6.486924290657043457e-01
4.750309884548187256e-01,6.317606568336486816e-01
4.670819938182830811e-01,4.737273156642913818e-01
8.788430094718933105e-01,6.838172674179077148e-01
8.767129778861999512e-01,6.896696686744689941e-01
8.551329970359802246e-01,6.635618805885314941e-01
8.650239706039428711e-01,7.363528609275817871e-01
8.087750077247619629e-01,7.812989354133605957e-01
8.971629738807678223e-01,8.796607851982116699e-01
6.993470191955566406e-01,7.035185098648071289e-01
6.860979795455932617e-01,8.003802895545959473e-01
8.975660204887390137e-01,6.542590260505676270e-01
9.304040074348449707e-01,7.619302868843078613e-01
8.413230180740356445e-01,4.757793843746185303e-01
7.714830040931701660e-01,6.499330401420593262e-01
6.763210296630859375e-01,6.016423106193542480e-01
6.558290123939514160e-01,7.175207138061523438e-01
9.698320031166076660e-01,7.121637463569641113e-01
6.480990052223205566e-01,6.221737265586853027e-01
5.915639996528625488e-01,5.544460415840148926e-01
6.277629733085632324e-01,5.868096947669982910e-01
6.760680079460144043e-01,6.232116818428039551e-01
9.491500258445739746e-01,6.571666598320007324e-01
7.647230029106140137e-01,6.618350148200988770e-01
6.070939898490905762e-01,6.831581592559814453e-01
6.091020107269287109e-01,6.657246351242065430e-01
5.619969964027404785e-01,5.528301596641540527e-01
8.532220125198364258e-01,6.696632504463195801e-01
6.668750047683715820e-01,5.697705149650573730e-01
8.797580003738403320e-01,6.893792748451232910e-01
9.126290082931518555e-01,6.610761284828186035e-01
1.000890016555786133e+00,6.598119139671325684e-01
9.421769976615905762e-01,5.438148379325866699e-01
8.639289736747741699e-01,6.455206274986267090e-01
4.401940107345581055e-01,6.990970969200134277e-01
8.080300092697143555e-01,6.458474993705749512e-01
8.197839856147766113e-01,7.084388732910156250e-01
8.078939914703369141e-01,6.687699556350708008e-01
5.132250189781188965e-01,6.662698984146118164e-01
4.690699875354766846e-01,6.143492460250854492e-01
6.584020256996154785e-01,6.357625126838684082e-01
9.476659893989562988e-01,9.242657423019409180e-01
9.827799797058105469e-01,6.795169115066528320e-01
6.976600289344787598e-01,5.570829510688781738e-01
6.643210053443908691e-01,7.390272617340087891e-01
7.950729727745056152e-01,8.210062980651855469e-01
8.451859951019287109e-01,7.859800457954406738e-01
8.880689740180969238e-01,7.567160725593566895e-01
5.635989904403686523e-01,5.746311545372009277e-01
5.234429836273193359e-01,6.077554225921630859e-01
8.105919957160949707e-01,7.981966733932495117e-01
7.538759708404541016e-01,6.505603194236755371e-01
7.111709713935852051e-01,5.275167822837829590e-01
7.945209741592407227e-01,6.385052800178527832e-01
4.808999896049499512e-01,7.089999914169311523e-01
4.598180055618286133e-01,6.850299835205078125e-01
1.105785012245178223e+00,8.833178877830505371e-01
9.403949975967407227e-01,8.446998000144958496e-01
8.388329744338989258e-01,6.374812722206115723e-01
5.835090279579162598e-01,5.610018372535705566e-01
5.481129884719848633e-01,5.249802470207214355e-01
7.423279881477355957e-01,6.390109658241271973e-01
7.295119762420654297e-01,6.215023398399353027e-01
4.700120091438293457e-01,6.195161938667297363e-01
3.873009979724884033e-01,7.160524725914001465e-01
8.292189836502075195e-01,5.644617676734924316e-01
4.130119979381561279e-01,6.387754082679748535e-01
3.354029953479766846e-01,6.074120998382568359e-01
7.031310200691223145e-01,6.317606568336486816e-01
6.919770240783691406e-01,7.410749197006225586e-01
6.841580271720886230e-01,6.900677084922790527e-01
8.547520041465759277e-01,8.743625283241271973e-01
8.524500131607055664e-01,8.247745633125305176e-01
8.194310069084167480e-01,9.315692782402038574e-01
7.613809704780578613e-01,8.723919987678527832e-01
1.123322963714599609e+00,1.000264406204223633e+00
1.015017032623291016e+00,1.008043050765991211e+00
4.861750006675720215e-01,8.425978422164916992e-01
4.580929875373840332e-01,7.587890028953552246e-01
7.449470162391662598e-01,7.886250615119934082e-01
9.448959827423095703e-01,7.963698506355285645e-01
7.215700149536132812e-01,6.607569456100463867e-01
5.294160246849060059e-01,6.495047807693481445e-01
4.901759922504425049e-01,7.186107039451599121e-01
7.324360013008117676e-01,6.023274064064025879e-01
7.311940193176269531e-01,6.325327157974243164e-01
7.124300003051757812e-01,6.288892030715942383e-01
5.039219856262207031e-01,7.673951983451843262e-01
7.321699857711791992e-01,8.980249166488647461e-01
7.231770157814025879e-01,7.470780014991760254e-01
7.013620138168334961e-01,6.691643595695495605e-01
7.134090065956115723e-01,7.893558740615844727e-01
7.533969879150390625e-01,8.715830445289611816e-01
7.493659853935241699e-01,8.193983435630798340e-01
6.451629996299743652e-01,5.578210353851318359e-01
6.480169892311096191e-01,6.531090736389160156e-01
8.178939819335937500e-01,8.363313078880310059e-01
5.565860271453857422e-01,6.317606568336486816e-01
4.432699978351593018e-01,5.652586221694946289e-01
4.661610126495361328e-01,5.286553502082824707e-01
8.129929900169372559e-01,5.924851298332214355e-01
9.253690242767333984e-01,6.237635016441345215e-01
7.909860014915466309e-01,6.317339539527893066e-01
5.074909925460815430e-01,7.355957627296447754e-01
9.139260053634643555e-01,8.057562708854675293e-01
5.105410218238830566e-01,7.165509462356567383e-01
3.504920005798339844e-01,6.952915191650390625e-01
7.470560073852539062e-01,7.920171618461608887e-01
6.885660290718078613e-01,7.983418703079223633e-01
5.665770173072814941e-01,5.686851143836975098e-01
9.054160118103027344e-01,5.850394368171691895e-01
8.862599730491638184e-01,8.442338109016418457e-01
6.765660047531127930e-01,5.705353617668151855e-01
6.657379865646362305e-01,5.740910172462463379e-01
8.572350144386291504e-01,7.283229827880859375e-01
6.802560091018676758e-01,5.475432872772216797e-01
5.384110212326049805e-01,6.220461726188659668e-01
9.585580229759216309e-01,6.481112837791442871e-01
5.472199916839599609e-01,6.678948998451232910e-01
5.591880083084106445e-01,6.443367600440979004e-01
7.394390106201171875e-01,7.134879231452941895e-01
6.067050099372863770e-01,6.959458589553833008e-01
8.516010046005249023e-01,7.047575712203979492e-01
1.130112051963806152e+00,6.210159063339233398e-01
6.639400124549865723e-01,5.853148102760314941e-01
8.537189960479736328e-01,5.919117331504821777e-01
8.258249759674072266e-01,5.664356946945190430e-01
7.521319985389709473e-01,6.590813994407653809e-01
8.656610250473022461e-01,7.795385122299194336e-01
7.552739977836608887e-01,8.073032498359680176e-01
5.682989954948425293e-01,6.570202112197875977e-01
6.207489967346191406e-01,7.155880928039550781e-01
8.866919875144958496e-01,7.676619291305541992e-01
8.421300053596496582e-01,6.176975369453430176e-01
1.054095983505249023e+00,9.498911499977111816e-01
8.605129718780517578e-01,7.150048613548278809e-01
6.325920224189758301e-01,6.111606955528259277e-01
4.684880077838897705e-01,6.011578440666198730e-01
8.073440194129943848e-01,6.145340800285339355e-01
7.565410137176513672e-01,8.620397448539733887e-01
8.050510287284851074e-01,6.663713455200195312e-01
7.663429975509643555e-01,6.682513356208801270e-01
7.088440060615539551e-01,6.844016909599304199e-01
6.650679707527160645e-01,6.573032736778259277e-01
6.439809799194335938e-01,6.942772865295410156e-01
7.579730153083801270e-01,7.514198422431945801e-01
9.072279930114746094e-01,7.681356668472290039e-01
9.515799880027770996e-01,6.857625246047973633e-01
8.991640210151672363e-01,6.645707488059997559e-01
9.410139918327331543e-01,5.884299874305725098e-01
6.457710266113281250e-01,6.151072382926940918e-01
5.444970130920410156e-01,5.905492901802062988e-01
7.296169996261596680e-01,6.936333775520324707e-01
5.280650258064270020e-01,5.441019535064697266e-01
4.423750042915344238e-01,7.240217328071594238e-01
7.675989866256713867e-01,8.262366056442260742e-01
7.767680287361145020e-01,7.823427319526672363e-01
8.301460146903991699e-01,8.140417933464050293e-01
8.326510190963745117e-01,8.304216861724853516e-01
7.324730157852172852e-01,7.458178400993347168e-01
7.276440262794494629e-01,7.443005442619323730e-01
6.186670064926147461e-01,6.563931107521057129e-01
5.227400064468383789e-01,6.347215771675109863e-01
7.516959905624389648e-01,5.437324643135070801e-01
7.703319787979125977e-01,6.394082903861999512e-01
7.836009860038757324e-01,7.001255750656127930e-01
3.978070020675659180e-01,5.416087508201599121e-01
4.254019856452941895e-01,6.317606568336486816e-01
7.089589834213256836e-01,6.609942317008972168e-01
4.470050036907196045e-01,6.136464476585388184e-01
5.233259797096252441e-01,6.571045517921447754e-01
7.730479836463928223e-01,7.207377552986145020e-01
5.120059847831726074e-01,6.291208267211914062e-01
4.969399869441986084e-01,7.009021639823913574e-01
4.137789905071258545e-01,6.317606568336486816e-01
5.795329809188842773e-01,8.148944973945617676e-01
1.554960012435913086e-01,6.317606568336486816e-01
3.801389932632446289e-01,6.317606568336486816e-01
3.855620026588439941e-01,6.317606568336486816e-01
4.877049922943115234e-01,6.317606568336486816e-01
4.279659986495971680e-01,6.317606568336486816e-01
7.500460147857666016e-01,6.610140800476074219e-01
7.393609881401062012e-01,7.234123349189758301e-01
9.097989797592163086e-01,7.565839886665344238e-01
8.507260084152221680e-01,9.476972222328186035e-01
7.724329829216003418e-01,8.716028928756713867e-01
5.249419808387756348e-01,6.205994486808776855e-01
5.959169864654541016e-01,6.778215169906616211e-01
7.840359807014465332e-01,5.296836495399475098e-01
7.686470150947570801e-01,5.994836688041687012e-01
4.198429882526397705e-01,6.746146082878112793e-01
3.725689947605133057e-01,6.117486357688903809e-01
7.870960235595703125e-01,7.186098098754882812e-01
8.390250205993652344e-01,6.531417965888977051e-01
7.945550084114074707e-01,6.722049713134765625e-01
4.995990097522735596e-01,5.437796711921691895e-01
4.866569936275482178e-01,6.317606568336486816e-01
5.441970229148864746e-01,6.317606568336486816e-01
7.577829957008361816e-01,6.317606568336486816e-01
5.110729932785034180e-01,6.317606568336486816e-01
4.815550148487091064e-01,6.317606568336486816e-01
5.607450008392333984e-01,5.986152291297912598e-01
5.854750275611877441e-01,5.841508507728576660e-01
3.817139863967895508e-01,6.383039951324462891e-01
3.782489895820617676e-01,6.368854641914367676e-01
4.089309871196746826e-01,5.793243050575256348e-01
3.868049979209899902e-01,4.595576822757720947e-01
7.041130065917968750e-01,5.362784862518310547e-01
4.974980056285858154e-01,6.160289049148559570e-01
3.703089952468872070e-01,6.317606568336486816e-01
4.635179936885833740e-01,6.317606568336486816e-01
4.703350067138671875e-01,6.385347247123718262e-01
7.292630076408386230e-01,7.344531416893005371e-01
5.296499729156494141e-01,6.675688624382019043e-01
5.374590158462524414e-01,7.196851372718811035e-01
5.308970212936401367e-01,5.265062451362609863e-01
4.662750065326690674e-01,6.561835408210754395e-01
7.706120014190673828e-01,7.129530310630798340e-01
7.710580229759216309e-01,8.845853209495544434e-01
5.578789710998535156e-01,5.325987339019775391e-01
5.027449727058410645e-01,5.865035057067871094e-01
6.033110022544860840e-01,6.774839758872985840e-01
4.249269962310791016e-01,6.317606568336486816e-01
9.095960259437561035e-01,8.106814622879028320e-01
3.514569997787475586e-01,6.317606568336486816e-01
3.249410092830657959e-01,6.160510182380676270e-01
7.197729945182800293e-01,6.098292469978332520e-01
8.305559754371643066e-01,6.346783638000488281e-01
8.489559888839721680e-01,5.922098755836486816e-01
8.475930094718933105e-01,6.553127169609069824e-01
6.241909861564636230e-01,4.368006885051727295e-01
5.190330147743225098e-01,7.278165817260742188e-01
5.845289826393127441e-01,9.000113606452941895e-01
5.436599850654602051e-01,6.493474841117858887e-01
5.302050113677978516e-01,6.317606568336486816e-01
1.431130021810531616e-01,6.317606568336486816e-01
8.487060070037841797e-01,5.706465840339660645e-01
5.741840004920959473e-01,6.685151457786560059e-01
5.194140076637268066e-01,7.094846367835998535e-01
4.952119886875152588e-01,6.284893155097961426e-01
4.328359961509704590e-01,6.814694404602050781e-01
4.641779959201812744e-01,7.061232328414916992e-01
4.514049887657165527e-01,5.938473939895629883e-01
8.933550119400024414e-01,7.950124144554138184e-01
5.663729906082153320e-01,6.090235114097595215e-01
5.632359981536865234e-01,7.179709672927856445e-01
8.101209998130798340e-01,7.328016757965087891e-01
8.683800101280212402e-01,7.145820260047912598e-01
7.391719818115234375e-01,7.504087090492248535e-01
5.891879796981811523e-01,7.775546312332153320e-01
5.261309742927551270e-01,6.122576594352722168e-01
7.461240291595458984e-01,7.567932009696960449e-01
4.973730146884918213e-01,7.490988969802856445e-01
5.104860067367553711e-01,6.483074426651000977e-01
8.649920225143432617e-01,8.239227533340454102e-01
6.179190278053283691e-01,5.788135528564453125e-01
6.773930191993713379e-01,8.070922493934631348e-01
8.762590289115905762e-01,8.188599348068237305e-01
5.702869892120361328e-01,6.626533865928649902e-01
4.922040104866027832e-01,5.050042271614074707e-01
9.020239710807800293e-01,6.897509694099426270e-01
4.914360046386718750e-01,6.120343804359436035e-01
4.649040102958679199e-01,5.331904292106628418e-01
8.563709855079650879e-01,7.160600423812866211e-01
1.052181005477905273e+00,7.392497658729553223e-01
5.577669739723205566e-01,5.426132082939147949e-01
4.796600043773651123e-01,5.137723088264465332e-01
7.281479835510253906e-01,6.317606568336486816e-01
7.240160107612609863e-01,6.095473170280456543e-01
4.765700101852416992e-01,6.619719862937927246e-01
4.506689906120300293e-01,5.350461602210998535e-01
4.747540056705474854e-01,7.491700053215026855e-01
4.725250005722045898e-01,8.089988827705383301e-01
9.118239879608154297e-01,7.326265573501586914e-01
4.858779907226562500e-01,5.971283912658691406e-01
4.726240038871765137e-01,6.145716309547424316e-01
4.613980054855346680e-01,5.620303750038146973e-01
7.887750267982482910e-01,8.591748476028442383e-01
5.150200128555297852e-01,7.413226366043090820e-01
6.417919993400573730e-01,7.834725975990295410e-01
8.849599957466125488e-01,8.412935137748718262e-01
8.748220205307006836e-01,7.440573573112487793e-01
5.387049913406372070e-01,6.317606568336486816e-01
5.726479887962341309e-01,6.317606568336486816e-01
5.443199872970581055e-01,6.450040936470031738e-01
4.939329922199249268e-01,6.317606568336486816e-01
5.833870172500610352e-01,6.038165688514709473e-01
4.995220005512237549e-01,5.338521599769592285e-01
4.808680117130279541e-01,6.727431416511535645e-01
6.100869774818420410e-01,6.421245932579040527e-01
5.300469994544982910e-01,7.002415657043457031e-01
7.229059934616088867e-01,6.485918760299682617e-01
5.141530036926269531e-01,7.106459736824035645e-01
4.915420114994049072e-01,6.792406439781188965e-01
7.003890275955200195e-01,6.227114200592041016e-01
5.992000102996826172e-01,5.073890089988708496e-01
5.217260122299194336e-01,6.317606568336486816e-01
4.166649878025054932e-01,6.613520383834838867e-01
4.009090065956115723e-01,7.253878116607666016e-01
6.906369924545288086e-01,7.837672233581542969e-01
5.387619733810424805e-01,7.032737731933593750e-01
7.009019851684570312e-01,6.536644101142883301e-01
7.039139866828918457e-01,6.317606568336486816e-01
7.356650233268737793e-01,6.317606568336486816e-01
4.465399980545043945e-01,6.317606568336486816e-01
4.380080103874206543e-01,6.317606568336486816e-01
7.028430104255676270e-01,7.147555351257324219e-01
5.214300155639648438e-01,6.317606568336486816e-01
4.928140044212341309e-01,6.317606568336486816e-01
4.521049857139587402e-01,6.317606568336486816e-01
4.530349969863891602e-01,6.681506037712097168e-01
6.720110177993774414e-01,6.404002308845520020e-01
5.311239957809448242e-01,6.456702351570129395e-01
8.184419870376586914e-01,6.317606568336486816e-01
5.328890085220336914e-01,5.498074889183044434e-01
5.187079906463623047e-01,6.317606568336486816e-01
6.442499756813049316e-01,6.412840485572814941e-01
5.568199753761291504e-01,5.083199143409729004e-01
7.510139942169189453e-01,6.317606568336486816e-01
7.871680259704589844e-01,6.337092518806457520e-01
5.963739752769470215e-01,7.177944779396057129e-01
3.958880007266998291e-01,5.643885731697082520e-01
8.019800186157226562e-01,6.908191442489624023e-01
5.260729789733886719e-01,6.199768781661987305e-01
4.543420076370239258e-01,4.578507244586944580e-01
7.384830117225646973e-01,9.178791642189025879e-01
4.384199976921081543e-01,7.179487347602844238e-01
3.926959931850433350e-01,5.456629395484924316e-01
6.477630138397216797e-01,5.629048943519592285e-01
6.253539919853210449e-01,7.643567919731140137e-01
7.280129790306091309e-01,7.222037315368652344e-01
6.485030055046081543e-01,6.611040234565734863e-01
6.029059886932373047e-01,6.608400344848632812e-01
8.665810227394104004e-01,7.543763518333435059e-01
8.376740217208862305e-01,7.075124979019165039e-01
8.273019790649414062e-01,7.161826491355895996e-01
8.047479987144470215e-01,8.062427043914794922e-01
8.232449889183044434e-01,6.665040850639343262e-01
5.079979896545410156e-01,6.272552013397216797e-01
5.191299915313720703e-01,6.110798120498657227e-01
6.784110069274902344e-01,6.907730698585510254e-01
6.430619955062866211e-01,6.950803995132446289e-01
7.885890007019042969e-01,5.268802642822265625e-01
6.141589879989624023e-01,4.660060703754425049e-01
5.828750133514404297e-01,6.297638416290283203e-01
7.148730158805847168e-01,6.431089043617248535e-01
7.776569724082946777e-01,6.632668375968933105e-01
8.330699801445007324e-01,7.656132578849792480e-01
9.046940207481384277e-01,8.426467776298522949e-01
8.933510184288024902e-01,7.760797142982482910e-01
4.608159959316253662e-01,4.071969687938690186e-01
4.342580139636993408e-01,5.987504124641418457e-01
6.723650097846984863e-01,8.210169672966003418e-01
6.107590198516845703e-01,6.542335748672485352e-01
7.307839989662170410e-01,6.052858233451843262e-01
6.343740224838256836e-01,8.116927146911621094e-01
6.168040037155151367e-01,6.963134407997131348e-01
6.539400219917297363e-01,6.317606568336486816e-01
6.661710143089294434e-01,6.255086660385131836e-01
7.249869704246520996e-01,6.420200467109680176e-01
5.450180172920227051e-01,6.138362288475036621e-01
5.823220014572143555e-01,6.352745890617370605e-01
7.471640110015869141e-01,6.317606568336486816e-01
7.524030208587646484e-01,6.317606568336486816e-01
7.295759916305541992e-01,5.822514891624450684e-01
4.684419929981231689e-01,6.176434159278869629e-01
4.568180143833160400e-01,6.692802906036376953e-01
3.881959915161132812e-01,5.576565861701965332e-01
3.568579852581024170e-01,5.295103192329406738e-01
7.751449942588806152e-01,8.255788683891296387e-01
7.170810103416442871e-01,6.707438826560974121e-01
4.990800023078918457e-01,6.538400053977966309e-01
4.534229934215545654e-01,6.326074004173278809e-01
1.073860049247741699e+00,7.546662688255310059e-01
5.632969737052917480e-01,5.959134697914123535e-01
5.218420028686523438e-01,5.707321166992187500e-01
8.416680097579956055e-01,6.636949181556701660e-01
7.546550035476684570e-01,7.949371933937072754e-01
1.055026054382324219e+00,9.515745043754577637e-01
8.537499904632568359e-01,6.642268300056457520e-01
5.257809758186340332e-01,6.623359322547912598e-01
5.294499993324279785e-01,6.120544075965881348e-01
6.203160285949707031e-01,6.034889817237854004e-01
4.989280104637145996e-01,3.657188713550567627e-01
7.085239887237548828e-01,6.552932858467102051e-01
5.583339929580688477e-01,6.482496261596679688e-01
6.271089911460876465e-01,5.876396298408508301e-01
5.117509961128234863e-01,4.793834388256072998e-01
4.391739964485168457e-01,5.287738442420959473e-01
5.705230236053466797e-01,6.289688348770141602e-01
4.959110021591186523e-01,7.188761830329895020e-01
8.316320180892944336e-01,8.828129172325134277e-01
5.960180163383483887e-01,6.908692717552185059e-01
8.462790250778198242e-01,9.384058117866516113e-01
7.516009807586669922e-01,7.442186474800109863e-01
7.206249833106994629e-01,7.743565440177917480e-01
9.284229874610900879e-01,8.583149313926696777e-01
8.511210083961486816e-01,6.518908143043518066e-01
5.179340243339538574e-01,7.142841815948486328e-01
4.682129919528961182e-01,5.502200126647949219e-01
9.200009703636169434e-01,6.558215618133544922e-01
1.051563024520874023e+00,8.419523835182189941e-01
5.356460213661193848e-01,7.053536772727966309e-01
4.310350120067596436e-01,7.140068411827087402e-01
9.513829946517944336e-01,6.590322852134704590e-01
5.589420199394226074e-01,5.744751095771789551e-01
4.601350128650665283e-01,6.343455314636230469e-01
7.452909946441650391e-01,7.204516530036926270e-01
8.260639905929565430e-01,7.576227784156799316e-01
6.109319925308227539e-01,8.026123642921447754e-01
4.856309890747070312e-01,6.990719437599182129e-01
5.369079709053039551e-01,6.197206377983093262e-01
4.838399887084960938e-01,6.138423681259155273e-01
8.823670148849487305e-01,7.217852473258972168e-01
5.288410186767578125e-01,6.971386075019836426e-01
5.264919996261596680e-01,6.317606568336486816e-01
7.190870046615600586e-01,6.338952183723449707e-01
5.867009758949279785e-01,5.288654565811157227e-01
5.854189991950988770e-01,6.171705126762390137e-01
6.502900123596191406e-01,6.417607665061950684e-01
6.892179846763610840e-01,5.889511704444885254e-01
5.628139972686767578e-01,6.202262043952941895e-01
5.484480261802673340e-01,5.971064567565917969e-01
8.583419919013977051e-01,4.556914269924163818e-01
8.845000267028808594e-01,5.358180403709411621e-01
8.827059864997863770e-01,6.420066952705383301e-01
8.023329973220825195e-01,7.756039500236511230e-01
7.776470184326171875e-01,7.516821026802062988e-01
5.661739706993103027e-01,6.196253895759582520e-01
7.448319792747497559e-01,6.943358778953552246e-01
7.642930150032043457e-01,5.780912041664123535e-01
3.970269858837127686e-01,5.078092217445373535e-01
3.941029906272888184e-01,5.477214455604553223e-01
6.444799900054931641e-01,8.129978179931640625e-01
6.519500017166137695e-01,8.955250382423400879e-01
7.225419878959655762e-01,6.735784411430358887e-01
7.874590158462524414e-01,7.487843632698059082e-01
7.426300048828125000e-01,8.194800019264221191e-01
4.717780053615570068e-01,6.477328538894653320e-01
4.309619963169097900e-01,6.738867759704589844e-01
7.001180052757263184e-01,7.528911828994750977e-01
9.266380071640014648e-01,8.074215650558471680e-01
8.555089831352233887e-01,8.458339571952819824e-01
7.575340270996093750e-01,7.127742171287536621e-01
5.813390016555786133e-01,7.815812230110168457e-01
4.662150144577026367e-01,6.487595438957214355e-01
3.506869971752166748e-01,5.606853365898132324e-01
2.991180121898651123e-01,6.006875634193420410e-01
7.848029732704162598e-01,6.856887936592102051e-01
8.004029989242553711e-01,7.444844245910644531e-01
8.108670115470886230e-01,8.708710074424743652e-01
5.564050078392028809e-01,4.987643659114837646e-01
4.298030138015747070e-01,7.061709165573120117e-01
7.108449935913085938e-01,6.689544320106506348e-01
7.381590008735656738e-01,5.900695919990539551e-01
4.408380091190338135e-01,5.648567080497741699e-01
3.739399909973144531e-01,4.886481463909149170e-01
7.012240290641784668e-01,6.431648731231689453e-01
5.645570158958435059e-01,6.317606568336486816e-01
5.296559929847717285e-01,7.994033694267272949e-01
1.016005039215087891e+00,8.553769588470458984e-01
7.922220230102539062e-01,9.369898438453674316e-01
8.456379771232604980e-01,8.520092368125915527e-01
8.516079783439636230e-01,9.012629389762878418e-01
6.344329714775085449e-01,7.128379940986633301e-01
5.499439835548400879e-01,7.241267561912536621e-01
7.645189762115478516e-01,7.389577627182006836e-01
8.656830191612243652e-01,8.157963156700134277e-01
8.731039762496948242e-01,7.559667825698852539e-01
4.068039953708648682e-01,6.277143359184265137e-01
5.835400223731994629e-01,8.400787711143493652e-01
7.242389917373657227e-01,8.432068228721618652e-01
7.014740109443664551e-01,5.760360956192016602e-01
5.260480046272277832e-01,6.197532415390014648e-01
5.445160269737243652e-01,6.849347949028015137e-01
7.696989774703979492e-01,7.607256770133972168e-01
7.683079838752746582e-01,7.074452042579650879e-01
7.567690014839172363e-01,6.317606568336486816e-01
7.828869819641113281e-01,7.216061949729919434e-01
8.049139976501464844e-01,6.539732217788696289e-01
7.716000080108642578e-01,8.262892961502075195e-01
3.944309949874877930e-01,8.906791210174560547e-01
3.974899947643280029e-01,6.126207113265991211e-01
7.360029816627502441e-01,5.658099055290222168e-01
7.470849752426147461e-01,6.716058254241943359e-01
7.935559749603271484e-01,6.691833734512329102e-01
7.518519759178161621e-01,6.211463809013366699e-01
5.270050168037414551e-01,7.320278286933898926e-01
5.562440156936645508e-01,6.537294387817382812e-01
5.845389962196350098e-01,5.651472210884094238e-01
5.939890146255493164e-01,6.867495179176330566e-01
5.186619758605957031e-01,8.345363736152648926e-01
3.374809920787811279e-01,7.647545337677001953e-01
6.786699891090393066e-01,6.226060986518859863e-01
9.130690097808837891e-01,8.098582625389099121e-01
3.067960143089294434e-01,6.317606568336486816e-01
7.459189891815185547e-01,6.317606568336486816e-01
8.420490026473999023e-01,8.241950273513793945e-01
5.039420127868652344e-01,6.992607712745666504e-01
6.048060059547424316e-01,5.925207734107971191e-01
5.781620144844055176e-01,6.432833671569824219e-01
5.090979933738708496e-01,5.186040997505187988e-01
4.398489892482757568e-01,7.606172561645507812e-01
3.897039890289306641e-01,6.317606568336486816e-01
9.474530220031738281e-01,7.223571538925170898e-01
9.181590080261230469e-01,7.695429921150207520e-01
7.611550092697143555e-01,7.831248044967651367e-01
5.511929988861083984e-01,6.317606568336486816e-01
4.613099992275238037e-01,7.900740504264831543e-01
4.947730004787445068e-01,6.317606568336486816e-01
5.587710142135620117e-01,6.317606568336486816e-01
7.436270117759704590e-01,7.792854905128479004e-01
7.291319966316223145e-01,7.841604351997375488e-01
5.775859951972961426e-01,6.317606568336486816e-01
4.884710013866424561e-01,6.317606568336486816e-01
5.695970058441162109e-01,6.747950911521911621e-01
4.990330040454864502e-01,6.317606568336486816e-01
8.342210054397583008e-01,5.977041125297546387e-01
7.586150169372558594e-01,6.423309445381164551e-01
6.055420041084289551e-01,6.104812026023864746e-01
4.714559912681579590e-01,6.266723871231079102e-01
7.159609794616699219e-01,7.278289198875427246e-01
7.118409872055053711e-01,6.630664467811584473e-01
5.030149817466735840e-01,6.533029675483703613e-01
5.473639965057373047e-01,5.430811047554016113e-01
7.050499916076660156e-01,6.439155936241149902e-01
4.348919987678527832e-01,4.909627139568328857e-01
4.577789902687072754e-01,5.008392333984375000e-01
7.521690130233764648e-01,6.445411443710327148e-01
5.253620147705078125e-01,7.335601449012756348e-01
4.937170147895812988e-01,6.357453465461730957e-01
5.738890171051025391e-01,5.007398128509521484e-01
5.101590156555175781e-01,5.933893918991088867e-01
8.670539855957031250e-01,7.020056247711181641e-01
5.225669741630554199e-01,8.896107673645019531e-01
4.808279871940612793e-01,6.036487817764282227e-01
4.411140084266662598e-01,5.473204255104064941e-01
4.371849894523620605e-01,7.306457161903381348e-01
4.035289883613586426e-01,7.732661366462707520e-01
4.105840027332305908e-01,5.290520787239074707e-01
3.708739876747131348e-01,6.176369786262512207e-01
8.388689756393432617e-01,6.317606568336486816e-01
5.217409729957580566e-01,7.088686823844909668e-01
6.042950153350830078e-01,4.763585627079010010e-01
7.681639790534973145e-01,6.144185662269592285e-01
8.944680094718933105e-01,6.684328913688659668e-01
7.458609938621520996e-01,6.632722020149230957e-01
6.707609891891479492e-01,6.279526948928833008e-01
4.636259973049163818e-01,6.152161955833435059e-01
7.553970217704772949e-01,8.578007221221923828e-01
7.294549942016601562e-01,6.571599245071411133e-01
5.008749961853027344e-01,7.215701937675476074e-01
4.575940072536468506e-01,6.203204393386840820e-01
6.324470043182373047e-01,7.176584601402282715e-01
5.023790001869201660e-01,6.751846075057983398e-01
8.305249810218811035e-01,6.797111630439758301e-01
8.145580291748046875e-01,8.461017012596130371e-01
9.146209955215454102e-01,6.995417475700378418e-01
4.059210121631622314e-01,6.099765300750732422e-01
3.766829967498779297e-01,6.379855275154113770e-01
8.248130083084106445e-01,7.061474919319152832e-01
5.995900034904479980e-01,6.945775747299194336e-01
5.880920290946960449e-01,5.354146361351013184e-01
7.762359976768493652e-01,6.470270752906799316e-01
9.036509990692138672e-01,8.063698410987854004e-01
5.118240118026733398e-01,6.596366167068481445e-01
4.606139957904815674e-01,6.916836500167846680e-01
8.239949941635131836e-01,8.150596618652343750e-01
4.502849876880645752e-01,5.354515910148620605e-01
3.919450044631958008e-01,6.539439558982849121e-01
7.810760140419006348e-01,7.238485217094421387e-01
5.869770050048828125e-01,6.317606568336486816e-01
5.627980232238769531e-01,6.180249452590942383e-01
5.305860042572021484e-01,5.028133988380432129e-01
5.272809863090515137e-01,5.739362835884094238e-01
7.561169862747192383e-01,6.166359782218933105e-01
7.055780291557312012e-01,6.672070622444152832e-01
6.093230247497558594e-01,6.357054114341735840e-01
3.798860013484954834e-01,6.080262064933776855e-01
3.260369896888732910e-01,5.121003389358520508e-01
9.181979894638061523e-01,7.992896437644958496e-01
4.437919855117797852e-01,5.757952332496643066e-01
4.518240094184875488e-01,6.589511036872863770e-01
7.364060282707214355e-01,6.317606568336486816e-01
4.862439930438995361e-01,7.362424731254577637e-01
3.769379854202270508e-01,4.661886990070343018e-01
7.510430216789245605e-01,9.426369071006774902e-01
8.923820257186889648e-01,9.083596467971801758e-01
7.608280181884765625e-01,6.798287630081176758e-01
8.015599846839904785e-01,6.587195992469787598e-01
8.927490115165710449e-01,7.012308239936828613e-01
8.761060237884521484e-01,7.748907208442687988e-01
5.843719840049743652e-01,6.317606568336486816e-01
5.699750185012817383e-01,7.408369779586791992e-01
9.966710209846496582e-01,9.080490469932556152e-01
4.892799854278564453e-01,5.887613296508789062e-01
5.597569942474365234e-01,6.852870583534240723e-01
7.968180179595947266e-01,6.255933046340942383e-01
6.605160236358642578e-01,6.174240708351135254e-01
4.653789997100830078e-01,7.175787091255187988e-01
1.138026952743530273e+00,9.285537600517272949e-01
5.050870180130004883e-01,6.251729130744934082e-01
4.918169975280761719e-01,6.413335204124450684e-01
4.635140001773834229e-01,6.208379864692687988e-01
3.895420134067535400e-01,6.236812472343444824e-01
3.245260119438171387e-01,6.178499460220336914e-01
2.327689975500106812e-01,5.219853520393371582e-01
7.896810173988342285e-01,7.068458199501037598e-01
6.240860223770141602e-01,6.765080094337463379e-01
6.409389972686767578e-01,6.317606568336486816e-01
5.969960093498229980e-01,7.116420269012451172e-01
4.037910103797912598e-01,6.374512314796447754e-01
8.755409717559814453e-01,6.269153952598571777e-01
7.745059728622436523e-01,7.909437417984008789e-01
8.458549976348876953e-01,6.591705679893493652e-01
5.261650085449218750e-01,5.492921471595764160e-01
4.963670074939727783e-01,5.791525840759277344e-01
7.679259777069091797e-01,6.039186120033264160e-01
8.595479726791381836e-01,5.156791806221008301e-01
8.865500092506408691e-01,8.640009760856628418e-01
8.275679945945739746e-01,8.191674947738647461e-01
8.470709919929504395e-01,6.889445185661315918e-01
8.109380006790161133e-01,5.514321923255920410e-01
7.698619961738586426e-01,7.888805270195007324e-01
7.695389986038208008e-01,8.526695966720581055e-01
7.841730117797851562e-01,9.214456677436828613e-01
4.735369980335235596e-01,6.695981621742248535e-01
3.254680037498474121e-01,6.299803853034973145e-01
5.842040181159973145e-01,6.509879231452941895e-01
5.910750031471252441e-01,6.452385783195495605e-01
8.424059748649597168e-01,6.317606568336486816e-01
8.753489851951599121e-01,6.317606568336486816e-01
4.775559902191162109e-01,6.249981522560119629e-01
5.461210012435913086e-01,5.017514824867248535e-01
9.183269739151000977e-01,6.724260449409484863e-01
5.761349797248840332e-01,6.118649840354919434e-01
4.973010122776031494e-01,7.763940095901489258e-01
1.014969944953918457e+00,7.393883466720581055e-01
3.883939981460571289e-01,5.695831179618835449e-01
3.848040103912353516e-01,7.139827013015747070e-01
4.096469879150390625e-01,5.325285196304321289e-01
4.688229858875274658e-01,7.523263692855834961e-01
3.843159973621368408e-01,6.528296470642089844e-01
4.216330051422119141e-01,7.003730535507202148e-01
3.962219953536987305e-01,8.615128397941589355e-01
8.621469736099243164e-01,8.639492392539978027e-01
9.225249886512756348e-01,8.347856402397155762e-01
4.590609967708587646e-01,6.826218366622924805e-01
4.373489916324615479e-01,8.927957415580749512e-01
4.157699942588806152e-01,8.023425340652465820e-01
5.587059855461120605e-01,7.081820368766784668e-01
6.053779721260070801e-01,5.481766462326049805e-01
5.328090190887451172e-01,6.228157877922058105e-01
5.718989968299865723e-01,5.511952638626098633e-01
5.403490066528320312e-01,5.328708291053771973e-01
9.165560007095336914e-01,7.725164294242858887e-01
8.938069939613342285e-01,7.992214560508728027e-01
4.993459880352020264e-01,6.319149732589721680e-01
4.306379854679107666e-01,6.570604443550109863e-01
7.139449715614318848e-01,8.894845843315124512e-01
9.240130186080932617e-01,8.314680457115173340e-01
5.725920200347900391e-01,6.676551699638366699e-01
6.771119832992553711e-01,7.515927553176879883e-01
6.021689772605895996e-01,5.611050128936767578e-01
5.787220001220703125e-01,6.479476094245910645e-01
4.688970148563385010e-01,4.284871518611907959e-01
4.413869976997375488e-01,4.844231009483337402e-01
6.663470268249511719e-01,6.420722007751464844e-01
6.333140134811401367e-01,5.442020893096923828e-01
6.124910116195678711e-01,5.144315361976623535e-01
5.358750224113464355e-01,6.427357792854309082e-01
8.069570064544677734e-01,5.604091286659240723e-01
8.444520235061645508e-01,6.202412247657775879e-01
8.864120244979858398e-01,6.947645545005798340e-01
5.388579964637756348e-01,6.278175711631774902e-01
5.098440051078796387e-01,7.134633660316467285e-01
5.341079831123352051e-01,6.674476265907287598e-01
4.818519949913024902e-01,6.551296114921569824e-01
9.862800240516662598e-01,5.445051789283752441e-01
8.957020044326782227e-01,7.166555523872375488e-01
7.978960275650024414e-01,6.463810801506042480e-01
8.000630140304565430e-01,5.110473036766052246e-01
7.427939772605895996e-01,7.019701600074768066e-01
6.361960172653198242e-01,6.108636260032653809e-01
5.587959885597229004e-01,6.707509160041809082e-01
9.521409869194030762e-01,5.739876031875610352e-01
5.391179919242858887e-01,6.215239763259887695e-01
4.840480089187622070e-01,6.477639675140380859e-01
8.364160060882568359e-01,7.167490720748901367e-01
3.847259879112243652e-01,7.785027623176574707e-01
2.966769933700561523e-01,6.292268633842468262e-01
7.975460290908813477e-01,6.694322228431701660e-01
7.517049908638000488e-01,6.761173009872436523e-01
7.656700015068054199e-01,6.546346545219421387e-01
7.747870087623596191e-01,5.554336905479431152e-01
9.083660244941711426e-01,6.793238520622253418e-01
3.276680111885070801e-01,7.131029963493347168e-01
3.264760076999664307e-01,6.342738866806030273e-01
7.238900065422058105e-01,7.607164978981018066e-01
7.083870172500610352e-01,7.070142626762390137e-01
8.544769883155822754e-01,8.038923144340515137e-01
8.002560138702392578e-01,6.846057772636413574e-01
5.051699876785278320e-01,6.031302809715270996e-01
2.758550047874450684e-01,4.947943389415740967e-01
7.082890272140502930e-01,7.095726728439331055e-01
7.785469889640808105e-01,5.426661372184753418e-01
3.270080089569091797e-01,4.584609568119049072e-01
3.098259866237640381e-01,6.338285207748413086e-01
7.321609854698181152e-01,7.439983487129211426e-01
7.285879850387573242e-01,6.733997464179992676e-01
5.326560139656066895e-01,6.800634264945983887e-01
4.116449952125549316e-01,6.218979954719543457e-01
7.467449903488159180e-01,6.195747256278991699e-01
3.112060129642486572e-01,5.514901280403137207e-01
4.553720057010650635e-01,6.317606568336486816e-01
5.740879774093627930e-01,6.317606568336486816e-01
5.405449867248535156e-01,6.138488054275512695e-01
8.294360041618347168e-01,8.229023218154907227e-01
8.178820013999938965e-01,7.778498530387878418e-01
5.884839892387390137e-01,6.389377117156982422e-01
5.315920114517211914e-01,6.285521388053894043e-01
9.164320230484008789e-01,8.449627161026000977e-01
6.006069779396057129e-01,6.987090110778808594e-01
5.274040102958679199e-01,7.655627131462097168e-01
5.002300143241882324e-01,7.433139085769653320e-01
7.896029949188232422e-01,6.451070904731750488e-01
4.787789881229400635e-01,6.374451518058776855e-01
4.824999868869781494e-01,6.511278152465820312e-01
6.621239781379699707e-01,9.369432926177978516e-01
5.039849877357482910e-01,5.987201333045959473e-01
8.376259803771972656e-01,6.378086805343627930e-01
4.057480096817016602e-01,4.085338115692138672e-01
3.350130021572113037e-01,4.507646560668945312e-01
7.552109956741333008e-01,7.414276003837585449e-01
7.649250030517578125e-01,7.149394750595092773e-01
7.318450212478637695e-01,6.536653041839599609e-01
3.690789937973022461e-01,6.708461642265319824e-01
3.704659938812255859e-01,6.317606568336486816e-01
5.391809940338134766e-01,6.317606568336486816e-01
4.117540121078491211e-01,6.275804042816162109e-01
5.012980103492736816e-01,6.352846622467041016e-01
4.951890110969543457e-01,4.192630350589752197e-01
7.507830262184143066e-01,6.317606568336486816e-01
5.462489724159240723e-01,7.305762767791748047e-01
5.715010166168212891e-01,6.082977056503295898e-01
7.153559923171997070e-01,6.317606568336486816e-01
5.957990288734436035e-01,6.232075095176696777e-01
4.258230030536651611e-01,6.317606568336486816e-01
8.352140188217163086e-01,7.079709172248840332e-01
6.330829858779907227e-01,6.896104812622070312e-01
6.389089822769165039e-01,6.162174940109252930e-01
8.801760077476501465e-01,9.037316441535949707e-01
4.865329861640930176e-01,7.070495486259460449e-01
3.945829868316650391e-01,6.802547574043273926e-01
5.911440253257751465e-01,6.924192309379577637e-01
3.923009932041168213e-01,7.934251427650451660e-01
7.762309908866882324e-01,5.688076019287109375e-01
7.020310163497924805e-01,6.743084788322448730e-01
5.778840184211730957e-01,7.374300956726074219e-01
5.916270017623901367e-01,6.624810695648193359e-01
7.982829809188842773e-01,7.469210624694824219e-01
8.353350162506103516e-01,6.298784017562866211e-01
4.059259891510009766e-01,6.011467576026916504e-01
5.155069828033447266e-01,5.735328793525695801e-01
7.788810133934020996e-01,6.419246196746826172e-01
6.091269850730895996e-01,5.936698317527770996e-01
5.135279893875122070e-01,5.875617861747741699e-01
9.096950292587280273e-01,7.224632501602172852e-01
1.001788973808288574e+00,6.718728542327880859e-01
4.416289925575256348e-01,5.686258673667907715e-01
3.435750007629394531e-01,5.309545397758483887e-01
8.035560250282287598e-01,6.213291287422180176e-01
5.365970134735107422e-01,6.119298934936523438e-01
4.564990103244781494e-01,7.497611641883850098e-01
3.777010142803192139e-01,6.235520243644714355e-01
2.974399924278259277e-01,4.822562932968139648e-01
5.524640083312988281e-01,6.086648702621459961e-01
5.428630113601684570e-01,6.317606568336486816e-01
5.444970130920410156e-01,6.436709761619567871e-01
4.423510134220123291e-01,5.404341816902160645e-01
5.186259746551513672e-01,5.708987116813659668e-01
4.448490142822265625e-01,5.148531794548034668e-01
8.196370005607604980e-01,7.668537497520446777e-01
5.586490035057067871e-01,6.317606568336486816e-01
5.334179997444152832e-01,5.622646212577819824e-01
7.684829831123352051e-01,6.063854098320007324e-01
5.447319746017456055e-01,6.177230477333068848e-01
3.872849941253662109e-01,5.511201620101928711e-01
4.432570040225982666e-01,7.370011210441589355e-01
5.354279875755310059e-01,6.412891745567321777e-01
5.039579868316650391e-01,6.317606568336486816e-01
4.301159977912902832e-01,6.317606568336486816e-01
4.800010025501251221e-01,5.000501871109008789e-01
5.185840129852294922e-01,7.015247941017150879e-01
7.928969860076904297e-01,6.916434168815612793e-01
7.307800054550170898e-01,4.409863054752349854e-01
4.951420128345489502e-01,6.373209953308105469e-01
3.315100073814392090e-01,6.296581029891967773e-01
7.818229794502258301e-01,9.013820290565490723e-01
7.702919840812683105e-01,8.280292749404907227e-01
7.341480255126953125e-01,8.378905653953552246e-01
7.087000012397766113e-01,9.339233040809631348e-01
4.720090031623840332e-01,7.535794377326965332e-01
4.828169941902160645e-01,6.418061852455139160e-01
3.893939852714538574e-01,6.148722767829895020e-01
3.512189984321594238e-01,5.813034176826477051e-01
9.109629988670349121e-01,7.666147351264953613e-01
7.503240108489990234e-01,7.322814464569091797e-01
5.708910226821899414e-01,6.421588063240051270e-01
5.344660282135009766e-01,6.265417337417602539e-01
5.353659987449645996e-01,6.468382477760314941e-01
5.133910179138183594e-01,5.557414889335632324e-01
8.497319817543029785e-01,8.906449079513549805e-01
4.771339893341064453e-01,6.321318745613098145e-01
4.533919990062713623e-01,6.696161627769470215e-01
8.788819909095764160e-01,6.852411031723022461e-01
5.717589855194091797e-01,5.674277544021606445e-01
5.741410255432128906e-01,7.607005238533020020e-01
8.225619792938232422e-01,7.635010480880737305e-01
7.634130120277404785e-01,6.761395335197448730e-01
6.663410067558288574e-01,6.009966135025024414e-01
6.110489964485168457e-01,5.495941042900085449e-01
5.067420005798339844e-01,4.904113709926605225e-01
7.480649948120117188e-01,7.550633549690246582e-01
8.037199974060058594e-01,8.023750185966491699e-01
3.748730123043060303e-01,5.467502474784851074e-01
6.901270151138305664e-01,6.541022062301635742e-01
1.084687948226928711e+00,9.381873607635498047e-01
9.249429702758789062e-01,6.334412693977355957e-01
7.503299713134765625e-01,5.975691676139831543e-01
6.302170157432556152e-01,5.980839729309082031e-01
5.212000012397766113e-01,5.547600388526916504e-01
5.422279834747314453e-01,4.972302019596099854e-01
5.022159814834594727e-01,7.776667475700378418e-01
7.840080261230468750e-01,5.839174389839172363e-01
9.052649736404418945e-01,8.844754099845886230e-01
8.074060082435607910e-01,6.953023672103881836e-01
4.172169864177703857e-01,5.486628413200378418e-01
3.371190130710601807e-01,6.613391041755676270e-01
8.733649849891662598e-01,6.876958608627319336e-01
5.440269708633422852e-01,6.648939847946166992e-01
5.273450016975402832e-01,7.413433790206909180e-01
8.855969905853271484e-01,7.389314770698547363e-01
6.401169896125793457e-01,5.651357769966125488e-01
4.184980094432830811e-01,6.371031403541564941e-01
8.139330148696899414e-01,8.097965121269226074e-01
4.398790001869201660e-01,6.198441982269287109e-01
6.132659912109375000e-01,8.011062741279602051e-01
4.182730019092559814e-01,4.838016331195831299e-01
4.213410019874572754e-01,5.083652734756469727e-01
4.376400113105773926e-01,7.029722332954406738e-01
5.691360235214233398e-01,7.713089585304260254e-01
5.614770054817199707e-01,9.523025751113891602e-01
5.280159711837768555e-01,8.810716271400451660e-01
7.674009799957275391e-01,5.914556384086608887e-01
2.995989918708801270e-01,5.211070179939270020e-01
2.505280077457427979e-01,5.534421801567077637e-01
8.109139800071716309e-01,6.655299663543701172e-01
7.084959745407104492e-01,6.317606568336486816e-01
7.655789852142333984e-01,7.830849289894104004e-01
7.834309935569763184e-01,7.749896645545959473e-01
7.291389703750610352e-01,7.321358323097229004e-01
7.089040279388427734e-01,7.695738077163696289e-01
6.829869747161865234e-01,7.257207632064819336e-01
5.523679852485656738e-01,5.314091444015502930e-01
3.703700006008148193e-01,5.863731503486633301e-01
3.480120003223419189e-01,5.851348042488098145e-01
6.149389743804931641e-01,6.930130124092102051e-01
4.814639985561370850e-01,6.338676810264587402e-01
5.595470070838928223e-01,7.839735150337219238e-01
5.444639921188354492e-01,6.874256730079650879e-01
7.175830006599426270e-01,6.579315066337585449e-01
7.881169915199279785e-01,8.606792092323303223e-01
6.107299923896789551e-01,5.617100596427917480e-01
6.802009940147399902e-01,5.750348567962646484e-01
7.622640132904052734e-01,8.302603960037231445e-01
6.238520145416259766e-01,6.775395274162292480e-01
3.600029945373535156e-01,5.566833019256591797e-01
9.397609829902648926e-01,6.317606568336486816e-01
8.012409806251525879e-01,6.337051987648010254e-01
5.119580030441284180e-01,6.317606568336486816e-01
4.222019910812377930e-01,7.516523599624633789e-01
7.705850005149841309e-01,7.304220199584960938e-01
7.754120230674743652e-01,7.299501299858093262e-01
7.034270167350769043e-01,8.035399913787841797e-01
7.625700235366821289e-01,8.157834410667419434e-01
8.727679848670959473e-01,8.474550843238830566e-01
5.036799907684326172e-01,8.039364218711853027e-01
4.346039891242980957e-01,7.459707856178283691e-01
8.711320161819458008e-01,5.990825891494750977e-01
5.744240283966064453e-01,6.262136101722717285e-01
4.389959871768951416e-01,8.032425045967102051e-01
5.551099777221679688e-01,5.201016068458557129e-01
4.530369937419891357e-01,6.487219929695129395e-01
5.679569840431213379e-01,5.619679689407348633e-01
4.766980111598968506e-01,6.186548471450805664e-01
9.519109725952148438e-01,7.719676494598388672e-01
1.004119038581848145e+00,7.653686404228210449e-01
1.033398032188415527e+00,8.494613170623779297e-01
8.674479722976684570e-01,6.470237374305725098e-01
3.010450005531311035e-01,4.659329056739807129e-01
4.446989893913269043e-01,6.709519624710083008e-01
1.037314057350158691e+00,6.523464322090148926e-01
3.500199913978576660e-01,5.550895333290100098e-01
2.482690066099166870e-01,6.137557625770568848e-01
8.095340132713317871e-01,6.742129325866699219e-01
7.006260156631469727e-01,6.317606568336486816e-01
5.986459851264953613e-01,5.730552077293395996e-01
5.584920048713684082e-01,6.317606568336486816e-01
3.394500017166137695e-01,8.156391978263854980e-01
2.667340040206909180e-01,5.153058767318725586e-01
5.479729771614074707e-01,6.317606568336486816e-01
5.931069850921630859e-01,6.317606568336486816e-01
4.018529951572418213e-01,6.317606568336486816e-01
3.695499897003173828e-01,6.317606568336486816e-01
8.149939775466918945e-01,7.954943180084228516e-01
7.212100028991699219e-01,7.728346586227416992e-01
7.633420228958129883e-01,7.328747510910034180e-01
4.492200016975402832e-01,5.689874291419982910e-01
3.883219957351684570e-01,5.644716024398803711e-01
7.245979905128479004e-01,9.015474319458007812e-01
1.030343055725097656e+00,8.161726593971252441e-01
5.318769812583923340e-01,6.515343785285949707e-01
5.524830222129821777e-01,6.424667239189147949e-01
7.283750176429748535e-01,7.458242774009704590e-01
8.944569826126098633e-01,8.422902226448059082e-01
4.364649951457977295e-01,5.177717208862304688e-01
4.176470041275024414e-01,4.754926264286041260e-01
6.511440277099609375e-01,7.116466760635375977e-01
5.726259946823120117e-01,7.169154882431030273e-01
7.008370161056518555e-01,5.973643660545349121e-01
3.988200128078460693e-01,4.582761824131011963e-01
3.117310106754302979e-01,5.464504361152648926e-01
9.193829894065856934e-01,6.473743319511413574e-01
8.219519853591918945e-01,7.788537740707397461e-01
8.140919804573059082e-01,6.125667691230773926e-01
6.275910139083862305e-01,7.330040931701660156e-01
8.645399808883666992e-01,7.338656783103942871e-01
6.189399957656860352e-01,6.614030599594116211e-01
4.742240011692047119e-01,6.024327278137207031e-01
9.149950146675109863e-01,8.679012656211853027e-01
9.448009729385375977e-01,8.753808140754699707e-01
4.647879898548126221e-01,5.481544137001037598e-01
7.306540012359619141e-01,6.896284818649291992e-01
4.790450036525726318e-01,6.824291348457336426e-01
5.075920224189758301e-01,6.053044199943542480e-01
8.345509767532348633e-01,6.634837985038757324e-01
8.405299782752990723e-01,6.911832690238952637e-01
7.140899896621704102e-01,5.939280986785888672e-01
5.251039862632751465e-01,6.431050896644592285e-01
5.080459713935852051e-01,6.032673120498657227e-01
9.055060148239135742e-01,6.255013346672058105e-01
6.868770122528076172e-01,6.283746361732482910e-01
2.154860049486160278e-01,6.799460649490356445e-01
7.825409770011901855e-01,7.592379450798034668e-01
2.594029903411865234e-01,6.650290489196777344e-01
5.555089712142944336e-01,6.971646547317504883e-01
6.118419766426086426e-01,6.213519573211669922e-01
5.855870246887207031e-01,6.651041507720947266e-01
6.868360042572021484e-01,6.493080854415893555e-01
9.913579821586608887e-01,6.994133591651916504e-01
4.070419967174530029e-01,6.293540000915527344e-01
3.445830047130584717e-01,7.095426917076110840e-01
9.834439754486083984e-01,8.778705000877380371e-01
1.024489998817443848e+00,9.426426291465759277e-01
8.376060128211975098e-01,6.965705156326293945e-01
4.522199928760528564e-01,8.275299668312072754e-01
5.344219803810119629e-01,6.587576270103454590e-01
9.438899755477905273e-01,8.607718348503112793e-01
5.817760229110717773e-01,6.452417969703674316e-01
5.042319893836975098e-01,8.355383872985839844e-01
1.044507026672363281e+00,8.862210512161254883e-01
5.779740214347839355e-01,7.053583264350891113e-01
5.297060012817382812e-01,8.600431084632873535e-01
7.699890136718750000e-01,8.373142480850219727e-01
8.875570297241210938e-01,7.667202949523925781e-01
3.617100119590759277e-01,7.099593281745910645e-01
3.480820059776306152e-01,7.816916704177856445e-01
1.111372947692871094e+00,8.074986338615417480e-01
5.068519711494445801e-01,7.025049328804016113e-01
5.023940205574035645e-01,7.142062783241271973e-01
7.155129909515380859e-01,6.554121375083923340e-01
5.070750117301940918e-01,6.382520794868469238e-01
5.962449908256530762e-01,7.184119224548339844e-01
8.875250220298767090e-01,7.475608587265014648e-01
7.582380175590515137e-01,6.317606568336486816e-01
3.452689945697784424e-01,6.750205755233764648e-01
3.241289854049682617e-01,7.744711637496948242e-01
5.120999813079833984e-01,5.886949300765991211e-01
5.257629752159118652e-01,6.907520294189453125e-01
9.253259897232055664e-01,8.152784705162048340e-01
3.195129930973052979e-01,6.408211588859558105e-01
2.907330095767974854e-01,7.023536562919616699e-01
5.368459820747375488e-01,9.096270799636840820e-01
4.891740083694458008e-01,6.289002895355224609e-01
6.252170205116271973e-01,6.851825118064880371e-01
5.777059793472290039e-01,4.864241480827331543e-01
8.144369721412658691e-01,7.011763453483581543e-01
7.881379723548889160e-01,9.306321740150451660e-01
4.619970023632049561e-01,7.484541535377502441e-01
3.441849946975708008e-01,5.737478137016296387e-01
4.630079865455627441e-01,6.077173948287963867e-01
3.952710032463073730e-01,7.564141154289245605e-01
7.370949983596801758e-01,7.452327609062194824e-01
7.913399934768676758e-01,7.913184165954589844e-01
6.181880235671997070e-01,7.821899056434631348e-01
4.772129952907562256e-01,5.888035893440246582e-01
5.487380027770996094e-01,6.109974384307861328e-01
5.312479734420776367e-01,5.640422701835632324e-01
4.923430085182189941e-01,6.830950975418090820e-01
3.538680076599121094e-01,7.036010622978210449e-01
4.530259966850280762e-01,7.581148743629455566e-01
7.278950214385986328e-01,6.799736618995666504e-01
5.092660188674926758e-01,6.966291069984436035e-01
4.166939854621887207e-01,6.881414055824279785e-01
8.167750239372253418e-01,9.268931746482849121e-01
7.553290128707885742e-01,7.613793611526489258e-01
4.562290012836456299e-01,6.278279423713684082e-01
4.241989850997924805e-01,7.085911631584167480e-01
4.237340092658996582e-01,4.944027662277221680e-01
8.004490137100219727e-01,5.779645442962646484e-01
8.940569758415222168e-01,6.389927864074707031e-01
5.622760057449340820e-01,7.563979625701904297e-01
4.950050115585327148e-01,6.191986203193664551e-01
7.961680293083190918e-01,7.802560925483703613e-01
3.281379938125610352e-01,6.131317615509033203e-01
4.162259995937347412e-01,6.514253020286560059e-01
3.868069946765899658e-01,6.433191895484924316e-01
4.313470125198364258e-01,7.012376785278320312e-01
7.828980088233947754e-01,6.618264317512512207e-01
7.815520167350769043e-01,6.297140121459960938e-01
5.616329908370971680e-01,6.933084726333618164e-01
5.184990167617797852e-01,6.589842438697814941e-01
5.012059807777404785e-01,6.142445802688598633e-01
4.501110017299652100e-01,5.755769610404968262e-01
3.930720090866088867e-01,7.037099003791809082e-01
6.451069712638854980e-01,5.764164328575134277e-01
5.486059784889221191e-01,5.790154933929443359e-01
8.044419884681701660e-01,8.884248137474060059e-01
5.686749815940856934e-01,7.567073106765747070e-01
5.766339898109436035e-01,6.259132623672485352e-01
8.572139739990234375e-01,6.795608997344970703e-01
6.834089756011962891e-01,5.936614871025085449e-01
6.029049754142761230e-01,6.070780754089355469e-01
6.758249998092651367e-01,6.231463551521301270e-01
8.382840156555175781e-01,6.135324835777282715e-01
8.693640232086181641e-01,6.736474633216857910e-01
6.179620027542114258e-01,6.757876276969909668e-01
6.117849946022033691e-01,6.360397934913635254e-01
9.643260240554809570e-01,6.943948268890380859e-01
5.828899741172790527e-01,6.857048869132995605e-01
4.729070067405700684e-01,6.663182377815246582e-01
7.511360049247741699e-01,4.736797511577606201e-01
7.965610027313232422e-01,6.795884966850280762e-01
7.617790102958679199e-01,6.421267390251159668e-01
7.958340048789978027e-01,7.963556647300720215e-01
4.872919917106628418e-01,6.884493231773376465e-01
8.670740127563476562e-01,6.242319345474243164e-01
8.788899779319763184e-01,8.387854099273681641e-01
8.450520038604736328e-01,7.965933084487915039e-01
9.055550098419189453e-01,8.551883697509765625e-01
6.640300154685974121e-01,6.664865612983703613e-01
4.375729858875274658e-01,7.256777882575988770e-01
5.867220163345336914e-01,7.051886320114135742e-01
5.787259936332702637e-01,5.710046291351318359e-01
5.840719938278198242e-01,7.054910063743591309e-01
8.234090209007263184e-01,6.840716004371643066e-01
6.283879876136779785e-01,7.694835066795349121e-01
5.582200288772583008e-01,7.392886877059936523e-01
6.510829925537109375e-01,6.781442761421203613e-01
5.632569789886474609e-01,8.307784795761108398e-01
7.828670144081115723e-01,6.310200095176696777e-01
8.614540100097656250e-01,6.398497819900512695e-01
5.827729701995849609e-01,6.162568926811218262e-01
5.898200273513793945e-01,6.081660985946655273e-01
9.223650097846984863e-01,5.804601907730102539e-01
4.712440073490142822e-01,5.676044821739196777e-01
3.775019943714141846e-01,5.918615460395812988e-01
7.532479763031005859e-01,7.780380249023437500e-01
8.614320158958435059e-01,5.831124186515808105e-01
8.347929716110229492e-01,8.457165360450744629e-01
5.155829787254333496e-01,6.229739785194396973e-01
7.845289707183837891e-01,6.999910473823547363e-01
7.421789765357971191e-01,7.071149349212646484e-01
8.017770051956176758e-01,6.418790221214294434e-01
4.470160007476806641e-01,7.981623411178588867e-01
8.354120254516601562e-01,6.556536555290222168e-01
8.569179773330688477e-01,7.690874338150024414e-01
3.622080087661743164e-01,5.431871414184570312e-01
5.901719927787780762e-01,7.063755989074707031e-01
5.657150149345397949e-01,6.143339276313781738e-01
5.352479815483093262e-01,6.999102830886840820e-01
9.660170078277587891e-01,6.136503815650939941e-01
5.559930205345153809e-01,6.286553740501403809e-01
4.815399944782257080e-01,5.207821130752563477e-01
8.768129944801330566e-01,7.054498195648193359e-01
4.882769882678985596e-01,7.513267993927001953e-01
6.827020049095153809e-01,7.642620205879211426e-01
5.951319932937622070e-01,5.536128878593444824e-01
6.413199901580810547e-01,6.405045390129089355e-01
8.783239722251892090e-01,7.314262390136718750e-01
6.187279820442199707e-01,6.365473866462707520e-01
5.082139968872070312e-01,6.176446080207824707e-01
6.635879874229431152e-01,7.935884594917297363e-01
4.336760044097900391e-01,7.651177644729614258e-01
8.293480277061462402e-01,7.983285784721374512e-01
8.445370197296142578e-01,7.631576657295227051e-01
5.053550004959106445e-01,6.689366698265075684e-01
4.941889941692352295e-01,6.661570668220520020e-01
7.434080243110656738e-01,6.170467734336853027e-01
5.114489793777465820e-01,7.437186241149902344e-01
6.276959776878356934e-01,8.181136846542358398e-01
4.322560131549835205e-01,6.918155550956726074e-01
3.843599855899810791e-01,6.467732191085815430e-01
3.315230011940002441e-01,6.453337073326110840e-01
8.744580149650573730e-01,7.025334239006042480e-01
7.570869922637939453e-01,6.505589485168457031e-01
3.864549994468688965e-01,7.369045615196228027e-01
3.899289965629577637e-01,7.112898826599121094e-01
7.264119982719421387e-01,7.171108722686767578e-01
7.235419750213623047e-01,7.313361763954162598e-01
5.708209872245788574e-01,5.353859663009643555e-01
5.125030279159545898e-01,5.432013869285583496e-01
4.559589922428131104e-01,6.352761387825012207e-01
5.260019898414611816e-01,5.600898861885070801e-01
7.318149805068969727e-01,6.842019557952880859e-01
3.799279928207397461e-01,7.120819687843322754e-01
3.485499918460845947e-01,7.132642865180969238e-01
5.355920195579528809e-01,5.894284844398498535e-01
5.805240273475646973e-01,6.779987215995788574e-01
6.256710290908813477e-01,8.156859874725341797e-01
5.206570029258728027e-01,6.570608019828796387e-01
5.221989750862121582e-01,6.683825850486755371e-01
5.500900149345397949e-01,6.496204733848571777e-01
5.513949990272521973e-01,7.598053812980651855e-01
4.428539872169494629e-01,5.856847167015075684e-01
7.855910062789916992e-01,6.743828654289245605e-01
7.290589809417724609e-01,6.794951558113098145e-01
7.347729802131652832e-01,6.759079098701477051e-01
8.943439722061157227e-01,7.651264071464538574e-01
7.304019927978515625e-01,7.804377675056457520e-01
8.595129847526550293e-01,8.239364027976989746e-01
4.088990092277526855e-01,6.377387642860412598e-01
2.750209867954254150e-01,6.280025839805603027e-01
5.060989856719970703e-01,6.474707722663879395e-01
5.082529783248901367e-01,6.853016018867492676e-01
4.858889877796173096e-01,6.143594384193420410e-01
4.471620023250579834e-01,7.220358848571777344e-01
4.826569855213165283e-01,5.983046889305114746e-01
7.202240228652954102e-01,6.706089973449707031e-01
6.311849951744079590e-01,7.035516500473022461e-01
4.578279852867126465e-01,6.156406998634338379e-01
8.729289770126342773e-01,8.694726228713989258e-01
7.014409899711608887e-01,6.317606568336486816e-01
3.855580091476440430e-01,6.600178480148315430e-01
2.886880040168762207e-01,5.349259972572326660e-01
8.670989871025085449e-01,8.386208415031433105e-01
8.712400197982788086e-01,7.453668713569641113e-01
4.822280108928680420e-01,6.167913675308227539e-01
5.094779729843139648e-01,6.679133176803588867e-01
4.709140062332153320e-01,6.217352151870727539e-01
4.371969997882843018e-01,6.529349684715270996e-01
8.916820287704467773e-01,6.924170851707458496e-01
4.125809967517852783e-01,5.009735822677612305e-01
4.471989870071411133e-01,6.627135872840881348e-01
7.012069821357727051e-01,7.117820382118225098e-01
8.811650276184082031e-01,7.586324810981750488e-01
8.826739788055419922e-01,7.492594122886657715e-01
5.144780278205871582e-01,7.402286529541015625e-01
3.417580127716064453e-01,6.205282807350158691e-01
7.595729827880859375e-01,5.567451119422912598e-01
7.266420125961303711e-01,6.891985535621643066e-01
3.268449902534484863e-01,6.550989151000976562e-01
5.429599881172180176e-01,6.240296363830566406e-01
8.219950199127197266e-01,7.558478116989135742e-01
3.903119862079620361e-01,8.115375041961669922e-01
3.583199977874755859e-01,6.550599932670593262e-01
7.773069739341735840e-01,7.476531863212585449e-01
5.546969771385192871e-01,5.125949978828430176e-01
4.177649915218353271e-01,6.593228578567504883e-01
3.799369931221008301e-01,7.818894982337951660e-01
3.762789964675903320e-01,5.329648852348327637e-01
7.440149784088134766e-01,6.317606568336486816e-01
5.851650238037109375e-01,7.183333635330200195e-01
1.014909967780113220e-01,6.317606568336486816e-01
7.913849949836730957e-01,6.693278551101684570e-01
8.643180131912231445e-01,6.683537960052490234e-01
7.408829927444458008e-01,6.337676048278808594e-01
6.309199929237365723e-01,6.317606568336486816e-01
5.295659899711608887e-01,5.542375445365905762e-01
7.417520284652709961e-01,5.464367866516113281e-01
5.630540251731872559e-01,6.443412899971008301e-01
5.666919946670532227e-01,5.466879010200500488e-01
7.686929702758789062e-01,6.317606568336486816e-01
7.319200038909912109e-01,7.510064244270324707e-01
5.246199965476989746e-01,6.561171412467956543e-01
3.893760144710540771e-01,6.588702797889709473e-01
7.391039729118347168e-01,5.387517809867858887e-01
5.238649845123291016e-01,5.907947421073913574e-01
4.321359992027282715e-01,6.277199387550354004e-01
8.188940286636352539e-01,7.792581915855407715e-01
7.603430151939392090e-01,6.546165943145751953e-01
4.939270019531250000e-01,7.179130315780639648e-01
5.380550026893615723e-01,6.181580424308776855e-01
4.902909994125366211e-01,6.427744626998901367e-01
5.291860103607177734e-01,6.428465247154235840e-01
5.666249990463256836e-01,5.842735767364501953e-01
5.562520027160644531e-01,6.317606568336486816e-01
5.373659729957580566e-01,7.143638730049133301e-01
5.503569841384887695e-01,6.317606568336486816e-01
5.047289729118347168e-01,5.683031678199768066e-01
5.436549782752990723e-01,8.515366315841674805e-01
4.165790081024169922e-01,7.264090180397033691e-01
4.003599882125854492e-01,8.106737732887268066e-01
3.793660104274749756e-01,8.355937600135803223e-01
8.407890200614929199e-01,5.976436734199523926e-01
4.267930090427398682e-01,7.417303919792175293e-01
4.186320006847381592e-01,7.258612513542175293e-01
7.371199727058410645e-01,8.190431594848632812e-01
8.598089814186096191e-01,5.858097672462463379e-01
6.355519890785217285e-01,7.412835359573364258e-01
5.369169712066650391e-01,6.451917886734008789e-01
8.738740086555480957e-01,5.754805803298950195e-01
7.057350277900695801e-01,7.470678091049194336e-01
9.697909951210021973e-01,8.772941231727600098e-01
5.485640168190002441e-01,6.927497386932373047e-01
5.585830211639404297e-01,7.022030949592590332e-01
5.460219979286193848e-01,5.450893044471740723e-01
5.209050178527832031e-01,4.578819870948791504e-01
9.416790008544921875e-01,7.553305625915527344e-01
8.836849927902221680e-01,6.960051059722900391e-01
7.519890069961547852e-01,5.617200136184692383e-01
4.516449868679046631e-01,4.630903899669647217e-01
4.226900041103363037e-01,7.928594350814819336e-01
8.503569960594177246e-01,8.600606322288513184e-01
6.147990226745605469e-01,5.427272915840148926e-01
5.587360262870788574e-01,5.694260001182556152e-01
6.128150224685668945e-01,7.122568488121032715e-01
5.893269777297973633e-01,7.352084517478942871e-01
7.878149747848510742e-01,8.399567008018493652e-01
7.395129799842834473e-01,7.198965549468994141e-01
7.210440039634704590e-01,8.195274472236633301e-01
1.846799999475479126e-01,5.493907332420349121e-01
3.626860082149505615e-01,7.782208323478698730e-01
6.157090067863464355e-01,5.804003477096557617e-01
5.562189817428588867e-01,6.317606568336486816e-01
7.183709740638732910e-01,6.317606568336486816e-01
7.338960170745849609e-01,6.317606568336486816e-01
5.215690135955810547e-01,7.139495015144348145e-01
4.914380013942718506e-01,7.279803752899169922e-01
4.380660057067871094e-01,5.567123889923095703e-01
8.013989925384521484e-01,6.834573745727539062e-01
4.750170111656188965e-01,6.043915748596191406e-01
5.472549796104431152e-01,6.328745484352111816e-01
6.560000181198120117e-01,6.555125117301940918e-01
6.212509870529174805e-01,6.060640215873718262e-01
9.094870090484619141e-01,7.178662419319152832e-01
6.662970185279846191e-01,6.556484103202819824e-01
5.898969769477844238e-01,6.317606568336486816e-01
7.286009788513183594e-01,6.086800694465637207e-01
4.889140129089355469e-01,6.317606568336486816e-01
4.840460121631622314e-01,6.356969475746154785e-01
4.175910055637359619e-01,6.472166776657104492e-01
5.936719775199890137e-01,6.643220782279968262e-01
4.872240126132965088e-01,6.289972066879272461e-01
8.507599830627441406e-01,6.269498467445373535e-01
5.240880250930786133e-01,6.141824722290039062e-01
4.705899953842163086e-01,5.025877952575683594e-01
7.776349782943725586e-01,6.687036156654357910e-01
8.270120024681091309e-01,7.688927650451660156e-01
3.121829926967620850e-01,5.834435820579528809e-01
4.520139992237091064e-01,5.400641560554504395e-01
3.579419851303100586e-01,4.709427058696746826e-01
8.239319920539855957e-01,6.575532555580139160e-01
4.504660069942474365e-01,6.177494525909423828e-01
3.806869983673095703e-01,5.870069861412048340e-01
7.700870037078857422e-01,6.243278384208679199e-01
4.358220100402832031e-01,6.831517815589904785e-01
4.754680097103118896e-01,5.406582355499267578e-01
5.124830007553100586e-01,7.122697234153747559e-01
4.762009978294372559e-01,6.542739272117614746e-01
4.254350066184997559e-01,7.782920002937316895e-01
4.001120030879974365e-01,6.510971188545227051e-01
5.537300109863281250e-01,7.737318873405456543e-01
5.870460271835327148e-01,6.711064577102661133e-01
5.957999825477600098e-01,6.214700341224670410e-01
5.017480254173278809e-01,5.969333052635192871e-01
8.841170072555541992e-01,6.946346163749694824e-01
4.669950008392333984e-01,7.140560746192932129e-01
4.534040093421936035e-01,7.428941130638122559e-01
4.419449865818023682e-01,5.235146880149841309e-01
4.335420131683349609e-01,4.519537687301635742e-01
6.914039850234985352e-01,5.880942940711975098e-01
4.572469890117645264e-01,5.728968977928161621e-01
7.765160202980041504e-01,6.539657711982727051e-01
9.027389883995056152e-01,7.774219512939453125e-01
4.957849979400634766e-01,7.168701291084289551e-01
4.969989955425262451e-01,7.044446468353271484e-01
8.798559904098510742e-01,8.154069781303405762e-01
3.874750137329101562e-01,8.729115128517150879e-01
2.982499897480010986e-01,6.107946634292602539e-01
1.006893038749694824e+00,9.262719750404357910e-01
4.990490078926086426e-01,9.014165997505187988e-01
3.579140007495880127e-01,5.647053122520446777e-01
5.101950168609619141e-01,5.932052731513977051e-01
4.743979871273040771e-01,7.184336781501770020e-01
7.864729762077331543e-01,7.288681864738464355e-01
4.551709890365600586e-01,5.323826074600219727e-01
5.759400129318237305e-01,5.723168849945068359e-01
6.465420126914978027e-01,6.778249740600585938e-01
5.153059959411621094e-01,6.020908355712890625e-01
6.492930054664611816e-01,6.745713949203491211e-01
5.180289745330810547e-01,7.062841057777404785e-01
7.934949994087219238e-01,6.547312736511230469e-01
5.743839740753173828e-01,7.818930745124816895e-01
3.988290131092071533e-01,7.783597111701965332e-01
8.638510107994079590e-01,7.773630023002624512e-01
7.094089984893798828e-01,8.155555725097656250e-01
5.371649861335754395e-01,7.543017268180847168e-01
5.611299872398376465e-01,6.683623194694519043e-01
7.901579737663269043e-01,7.881124019622802734e-01
4.713259935379028320e-01,7.917637228965759277e-01
4.392740130424499512e-01,6.314431428909301758e-01
5.511900186538696289e-01,7.388982772827148438e-01
7.242950201034545898e-01,4.445810616016387939e-01
5.554829835891723633e-01,7.671050429344177246e-01
5.334560275077819824e-01,8.394294977188110352e-01
9.392060041427612305e-01,8.456241488456726074e-01
8.916580080986022949e-01,7.807390093803405762e-01
8.503379821777343750e-01,8.369490504264831543e-01
8.423150181770324707e-01,8.246773481369018555e-01
3.765499889850616455e-01,5.298791527748107910e-01
3.830809891223907471e-01,6.014789342880249023e-01
9.532979726791381836e-01,8.803526759147644043e-01
5.820999741554260254e-01,5.768260955810546875e-01
4.841449856758117676e-01,7.205166220664978027e-01
5.202080011367797852e-01,7.197088599205017090e-01
4.534139931201934814e-01,6.223991513252258301e-01
8.905280232429504395e-01,7.467378973960876465e-01
8.107370138168334961e-01,7.176585793495178223e-01
8.023189902305603027e-01,6.903875470161437988e-01
7.271220088005065918e-01,7.674463391304016113e-01
4.486449956893920898e-01,5.526862740516662598e-01
8.881099820137023926e-01,6.664503216743469238e-01
9.232980012893676758e-01,7.056993842124938965e-01
4.058069884777069092e-01,6.600757837295532227e-01
6.754670143127441406e-01,7.382189631462097168e-01
1.012716054916381836e+00,8.337032794952392578e-01
4.682660102844238281e-01,6.994116902351379395e-01
4.518350064754486084e-01,7.578892707824707031e-01
7.504690289497375488e-01,6.719319224357604980e-01
8.984220027923583984e-01,7.555029392242431641e-01
4.928210079669952393e-01,8.744702935218811035e-01
5.587840080261230469e-01,8.509365916252136230e-01
1.016523957252502441e+00,8.999562859535217285e-01
9.122599959373474121e-01,8.609942793846130371e-01
9.272249937057495117e-01,6.804481744766235352e-01
1.001409053802490234e+00,7.164984941482543945e-01
4.015119969844818115e-01,4.848347902297973633e-01
5.992079973220825195e-01,6.198492646217346191e-01
4.468039870262145996e-01,6.275451779365539551e-01
4.273439943790435791e-01,6.490048766136169434e-01
9.428330063819885254e-01,5.994164347648620605e-01
5.665529966354370117e-01,7.353850007057189941e-01
6.044350266456604004e-01,5.875892043113708496e-01
5.498470067977905273e-01,5.250872373580932617e-01
5.348320007324218750e-01,6.243296265602111816e-01
8.217980265617370605e-01,6.548991799354553223e-01
6.229820251464843750e-01,7.625994086265563965e-01
6.083899736404418945e-01,7.858113646507263184e-01
7.448650002479553223e-01,8.949185013771057129e-01
5.826900005340576172e-01,7.977352738380432129e-01
5.589209794998168945e-01,5.946650505065917969e-01
8.992419838905334473e-01,7.163141369819641113e-01
8.504999876022338867e-01,7.202555537223815918e-01
5.088959932327270508e-01,7.730467319488525391e-01
3.878050148487091064e-01,5.846086144447326660e-01
7.029439806938171387e-01,6.287673115730285645e-01
5.646809935569763184e-01,6.317606568336486816e-01
5.945860147476196289e-01,6.252313256263732910e-01
5.356169939041137695e-01,7.484710216522216797e-01
8.783059716224670410e-01,7.405751943588256836e-01
5.762730240821838379e-01,7.300985455513000488e-01
4.377059936523437500e-01,8.610257506370544434e-01
5.650749802589416504e-01,6.509748101234436035e-01
5.242990255355834961e-01,8.473353981971740723e-01
5.758609771728515625e-01,7.905877828598022461e-01
3.902600109577178955e-01,5.990261435508728027e-01
4.993540048599243164e-01,7.631754279136657715e-01
6.224489808082580566e-01,6.502161622047424316e-01
5.624290108680725098e-01,5.104989409446716309e-01
4.254370033740997314e-01,6.012611985206604004e-01
3.716039955615997314e-01,5.649421811103820801e-01
9.309960007667541504e-01,7.175845503807067871e-01
8.293280005455017090e-01,7.813169956207275391e-01
5.091639757156372070e-01,8.197368383407592773e-01
5.560160279273986816e-01,6.954755783081054688e-01
5.503669977188110352e-01,5.942155718803405762e-01
5.434120297431945801e-01,5.694559812545776367e-01
4.585219919681549072e-01,6.380747556686401367e-01
4.656989872455596924e-01,6.271174550056457520e-01
4.408870041370391846e-01,6.441684365272521973e-01
5.258629918098449707e-01,6.444789767265319824e-01
4.981110095977783203e-01,5.737274289131164551e-01
2.839410006999969482e-01,6.757876276969909668e-01
1.031844019889831543e+00,9.081733822822570801e-01
5.204030275344848633e-01,7.249110341072082520e-01
6.140159964561462402e-01,6.337042450904846191e-01
6.754009723663330078e-01,5.317346453666687012e-01
6.103600263595581055e-01,6.613847017288208008e-01
9.684339761734008789e-01,5.303530693054199219e-01
5.010759830474853516e-01,6.360735297203063965e-01
4.551990032196044922e-01,7.184064984321594238e-01
7.374269962310791016e-01,5.715755820274353027e-01
5.237939953804016113e-01,6.281610727310180664e-01
5.073649883270263672e-01,6.699916720390319824e-01
4.687579870223999023e-01,5.876474976539611816e-01
4.158050119876861572e-01,5.876905918121337891e-01
3.435429930686950684e-01,5.670956969261169434e-01
3.426519930362701416e-01,4.583953619003295898e-01
7.940710186958312988e-01,5.827009081840515137e-01
7.635030150413513184e-01,7.529938817024230957e-01
7.637010216712951660e-01,6.418389081954956055e-01
8.307579755783081055e-01,8.493053913116455078e-01
7.628229856491088867e-01,8.063932061195373535e-01
7.157080173492431641e-01,7.977436184883117676e-01
8.711109757423400879e-01,9.133622050285339355e-01
9.709370136260986328e-01,7.657262086868286133e-01
3.435179889202117920e-01,5.990464091300964355e-01
6.386550068855285645e-01,6.007830500602722168e-01
7.976909875869750977e-01,6.708959937095642090e-01
7.665339708328247070e-01,6.813827753067016602e-01
7.556200027465820312e-01,6.697734594345092773e-01
6.299229860305786133e-01,6.591036915779113770e-01
5.891109704971313477e-01,7.304878830909729004e-01
7.358239889144897461e-01,6.800807118415832520e-01
7.921990156173706055e-01,7.989497184753417969e-01
8.120440244674682617e-01,6.315253376960754395e-01
2.834579944610595703e-01,7.680580615997314453e-01
4.345870018005371094e-01,7.184523940086364746e-01
4.565289914608001709e-01,6.002853512763977051e-01
4.531390070915222168e-01,6.317606568336486816e-01
5.462099909782409668e-01,4.593369066715240479e-01
3.543100059032440186e-01,5.943468809127807617e-01
7.626219987869262695e-01,7.239364981651306152e-01
8.605819940567016602e-01,7.513216137886047363e-01
8.451430201530456543e-01,6.307696104049682617e-01
4.579170048236846924e-01,6.889151930809020996e-01
4.332570135593414307e-01,6.317606568336486816e-01
5.548809766769409180e-01,5.326647162437438965e-01
5.283190011978149414e-01,5.741736292839050293e-01
8.409190177917480469e-01,7.252184152603149414e-01
7.311490178108215332e-01,6.103706359863281250e-01
5.649129748344421387e-01,5.851464271545410156e-01
5.390220284461975098e-01,6.416646838188171387e-01
7.187539935111999512e-01,6.818662285804748535e-01
4.741089940071105957e-01,5.437053442001342773e-01
3.729430139064788818e-01,5.712175965309143066e-01
5.725229978561401367e-01,6.731144189834594727e-01
4.591220021247863770e-01,6.791880726814270020e-01
9.249320030212402344e-01,7.178611159324645996e-01
8.966990113258361816e-01,7.725614309310913086e-01
8.189970254898071289e-01,8.617369532585144043e-01
9.131219983100891113e-01,7.510871887207031250e-01
4.090960025787353516e-01,6.307692527770996094e-01
3.076300024986267090e-01,5.708777308464050293e-01
8.734490275382995605e-01,6.449835300445556641e-01
7.497450113296508789e-01,7.113525271415710449e-01
8.526589870452880859e-01,6.130494475364685059e-01
6.601679921150207520e-01,4.926699697971343994e-01
4.165689945220947266e-01,4.376130402088165283e-01
5.805199742317199707e-01,6.151984333992004395e-01
1.171561956405639648e+00,7.757365107536315918e-01
1.135974049568176270e+00,7.367281317710876465e-01
5.874440073966979980e-01,6.416416764259338379e-01
5.771530270576477051e-01,5.655598044395446777e-01
7.677950263023376465e-01,7.822075486183166504e-01
7.882459759712219238e-01,5.737784504890441895e-01
6.253370046615600586e-01,6.691851615905761719e-01
4.355599880218505859e-01,6.083326339721679688e-01
8.065519928932189941e-01,8.582214117050170898e-01
4.479140043258666992e-01,6.259071230888366699e-01
4.581040143966674805e-01,5.232325792312622070e-01
9.843800067901611328e-01,7.708454728126525879e-01
8.379250168800354004e-01,6.745736002922058105e-01
5.421270132064819336e-01,4.661528170108795166e-01
7.652959823608398438e-01,5.510820150375366211e-01
7.362310290336608887e-01,6.317606568336486816e-01
4.514749944210052490e-01,6.826481819152832031e-01
4.042200148105621338e-01,5.433912873268127441e-01
7.673709988594055176e-01,5.359116196632385254e-01
4.696330130100250244e-01,5.185272097587585449e-01
4.443460106849670410e-01,6.184620261192321777e-01
7.877590060234069824e-01,7.441175580024719238e-01
4.801639914512634277e-01,4.615567922592163086e-01
4.225780069828033447e-01,6.074681282043457031e-01
7.201430201530456543e-01,6.459489464759826660e-01
4.166939854621887207e-01,5.635669827461242676e-01
5.157259702682495117e-01,6.198547482490539551e-01
9.668160080909729004e-01,7.805789113044738770e-01
1.029404044151306152e+00,9.278776049613952637e-01
8.175969719886779785e-01,6.477332115173339844e-01
9.952819943428039551e-01,5.475061535835266113e-01
8.038870096206665039e-01,9.385421872138977051e-01
1.077931046485900879e+00,9.572224020957946777e-01
5.291969776153564453e-01,5.649443268775939941e-01
4.729970097541809082e-01,5.396400690078735352e-01
8.747169971466064453e-01,7.556272149085998535e-01
9.730759859085083008e-01,8.149968981742858887e-01
4.984470009803771973e-01,5.114890933036804199e-01
6.650109887123107910e-01,5.177600383758544922e-01
4.255700111389160156e-01,6.856133341789245605e-01
3.414719998836517334e-01,8.522766232490539551e-01
7.573829889297485352e-01,9.008018374443054199e-01
9.391109943389892578e-01,8.909532427787780762e-01
1.006525039672851562e+00,6.267467737197875977e-01
1.025202035903930664e+00,7.410449981689453125e-01
9.828079938888549805e-01,7.575711607933044434e-01
8.108260035514831543e-01,6.317606568336486816e-01
3.814379870891571045e-01,5.547784566879272461e-01
2.675080001354217529e-01,4.525041878223419189e-01
4.989469945430755615e-01,6.698692440986633301e-01
6.420130133628845215e-01,6.813272833824157715e-01
5.771620273590087891e-01,5.192474722862243652e-01
5.186809897422790527e-01,6.169930100440979004e-01
7.327380180358886719e-01,5.784528851509094238e-01
7.703850269317626953e-01,6.317606568336486816e-01
7.979919910430908203e-01,7.306950688362121582e-01
4.610809981822967529e-01,5.059496164321899414e-01
8.271989822387695312e-01,5.343666076660156250e-01
9.937580227851867676e-01,6.780452132225036621e-01
7.296599745750427246e-01,6.091768741607666016e-01
7.314100265502929688e-01,6.317606568336486816e-01
4.924910068511962891e-01,6.456066370010375977e-01
4.795469939708709717e-01,6.503284573554992676e-01
5.956979990005493164e-01,5.882083773612976074e-01
5.523620247840881348e-01,6.106807589530944824e-01
4.382260143756866455e-01,5.661216378211975098e-01
4.232079982757568359e-01,6.333269476890563965e-01
7.931770086288452148e-01,6.317606568336486816e-01
5.268149971961975098e-01,6.343446969985961914e-01
3.971149921417236328e-01,6.530510187149047852e-01
7.703310251235961914e-01,8.242693543434143066e-01
4.168829917907714844e-01,5.420909523963928223e-01
3.928689956665039062e-01,5.765095353126525879e-01
1.033108949661254883e+00,8.652412295341491699e-01
2.434920072555541992e-01,5.863055586814880371e-01
2.658140063285827637e-01,6.505628824234008789e-01
5.156959891319274902e-01,6.013433933258056641e-01
5.014200210571289062e-01,5.775136351585388184e-01
7.966390252113342285e-01,6.317606568336486816e-01
8.446969985961914062e-01,7.451950907707214355e-01
8.987129926681518555e-01,8.864264488220214844e-01
9.239540100097656250e-01,8.648959398269653320e-01
2.977330088615417480e-01,6.429153084754943848e-01
5.945839881896972656e-01,4.412921965122222900e-01
1.001029968261718750e+00,7.684098482131958008e-01
8.759490251541137695e-01,5.310353040695190430e-01
7.545229792594909668e-01,6.418340206146240234e-01
5.945770144462585449e-01,6.135684847831726074e-01
5.473759770393371582e-01,6.314532756805419922e-01
5.474320054054260254e-01,5.395461320877075195e-01
4.994339942932128906e-01,5.455762147903442383e-01
7.409269809722900391e-01,6.513264179229736328e-01
1.096583008766174316e+00,8.906478881835937500e-01
9.701110124588012695e-01,8.023490309715270996e-01
5.129910111427307129e-01,5.744483470916748047e-01
4.916430115699768066e-01,8.526672720909118652e-01
5.256069898605346680e-01,5.938203930854797363e-01
5.148810148239135742e-01,4.979074299335479736e-01
7.552210092544555664e-01,7.591240406036376953e-01
8.310800194740295410e-01,7.244163155555725098e-01
5.622709989547729492e-01,6.886406540870666504e-01
5.968539714813232422e-01,5.748764276504516602e-01
5.954120159149169922e-01,5.976420640945434570e-01
5.749400258064270020e-01,6.858471035957336426e-01
7.222030162811279297e-01,5.754626393318176270e-01
6.170949935913085938e-01,6.802559494972229004e-01
5.342770218849182129e-01,6.858786940574645996e-01
1.062301039695739746e+00,6.923252344131469727e-01
1.121307969093322754e+00,7.531645298004150391e-01
8.430179953575134277e-01,9.668843746185302734e-01
5.891349911689758301e-01,8.556666374206542969e-01
4.957030117511749268e-01,5.941568017005920410e-01
8.723310232162475586e-01,6.350113153457641602e-01
8.090260028839111328e-01,6.374140381813049316e-01
8.260459899902343750e-01,5.139444470405578613e-01
7.466629743576049805e-01,5.276581645011901855e-01
6.906300187110900879e-01,5.096597075462341309e-01
5.174790024757385254e-01,6.571039557456970215e-01
1.127163052558898926e+00,6.302911639213562012e-01
1.183935046195983887e+00,6.873025298118591309e-01
5.024420022964477539e-01,6.715920567512512207e-01
4.870460033416748047e-01,5.100392699241638184e-01
1.040040016174316406e+00,6.804971694946289062e-01
8.776320219039916992e-01,7.763352990150451660e-01
3.040960133075714111e-01,5.563830733299255371e-01
2.819820046424865723e-01,6.012185811996459961e-01
7.293130159378051758e-01,6.815300583839416504e-01
9.331840276718139648e-01,7.568712830543518066e-01
2.629640102386474609e-01,7.149316668510437012e-01
2.532559931278228760e-01,7.484701275825500488e-01
7.851679921150207520e-01,8.567149043083190918e-01
7.913979887962341309e-01,9.225783944129943848e-01
7.337480187416076660e-01,6.301433444023132324e-01
4.094949960708618164e-01,7.017691135406494141e-01
4.566079974174499512e-01,6.349884867668151855e-01
7.373489737510681152e-01,6.506469845771789551e-01
7.742339968681335449e-01,6.462178230285644531e-01
7.775620222091674805e-01,6.235524415969848633e-01
8.310379981994628906e-01,6.726683378219604492e-01
7.626379728317260742e-01,6.141828298568725586e-01
4.429340064525604248e-01,6.485009789466857910e-01
4.071390032768249512e-01,6.529282331466674805e-01
2.298710048198699951e-01,5.356985330581665039e-01
4.164470136165618896e-01,6.365940570831298828e-01
7.289119958877563477e-01,6.317606568336486816e-01
7.570530176162719727e-01,6.317606568336486816e-01
5.554659962654113770e-01,6.453933119773864746e-01
8.321769833564758301e-01,6.451102495193481445e-01
8.308600187301635742e-01,6.849096417427062988e-01
5.366280078887939453e-01,7.489160895347595215e-01
5.036479830741882324e-01,5.926675200462341309e-01
6.269119977951049805e-01,6.245269179344177246e-01
8.156120181083679199e-01,6.317606568336486816e-01
7.999340295791625977e-01,6.317606568336486816e-01
7.215480208396911621e-01,6.532509922981262207e-01
4.521999955177307129e-01,6.604614257812500000e-01
4.030939936637878418e-01,6.092295646667480469e-01
2.668389976024627686e-01,6.046054363250732422e-01
2.785359919071197510e-01,6.530762910842895508e-01
7.219150066375732422e-01,8.050076365470886230e-01
7.434260249137878418e-01,9.822510480880737305e-01
9.116520285606384277e-01,7.688260674476623535e-01
8.913000226020812988e-01,8.915628194808959961e-01
6.609780192375183105e-01,7.490770220756530762e-01
5.934370160102844238e-01,5.675234198570251465e-01
4.429889917373657227e-01,4.548953473567962646e-01
3.686679899692535400e-01,4.278728961944580078e-01
8.191679716110229492e-01,6.456515192985534668e-01
8.467149734497070312e-01,6.984286904335021973e-01
2.690539956092834473e-01,6.339655518531799316e-01
2.715379893779754639e-01,6.721032261848449707e-01
4.143719971179962158e-01,5.866565108299255371e-01
3.257359862327575684e-01,4.905507266521453857e-01
7.052900195121765137e-01,7.481331229209899902e-01
8.802919983863830566e-01,6.980867981910705566e-01
8.025720119476318359e-01,4.788023233413696289e-01
4.468280076980590820e-01,5.868614315986633301e-01
4.256980121135711670e-01,4.990748465061187744e-01
8.691130280494689941e-01,6.623747944831848145e-01
4.589230120182037354e-01,6.679937243461608887e-01
4.428499937057495117e-01,6.313757300376892090e-01
7.499840259552001953e-01,6.317606568336486816e-01
7.594429850578308105e-01,8.137767910957336426e-01
5.444470047950744629e-01,6.652352213859558105e-01
4.215030074119567871e-01,6.318845748901367188e-01
9.281790256500244141e-01,7.521317005157470703e-01
7.655640244483947754e-01,6.365311145782470703e-01
7.223200201988220215e-01,6.029205322265625000e-01
3.695960044860839844e-01,6.712254285812377930e-01
3.087959885597229004e-01,4.347707927227020264e-01
8.076419830322265625e-01,7.428119778633117676e-01
1.002725005149841309e+00,7.136688828468322754e-01
9.936299920082092285e-01,8.972195982933044434e-01
2.378800064325332642e-01,5.924417376518249512e-01
2.569980025291442871e-01,5.368952751159667969e-01
5.199080109596252441e-01,5.309426784515380859e-01
4.415020048618316650e-01,5.983223915100097656e-01
1.052718043327331543e+00,7.840067148208618164e-01
3.920750021934509277e-01,7.224448919296264648e-01
3.111119866371154785e-01,6.905102133750915527e-01
3.848829865455627441e-01,5.841495394706726074e-01
4.023300111293792725e-01,6.070217490196228027e-01
4.362170100212097168e-01,5.670513510704040527e-01
3.141089975833892822e-01,5.844492316246032715e-01
8.270360231399536133e-01,7.427229285240173340e-01
7.212899923324584961e-01,5.841010808944702148e-01
7.762389779090881348e-01,7.791280150413513184e-01
4.244180023670196533e-01,6.317606568336486816e-01
2.912609875202178955e-01,6.353396177291870117e-01
7.704730033874511719e-01,5.640861392021179199e-01
3.233410120010375977e-01,5.819800496101379395e-01
3.623650074005126953e-01,5.914480090141296387e-01
5.980029702186584473e-01,7.296994328498840332e-01
5.275160074234008789e-01,6.287092566490173340e-01
7.357550263404846191e-01,7.571524977684020996e-01
7.988460063934326172e-01,7.137109637260437012e-01
9.481210112571716309e-01,5.525240302085876465e-01
4.808979928493499756e-01,6.292367577552795410e-01
2.971830070018768311e-01,4.931464791297912598e-01
7.491559982299804688e-01,7.763264179229736328e-01
7.528759837150573730e-01,5.779798626899719238e-01
7.617790102958679199e-01,5.589289069175720215e-01
7.655839920043945312e-01,6.060254573822021484e-01
7.714359760284423828e-01,8.678205609321594238e-01
8.051429986953735352e-01,8.003686070442199707e-01
7.966619729995727539e-01,6.680521368980407715e-01
7.865210175514221191e-01,8.571299314498901367e-01
8.353769779205322266e-01,8.154004216194152832e-01
7.305200099945068359e-01,6.805652379989624023e-01
4.342989921569824219e-01,6.945256590843200684e-01
4.622879922389984131e-01,4.711792171001434326e-01
9.007769823074340820e-01,8.135362267494201660e-01
3.955680131912231445e-01,4.451387524604797363e-01
3.185549974441528320e-01,4.854001402854919434e-01
8.314869999885559082e-01,8.065813183784484863e-01
1.019664049148559570e+00,6.996283531188964844e-01
1.006713986396789551e+00,6.664991378784179688e-01
7.460889816284179688e-01,7.698876261711120605e-01
5.259029865264892578e-01,6.089431643486022949e-01
4.934389889240264893e-01,6.317606568336486816e-01
4.635410010814666748e-01,6.398977041244506836e-01
4.666030108928680420e-01,6.259981393814086914e-01
7.189689874649047852e-01,5.652372837066650391e-01
7.578709721565246582e-01,7.962164878845214844e-01
5.576440095901489258e-01,7.481651902198791504e-01
5.529559850692749023e-01,7.454698681831359863e-01
5.258659720420837402e-01,6.639387011528015137e-01
6.208450198173522949e-01,6.175951957702636719e-01
5.367230176925659180e-01,5.998276472091674805e-01
3.212180137634277344e-01,4.867599308490753174e-01
7.145500183105468750e-01,7.840017676353454590e-01
7.752959728240966797e-01,7.054193615913391113e-01
7.964839935302734375e-01,6.793918609619140625e-01
8.606560230255126953e-01,6.805556416511535645e-01
3.304199874401092529e-01,5.723972916603088379e-01
1.113404035568237305e+00,8.138304948806762695e-01
6.542220115661621094e-01,4.733889102935791016e-01
4.030469954013824463e-01,5.614231228828430176e-01
3.854900002479553223e-01,6.973602175712585449e-01
3.921099901199340820e-01,4.849818050861358643e-01
3.382999897003173828e-01,6.258417963981628418e-01
7.157040238380432129e-01,6.206958889961242676e-01
7.527890205383300781e-01,6.118920445442199707e-01
7.292789816856384277e-01,6.952826380729675293e-01
4.763459861278533936e-01,6.542537808418273926e-01
4.700880050659179688e-01,7.307605743408203125e-01
5.683060288429260254e-01,4.643935263156890869e-01
1.188122034072875977e+00,7.124229073524475098e-01
1.062057971954345703e+00,7.637909650802612305e-01
4.489650130271911621e-01,6.698223948478698730e-01
4.824270009994506836e-01,6.662817597389221191e-01
7.371439933776855469e-01,6.043328046798706055e-01
6.663650274276733398e-01,6.296706199645996094e-01
5.613110065460205078e-01,6.682918667793273926e-01
8.055199980735778809e-01,6.995895504951477051e-01
3.809190094470977783e-01,4.994979500770568848e-01
2.285069972276687622e-01,5.040193796157836914e-01
3.748500049114227295e-01,6.845947504043579102e-01
5.958949923515319824e-01,4.977224767208099365e-01
9.145759940147399902e-01,9.853781461715698242e-01
4.960710108280181885e-01,7.605912089347839355e-01
8.670079708099365234e-01,7.765632867813110352e-01
1.048316001892089844e+00,9.163807034492492676e-01
9.652609825134277344e-01,8.242217898368835449e-01
7.215800285339355469e-01,8.913512825965881348e-01
1.016808986663818359e+00,7.978768944740295410e-01
8.887969851493835449e-01,7.768918871879577637e-01
8.563230037689208984e-01,7.706279754638671875e-01
9.328780174255371094e-01,7.858911156654357910e-01
2.524569928646087646e-01,5.690928101539611816e-01
1.493149995803833008e-01,5.324304103851318359e-01
7.649379968643188477e-01,6.452454328536987305e-01
7.516400218009948730e-01,6.164076924324035645e-01
7.571480274200439453e-01,8.614078164100646973e-01
8.280910253524780273e-01,7.342290878295898438e-01
7.968320250511169434e-01,8.402875661849975586e-01
7.669199705123901367e-01,7.469845414161682129e-01
7.444229722023010254e-01,8.430858850479125977e-01
4.526189863681793213e-01,5.027045011520385742e-01
5.459480285644531250e-01,4.647046625614166260e-01
8.377159833908081055e-01,5.464087128639221191e-01
7.514089941978454590e-01,6.887793540954589844e-01
5.361850261688232422e-01,6.109376549720764160e-01
5.542029738426208496e-01,6.638236641883850098e-01
5.709959864616394043e-01,5.667153000831604004e-01
4.694409966468811035e-01,6.548553109169006348e-01
5.653269886970520020e-01,6.419206261634826660e-01
5.179380178451538086e-01,7.134813666343688965e-01
9.933230280876159668e-01,6.547196507453918457e-01
6.417310237884521484e-01,6.080942153930664062e-01
3.941020071506500244e-01,6.326503157615661621e-01
3.869979977607727051e-01,6.293044090270996094e-01
5.659360289573669434e-01,6.075523495674133301e-01
4.765549898147583008e-01,6.172412633895874023e-01
7.296280264854431152e-01,6.347602009773254395e-01
8.454200029373168945e-01,7.558563947677612305e-01
4.606370031833648682e-01,7.628754377365112305e-01
3.652839958667755127e-01,5.947954058647155762e-01
7.020400166511535645e-01,7.281307578086853027e-01
9.576299786567687988e-01,8.180908560752868652e-01
3.511509895324707031e-01,5.779801607131958008e-01
4.137600064277648926e-01,7.038990855216979980e-01
5.842499732971191406e-01,5.031678080558776855e-01
5.086960196495056152e-01,7.801213264465332031e-01
8.634269833564758301e-01,8.511266708374023438e-01
4.767769873142242432e-01,5.349791646003723145e-01
6.977580189704895020e-01,5.473110079765319824e-01
5.087350010871887207e-01,6.148143410682678223e-01
7.753239870071411133e-01,6.317606568336486816e-01
8.711159825325012207e-01,7.127078771591186523e-01
4.687669873237609863e-01,5.702152848243713379e-01
4.662820100784301758e-01,5.618191361427307129e-01
7.191510200500488281e-01,7.289356589317321777e-01
9.643989801406860352e-01,7.102206349372863770e-01
2.915650010108947754e-01,5.681310296058654785e-01
2.947460114955902100e-01,7.392237782478332520e-01
2.222319990396499634e-01,5.957590341567993164e-01
2.427659928798675537e-01,4.562510251998901367e-01
9.159229993820190430e-01,6.778814792633056641e-01
7.123879790306091309e-01,7.038260102272033691e-01
7.524200081825256348e-01,5.695611834526062012e-01
7.780420184135437012e-01,6.601722836494445801e-01
1.040150046348571777e+00,9.044246673583984375e-01
9.894880056381225586e-01,8.172377347946166992e-01
8.190079927444458008e-01,7.246556878089904785e-01
5.334169864654541016e-01,6.209169030189514160e-01
5.039510130882263184e-01,7.161684632301330566e-01
7.239969968795776367e-01,8.390786051750183105e-01
8.251940011978149414e-01,8.755404353141784668e-01
7.366330027580261230e-01,7.591019868850708008e-01
4.505760073661804199e-01,6.025161147117614746e-01
3.227759897708892822e-01,6.215001940727233887e-01
8.052849769592285156e-01,7.133660316467285156e-01
7.984290122985839844e-01,6.386294960975646973e-01
6.395509839057922363e-01,4.706468284130096436e-01
6.049960255622863770e-01,6.926939487457275391e-01
8.562660217285156250e-01,6.435610651969909668e-01
8.649960160255432129e-01,6.807184815406799316e-01
6.891350150108337402e-01,8.595640659332275391e-01
5.307390093803405762e-01,5.977556705474853516e-01
5.253919959068298340e-01,6.190287470817565918e-01
1.085486054420471191e+00,7.710054516792297363e-01
4.916650056838989258e-01,6.699567437171936035e-01
4.863150119781494141e-01,6.299359798431396484e-01
5.423020124435424805e-01,5.428486466407775879e-01
4.716300070285797119e-01,4.867922961711883545e-01
5.328530073165893555e-01,4.892594218254089355e-01
8.753979802131652832e-01,6.298015713691711426e-01
4.636150002479553223e-01,5.287465453147888184e-01
3.576230108737945557e-01,6.726998686790466309e-01
8.730689883232116699e-01,6.347373723983764648e-01
8.638619780540466309e-01,7.372489571571350098e-01
7.917910218238830566e-01,6.617038846015930176e-01
8.246390223503112793e-01,7.743201851844787598e-01
1.082638978958129883e+00,9.814292192459106445e-01
3.714889883995056152e-01,5.468725562095642090e-01
4.898689985275268555e-01,5.373673439025878906e-01
8.713520169258117676e-01,5.109687447547912598e-01
9.405509829521179199e-01,6.499727368354797363e-01
9.847540259361267090e-01,6.624711155891418457e-01
2.652840018272399902e-01,5.704480409622192383e-01
9.203299880027770996e-01,6.643691658973693848e-01
4.922389984130859375e-01,6.860336661338806152e-01
4.253380000591278076e-01,6.472477316856384277e-01
5.229799747467041016e-01,6.207748651504516602e-01
5.130329728126525879e-01,4.982683658599853516e-01
8.804100155830383301e-01,7.450178265571594238e-01
5.383589863777160645e-01,6.090407371520996094e-01
5.475550293922424316e-01,7.547006607055664062e-01
9.110329747200012207e-01,8.262909054756164551e-01
7.251129746437072754e-01,6.341068148612976074e-01
5.838620066642761230e-01,7.194485068321228027e-01
5.848919749259948730e-01,7.608366608619689941e-01
7.819079756736755371e-01,7.715248465538024902e-01
3.789829909801483154e-01,5.192026495933532715e-01
3.694080114364624023e-01,6.723811030387878418e-01
8.176820278167724609e-01,6.036560535430908203e-01
9.972079992294311523e-01,6.456683278083801270e-01
8.589239716529846191e-01,6.791206598281860352e-01
4.896610081195831299e-01,6.226212382316589355e-01
6.121799945831298828e-01,5.207019448280334473e-01
5.332120060920715332e-01,7.030670046806335449e-01
5.161499977111816406e-01,5.592814087867736816e-01
7.073169946670532227e-01,7.437257170677185059e-01
7.178969979286193848e-01,6.690895557403564453e-01
7.309489846229553223e-01,6.558652520179748535e-01
7.460100054740905762e-01,7.513348460197448730e-01
7.620549798011779785e-01,6.537933945655822754e-01
7.260959744453430176e-01,7.070792317390441895e-01
4.189530014991760254e-01,5.428385138511657715e-01
3.866379857063293457e-01,6.733503937721252441e-01
5.159019827842712402e-01,5.078460574150085449e-01
5.473139882087707520e-01,5.480435490608215332e-01
7.183510065078735352e-01,6.253493428230285645e-01
1.052930951118469238e+00,7.730196118354797363e-01
7.537850141525268555e-01,8.555154204368591309e-01
8.676660060882568359e-01,6.983949542045593262e-01
5.218600034713745117e-01,5.397858023643493652e-01
5.888530015945434570e-01,5.015715956687927246e-01
7.907840013504028320e-01,6.083282828330993652e-01
5.803819894790649414e-01,6.125429272651672363e-01
5.975940227508544922e-01,6.474901437759399414e-01
9.143940210342407227e-01,6.735035777091979980e-01
8.674640059471130371e-01,7.282432913780212402e-01
7.972279787063598633e-01,9.940707683563232422e-01
7.535769939422607422e-01,9.960367679595947266e-01
3.259080052375793457e-01,8.215497136116027832e-01
2.573589980602264404e-01,5.199556946754455566e-01
3.107630014419555664e-01,6.603901386260986328e-01
2.946990132331848145e-01,7.034078836441040039e-01
7.195900082588195801e-01,8.784605264663696289e-01
7.728279829025268555e-01,7.682039141654968262e-01
4.792760014533996582e-01,6.027569770812988281e-01
4.303779900074005127e-01,6.973569989204406738e-01
6.682609915733337402e-01,5.711279511451721191e-01
6.070269942283630371e-01,5.241685509681701660e-01
5.613549947738647461e-01,6.120051741600036621e-01
3.661290109157562256e-01,6.327283382415771484e-01
7.302929759025573730e-01,6.551992297172546387e-01
7.115190029144287109e-01,5.798185467720031738e-01
7.831900119781494141e-01,7.390394806861877441e-01
3.792780041694641113e-01,6.242597103118896484e-01
7.906820178031921387e-01,9.101495146751403809e-01
9.175570011138916016e-01,8.651540875434875488e-01
7.622349858283996582e-01,7.656837105751037598e-01
7.622410058975219727e-01,8.844931125640869141e-01
7.381770014762878418e-01,8.213954567909240723e-01
3.788779973983764648e-01,5.887576937675476074e-01
4.208230078220367432e-01,4.198503196239471436e-01
9.243509769439697266e-01,9.423694610595703125e-01
7.124570012092590332e-01,7.877231240272521973e-01
5.477060079574584961e-01,8.445853590965270996e-01
5.000950098037719727e-01,6.374374032020568848e-01
9.258369803428649902e-01,7.606209516525268555e-01
3.301779925823211670e-01,4.006944894790649414e-01
2.374629974365234375e-01,5.645259022712707520e-01
4.465929865837097168e-01,5.926026701927185059e-01
4.674380123615264893e-01,6.717368960380554199e-01
9.805979728698730469e-01,6.356182694435119629e-01
5.200489759445190430e-01,5.693077445030212402e-01
5.230469703674316406e-01,4.971081912517547607e-01
8.298429846763610840e-01,6.062838435173034668e-01
5.593360066413879395e-01,4.577123224735260010e-01
6.144869923591613770e-01,5.457118749618530273e-01
7.703610062599182129e-01,5.382706522941589355e-01
4.518690109252929688e-01,5.743827223777770996e-01
4.571799933910369873e-01,5.673394799232482910e-01
4.103629887104034424e-01,6.183589100837707520e-01
3.647269904613494873e-01,4.759949147701263428e-01
7.545869946479797363e-01,6.265125870704650879e-01
9.672589898109436035e-01,5.534455776214599609e-01
6.125239729881286621e-01,6.502618789672851562e-01
4.545759856700897217e-01,5.675151348114013672e-01
8.659240007400512695e-01,6.172235012054443359e-01
9.421089887619018555e-01,5.603309869766235352e-01
5.486469864845275879e-01,5.954232811927795410e-01
5.528259873390197754e-01,5.225216746330261230e-01
5.222039818763732910e-01,5.629861950874328613e-01
3.560320138931274414e-01,6.047183871269226074e-01
6.600520014762878418e-01,5.702029466629028320e-01
5.750949978828430176e-01,5.156430602073669434e-01
7.919800281524658203e-01,6.581194996833801270e-01
9.176260232925415039e-01,5.898034572601318359e-01
9.629139900207519531e-01,4.993360340595245361e-01
9.670799970626831055e-01,6.176437735557556152e-01
1.025172948837280273e+00,5.804308652877807617e-01
5.952379703521728516e-01,6.146322488784790039e-01
5.638390183448791504e-01,5.069760680198669434e-01
8.623719811439514160e-01,5.930578112602233887e-01
8.052300214767456055e-01,4.920394718647003174e-01
7.938749790191650391e-01,6.804378628730773926e-01
4.611270129680633545e-01,4.901416599750518799e-01
8.929420113563537598e-01,7.054119706153869629e-01
3.154079914093017578e-01,5.300809741020202637e-01
2.910760045051574707e-01,6.635932326316833496e-01
8.255249857902526855e-01,6.666029691696166992e-01
8.511220216751098633e-01,5.958645343780517578e-01
7.224689722061157227e-01,7.070183157920837402e-01
7.059860229492187500e-01,6.593894362449645996e-01
8.297470211982727051e-01,7.631186842918395996e-01
4.678800106048583984e-01,6.376385688781738281e-01
5.890780091285705566e-01,6.107110381126403809e-01
1.080698966979980469e+00,8.777379393577575684e-01
6.589490175247192383e-01,5.898632407188415527e-01
6.338449716567993164e-01,5.608945488929748535e-01
8.453570008277893066e-01,5.039828419685363770e-01
4.656620025634765625e-01,5.094953179359436035e-01
2.547110021114349365e-01,6.142007708549499512e-01
7.838900089263916016e-01,7.270263433456420898e-01
8.239349722862243652e-01,5.869780778884887695e-01
8.664950132369995117e-01,6.929133534431457520e-01
9.463809728622436523e-01,7.188379764556884766e-01
9.679600000381469727e-01,7.184741497039794922e-01
4.792389869689941406e-01,7.592614293098449707e-01
5.233179926872253418e-01,6.141788959503173828e-01
7.660419940948486328e-01,6.329389810562133789e-01
5.528320074081420898e-01,6.440795063972473145e-01
5.322489738464355469e-01,6.403132081031799316e-01
5.483469963073730469e-01,6.324217915534973145e-01
4.734660089015960693e-01,6.250923275947570801e-01
7.172080278396606445e-01,6.383467912673950195e-01
7.225419878959655762e-01,7.623566985130310059e-01
3.872799873352050781e-01,4.078952968120574951e-01
3.876749873161315918e-01,5.996937751770019531e-01
5.288940072059631348e-01,6.513435244560241699e-01
5.019350051879882812e-01,6.317606568336486816e-01
4.975039958953857422e-01,6.317606568336486816e-01
4.171369969844818115e-01,4.405783414840698242e-01
6.548590064048767090e-01,5.747779011726379395e-01
5.181499719619750977e-01,5.645528435707092285e-01
7.881669998168945312e-01,5.730544924736022949e-01
7.113249897956848145e-01,7.949605584144592285e-01
3.832750022411346436e-01,6.809120178222656250e-01
4.471069872379302979e-01,5.828570723533630371e-01
4.276239871978759766e-01,5.260953903198242188e-01
4.498200118541717529e-01,8.834952116012573242e-01
4.214470088481903076e-01,7.559694647789001465e-01
7.768309712409973145e-01,5.515756011009216309e-01
5.298820137977600098e-01,6.423364281654357910e-01
5.400869846343994141e-01,6.242552399635314941e-01
5.093460083007812500e-01,6.357249021530151367e-01
5.093520283699035645e-01,5.506405830383300781e-01
4.213590025901794434e-01,5.975850224494934082e-01
4.913029968738555908e-01,6.317606568336486816e-01
3.961890041828155518e-01,6.030990481376647949e-01
4.127230048179626465e-01,6.401479244232177734e-01
7.120940089225769043e-01,5.531137585639953613e-01
5.112730264663696289e-01,5.930560827255249023e-01
5.031480193138122559e-01,6.848316788673400879e-01
7.195230126380920410e-01,6.212884783744812012e-01
8.812230229377746582e-01,6.402221322059631348e-01
4.435259997844696045e-01,6.479246020317077637e-01
5.696240067481994629e-01,6.544905304908752441e-01
1.059442043304443359e+00,8.147901892662048340e-01
1.039378046989440918e+00,6.235198974609375000e-01
5.004760026931762695e-01,6.234501600265502930e-01
4.388059973716735840e-01,5.798633098602294922e-01
9.435889720916748047e-01,8.788726329803466797e-01
8.725069761276245117e-01,8.723983168601989746e-01
7.581809759140014648e-01,8.251790404319763184e-01
8.799679875373840332e-01,8.776174187660217285e-01
5.535609722137451172e-01,6.704648137092590332e-01
3.075410127639770508e-01,8.348553180694580078e-01
7.612580060958862305e-01,8.140003085136413574e-01
7.362130284309387207e-01,7.891780734062194824e-01
7.425389885902404785e-01,6.891656517982482910e-01
4.363130033016204834e-01,6.276775002479553223e-01
4.827220141887664795e-01,6.891544461250305176e-01
7.255499958992004395e-01,6.621573567390441895e-01
7.369040250778198242e-01,6.432533860206604004e-01
7.546880245208740234e-01,6.894217729568481445e-01
7.425240278244018555e-01,6.356863379478454590e-01
7.013599872589111328e-01,6.718638539314270020e-01
4.849019944667816162e-01,6.366243958473205566e-01
5.107690095901489258e-01,5.319951176643371582e-01
7.681270241737365723e-01,7.110164761543273926e-01
3.493520021438598633e-01,5.586246252059936523e-01
2.591739892959594727e-01,4.742698073387145996e-01
7.730489969253540039e-01,6.989809870719909668e-01
8.139349818229675293e-01,7.202057242393493652e-01
7.834069728851318359e-01,6.162072420120239258e-01
7.738779783248901367e-01,7.694390416145324707e-01
9.268599748611450195e-01,7.802533507347106934e-01
3.567030131816864014e-01,5.568893551826477051e-01
4.020400047302246094e-01,6.661972403526306152e-01
8.761100172996520996e-01,5.719193816184997559e-01
4.231300055980682373e-01,6.451734900474548340e-01
3.892210125923156738e-01,6.959978938102722168e-01
4.228520095348358154e-01,4.612264335155487061e-01
3.889729976654052734e-01,6.318401694297790527e-01
2.878549993038177490e-01,6.271293759346008301e-01
7.259619832038879395e-01,5.074390769004821777e-01
7.333840131759643555e-01,6.361098885536193848e-01
4.836449921131134033e-01,4.431146979331970215e-01
3.988420069217681885e-01,5.167061686515808105e-01
7.194769978523254395e-01,7.000971436500549316e-01
3.919070065021514893e-01,5.859355330467224121e-01
3.775840103626251221e-01,4.893512427806854248e-01
7.150350213050842285e-01,7.351819872856140137e-01
4.625400006771087646e-01,6.263127326965332031e-01
4.719499945640563965e-01,6.581237316131591797e-01
4.994040131568908691e-01,5.610658526420593262e-01
1.891759932041168213e-01,6.403273940086364746e-01
1.070069968700408936e-01,6.225084662437438965e-01
3.932540118694305420e-01,7.072731852531433105e-01
3.616699874401092529e-01,4.255966246128082275e-01
5.467349886894226074e-01,5.892889499664306641e-01
5.103989839553833008e-01,6.383218765258789062e-01
5.443310141563415527e-01,6.081556677818298340e-01
4.938409924507141113e-01,6.317606568336486816e-01
4.073359966278076172e-01,6.192245483398437500e-01
3.384639918804168701e-01,6.517291069030761719e-01
4.894750118255615234e-01,5.816504955291748047e-01
4.781740009784698486e-01,6.413779854774475098e-01
8.582429885864257812e-01,7.909693121910095215e-01
3.965939879417419434e-01,5.920690894126892090e-01
5.376200079917907715e-01,7.250736355781555176e-01
8.432199954986572266e-01,6.476136445999145508e-01
5.011799931526184082e-01,6.164899468421936035e-01
3.784489929676055908e-01,6.032450199127197266e-01
9.702410101890563965e-01,8.394191861152648926e-01
9.972199797630310059e-01,8.205607533454895020e-01
7.573080062866210938e-01,9.121348261833190918e-01
4.247350096702575684e-01,5.716931223869323730e-01
3.526349961757659912e-01,5.888168215751647949e-01
7.639160156250000000e-01,6.324670910835266113e-01
7.179509997367858887e-01,6.122256517410278320e-01
4.067380130290985107e-01,4.919837713241577148e-01
4.240460097789764404e-01,6.503111720085144043e-01
9.520949721336364746e-01,5.966430306434631348e-01
1.005220055580139160e+00,8.440128564834594727e-01
8.995710015296936035e-01,6.360986232757568359e-01
5.641850233078002930e-01,5.670632719993591309e-01
5.185459852218627930e-01,6.345468163490295410e-01
5.594490170478820801e-01,4.990091621875762939e-01
4.904009997844696045e-01,5.105660557746887207e-01
9.794989824295043945e-01,7.518835663795471191e-01
1.008545041084289551e+00,8.065496087074279785e-01
4.552859961986541748e-01,6.704249978065490723e-01
3.994649946689605713e-01,7.188717722892761230e-01
5.881680250167846680e-01,7.123897671699523926e-01
4.547480046749114990e-01,5.134924054145812988e-01
9.433829784393310547e-01,6.633914113044738770e-01
8.867170214653015137e-01,7.391522526741027832e-01
4.653890132904052734e-01,6.191689968109130859e-01
6.363729834556579590e-01,9.524530768394470215e-01
8.532400131225585938e-01,7.291397452354431152e-01
8.819209933280944824e-01,8.387010693550109863e-01
1.706639975309371948e-01,8.545141816139221191e-01
1.640850007534027100e-01,6.338856816291809082e-01
4.079270064830780029e-01,6.319490671157836914e-01
4.182940125465393066e-01,5.946634411811828613e-01
5.115010142326354980e-01,5.186025500297546387e-01
4.358609914779663086e-01,5.643877387046813965e-01
5.124650001525878906e-01,6.165696978569030762e-01
4.676780104637145996e-01,5.148271918296813965e-01
4.128029942512512207e-01,6.298096179962158203e-01
3.672319948673248291e-01,5.431420803070068359e-01
7.842320203781127930e-01,9.188160896301269531e-01
5.899639725685119629e-01,6.544902920722961426e-01
5.113499760627746582e-01,5.111009478569030762e-01
4.440299868583679199e-01,6.257038712501525879e-01
4.162499904632568359e-01,5.305935740470886230e-01
4.262970089912414551e-01,6.317606568336486816e-01
3.683870136737823486e-01,5.819388031959533691e-01
8.945749998092651367e-01,8.090974092483520508e-01
5.307160019874572754e-01,5.825574994087219238e-01
4.149079918861389160e-01,4.688852727413177490e-01
8.451930284500122070e-01,6.299446821212768555e-01
8.374699950218200684e-01,6.364704370498657227e-01
3.922750055789947510e-01,4.786273539066314697e-01
4.293529987335205078e-01,5.846036076545715332e-01
4.397230148315429688e-01,5.847012400627136230e-01
4.300070106983184814e-01,4.992251992225646973e-01
7.845659852027893066e-01,7.287735342979431152e-01
7.407000064849853516e-01,6.899307370185852051e-01
4.875650107860565186e-01,7.249341607093811035e-01
4.414910078048706055e-01,7.183189988136291504e-01
7.967410087585449219e-01,6.349177956581115723e-01
7.139949798583984375e-01,5.365926623344421387e-01
8.201760053634643555e-01,6.392959952354431152e-01
9.708060026168823242e-01,7.855470776557922363e-01
8.382210135459899902e-01,8.795781731605529785e-01
6.439260244369506836e-01,6.208237409591674805e-01
5.140830278396606445e-01,6.206223368644714355e-01
9.282039999961853027e-01,6.977286338806152344e-01
1.118530035018920898e+00,7.779073119163513184e-01
9.936090111732482910e-01,7.997838258743286133e-01
8.305540084838867188e-01,8.389777541160583496e-01
7.252200245857238770e-01,5.866375565528869629e-01
8.909329771995544434e-01,6.731948852539062500e-01
3.906080126762390137e-01,3.852960467338562012e-01
4.124340116977691650e-01,4.783759415149688721e-01
8.870099782943725586e-01,8.395494222640991211e-01
8.569099903106689453e-01,8.831401467323303223e-01
6.185529828071594238e-01,5.952230095863342285e-01
5.332559943199157715e-01,5.606222748756408691e-01
1.012191057205200195e+00,8.314406275749206543e-01
9.894869923591613770e-01,9.420136809349060059e-01
5.596339702606201172e-01,6.193115115165710449e-01
3.252289891242980957e-01,5.696155428886413574e-01
1.054195046424865723e+00,7.590120434761047363e-01
9.900789856910705566e-01,8.704227209091186523e-01
5.434240102767944336e-01,9.142898321151733398e-01
4.248819947242736816e-01,6.979015469551086426e-01
8.584200143814086914e-01,5.932396054267883301e-01
5.008739829063415527e-01,5.867416858673095703e-01
4.389629960060119629e-01,7.149665951728820801e-01
8.395100235939025879e-01,7.471556067466735840e-01
1.042160987854003906e+00,8.588653206825256348e-01
4.635269939899444580e-01,5.793997049331665039e-01
5.055800080299377441e-01,6.799623370170593262e-01
8.418880105018615723e-01,7.487315535545349121e-01
5.364210009574890137e-01,5.270546078681945801e-01
5.794749855995178223e-01,6.217649579048156738e-01
8.240619897842407227e-01,6.360039114952087402e-01
8.709300160408020020e-01,7.078978419303894043e-01
8.943169713020324707e-01,6.117041707038879395e-01
5.425860285758972168e-01,6.464840769767761230e-01
4.725989997386932373e-01,6.979398131370544434e-01
5.977100133895874023e-01,5.322391390800476074e-01
6.539120078086853027e-01,6.807689666748046875e-01
5.168099999427795410e-01,4.406654536724090576e-01
8.383150100708007812e-01,5.652102828025817871e-01
8.626679778099060059e-01,6.471747159957885742e-01
8.178070187568664551e-01,5.589600801467895508e-01
5.720499753952026367e-01,5.929719209671020508e-01
3.764829933643341064e-01,7.236981391906738281e-01
8.552659749984741211e-01,8.511978983879089355e-01
7.427350282669067383e-01,8.916955590248107910e-01
5.731679797172546387e-01,6.407290101051330566e-01
4.348300099372863770e-01,7.715680599212646484e-01
4.268989861011505127e-01,7.071965336799621582e-01
3.915979862213134766e-01,6.067053675651550293e-01
8.383290171623229980e-01,8.643111586570739746e-01
9.359009861946105957e-01,4.827298820018768311e-01
5.355129837989807129e-01,5.607133507728576660e-01
4.822770059108734131e-01,5.772603750228881836e-01
7.577199935913085938e-01,5.763210654258728027e-01
5.232040286064147949e-01,8.516852259635925293e-01
7.021129727363586426e-01,5.371862053871154785e-01
4.130359888076782227e-01,6.285552382469177246e-01
3.179950118064880371e-01,6.549203991889953613e-01
7.370929718017578125e-01,8.365265130996704102e-01
1.081246018409729004e+00,8.338763713836669922e-01
7.514410018920898438e-01,7.573333978652954102e-01
9.666799902915954590e-01,6.683434844017028809e-01
4.171740114688873291e-01,5.390213131904602051e-01
4.337179958820343018e-01,5.320952534675598145e-01
5.320780277252197266e-01,5.471562147140502930e-01
4.494650065898895264e-01,5.705102086067199707e-01
2.823860049247741699e-01,6.629564166069030762e-01
2.579210102558135986e-01,6.114763021469116211e-01
7.364420294761657715e-01,6.161414384841918945e-01
4.421440064907073975e-01,7.124287486076354980e-01
5.710399746894836426e-01,5.298601984977722168e-01
8.228849768638610840e-01,7.598204612731933594e-01
5.266889929771423340e-01,5.128667354583740234e-01
5.327950119972229004e-01,6.135045886039733887e-01
7.269999980926513672e-01,7.082086205482482910e-01
4.166060090065002441e-01,5.366085171699523926e-01
4.129559993743896484e-01,6.557532548904418945e-01
8.866119980812072754e-01,8.099094629287719727e-01
5.841240286827087402e-01,7.345787882804870605e-01
5.312770009040832520e-01,6.919718384742736816e-01
5.830259919166564941e-01,7.996721863746643066e-01
4.245280027389526367e-01,7.355545163154602051e-01
8.741970062255859375e-01,6.893027424812316895e-01
9.166129827499389648e-01,7.257094979286193848e-01
5.141990184783935547e-01,4.681187570095062256e-01
1.005877017974853516e+00,7.257020473480224609e-01
8.457440137863159180e-01,7.035982012748718262e-01
7.950509786605834961e-01,6.230552792549133301e-01
4.582319855690002441e-01,6.115919947624206543e-01
4.084469974040985107e-01,6.442062854766845703e-01
1.024970054626464844e+00,6.114333271980285645e-01
6.290879845619201660e-01,5.807322263717651367e-01
5.661770105361938477e-01,6.674810647964477539e-01
8.793630003929138184e-01,6.443408131599426270e-01
4.876500070095062256e-01,6.268381476402282715e-01
3.996379971504211426e-01,6.286051273345947266e-01
5.912740230560302734e-01,6.062712073326110840e-01
5.508419871330261230e-01,5.931847691535949707e-01
7.664759755134582520e-01,4.919429421424865723e-01
8.194079995155334473e-01,6.595019698143005371e-01
4.925589859485626221e-01,6.442441344261169434e-01
4.324209988117218018e-01,5.440600514411926270e-01
5.088419914245605469e-01,7.547793984413146973e-01
4.380680024623870850e-01,6.722586750984191895e-01
5.635939836502075195e-01,7.032468318939208984e-01
5.649409890174865723e-01,5.644728541374206543e-01
7.243109941482543945e-01,7.117531299591064453e-01
4.681159853935241699e-01,5.949258804321289062e-01
4.333600103855133057e-01,5.835869908332824707e-01
8.711879849433898926e-01,8.806184530258178711e-01
8.876330256462097168e-01,7.467700839042663574e-01
7.311760187149047852e-01,6.195541024208068848e-01
8.709189891815185547e-01,7.908561825752258301e-01
4.497660100460052490e-01,6.217364072799682617e-01
4.805150032043457031e-01,4.599071741104125977e-01
5.710399746894836426e-01,4.942874014377593994e-01
4.925520122051239014e-01,5.025742650032043457e-01
5.780339837074279785e-01,7.925028204917907715e-01
5.882509946823120117e-01,7.449232935905456543e-01
3.700079917907714844e-01,6.392976641654968262e-01
2.654739916324615479e-01,7.149233818054199219e-01
5.424270033836364746e-01,6.000576615333557129e-01
