True_RPKM,Predicted_RPKM
1.280012249946594238e+00,3.665307462215423584e-01
1.261746406555175781e+00,4.032359421253204346e-01
1.243480443954467773e+00,2.160332947969436646e-01
1.243480443954467773e+00,1.584201604127883911e-01
7.782864570617675781e-01,2.810028493404388428e-01
4.619990289211273193e-01,1.574577763676643372e-02
4.335397481918334961e-01,-2.594503462314605713e-01
4.335397481918334961e-01,1.379110291600227356e-02
4.335397481918334961e-01,3.703734576702117920e-01
4.335397481918334961e-01,5.801415443420410156e-01
4.335397481918334961e-01,6.664305329322814941e-01
4.425476491451263428e-02,3.283593356609344482e-01
-6.293227523565292358e-02,2.527277469635009766e-01
-9.583146125078201294e-02,4.931433498859405518e-01
-9.583146125078201294e-02,3.432178199291229248e-01
-6.293227523565292358e-02,3.491129875183105469e-01
1.125146225094795227e-01,2.664747536182403564e-01
3.925084173679351807e-01,4.024234414100646973e-01
9.567440152168273926e-01,7.768393754959106445e-01
1.363848328590393066e+00,8.510260581970214844e-01
1.474264383316040039e+00,9.183287024497985840e-01
1.474264383316040039e+00,7.350049614906311035e-01
1.474264383316040039e+00,7.857269644737243652e-01
1.162714600563049316e+00,2.508328258991241455e-01
9.854018092155456543e-01,3.635580837726593018e-01
9.146208763122558594e-01,2.448664307594299316e-01
8.581457138061523438e-01,6.316928863525390625e-01
6.714699864387512207e-01,6.240622401237487793e-01
4.306547939777374268e-01,2.544831931591033936e-01
2.128862589597702026e-01,4.670373797416687012e-01
1.199123114347457886e-01,3.964457213878631592e-01
4.966076463460922241e-02,-5.271506682038307190e-02
-1.191427707672119141e-01,1.651215255260467529e-01
-1.191427707672119141e-01,1.248706057667732239e-01
-1.634759455919265747e-01,2.978071570396423340e-01
-1.634759455919265747e-01,4.333899617195129395e-01
-1.147359237074851990e-01,4.902488291263580322e-01
-4.879859089851379395e-02,4.860281050205230713e-01
3.294362127780914307e-01,5.655026435852050781e-01
5.287568569183349609e-01,3.096220195293426514e-01
5.287568569183349609e-01,6.062282249331474304e-02
5.287568569183349609e-01,-1.736755296587944031e-02
2.124230712652206421e-01,3.399299979209899902e-01
2.101534903049468994e-01,2.496094554662704468e-01
2.101534903049468994e-01,4.922086894512176514e-01
2.101534903049468994e-01,9.036170244216918945e-01
6.149087548255920410e-01,1.064096689224243164e+00
1.132501959800720215e+00,6.000707745552062988e-01
1.475938439369201660e+00,9.249265193939208984e-01
1.548605203628540039e+00,7.823990583419799805e-01
1.548605203628540039e+00,6.061868667602539062e-01
1.548605203628540039e+00,7.520110607147216797e-01
1.520635604858398438e+00,9.868775010108947754e-01
1.219805240631103516e+00,1.036133050918579102e+00
7.556103467941284180e-01,7.226552963256835938e-01
2.773480117321014404e-01,6.091045141220092773e-01
2.773480117321014404e-01,7.773105502128601074e-01
2.773480117321014404e-01,5.962532162666320801e-01
3.494059741497039795e-01,9.616889357566833496e-01
4.894988238811492920e-01,1.097197532653808594e+00
5.804082751274108887e-01,8.678295016288757324e-01
6.066905856132507324e-01,8.854240775108337402e-01
6.459817290306091309e-01,4.354535639286041260e-01
6.620938181877136230e-01,2.668901085853576660e-01
8.229372501373291016e-01,2.125587910413742065e-01
1.167650818824768066e+00,1.815878301858901978e-01
1.427562355995178223e+00,3.165402710437774658e-01
1.518643856048583984e+00,-1.484134644269943237e-01
1.518643856048583984e+00,-6.178668141365051270e-02
1.518643856048583984e+00,-7.560768723487854004e-02
1.366289973258972168e+00,-1.010424122214317322e-01
1.112128496170043945e+00,3.197822868824005127e-01
9.802340269088745117e-01,2.065551429986953735e-01
9.771108627319335938e-01,3.052811324596405029e-01
9.524298310279846191e-01,4.374366104602813721e-01
9.524298310279846191e-01,4.347245395183563232e-01
9.524298310279846191e-01,2.268372923135757446e-01
7.806288599967956543e-01,1.585363596677780151e-01
6.148690581321716309e-01,5.071939826011657715e-01
5.562434196472167969e-01,4.254120886325836182e-01
4.609667658805847168e-01,4.849530160427093506e-01
3.752978742122650146e-01,5.606481432914733887e-01
1.286422833800315857e-02,5.190539732575416565e-02
-2.143730819225311279e-01,-2.859422564506530762e-01
-2.143730819225311279e-01,-3.562998771667480469e-01
-2.143730819225311279e-01,-5.772060155868530273e-01
-1.477542072534561157e-01,-6.011699438095092773e-01
-2.651289664208889008e-02,-2.158618122339248657e-01
-2.651289664208889008e-02,3.599820435047149658e-01
-2.651289664208889008e-02,3.099894523620605469e-02
-1.435061693191528320e-01,-2.336296997964382172e-02
-1.435061693191528320e-01,-2.259082943201065063e-01
-1.435061693191528320e-01,-7.845466583967208862e-02
1.068505644798278809e-01,2.257346063852310181e-01
4.078066647052764893e-01,6.641573309898376465e-01
6.128641366958618164e-01,7.229001522064208984e-01
7.914342284202575684e-01,6.201214194297790527e-01
8.194104433059692383e-01,4.635260403156280518e-01
8.980852961540222168e-01,2.700467109680175781e-01
9.044308662414550781e-01,3.167251646518707275e-01
1.005609750747680664e+00,4.613993763923645020e-01
1.172295928001403809e+00,6.908639669418334961e-01
1.172295928001403809e+00,8.637100458145141602e-01
1.172295928001403809e+00,5.501207709312438965e-01
6.960384845733642578e-01,5.583029985427856445e-01
2.940225899219512939e-01,1.042468547821044922e-01
2.615865767002105713e-01,6.417529284954071045e-02
2.615865767002105713e-01,4.431372508406639099e-02
2.615865767002105713e-01,2.018621414899826050e-01
2.893113791942596436e-01,5.386829972267150879e-01
3.573594689369201660e-01,-2.566388621926307678e-02
3.573594689369201660e-01,-6.572584807872772217e-02
3.573594689369201660e-01,-1.235289499163627625e-02
3.866789340972900391e-01,6.473602354526519775e-02
4.356174767017364502e-01,3.775566816329956055e-02
4.610792696475982666e-01,1.282556951045989990e-01
4.610792696475982666e-01,-4.338852167129516602e-01
4.662073552608489990e-01,-1.936883926391601562e-01
4.785941839218139648e-01,-1.554522365331649780e-01
5.070005059242248535e-01,4.596469551324844360e-02
5.653284192085266113e-01,3.048957884311676025e-01
5.789923071861267090e-01,2.837153971195220947e-01
5.789923071861267090e-01,4.583293497562408447e-01
5.789923071861267090e-01,3.985012769699096680e-01
4.699525237083435059e-01,2.527021467685699463e-01
4.145956039428710938e-01,1.301506310701370239e-01
1.929363310337066650e-01,1.184480786323547363e-01
-4.491880070418119431e-03,-2.672064602375030518e-01
-9.547186084091663361e-03,-1.044369637966156006e-01
-2.839871123433113098e-02,2.807975709438323975e-01
-7.993768155574798584e-02,3.445776998996734619e-01
-1.867806464433670044e-01,4.357317984104156494e-01
-1.867806464433670044e-01,6.850092411041259766e-01
-1.867806464433670044e-01,8.179525136947631836e-01
-9.636081010103225708e-02,6.352970600128173828e-01
-9.798627346754074097e-03,6.264992356300354004e-01
3.698455691337585449e-01,6.884059309959411621e-01
8.272580504417419434e-01,7.645300626754760742e-01
1.170198321342468262e+00,4.551303088665008545e-01
1.226157426834106445e+00,5.011933445930480957e-01
1.306281328201293945e+00,4.900595247745513916e-01
1.397051930427551270e+00,2.221407741308212280e-01
1.397051930427551270e+00,3.012179434299468994e-01
1.397051930427551270e+00,4.082977771759033203e-01
1.188421249389648438e+00,4.163862168788909912e-01
7.508462071418762207e-01,1.834329217672348022e-01
2.975361645221710205e-01,6.915743350982666016e-01
-2.322453111410140991e-01,5.560292005538940430e-01
-9.410666227340698242e-01,1.059438705444335938e+00
-9.907462596893310547e-01,9.519147276878356934e-01
-1.014077425003051758e+00,7.164833545684814453e-01
-9.907462596893310547e-01,2.810926139354705811e-01
-9.410666227340698242e-01,3.021005690097808838e-01
-9.154328107833862305e-01,1.073784679174423218e-01
-5.765950083732604980e-01,-2.315730974078178406e-02
-1.570708006620407104e-01,-2.432336062192916870e-01
3.659151196479797363e-01,-1.103388071060180664e-01
6.118980646133422852e-01,-1.360335052013397217e-01
8.801270723342895508e-01,-4.493080452084541321e-02
1.078408837318420410e+00,9.468668699264526367e-02
1.078408837318420410e+00,-4.185819253325462341e-02
1.078408837318420410e+00,1.941544860601425171e-01
9.954925775527954102e-01,-1.017768904566764832e-01
8.231621980667114258e-01,-1.977586448192596436e-01
5.296633839607238770e-01,6.821493804454803467e-02
1.471672803163528442e-01,1.036482602357864380e-01
-2.784907817840576172e-01,5.540930852293968201e-02
-6.441733241081237793e-01,3.142726123332977295e-01
-6.441733241081237793e-01,5.270721912384033203e-01
-6.441733241081237793e-01,6.186474561691284180e-01
-3.054876923561096191e-01,6.222776174545288086e-01
-3.010543584823608398e-01,4.662346839904785156e-01
-3.010543584823608398e-01,1.223325431346893311e-01
-9.211938083171844482e-02,8.832998573780059814e-03
-9.211938083171844482e-02,2.667061388492584229e-01
-9.211938083171844482e-02,7.142300903797149658e-02
6.043548583984375000e-01,1.916297525167465210e-01
1.289229631423950195e+00,3.983301818370819092e-01
1.722834587097167969e+00,4.601233303546905518e-01
1.923994660377502441e+00,8.417885303497314453e-01
1.923994660377502441e+00,3.538562655448913574e-01
1.923994660377502441e+00,9.430615305900573730e-01
1.664314746856689453e+00,1.295668125152587891e+00
1.360784769058227539e+00,1.060904264450073242e+00
1.338035821914672852e+00,1.059292078018188477e+00
1.310000061988830566e+00,9.326936006546020508e-01
1.254921078681945801e+00,1.068036556243896484e+00
8.756540417671203613e-01,4.568763971328735352e-01
1.990834176540374756e-01,2.485326081514358521e-01
-5.236399769783020020e-01,5.563590526580810547e-01
-5.369135141372680664e-01,6.600245237350463867e-01
-6.643614768981933594e-01,6.519421935081481934e-01
-1.014593601226806641e+00,6.400854587554931641e-01
-1.204915165901184082e+00,2.611933052539825439e-01
-1.204915165901184082e+00,7.860875129699707031e-02
-1.204915165901184082e+00,-2.012650519609451294e-01
-9.508728981018066406e-01,2.087722122669219971e-01
-8.767240047454833984e-01,3.281437158584594727e-01
-8.767240047454833984e-01,2.258905172348022461e-01
-8.767240047454833984e-01,1.824783831834793091e-01
-9.006572961807250977e-01,1.664831787347793579e-01
-1.152105808258056641e+00,1.071569770574569702e-01
-1.410912275314331055e+00,2.883233428001403809e-01
-1.793527483940124512e+00,-1.488253027200698853e-01
-1.793527483940124512e+00,-6.808348000049591064e-02
-1.793527483940124512e+00,-1.692161262035369873e-01
-1.692103743553161621e+00,4.417972266674041748e-02
-5.280997753143310547e-01,1.722884327173233032e-01
5.813214182853698730e-01,5.406486988067626953e-01
1.497774243354797363e+00,7.833144068717956543e-01
2.237450122833251953e+00,1.392206788063049316e+00
2.584764242172241211e+00,1.261934518814086914e+00
2.866034984588623047e+00,1.574858188629150391e+00
2.866034984588623047e+00,1.108264088630676270e+00
2.866034984588623047e+00,8.149523735046386719e-01
2.704874038696289062e+00,7.313950657844543457e-01
2.206496238708496094e+00,6.610754132270812988e-01
1.757057189941406250e+00,1.125459194183349609e+00
1.427092552185058594e+00,7.890561819076538086e-01
8.083866834640502930e-01,2.826839685440063477e-01
5.571300983428955078e-01,2.544470429420471191e-01
2.250084131956100464e-01,-4.065205752849578857e-01
-1.951510161161422729e-01,-3.238588273525238037e-01
-5.703089237213134766e-01,-2.186140269041061401e-01
-8.125665783882141113e-01,1.267190575599670410e-01
-1.205265879631042480e+00,-1.788838803768157959e-01
-1.550753712654113770e+00,-3.778040707111358643e-01
-1.915920138359069824e+00,-1.483327895402908325e-01
-2.320907115936279297e+00,2.963899448513984680e-02
-2.320907115936279297e+00,3.173733353614807129e-01
-2.320907115936279297e+00,-2.646104618906974792e-02
-2.147041559219360352e+00,-2.463999837636947632e-01
-1.695848941802978516e+00,-4.085606932640075684e-01
-1.475632071495056152e+00,-6.449466943740844727e-01
-1.091799497604370117e+00,-6.449466943740844727e-01
-8.306638002395629883e-01,-6.449466943740844727e-01
-5.087983012199401855e-01,-6.449466943740844727e-01
-2.615515291690826416e-01,-6.449466943740844727e-01
-6.297197192907333374e-02,-6.449466943740844727e-01
4.698982927948236465e-03,-6.449466943740844727e-01
4.479734972119331360e-02,-6.449466943740844727e-01
4.479734972119331360e-02,-6.449466943740844727e-01
4.479734972119331360e-02,-6.449466943740844727e-01
-5.379434302449226379e-02,-6.449466943740844727e-01
-1.880444735288619995e-01,-6.449466943740844727e-01
-2.112697660923004150e-01,-6.449466943740844727e-01
-2.196202725172042847e-01,-6.449466943740844727e-01
-2.196202725172042847e-01,-6.449466943740844727e-01
-2.196202725172042847e-01,-6.449466943740844727e-01
6.530971825122833252e-02,-6.449466943740844727e-01
3.455284833908081055e-01,-3.788995444774627686e-01
5.018724203109741211e-01,-3.702136874198913574e-01
5.018724203109741211e-01,-3.589567542076110840e-01
5.018724203109741211e-01,-3.991126120090484619e-01
3.565191328525543213e-01,-4.044050574302673340e-01
1.689765602350234985e-01,-3.876119256019592285e-01
1.437595933675765991e-01,-3.348723948001861572e-01
1.437595933675765991e-01,-3.125784993171691895e-01
1.689765602350234985e-01,-6.449466943740844727e-01
3.193785250186920166e-01,-6.449466943740844727e-01
4.348631501197814941e-01,-6.449466943740844727e-01
4.630709588527679443e-01,-6.449466943740844727e-01
5.012769103050231934e-01,-6.449466943740844727e-01
5.347385406494140625e-01,-6.449466943740844727e-01
5.755779743194580078e-01,-6.449466943740844727e-01
5.755779743194580078e-01,-6.449466943740844727e-01
5.755779743194580078e-01,-6.449466943740844727e-01
5.466687679290771484e-01,-6.449466943740844727e-01
4.023609757423400879e-01,-6.449466943740844727e-01
2.098358720541000366e-01,-6.449466943740844727e-01
7.489759474992752075e-02,-6.449466943740844727e-01
-1.504406630992889404e-01,-6.449466943740844727e-01
-2.571115791797637939e-01,-3.891201317310333252e-01
-3.384000957012176514e-01,-2.913089096546173096e-01
-4.368660748004913330e-01,-2.523946464061737061e-01
-6.287559270858764648e-01,-3.166213333606719971e-01
-8.020920753479003906e-01,-3.313092887401580811e-01
-8.650848865509033203e-01,-6.449466943740844727e-01
-8.650848865509033203e-01,-6.449466943740844727e-01
-8.650848865509033203e-01,-6.449466943740844727e-01
-8.405626416206359863e-01,-6.449466943740844727e-01
-7.107260227203369141e-01,-6.449466943740844727e-01
-5.862358212471008301e-01,-6.436741948127746582e-01
-3.618437647819519043e-01,-5.378457531332969666e-02
-1.680217534303665161e-01,-1.890126019716262817e-01
-6.965503096580505371e-02,-8.976941555738449097e-02
1.621899195015430450e-02,-9.538230299949645996e-02
1.689831763505935669e-01,-3.221622109413146973e-01
2.162741124629974365e-01,-6.449466943740844727e-01
2.162741124629974365e-01,-3.311656415462493896e-01
2.162741124629974365e-01,-3.151956796646118164e-01
1.819456666707992554e-01,-2.729456722736358643e-01
7.420943677425384521e-02,-2.760456204414367676e-01
-4.436527192592620850e-02,-6.449466943740844727e-01
-2.326489388942718506e-01,-9.758642315864562988e-02
-4.008503258228302002e-01,-6.088022887706756592e-02
-5.884987711906433105e-01,-7.479518651962280273e-02
-8.234381675720214844e-01,-5.587058141827583313e-02
-1.043244719505310059e+00,-6.449466943740844727e-01
-1.320909380912780762e+00,-6.449466943740844727e-01
-1.500273466110229492e+00,-6.449466943740844727e-01
-1.500782966613769531e+00,-1.350403279066085815e-01
-1.500782966613769531e+00,-3.539936542510986328e-01
-1.500782966613769531e+00,1.095796823501586914e-01
-1.366400480270385742e+00,1.152642667293548584e-01
-1.237695336341857910e+00,-2.503414750099182129e-01
-1.105966210365295410e+00,-4.301081597805023193e-01
-9.228900671005249023e-01,-5.005117878317832947e-02
-5.935606956481933594e-01,2.065490037202835083e-01
-3.501252532005310059e-01,1.030203253030776978e-01
-8.258444070816040039e-02,3.107373416423797607e-01
4.342146813869476318e-01,2.134521752595901489e-01
8.822246193885803223e-01,3.850451409816741943e-01
1.125951170921325684e+00,2.339456379413604736e-01
1.363901257514953613e+00,2.141620963811874390e-01
1.363901257514953613e+00,2.451096028089523315e-01
1.363901257514953613e+00,-6.449466943740844727e-01
1.337393999099731445e+00,-2.272487431764602661e-01
1.334151744842529297e+00,-9.977371990680694580e-02
1.227533698081970215e+00,5.521914362907409668e-01
1.036881208419799805e+00,5.677164793014526367e-01
1.022469639778137207e+00,7.658762931823730469e-01
9.891469478607177734e-01,6.177688837051391602e-01
7.653438448905944824e-01,1.859630644321441650e-01
5.408723950386047363e-01,-2.102556228637695312e-01
4.112540781497955322e-01,-1.833767145872116089e-01
2.439062446355819702e-01,-3.383613526821136475e-01
1.873847544193267822e-01,-2.163904160261154175e-02
-7.762177288532257080e-02,-5.108785256743431091e-02
-2.078819125890731812e-01,-2.991341650485992432e-01
-5.551562905311584473e-01,-2.676168084144592285e-01
-8.890975713729858398e-01,-3.076684772968292236e-01
-1.243564486503601074e+00,-2.030323147773742676e-01
-1.641702890396118164e+00,-1.677745282649993896e-01
-1.881849765777587891e+00,-8.754581212997436523e-02
-1.881849765777587891e+00,1.010036095976829529e-02
-1.881849765777587891e+00,9.887479245662689209e-03
-1.850240826606750488e+00,-6.951586902141571045e-02
-1.651945829391479492e+00,-2.219212502241134644e-01
-1.470093846321105957e+00,-2.654858529567718506e-01
-1.115057826042175293e+00,-6.449466943740844727e-01
-8.514143824577331543e-01,-6.449466943740844727e-01
-5.898486375808715820e-01,-6.449466943740844727e-01
-3.337881267070770264e-01,-6.449466943740844727e-01
-1.459279507398605347e-01,-6.449466943740844727e-01
2.744785882532596588e-02,-6.449466943740844727e-01
1.079423502087593079e-01,-3.638337552547454834e-01
2.376400530338287354e-01,-3.367120623588562012e-01
2.376400530338287354e-01,-3.228984177112579346e-01
2.376400530338287354e-01,-3.196767270565032959e-01
2.625681832432746887e-02,-6.449466943740844727e-01
-8.873153477907180786e-02,-6.449466943740844727e-01
-3.802387118339538574e-01,-6.449466943740844727e-01
-5.154615044593811035e-01,-6.449466943740844727e-01
-6.138348579406738281e-01,-3.475495874881744385e-01
-7.439295649528503418e-01,-3.530916869640350342e-01
-8.281890749931335449e-01,-1.814272850751876831e-01
-9.250339269638061523e-01,-1.392204016447067261e-01
-1.038765072822570801e+00,-2.161598205566406250e-01
-1.038765072822570801e+00,1.684727668762207031e-01
-1.038765072822570801e+00,4.901677072048187256e-01
-7.945818901062011719e-01,8.811348676681518555e-01
-2.248542457818984985e-01,9.389623403549194336e-01
1.496949344873428345e-01,1.409514904022216797e+00
4.048820137977600098e-01,1.066209554672241211e+00
4.048820137977600098e-01,7.863675951957702637e-01
4.048820137977600098e-01,6.307178735733032227e-01
3.174066841602325439e-01,4.120448827743530273e-01
8.321502804756164551e-02,5.913940072059631348e-01
-1.240525022149085999e-01,4.548309147357940674e-01
-1.240525022149085999e-01,2.487054616212844849e-01
-1.240525022149085999e-01,4.016930460929870605e-01
9.511881321668624878e-02,-2.128229886293411255e-01
1.724438220262527466e-01,-2.904098927974700928e-01
2.066729962825775146e-01,-3.253908455371856689e-01
3.070380091667175293e-01,-6.449466943740844727e-01
3.422068059444427490e-01,-6.449466943740844727e-01
3.422068059444427490e-01,-3.468883335590362549e-01
3.422068059444427490e-01,-3.129644691944122314e-01
3.271930813789367676e-01,-2.405382990837097168e-01
1.757324039936065674e-01,-1.246430426836013794e-01
-1.438413374125957489e-02,-2.767324149608612061e-01
-1.555290669202804565e-01,-2.016170769929885864e-01
-2.769490182399749756e-01,1.760020405054092407e-01
-2.769490182399749756e-01,-1.168181672692298889e-01
-2.769490182399749756e-01,-3.876908123493194580e-01
-2.754867076873779297e-01,-2.362535595893859863e-01
-2.450754642486572266e-01,-3.072045743465423584e-01
-2.269120961427688599e-01,-4.265523850917816162e-01
-2.024362087249755859e-01,-1.695136129856109619e-01
-4.603934660553932190e-02,-1.313517540693283081e-01
-4.418661445379257202e-02,-1.846551746129989624e-01
-4.418661445379257202e-02,-2.047151476144790649e-01
-4.418661445379257202e-02,-6.964288651943206787e-02
-1.268713027238845825e-01,-3.643233180046081543e-01
-1.648853421211242676e-01,-8.192737400531768799e-02
-1.984065175056457520e-01,3.086125850677490234e-01
-2.653297781944274902e-01,5.791772007942199707e-01
-2.653297781944274902e-01,6.080164313316345215e-01
-3.236973881721496582e-01,5.880278348922729492e-01
-3.236973881721496582e-01,6.550940275192260742e-01
-2.653297781944274902e-01,2.523687481880187988e-01
-2.572373151779174805e-01,8.973519802093505859e-01
-2.195673435926437378e-01,1.200084686279296875e+00
-2.195673435926437378e-01,1.281438112258911133e+00
-2.195673435926437378e-01,1.603505373001098633e+00
-2.815874814987182617e-01,1.436851739883422852e+00
-2.815874814987182617e-01,1.273819923400878906e+00
-2.815874814987182617e-01,9.920172691345214844e-01
-2.815874814987182617e-01,1.186401724815368652e+00
-2.815874814987182617e-01,5.565098524093627930e-01
-2.317953556776046753e-01,2.803611755371093750e-01
-2.317953556776046753e-01,3.384995460510253906e-01
-1.917234659194946289e-01,1.974247694015502930e-01
3.102098032832145691e-02,4.552738368511199951e-01
3.497633039951324463e-01,6.758428812026977539e-01
4.634547233581542969e-01,8.161692619323730469e-01
6.982551217079162598e-01,7.862034440040588379e-01
8.262589573860168457e-01,7.818648815155029297e-01
9.832645654678344727e-01,-2.105385512113571167e-01
9.906092882156372070e-01,-3.048386275768280029e-01
1.116740465164184570e+00,-7.448540627956390381e-02
1.174532413482666016e+00,-9.707468003034591675e-02
1.174532413482666016e+00,8.036904036998748779e-02
1.174532413482666016e+00,4.497692361474037170e-02
1.130020618438720703e+00,-6.031947135925292969e-01
9.779180884361267090e-01,-5.751573443412780762e-01
8.974897861480712891e-01,-5.793356895446777344e-01
8.531897068023681641e-01,-6.449466943740844727e-01
7.800531983375549316e-01,-6.449466943740844727e-01
7.449439167976379395e-01,-6.449466943740844727e-01
7.366463541984558105e-01,-2.790618240833282471e-01
6.849684119224548340e-01,1.548053175210952759e-01
6.849684119224548340e-01,5.751488208770751953e-01
6.849684119224548340e-01,9.314649701118469238e-01
6.856036782264709473e-01,7.984972596168518066e-01
7.103375792503356934e-01,5.605709552764892578e-01
7.375727295875549316e-01,4.498758018016815186e-01
7.375727295875549316e-01,8.957921713590621948e-02
7.375727295875549316e-01,1.102879759855568409e-03
7.001211047172546387e-01,7.874344289302825928e-02
5.474363565444946289e-01,3.461346263065934181e-03
3.530585169792175293e-01,-4.917289614677429199e-01
-1.056840121746063232e-01,-6.449466943740844727e-01
-5.038422346115112305e-01,-6.449466943740844727e-01
-1.047995567321777344e+00,-6.449466943740844727e-01
-1.775648593902587891e+00,-6.449466943740844727e-01
-1.978826880455017090e+00,-6.449466943740844727e-01
-1.978826880455017090e+00,-6.449466943740844727e-01
-1.978826880455017090e+00,-6.449466943740844727e-01
-1.829629182815551758e+00,-6.449466943740844727e-01
-1.659813284873962402e+00,-3.865855634212493896e-01
-1.457568049430847168e+00,-3.691059648990631104e-01
-1.169825792312622070e+00,-3.469595611095428467e-01
-9.296194314956665039e-01,-3.084697425365447998e-01
-6.922582387924194336e-01,-6.449466943740844727e-01
-5.771177411079406738e-01,-6.449466943740844727e-01
-3.498208522796630859e-01,-6.449466943740844727e-01
-3.259338736534118652e-01,-6.449466943740844727e-01
-1.564421951770782471e-01,-7.246210575103759766e-01
-1.012506932020187378e-01,-7.716219425201416016e-01
5.965098971500992775e-04,-6.911083459854125977e-01
1.092260256409645081e-01,-2.531908750534057617e-01
1.092260256409645081e-01,1.367905586957931519e-01
1.092260256409645081e-01,-1.115762591361999512e-01
9.005688875913619995e-02,-1.670273840427398682e-01
-4.277060180902481079e-02,-3.195203542709350586e-01
-8.846686035394668579e-02,-3.051426708698272705e-01
-8.846686035394668579e-02,-2.654384374618530273e-01
-1.448361575603485107e-01,-2.855951786041259766e-01
-1.643692255020141602e-01,-6.449466943740844727e-01
-1.645147949457168579e-01,-6.449466943740844727e-01
-1.952635049819946289e-01,-6.449466943740844727e-01
-2.052814662456512451e-01,-6.449466943740844727e-01
-2.450026720762252808e-01,-6.449466943740844727e-01
-2.454129159450531006e-01,-6.449466943740844727e-01
-2.454129159450531006e-01,-6.449466943740844727e-01
-2.450026720762252808e-01,-6.449466943740844727e-01
-2.216516584157943726e-01,-6.449466943740844727e-01
-2.216516584157943726e-01,-6.449466943740844727e-01
-2.023832798004150391e-01,-6.449466943740844727e-01
-2.023832798004150391e-01,-6.449466943740844727e-01
-2.216516584157943726e-01,-4.859584867954254150e-01
-2.202885895967483521e-01,-5.377232432365417480e-01
-2.202885895967483521e-01,-5.164272785186767578e-01
-2.281957715749740601e-01,-6.166314482688903809e-01
-2.512357831001281738e-01,-6.449466943740844727e-01
-3.107547461986541748e-01,-6.449466943740844727e-01
-3.843345642089843750e-01,-6.449466943740844727e-01
-4.852289557456970215e-01,-6.449466943740844727e-01
-6.882815361022949219e-01,-6.449466943740844727e-01
-7.003176212310791016e-01,-6.449466943740844727e-01
-9.156246781349182129e-01,-6.449466943740844727e-01
-9.926850199699401855e-01,-6.449466943740844727e-01
-1.134260058403015137e+00,-6.449466943740844727e-01
-1.228848576545715332e+00,-6.449466943740844727e-01
-1.312988877296447754e+00,-6.449466943740844727e-01
-1.374929666519165039e+00,-6.449466943740844727e-01
-1.475261569023132324e+00,-6.449466943740844727e-01
-1.475261569023132324e+00,-6.449466943740844727e-01
-1.475261569023132324e+00,-2.686826288700103760e-01
-1.450329184532165527e+00,-2.429709136486053467e-01
-1.267180204391479492e+00,-8.959861844778060913e-02
-9.106222987174987793e-01,-4.932544752955436707e-02
-6.159787178039550781e-01,2.304649055004119873e-01
-3.842353224754333496e-01,2.404584139585494995e-01
-3.842353224754333496e-01,6.440688669681549072e-02
-3.842353224754333496e-01,2.043918371200561523e-01
-4.165455996990203857e-01,1.392614394426345825e-01
-4.165455996990203857e-01,-2.058783313259482384e-03
-4.165455996990203857e-01,1.027892008423805237e-01
-1.503281891345977783e-01,-8.830338716506958008e-02
8.010508865118026733e-02,-1.956519037485122681e-01
1.810656189918518066e-01,-2.102036774158477783e-01
2.401081621646881104e-01,-4.177929461002349854e-01
2.401081621646881104e-01,-1.818937063217163086e-01
2.401081621646881104e-01,2.782899141311645508e-01
2.401081621646881104e-01,1.636569648981094360e-01
2.401081621646881104e-01,1.186732202768325806e-01
3.712946474552154541e-01,4.656128585338592529e-01
4.481432437896728516e-01,1.999524235725402832e-01
4.481432437896728516e-01,-3.420202434062957764e-01
4.804270565509796143e-01,1.776634603738784790e-01
4.804270565509796143e-01,-2.020495980978012085e-01
5.200556516647338867e-01,-2.116723358631134033e-01
5.200556516647338867e-01,5.962428078055381775e-02
5.200556516647338867e-01,2.173457667231559753e-02
5.478200912475585938e-01,-1.072257682681083679e-01
5.478200912475585938e-01,-7.120485603809356689e-02
5.460070967674255371e-01,2.845310419797897339e-02
5.460070967674255371e-01,1.998984962701797485e-01
5.460070967674255371e-01,2.155060619115829468e-01
5.008468031883239746e-01,4.136438667774200439e-01
2.951937913894653320e-01,6.552130579948425293e-01
-8.761327713727951050e-02,7.139636278152465820e-01
-5.210329294204711914e-01,2.455381602048873901e-01
-1.194864153861999512e+00,-3.621775656938552856e-02
-1.242909431457519531e+00,-3.142902255058288574e-01
-1.242909431457519531e+00,-8.501912355422973633e-01
-1.242909431457519531e+00,-6.064637303352355957e-01
-1.101618885993957520e+00,-1.908602863550186157e-01
-9.758516550064086914e-01,-2.679874002933502197e-01
-9.758516550064086914e-01,-2.827452123165130615e-01
-9.758516550064086914e-01,-3.044995367527008057e-01
-1.001300215721130371e+00,-2.741980850696563721e-01
-1.024340271949768066e+00,-1.687241345643997192e-01
-1.193772315979003906e+00,-1.646562963724136353e-01
-1.509986996650695801e+00,-6.449466943740844727e-01
-1.640928745269775391e+00,-6.449466943740844727e-01
-1.665755271911621094e+00,-6.449466943740844727e-01
-1.697886943817138672e+00,-3.969707190990447998e-01
-1.697886943817138672e+00,-4.105469286441802979e-01
-1.665755271911621094e+00,-1.090095788240432739e-01
-1.613660454750061035e+00,-3.581827913876622915e-04
-1.565899729728698730e+00,-2.446168512105941772e-01
-1.555273056030273438e+00,-2.254611700773239136e-01
-1.484690666198730469e+00,-2.333955019712448120e-01
-1.461663842201232910e+00,-2.068732529878616333e-01
-1.322186350822448730e+00,-1.913008838891983032e-01
-9.868687987327575684e-01,1.982669159770011902e-02
-6.461451649665832520e-01,1.957723349332809448e-01
-3.916330039501190186e-01,-1.530140265822410583e-02
-1.930137574672698975e-01,-1.232672482728958130e-02
7.295884191989898682e-02,-2.258952260017395020e-01
1.969792544841766357e-01,-1.245601177215576172e-01
3.565125167369842529e-01,-1.369105428457260132e-01
3.919923007488250732e-01,-1.239785626530647278e-01
5.670884847640991211e-01,1.335537433624267578e-01
6.804755330085754395e-01,1.401628851890563965e-01
8.354101181030273438e-01,-3.137294650077819824e-01
8.438730835914611816e-01,-1.426733285188674927e-01
8.469697833061218262e-01,5.673081427812576294e-02
8.510457873344421387e-01,6.054347753524780273e-01
8.784000277519226074e-01,9.766378402709960938e-01
9.712615013122558594e-01,9.344432353973388672e-01
9.742258787155151367e-01,1.311630129814147949e+00
1.052708864212036133e+00,1.236555099487304688e+00
1.052708864212036133e+00,1.142788887023925781e+00
1.052708864212036133e+00,1.530753374099731445e+00
1.005788445472717285e+00,1.629443049430847168e+00
9.415781497955322266e-01,1.311062216758728027e+00
8.828532099723815918e-01,1.217812180519104004e+00
8.822180032730102539e-01,8.765642046928405762e-01
7.482656240463256836e-01,5.144768357276916504e-01
5.836373567581176758e-01,5.928426980972290039e-01
5.327931642532348633e-01,-2.687817513942718506e-01
4.482888281345367432e-01,2.235693186521530151e-01
3.595827519893646240e-01,-3.681658804416656494e-01
2.800014019012451172e-01,-3.400460481643676758e-01
1.532151252031326294e-01,-3.082737624645233154e-01
1.436073929071426392e-01,1.765654981136322021e-01
-2.968900464475154877e-02,3.875898420810699463e-01
-9.375375509262084961e-02,7.320425510406494141e-01
-1.910617649555206299e-01,9.492810964584350586e-01
-1.910617649555206299e-01,8.867380619049072266e-01
-1.910617649555206299e-01,1.091066598892211914e+00
-1.156358197331428528e-01,1.193477392196655273e+00
-3.049397608265280724e-03,1.260611772537231445e+00
5.589387938380241394e-02,1.303140521049499512e+00
1.360310614109039307e-01,1.134822487831115723e+00
1.360310614109039307e-01,6.871758103370666504e-01
1.360310614109039307e-01,-4.988729953765869141e-03
1.226450875401496887e-01,1.448985338211059570e-01
8.984515070915222168e-02,1.677224598824977875e-02
1.578889414668083191e-02,1.699001044034957886e-01
-3.563225909601897001e-04,4.852341115474700928e-01
-8.689203858375549316e-02,4.648991525173187256e-01
-2.619749903678894043e-01,5.544661879539489746e-01
-3.687517940998077393e-01,2.509499192237854004e-01
-6.574269533157348633e-01,-8.271755278110504150e-02
-7.967588305473327637e-01,-6.291184425354003906e-01
-1.025385737419128418e+00,-7.363281250000000000e-01
-1.025385737419128418e+00,-6.724875569343566895e-01
-1.025385737419128418e+00,-3.150847852230072021e-01
-9.780153632164001465e-01,-3.210420906543731689e-01
-8.771077394485473633e-01,-1.553537696599960327e-01
-8.016024231910705566e-01,-9.373748302459716797e-02
-6.709982156753540039e-01,3.647812902927398682e-01
-4.808154702186584473e-01,5.379619002342224121e-01
-3.056729733943939209e-01,6.792528033256530762e-01
4.178537928964942694e-04,7.668983340263366699e-01
2.865256667137145996e-01,8.715167045593261719e-01
6.081595420837402344e-01,1.372114658355712891e+00
8.466058969497680664e-01,8.640216588973999023e-01
9.847069978713989258e-01,1.337153792381286621e+00
9.847069978713989258e-01,9.798228740692138672e-01
9.847069978713989258e-01,1.184506654739379883e+00
9.657694697380065918e-01,8.738207817077636719e-01
9.583255052566528320e-01,6.144770979881286621e-01
8.867968916893005371e-01,5.475034117698669434e-01
8.793396353721618652e-01,7.911602258682250977e-01
8.084793686866760254e-01,5.114490985870361328e-01
7.221884727478027344e-01,3.930999338626861572e-01
5.600084066390991211e-01,7.977204322814941406e-01
4.095072150230407715e-01,-9.764246642589569092e-02
3.543818891048431396e-01,-2.200401574373245239e-01
2.417359054088592529e-01,1.065681695938110352e+00
2.407169044017791748e-01,7.569396495819091797e-01
2.346690744161605835e-01,8.210321664810180664e-01
1.585152596235275269e-01,1.140614151954650879e+00
1.418098900467157364e-02,2.357020080089569092e-01
-9.647329896688461304e-02,4.136406481266021729e-01
-3.257684707641601562e-01,4.482780694961547852e-01
-4.860494434833526611e-01,3.350147306919097900e-01
-7.042877674102783203e-01,3.199362754821777344e-01
-7.042877674102783203e-01,1.504601240158081055e-01
-7.042877674102783203e-01,-2.483500575181096792e-04
-6.578636765480041504e-01,-2.602413296699523926e-01
-6.578636765480041504e-01,-3.919917643070220947e-01
-6.578636765480041504e-01,-1.491587907075881958e-01
-6.794347167015075684e-01,-1.049135811626911163e-02
-7.341630458831787109e-01,3.123305970802903175e-03
-7.886994481086730957e-01,1.317925304174423218e-01
-9.354224205017089844e-01,-1.069827452301979065e-01
-1.092441320419311523e+00,5.154552310705184937e-02
-1.429499149322509766e+00,1.470975577831268311e-01
-1.540821790695190430e+00,-1.939468681812286377e-01
-1.540821790695190430e+00,1.039365828037261963e-01
-1.540821790695190430e+00,-2.047425359487533569e-01
-1.422293305397033691e+00,-2.783199846744537354e-01
-1.247567653656005859e+00,-3.309231102466583252e-01
-1.021190643310546875e+00,-6.449466943740844727e-01
-8.176814317703247070e-01,-6.449466943740844727e-01
-6.140134930610656738e-01,-6.449466943740844727e-01
-3.573707342147827148e-01,-6.449466943740844727e-01
-1.693385094404220581e-01,-5.004613995552062988e-01
4.202716052532196045e-03,-3.738876879215240479e-01
1.915864795446395874e-01,-3.519601821899414062e-01
2.817813456058502197e-01,-3.172521889209747314e-01
2.817813456058502197e-01,-3.557671308517456055e-01
2.817813456058502197e-01,-6.449466943740844727e-01
1.532349735498428345e-01,-3.438537716865539551e-01
-4.448437690734863281e-02,-3.121713995933532715e-01
-2.482978850603103638e-01,-2.349878698587417603e-01
-4.686602354049682617e-01,-9.354206919670104980e-02
-6.873617768287658691e-01,-1.877815425395965576e-01
-9.186419844627380371e-01,-9.357164055109024048e-02
-1.071763515472412109e+00,-1.617984324693679810e-01
-1.287328600883483887e+00,-1.584232598543167114e-01
-1.490817904472351074e+00,-1.160323768854141235e-01
-1.716453909873962402e+00,-1.939861923456192017e-01
-1.869099020957946777e+00,-2.492375671863555908e-01
-2.152057170867919922e+00,-1.634164899587631226e-01
-2.152057170867919922e+00,-2.534097731113433838e-01
-2.152057170867919922e+00,-3.695933222770690918e-01
-1.957639694213867188e+00,-8.466943353414535522e-02
-1.444446682929992676e+00,4.877969995141029358e-02
-9.598188996315002441e-01,-5.589240416884422302e-02
-4.444688856601715088e-01,-1.525163799524307251e-01
-1.007345765829086304e-01,9.185585379600524902e-02
2.313407659530639648e-01,4.392378032207489014e-01
6.361159086227416992e-01,4.282748103141784668e-01
1.195574164390563965e+00,2.537086009979248047e-01
1.830974459648132324e+00,6.436569690704345703e-01
2.380374908447265625e+00,4.346032440662384033e-01
2.647862911224365234e+00,6.399430632591247559e-01
2.647862911224365234e+00,1.311502933502197266e+00
2.647862911224365234e+00,1.539324045181274414e+00
2.541218519210815430e+00,1.673343300819396973e+00
2.159708261489868164e+00,1.482408761978149414e+00
1.653714537620544434e+00,1.269072055816650391e+00
1.107734918594360352e+00,1.267593383789062500e+00
6.159145236015319824e-01,7.641473412513732910e-01
1.857106834650039673e-01,4.519251585006713867e-01
-1.468543112277984619e-01,6.454708576202392578e-01
-5.632420778274536133e-01,4.117069244384765625e-01
-5.632420778274536133e-01,2.134025655686855316e-02
-5.632420778274536133e-01,-2.313777804374694824e-01
-5.493598580360412598e-01,-3.388409316539764404e-01
-4.310762882232666016e-01,-5.936157703399658203e-01
-4.291971027851104736e-01,-5.740059614181518555e-01
-3.755275011062622070e-01,-4.602910578250885010e-01
-3.755275011062622070e-01,-2.388909906148910522e-01
-3.755275011062622070e-01,-4.407262429594993591e-02
-4.554463028907775879e-01,2.745538353919982910e-01
-6.322364211082458496e-01,1.616460084915161133e-01
-8.682146668434143066e-01,1.540552079677581787e-02
-9.121508002281188965e-01,-1.025194488465785980e-02
-9.753686189651489258e-01,-5.922715738415718079e-02
-1.005892395973205566e+00,-2.188740074634552002e-01
-1.005892395973205566e+00,-6.299281120300292969e-02
-1.005892395973205566e+00,5.617607012391090393e-02
-6.545948982238769531e-01,2.722771167755126953e-01
-4.571931660175323486e-01,2.382445335388183594e-01
-2.224589288234710693e-01,-2.196258753538131714e-01
-1.605777442455291748e-01,-5.126311257481575012e-02
-1.605777442455291748e-01,-1.792852431535720825e-01
-1.605777442455291748e-01,1.156671568751335144e-01
-2.612868547439575195e-01,1.518587023019790649e-01
-2.612868547439575195e-01,2.624391615390777588e-01
-2.612868547439575195e-01,6.830208301544189453e-01
1.540511474013328552e-02,2.089696377515792847e-01
1.983820348978042603e-01,6.815202236175537109e-01
2.621622681617736816e-01,7.748711109161376953e-01
2.833296954631805420e-01,4.470281004905700684e-01
3.318050503730773926e-01,7.226621508598327637e-01
3.523571193218231201e-01,4.591059088706970215e-01
3.551891446113586426e-01,7.326008081436157227e-01
5.235626101493835449e-01,7.156258225440979004e-01
6.992874145507812500e-01,1.760580092668533325e-01
7.309889197349548340e-01,-3.089554607868194580e-01
7.740847468376159668e-01,-4.181131720542907715e-01
7.740847468376159668e-01,-1.278651952743530273e-01
7.740847468376159668e-01,-1.203340478241443634e-02
7.314190268516540527e-01,3.335134088993072510e-01
6.787220835685729980e-01,2.850662544369697571e-02
6.383126974105834961e-01,7.168304920196533203e-01
5.340172648429870605e-01,1.075879335403442383e+00
4.742336571216583252e-01,9.066870212554931641e-01
3.748148381710052490e-01,1.158272027969360352e+00
2.034836560487747192e-01,-1.530081778764724731e-01
1.176559478044509888e-01,-4.696621373295783997e-02
-4.931470751762390137e-02,-3.995094075798988342e-02
-8.904252946376800537e-02,-2.591568231582641602e-01
-8.904252946376800537e-02,1.982229351997375488e-01
-8.904252946376800537e-02,1.759448349475860596e-01
1.113699004054069519e-01,3.286913335323333740e-01
3.375816047191619873e-01,4.246203005313873291e-01
4.875534474849700928e-01,-4.945204593241214752e-03
6.995851397514343262e-01,-1.165938302874565125e-01
7.535458803176879883e-01,1.654095351696014404e-01
7.535458803176879883e-01,-9.659577161073684692e-03
7.535458803176879883e-01,1.332816183567047119e-01
6.797410845756530762e-01,3.096803724765777588e-01
5.753463506698608398e-01,5.315752029418945312e-01
3.972461223602294922e-01,1.750616170465946198e-02
8.839605003595352173e-02,2.753529250621795654e-01
-1.858410388231277466e-01,4.729547798633575439e-01
-5.629575848579406738e-01,2.158328741788864136e-01
-7.667049169540405273e-01,3.988347351551055908e-01
-9.232605695724487305e-01,4.492571651935577393e-01
-9.407622814178466797e-01,6.164612770080566406e-01
-9.407622814178466797e-01,5.714600086212158203e-01
-9.407622814178466797e-01,7.504521012306213379e-01
-7.006220221519470215e-01,5.003609657287597656e-01
-5.305745005607604980e-01,1.351372748613357544e-01
-4.234800934791564941e-01,3.793100416660308838e-01
-1.055119708180427551e-01,3.073261678218841553e-01
6.834024935960769653e-02,6.021952629089355469e-01
3.110544681549072266e-01,6.359894275665283203e-01
3.129866123199462891e-01,5.883837938308715820e-01
3.129866123199462891e-01,9.383425712585449219e-01
3.110544681549072266e-01,7.769388556480407715e-01
7.860305160284042358e-02,5.514029264450073242e-01
-3.307245075702667236e-01,2.961936891078948975e-01
-9.889531135559082031e-01,-3.717422187328338623e-01
-9.889531135559082031e-01,-6.536045670509338379e-01
-9.889531135559082031e-01,-6.187108755111694336e-01
-9.559348225593566895e-01,-6.929450035095214844e-01
-5.490091443061828613e-01,-1.758633926510810852e-02
-8.116181194782257080e-02,8.199533075094223022e-02
1.547105461359024048e-01,3.414808213710784912e-01
3.719034194946289062e-01,4.471067190170288086e-01
5.182756781578063965e-01,4.224896132946014404e-01
5.272085070610046387e-01,4.165513217449188232e-01
7.524871826171875000e-01,6.484564542770385742e-01
9.288869500160217285e-01,6.532672047615051270e-01
1.035121083259582520e+00,6.704397201538085938e-01
1.035121083259582520e+00,9.361018538475036621e-01
1.035121083259582520e+00,7.197531461715698242e-01
9.795259833335876465e-01,8.500819802284240723e-01
9.795259833335876465e-01,8.667964935302734375e-01
9.795259833335876465e-01,1.120755672454833984e+00
9.276561737060546875e-01,1.018038392066955566e+00
8.966692686080932617e-01,9.997017979621887207e-01
8.073081374168395996e-01,9.466793537139892578e-01
5.922393202781677246e-01,9.950988292694091797e-01
2.330568432807922363e-02,6.958147883415222168e-01
-4.110668301582336426e-01,5.376933813095092773e-01
-6.188703179359436035e-01,4.461747109889984131e-01
-6.188703179359436035e-01,7.174421548843383789e-01
-6.188703179359436035e-01,7.644036412239074707e-01
-4.289191961288452148e-01,9.593992233276367188e-01
-4.289191961288452148e-01,1.277168989181518555e+00
-4.289191961288452148e-01,8.680229783058166504e-01
-4.594561457633972168e-01,7.993271350860595703e-01
-5.050531625747680664e-01,8.403670787811279297e-01
-6.769599914550781250e-01,6.431776881217956543e-01
-6.769599914550781250e-01,5.191816687583923340e-01
-6.769599914550781250e-01,5.057813525199890137e-01
-6.281273365020751953e-01,2.757601141929626465e-01
-3.669321537017822266e-01,2.512929141521453857e-01
-2.316299378871917725e-01,2.838551104068756104e-01
-1.742416322231292725e-01,1.600434780120849609e-01
-1.742416322231292725e-01,8.732192218303680420e-02
-1.742416322231292725e-01,-7.684296369552612305e-02
-2.471399307250976562e-01,3.710648790001869202e-02
-2.471399307250976562e-01,-9.143004566431045532e-02
-2.471399307250976562e-01,-2.288904488086700439e-01
-2.020855098962783813e-01,7.328351587057113647e-02
-9.047839045524597168e-02,2.387937605381011963e-01
1.867385953664779663e-02,1.354780644178390503e-01
3.767757490277290344e-02,4.857965707778930664e-01
1.964631378650665283e-01,4.310543239116668701e-01
4.189892113208770752e-01,7.824329137802124023e-01
8.086116909980773926e-01,5.058795213699340820e-01
1.139390110969543457e+00,8.666191697120666504e-01
1.139390110969543457e+00,2.566316127777099609e-01
1.139390110969543457e+00,1.410797387361526489e-01
1.137444734573364258e+00,4.861375987529754639e-01
8.608586788177490234e-01,1.860387474298477173e-01
5.852518677711486816e-01,2.233941555023193359e-01
2.806630730628967285e-01,2.473956346511840820e-01
-2.045844122767448425e-02,4.413223564624786377e-01
-4.281317889690399170e-01,3.394361734390258789e-01
-1.092355251312255859e+00,3.452516496181488037e-01
-1.386350393295288086e+00,5.185676813125610352e-01
-1.625405430793762207e+00,9.610216319561004639e-02
-1.940951824188232422e+00,5.926601961255073547e-02
-2.102126121520996094e+00,-2.145535498857498169e-01
-2.102126121520996094e+00,-4.890680015087127686e-01
-2.102126121520996094e+00,-5.638426542282104492e-01
-2.080495357513427734e+00,-4.717303216457366943e-01
-2.076187849044799805e+00,-4.281112253665924072e-01
-1.934096693992614746e+00,-4.166336953639984131e-01
-1.675945281982421875e+00,-6.283714771270751953e-01
-1.487052917480468750e+00,-6.449466943740844727e-01
-1.230952739715576172e+00,-5.340862870216369629e-01
-9.819855093955993652e-01,-5.644863843917846680e-01
-5.944672226905822754e-01,-6.133166551589965820e-01
-3.293349742889404297e-01,-5.103635787963867188e-01
-2.683712542057037354e-02,-2.672000527381896973e-01
1.991297453641891479e-01,-2.354516237974166870e-01
4.885195195674896240e-01,-2.127345651388168335e-01
6.015757322311401367e-01,-6.449466943740844727e-01
6.015757322311401367e-01,-6.449466943740844727e-01
6.015757322311401367e-01,-6.449466943740844727e-01
3.922371268272399902e-01,-4.439126253128051758e-01
2.515090703964233398e-01,-4.017235934734344482e-01
-6.211177632212638855e-02,-2.333154082298278809e-01
-3.041444718837738037e-01,-8.930253982543945312e-02
-6.478655338287353516e-01,-1.419044584035873413e-01
-8.771209716796875000e-01,3.105347156524658203e-01
-1.074780821800231934e+00,-2.926797568798065186e-01
-1.303367972373962402e+00,1.009213030338287354e-01
-1.478669285774230957e+00,-1.335230022668838501e-01
-1.478669285774230957e+00,3.749007582664489746e-01
-1.478669285774230957e+00,2.566298842430114746e-01
-1.288962960243225098e+00,1.942093819379806519e-01
-7.980954647064208984e-01,6.893061101436614990e-03
-3.012991845607757568e-01,-1.732166409492492676e-01
8.778730034828186035e-02,-2.721382677555084229e-01
3.117492496967315674e-01,-1.780090928077697754e-01
4.422277510166168213e-01,-1.522064954042434692e-01
5.877596735954284668e-01,-1.154662966728210449e-01
5.877596735954284668e-01,-5.192677304148674011e-02
5.877596735954284668e-01,-4.087980687618255615e-01
5.181235074996948242e-01,-3.445295393466949463e-01
2.659603655338287354e-01,-1.156854331493377686e-01
6.994815915822982788e-02,-1.010602042078971863e-01
-1.806070804595947266e-01,-2.956676185131072998e-01
-4.993692338466644287e-01,-4.193613827228546143e-01
-5.327117443084716797e-01,-1.653893291950225830e-01
-5.327117443084716797e-01,-1.011317446827888489e-01
-5.327117443084716797e-01,4.056913033127784729e-02
-3.462146520614624023e-01,1.399099975824356079e-01
-2.331253588199615479e-01,-1.342318207025527954e-01
-9.237082302570343018e-02,-2.332292348146438599e-01
-9.560419246554374695e-03,-2.853898704051971436e-01
1.801127940416336060e-01,-5.085771679878234863e-01
2.909457385540008545e-01,-4.036269485950469971e-01
3.980666100978851318e-01,-3.356612026691436768e-01
5.118705034255981445e-01,-2.685048282146453857e-01
5.224310755729675293e-01,-2.337969988584518433e-01
5.224310755729675293e-01,-9.061309508979320526e-03
5.224310755729675293e-01,-1.342131942510604858e-01
5.224310755729675293e-01,-9.153440594673156738e-02
5.224310755729675293e-01,3.468909561634063721e-01
5.624169707298278809e-01,5.054540634155273438e-01
5.624169707298278809e-01,7.512780427932739258e-01
5.624169707298278809e-01,8.030756115913391113e-01
4.059340953826904297e-01,8.909937739372253418e-01
3.220914602279663086e-01,9.527078866958618164e-01
6.013530492782592773e-02,9.149944782257080078e-01
-1.248796135187149048e-01,7.784447073936462402e-01
-3.189398348331451416e-01,6.051185131072998047e-01
-4.463811814785003662e-01,1.023330569267272949e+00
-5.330161452293395996e-01,4.430630505084991455e-01
-5.330161452293395996e-01,-7.438462972640991211e-02
-5.330161452293395996e-01,3.151049613952636719e-01
-5.820274353027343750e-01,3.650897145271301270e-01
-4.917995333671569824e-01,2.674344480037689209e-01
-4.439130723476409912e-01,1.954268217086791992e-01
-4.439130723476409912e-01,6.848957538604736328e-01
-2.880786359310150146e-01,8.258522152900695801e-01
-2.880786359310150146e-01,6.067655682563781738e-01
-2.880786359310150146e-01,5.382384061813354492e-01
-3.571325242519378662e-01,7.844932675361633301e-01
-4.966563284397125244e-01,7.336891293525695801e-01
-8.803500533103942871e-01,4.934159219264984131e-01
-1.153932094573974609e+00,1.361793726682662964e-01
-1.153932094573974609e+00,3.404538631439208984e-01
-1.153932094573974609e+00,1.597089320421218872e-01
-1.079167842864990234e+00,-7.555783540010452271e-02
-9.052824974060058594e-01,-3.036690056324005127e-01
-8.301873803138732910e-01,-4.265671670436859131e-01
-6.943558454513549805e-01,-6.449466943740844727e-01
-5.447677373886108398e-01,-6.449466943740844727e-01
-3.781147003173828125e-01,-3.455355465412139893e-01
-2.399142831563949585e-01,-3.383802473545074463e-01
-1.881304830312728882e-01,-2.844921648502349854e-01
-4.731640592217445374e-02,-9.547151625156402588e-02
-4.731640592217445374e-02,-3.804157376289367676e-01
-4.731640592217445374e-02,-1.189789399504661560e-01
-1.579111367464065552e-01,-9.804324060678482056e-02
-5.242950916290283203e-01,-2.103223353624343872e-01
-5.619716644287109375e-01,-8.080033957958221436e-02
-5.706794857978820801e-01,5.318234907463192940e-04
-5.824178457260131836e-01,-3.211836516857147217e-01
-5.824178457260131836e-01,-2.687021493911743164e-01
-5.824178457260131836e-01,-4.301055967807769775e-01
-5.619981288909912109e-01,-2.206237614154815674e-01
-3.845992386341094971e-01,-1.012890189886093140e-01
-3.704060018062591553e-01,-3.251737058162689209e-01
-2.552853226661682129e-01,-1.236755698919296265e-01
-1.919484287500381470e-01,-1.313879936933517456e-01
-1.354864984750747681e-01,-1.574431359767913818e-01
-1.249832008033990860e-02,-1.812174469232559204e-01
3.925900906324386597e-02,-8.492767810821533203e-02
1.664555221796035767e-01,-9.284871071577072144e-02
1.971579045057296753e-01,4.605888947844505310e-02
2.825952172279357910e-01,5.336118116974830627e-02
2.946180999279022217e-01,5.776752158999443054e-02
2.968215346336364746e-01,1.762251928448677063e-02
3.364964127540588379e-01,-2.487948387861251831e-01
4.354983568191528320e-01,-9.416893124580383301e-02
4.781177639961242676e-01,-1.763236969709396362e-01
5.526769161224365234e-01,-2.023614710196852684e-03
5.565941333770751953e-01,3.819186687469482422e-01
6.279308199882507324e-01,6.690683364868164062e-01
6.279308199882507324e-01,5.502088665962219238e-01
6.279308199882507324e-01,1.175084989517927170e-02
5.885868072509765625e-01,2.900940477848052979e-01
5.101104378700256348e-01,2.789941616356372833e-02
4.328251481056213379e-01,2.160086631774902344e-01
2.877497673034667969e-01,2.772815823554992676e-01
2.380502969026565552e-01,1.866438090801239014e-01
2.380502969026565552e-01,5.270759463310241699e-01
2.095315009355545044e-01,8.227183818817138672e-01
1.808075606822967529e-01,1.258095502853393555e+00
2.301453985273838043e-02,1.686206102371215820e+00
-3.402131497859954834e-01,1.270368337631225586e+00
-5.387860536575317383e-01,4.755795300006866455e-01
-5.387860536575317383e-01,3.281024992465972900e-01
-5.387860536575317383e-01,2.098152041435241699e-01
-8.492682129144668579e-02,5.787593126296997070e-01
4.132920801639556885e-01,5.460400581359863281e-01
4.463699162006378174e-01,5.833920240402221680e-01
5.092105269432067871e-01,4.371608197689056396e-01
7.989907264709472656e-01,3.449582755565643311e-01
7.989907264709472656e-01,2.190297394990921021e-01
7.989907264709472656e-01,1.617780923843383789e-01
7.989907264709472656e-01,4.997718706727027893e-02
7.989907264709472656e-01,2.832378149032592773e-01
7.834873199462890625e-01,2.090577632188796997e-01
8.166512250900268555e-01,3.314033448696136475e-01
8.196619153022766113e-01,3.934840261936187744e-01
8.196619153022766113e-01,1.353044390678405762e+00
8.166512250900268555e-01,1.624033570289611816e+00
8.166512250900268555e-01,1.294571399688720703e+00
4.988021552562713623e-01,6.598329544067382812e-01
1.284437719732522964e-02,3.978796303272247314e-01
-9.059087932109832764e-02,8.720459043979644775e-02
-9.611598402261734009e-02,-1.205061525106430054e-01
-9.827970713376998901e-02,5.266847610473632812e-01
-9.827970713376998901e-02,6.544595956802368164e-01
-9.059087932109832764e-02,5.177335143089294434e-01
-1.072985306382179260e-01,3.856619894504547119e-01
-1.247472763061523438e-01,2.497808039188385010e-01
-3.521411120891571045e-02,3.590620309114456177e-02
-3.521411120891571045e-02,6.928211450576782227e-02
-8.289976045489311218e-03,4.474236965179443359e-01
-8.289976045489311218e-03,2.855594456195831299e-01
-8.289976045489311218e-03,2.183346003293991089e-01
-3.656683266162872314e-01,9.537290334701538086e-01
-5.380251407623291016e-01,4.110949933528900146e-01
-5.648698806762695312e-01,-6.875744462013244629e-02
-7.064911723136901855e-01,-8.336081504821777344e-01
-7.064911723136901855e-01,-1.254971623420715332e-01
-1.157968401908874512e+00,-6.310146301984786987e-02
-1.208686828613281250e+00,6.302061676979064941e-02
-1.234565496444702148e+00,3.328482434153556824e-02
-1.347654819488525391e+00,-6.449466943740844727e-01
-1.521877527236938477e+00,-1.132704377174377441e+00
-1.831740021705627441e+00,-1.181392192840576172e+00
-1.860457301139831543e+00,-1.258598327636718750e+00
-1.981837630271911621e+00,-1.352240562438964844e+00
-2.054100751876831055e+00,-8.554918169975280762e-01
-2.441532850265502930e+00,-3.555950224399566650e-01
-2.441532850265502930e+00,-3.251356184482574463e-01
-2.450055599212646484e+00,-1.717950850725173950e-01
-2.460953474044799805e+00,-3.052366971969604492e-01
-2.460953474044799805e+00,-1.124072432518005371e+00
-2.649395942687988281e+00,-1.529488086700439453e+00
-2.933280467987060547e+00,-1.798925995826721191e+00
-3.176233053207397461e+00,-1.676135301589965820e+00
-3.412489175796508789e+00,-1.792658329010009766e+00
-3.412489175796508789e+00,-1.753596305847167969e+00
-3.412489175796508789e+00,-1.036135077476501465e+00
-3.231166362762451172e+00,-1.138806343078613281e+00
-3.210515022277832031e+00,-9.280683398246765137e-01
-3.210515022277832031e+00,-6.731285899877548218e-02
-3.210515022277832031e+00,-4.489926993846893311e-01
-3.273488044738769531e+00,-7.554808855056762695e-01
-3.528496503829956055e+00,-1.100437164306640625e+00
-3.528496503829956055e+00,-1.767259955406188965e+00
-3.528496503829956055e+00,-1.933145284652709961e+00
-3.562824964523315430e+00,-6.449466943740844727e-01
-3.562824964523315430e+00,-6.449466943740844727e-01
-3.562824964523315430e+00,-1.837023019790649414e+00
-3.562824964523315430e+00,-1.924889802932739258e+00
-3.562824964523315430e+00,-2.007228374481201172e+00
-3.507037878036499023e+00,-2.000257492065429688e+00
-3.135883092880249023e+00,-1.897828102111816406e+00
-2.870419979095458984e+00,-2.471773326396942139e-01
-2.750574827194213867e+00,-6.449466943740844727e-01
-2.702198743820190430e+00,-6.449466943740844727e-01
-2.699287414550781250e+00,-6.449466943740844727e-01
-2.664422988891601562e+00,-6.449466943740844727e-01
-2.600715637207031250e+00,-1.617365479469299316e-01
-2.550473451614379883e+00,-9.953962266445159912e-02
-2.520002603530883789e+00,1.155819967389106750e-01
-2.490385532379150391e+00,-4.411347210407257080e-02
-2.349286794662475586e+00,-2.564021050930023193e-01
-2.179232835769653320e+00,-3.240503668785095215e-01
-1.701943039894104004e+00,8.040633052587509155e-02
-1.476902604103088379e+00,2.352105975151062012e-01
-1.443288803100585938e+00,6.503831744194030762e-01
-1.159788012504577637e+00,1.113366961479187012e+00
-1.037402033805847168e+00,9.572107195854187012e-01
-1.037402033805847168e+00,8.417612910270690918e-01
-1.037402033805847168e+00,5.076406002044677734e-01
-1.037402033805847168e+00,1.495551913976669312e-01
-1.037402033805847168e+00,-1.499284803867340088e-01
-9.249214529991149902e-01,8.062817156314849854e-02
-6.931647658348083496e-01,4.219149649143218994e-01
7.838469743728637695e-02,5.926448106765747070e-01
6.986852288246154785e-01,8.558094501495361328e-01
1.129947781562805176e+00,7.082041501998901367e-01
1.129947781562805176e+00,1.327859610319137573e-01
1.129947781562805176e+00,-2.576539814472198486e-01
1.112214565277099609e+00,-3.051489889621734619e-01
1.081393003463745117e+00,2.345254877582192421e-03
9.330555796623229980e-01,4.819405972957611084e-01
8.873725533485412598e-01,6.967694759368896484e-01
6.612270474433898926e-01,8.041659593582153320e-01
2.518729865550994873e-01,5.851206779479980469e-01
2.518729865550994873e-01,1.314495950937271118e-01
2.518729865550994873e-01,1.902868300676345825e-01
3.491876125335693359e-01,4.788249731063842773e-01
4.763642847537994385e-01,3.214735090732574463e-01
7.818000316619873047e-01,4.897867739200592041e-01
1.055170297622680664e+00,9.221668243408203125e-01
1.249137878417968750e+00,7.073150873184204102e-01
1.399480342864990234e+00,8.033479452133178711e-01
1.433385252952575684e+00,5.691320300102233887e-01
1.433649897575378418e+00,4.665218293666839600e-01
1.433649897575378418e+00,5.542454123497009277e-01
1.433649897575378418e+00,5.504626035690307617e-01
1.191372394561767578e+00,5.352447032928466797e-01
1.003671050071716309e+00,4.011605083942413330e-01
8.901450037956237793e-01,5.368651151657104492e-01
8.901450037956237793e-01,8.844735026359558105e-01
8.901450037956237793e-01,9.298599958419799805e-01
1.144650578498840332e+00,7.158476114273071289e-01
1.144650578498840332e+00,6.596326828002929688e-01
1.144650578498840332e+00,3.743042349815368652e-01
8.472675681114196777e-01,7.271441817283630371e-01
2.303283810615539551e-01,9.107996225357055664e-01
2.303283810615539551e-01,7.780925631523132324e-01
2.010155618190765381e-01,8.490623831748962402e-01
5.660850182175636292e-02,8.451073169708251953e-01
5.660850182175636292e-02,8.423908948898315430e-01
-2.134996503591537476e-01,1.204047083854675293e+00
-2.134996503591537476e-01,5.890829563140869141e-01
-2.134996503591537476e-01,1.137876585125923157e-01
-1.882562041282653809e-01,-3.911283314228057861e-01
-1.421761661767959595e-01,-5.069214105606079102e-01
3.512345254421234131e-02,-5.834836959838867188e-01
5.683854222297668457e-01,2.295524924993515015e-01
9.222236871719360352e-01,6.598587036132812500e-01
1.120293736457824707e+00,7.970515489578247070e-01
1.320653200149536133e+00,8.868966698646545410e-01
1.418490648269653320e+00,4.854760766029357910e-01
1.418490648269653320e+00,3.367163240909576416e-01
1.418490648269653320e+00,5.343318581581115723e-01
1.356007337570190430e+00,1.556803137063980103e-01
1.338776946067810059e+00,7.818205356597900391e-01
1.175961732864379883e+00,1.175676435232162476e-01
9.968026876449584961e-01,5.369851365685462952e-02
6.746659278869628906e-01,2.198524326086044312e-01
2.169159501791000366e-01,3.022383749485015869e-01
-1.150667667388916016e-01,2.389020919799804688e-01
-5.443045496940612793e-01,1.910409331321716309e-01
-9.789086580276489258e-01,3.297978937625885010e-01
-1.177607297897338867e+00,-3.871425753459334373e-03
-1.177607297897338867e+00,6.949514150619506836e-02
-1.177607297897338867e+00,-8.684568107128143311e-03
-1.000440001487731934e+00,2.750041186809539795e-01
-6.428234577178955078e-01,2.005550712347030640e-01
-2.606450021266937256e-01,3.934565186500549316e-01
3.498493134975433350e-01,3.655510842800140381e-01
8.767061233520507812e-01,2.663154900074005127e-01
1.289507508277893066e+00,6.469981074333190918e-01
1.534669995307922363e+00,1.141497731208801270e+00
1.534669995307922363e+00,9.715222120285034180e-01
1.534669995307922363e+00,1.041010141372680664e+00
1.238881707191467285e+00,8.069463968276977539e-01
5.754258036613464355e-01,8.448505997657775879e-01
2.763313055038452148e-02,7.029679417610168457e-01
-2.050247043371200562e-03,8.758362531661987305e-01
-2.050247043371200562e-03,6.613330841064453125e-01
-2.050247043371200562e-03,5.257116556167602539e-01
5.875899270176887512e-02,7.722227573394775391e-01
1.672429442405700684e-01,8.758050203323364258e-01
4.929594397544860840e-01,9.332360625267028809e-01
6.964421272277832031e-01,6.552547812461853027e-01
1.078170657157897949e+00,9.948325753211975098e-01
1.557643890380859375e+00,9.584425091743469238e-01
1.775445461273193359e+00,9.778915643692016602e-01
1.963656425476074219e+00,6.021803617477416992e-01
1.963656425476074219e+00,7.227042913436889648e-01
1.963656425476074219e+00,3.099645376205444336e-01
1.679566740989685059e+00,3.780412077903747559e-01
1.318952679634094238e+00,3.787871301174163818e-01
8.438400030136108398e-01,3.860848844051361084e-01
3.452108800411224365e-01,-7.207971066236495972e-02
-2.417273074388504028e-01,-7.944480180740356445e-01
-6.107116937637329102e-01,-4.510792791843414307e-01
-6.311777234077453613e-01,-3.196944668889045715e-02
-6.795405745506286621e-01,1.124227494001388550e-01
-6.795405745506286621e-01,-9.966168552637100220e-03
-6.311777234077453613e-01,-3.462321823462843895e-03
-5.519139766693115234e-01,2.682581245899200439e-01
-2.537899017333984375e-01,3.406163156032562256e-01
4.131928086280822754e-01,4.554009437561035156e-01
1.121412038803100586e+00,7.072575092315673828e-01
1.538342356681823730e+00,8.246301412582397461e-01
1.825131773948669434e+00,7.057228684425354004e-01
1.999552965164184570e+00,7.449539899826049805e-01
1.999552965164184570e+00,8.040060400962829590e-01
1.999552965164184570e+00,2.636808753013610840e-01
1.947610378265380859e+00,1.446950435638427734e-01
1.882136225700378418e+00,1.171878650784492493e-01
1.882136225700378418e+00,1.643718630075454712e-01
1.783054947853088379e+00,4.107122123241424561e-02
1.783054947853088379e+00,7.583735138177871704e-02
1.783054947853088379e+00,8.277831077575683594e-01
1.600230216979980469e+00,3.520158827304840088e-01
1.303330183029174805e+00,5.312477350234985352e-01
9.256181716918945312e-01,4.551166296005249023e-01
5.386887788772583008e-01,6.326886415481567383e-01
1.692677140235900879e-01,6.775874495506286621e-01
-4.011282324790954590e-01,2.608154118061065674e-01
-4.011282324790954590e-01,-8.109190315008163452e-02
-4.011282324790954590e-01,3.993231803178787231e-03
-3.111914396286010742e-01,4.701862335205078125e-01
1.258542835712432861e-01,3.756427466869354248e-01
6.624379158020019531e-01,2.481652796268463135e-01
9.632748961448669434e-01,3.126610517501831055e-01
1.084820628166198730e+00,-9.687916934490203857e-02
1.156713128089904785e+00,-2.614929080009460449e-01
1.291446328163146973e+00,-2.334250807762145996e-01
1.351282835006713867e+00,1.323965936899185181e-01
1.351282835006713867e+00,3.644599318504333496e-01
1.351282835006713867e+00,4.358455836772918701e-01
1.335164070129394531e+00,4.023773372173309326e-01
1.309000968933105469e+00,8.043652772903442383e-02
1.286199092864990234e+00,-3.550633490085601807e-01
1.263516426086425781e+00,-4.213397204875946045e-01
9.560029506683349609e-01,-2.207870781421661377e-01
6.374723911285400391e-01,1.490344703197479248e-01
2.516413927078247070e-01,-1.627388037741184235e-02
1.115617901086807251e-01,1.277970224618911743e-01
1.115617901086807251e-01,2.245434969663619995e-01
1.115617901086807251e-01,2.551824748516082764e-01
2.392082512378692627e-01,1.954390257596969604e-01
2.392082512378692627e-01,-4.634532704949378967e-02
2.392082512378692627e-01,-2.594834864139556885e-01
-1.168467104434967041e-01,6.271532922983169556e-02
-1.168467104434967041e-01,-4.873352125287055969e-02
-1.168467104434967041e-01,-1.754402220249176025e-01
1.721460521221160889e-01,2.625084817409515381e-01
5.115132331848144531e-01,1.526072174310684204e-01
7.786570191383361816e-01,-8.146752417087554932e-02
1.089267134666442871e+00,2.847384214401245117e-01
1.234845399856567383e+00,2.268110364675521851e-01
1.351170420646667480e+00,1.549942940473556519e-01
1.540585517883300781e+00,1.223305687308311462e-01
1.558133482933044434e+00,-5.382649973034858704e-02
1.582940220832824707e+00,9.690114855766296387e-02
1.582940220832824707e+00,3.999329507350921631e-01
1.548505902290344238e+00,5.184947252273559570e-01
1.548505902290344238e+00,6.246635913848876953e-01
1.410027623176574707e+00,4.021921455860137939e-01
1.144002079963684082e+00,2.905512750148773193e-01
8.190861940383911133e-01,5.877808332443237305e-01
3.089701533317565918e-01,5.795208811759948730e-01
-2.061350494623184204e-01,4.936331808567047119e-01
-6.240910291671752930e-01,9.890700876712799072e-02
-6.240910291671752930e-01,-2.529202997684478760e-01
-6.240910291671752930e-01,-4.469423294067382812e-01
-3.243325948715209961e-01,-5.422710254788398743e-02
1.319947540760040283e-01,3.925861418247222900e-02
4.197633862495422363e-01,4.159179925918579102e-01
4.197633862495422363e-01,5.356249809265136719e-01
4.197633862495422363e-01,6.571520566940307617e-01
1.204019561409950256e-01,6.891016960144042969e-01
1.204019561409950256e-01,3.980001509189605713e-01
1.204019561409950256e-01,3.534142971038818359e-01
2.554064095020294189e-01,-3.860142230987548828e-01
6.190046072006225586e-01,-5.532292127609252930e-01
8.853279352188110352e-01,-6.461200118064880371e-01
1.085727095603942871e+00,-6.506974697113037109e-01
1.222293138504028320e+00,-6.705235838890075684e-01
1.222293138504028320e+00,2.244380563497543335e-01
1.222293138504028320e+00,1.089402437210083008e-01
1.105491757392883301e+00,1.082767918705940247e-01
9.950095415115356445e-01,3.180965483188629150e-01
8.158042430877685547e-01,9.840006381273269653e-02
4.045709967613220215e-01,8.921402692794799805e-02
-1.781323701143264771e-01,1.634597927331924438e-01
-1.781323701143264771e-01,2.995817363262176514e-02
-1.781323701143264771e-01,4.496888816356658936e-01
-1.043474003672599792e-01,6.076615452766418457e-01
-9.745692834258079529e-03,5.887531638145446777e-01
2.470095753669738770e-01,6.080492734909057617e-01
6.393515467643737793e-01,5.560211539268493652e-01
9.606347680091857910e-01,5.924166440963745117e-01
1.409571051597595215e+00,5.207514762878417969e-01
1.773632407188415527e+00,2.129086703062057495e-01
1.871317625045776367e+00,3.729389011859893799e-01
1.871317625045776367e+00,-2.514122461434453726e-04
1.871317625045776367e+00,2.387956380844116211e-01
1.782300591468811035e+00,9.936760365962982178e-02
1.636358380317687988e+00,4.184953868389129639e-01
1.543721914291381836e+00,5.463103055953979492e-01
1.417941451072692871e+00,7.426143288612365723e-01
1.041572570800781250e+00,6.836727261543273926e-01
2.599257528781890869e-01,5.228077173233032227e-01
-2.839100062847137451e-01,2.974183857440948486e-01
-5.113193392753601074e-01,2.551552951335906982e-01
-5.113193392753601074e-01,6.290324926376342773e-01
-5.113193392753601074e-01,7.086216807365417480e-01
-4.583445191383361816e-01,9.825744628906250000e-01
-4.583445191383361816e-01,1.039336442947387695e+00
-4.583445191383361816e-01,6.456778049468994141e-01
-6.095140576362609863e-01,3.246141374111175537e-01
-6.473229527473449707e-01,-2.439221143722534180e-01
-6.514055728912353516e-01,7.305801510810852051e-01
-6.473229527473449707e-01,-1.959583610296249390e-01
-6.095140576362609863e-01,-2.942162156105041504e-01
-3.659131526947021484e-01,1.208483055233955383e-01
2.032255977392196655e-01,6.137525439262390137e-01
6.357916593551635742e-01,4.752633869647979736e-01
1.384678363800048828e+00,7.426685094833374023e-01
1.953803777694702148e+00,1.110884666442871094e+00
1.953803777694702148e+00,1.331631183624267578e+00
1.953803777694702148e+00,9.406368732452392578e-01
1.539209246635437012e+00,3.788376152515411377e-01
1.343196988105773926e+00,8.851020038127899170e-02
1.340100288391113281e+00,-4.247662797570228577e-02
1.264905929565429688e+00,3.498898446559906006e-01
1.037542939186096191e+00,-1.472242060117423534e-03
4.725066423416137695e-01,-7.323934137821197510e-02
-3.408549726009368896e-01,-2.920832484960556030e-02
-3.408549726009368896e-01,4.215902835130691528e-02
-3.408549726009368896e-01,3.834113776683807373e-01
-1.671615540981292725e-01,2.901715934276580811e-01
1.742766946554183960e-01,2.132624238729476929e-01
4.410896301269531250e-01,2.036093622446060181e-01
8.975360989570617676e-01,1.195567026734352112e-01
1.224258422851562500e+00,1.160097196698188782e-01
1.454433560371398926e+00,2.411067336797714233e-01
1.599039196968078613e+00,8.929517269134521484e-01
1.603505492210388184e+00,8.323024511337280273e-01
1.603505492210388184e+00,9.912546873092651367e-01
1.603505492210388184e+00,9.639353752136230469e-01
1.471716880798339844e+00,2.931931316852569580e-01
1.173500180244445801e+00,4.517428874969482422e-01
1.125514507293701172e+00,2.471422851085662842e-01
1.096109032630920410e+00,3.131113648414611816e-01
1.049751043319702148e+00,6.429599225521087646e-02
6.507326364517211914e-01,-3.317495882511138916e-01
6.507326364517211914e-01,-2.151188999414443970e-01
6.507326364517211914e-01,3.614868223667144775e-01
6.907317638397216797e-01,4.453267455101013184e-01
1.170211553573608398e+00,5.593175888061523438e-01
1.170211553573608398e+00,1.319430470466613770e+00
1.170211553573608398e+00,1.207904458045959473e+00
1.124422669410705566e+00,1.060856103897094727e+00
8.204823732376098633e-01,8.188614249229431152e-01
4.168651998043060303e-01,7.289286255836486816e-01
5.058712884783744812e-02,3.290488719940185547e-01
1.529924385249614716e-02,5.718770027160644531e-01
-1.238738447427749634e-01,7.075997591018676758e-01
-2.938684225082397461e-01,6.112834811210632324e-01
-5.497965812683105469e-01,3.383345901966094971e-01
-8.074980378150939941e-01,1.019836664199829102e-01
-1.084137082099914551e+00,-6.225779280066490173e-02
-1.181570768356323242e+00,-1.424237191677093506e-01
-1.181570768356323242e+00,4.637864604592323303e-02
-1.181570768356323242e+00,8.970370888710021973e-02
-1.162295818328857422e+00,1.174604892730712891e-02
-1.100996971130371094e+00,-3.861632645130157471e-01
-1.058847308158874512e+00,-1.053434163331985474e-01
-1.030176281929016113e+00,1.115724593400955200e-01
-1.030176281929016113e+00,1.817684322595596313e-01
-8.828644752502441406e-01,4.543088003993034363e-02
-6.069466471672058105e-01,3.887024819850921631e-01
-8.120150864124298096e-02,1.964345723390579224e-01
4.698929786682128906e-01,3.872807919979095459e-01
7.134805917739868164e-01,1.448402404785156250e-01
8.006118535995483398e-01,-2.818717062473297119e-02
9.930377006530761719e-01,2.992700040340423584e-01
1.331498384475708008e+00,2.792546153068542480e-01
1.505205035209655762e+00,7.255317568778991699e-01
1.505205035209655762e+00,1.271627068519592285e+00
1.505205035209655762e+00,1.340662598609924316e+00
1.358534932136535645e+00,7.813384532928466797e-01
8.207404613494873047e-01,4.788095355033874512e-01
5.693117976188659668e-01,2.981819510459899902e-01
3.401621878147125244e-01,4.065981805324554443e-01
-2.817373722791671753e-02,4.972240328788757324e-01
-6.378740072250366211e-01,5.667207241058349609e-01
-1.506691813468933105e+00,2.637981772422790527e-01
-1.952954888343811035e+00,2.726909704506397247e-02
-1.952954888343811035e+00,-2.128931507468223572e-02
-1.952954888343811035e+00,4.192890524864196777e-01
-1.870792984962463379e+00,2.402435094118118286e-01
-1.665073752403259277e+00,3.995627462863922119e-01
-1.493749141693115234e+00,2.174948602914810181e-01
-1.349924445152282715e+00,8.254387229681015015e-02
-1.194778084754943848e+00,1.147453039884567261e-01
-1.075707197189331055e+00,2.250202894210815430e-01
-7.609217762947082520e-01,2.123537361621856689e-01
-3.777573704719543457e-01,6.948792934417724609e-01
-3.674922883510589600e-02,6.887632012367248535e-01
2.105505019426345825e-01,6.609717011451721191e-01
2.914750874042510986e-01,4.640055298805236816e-01
3.088047206401824951e-01,3.698129951953887939e-02
3.149716854095458984e-01,-2.308646291494369507e-01
3.149716854095458984e-01,-1.928035765886306763e-01
3.149716854095458984e-01,-2.169083803892135620e-01
3.673179149627685547e-01,-6.449466943740844727e-01
4.144103229045867920e-01,-3.534902334213256836e-01
4.991330206394195557e-01,-3.350522816181182861e-01
4.991330206394195557e-01,-2.982685863971710205e-01
4.991330206394195557e-01,-2.995449900627136230e-01
4.503334462642669678e-01,-6.449466943740844727e-01
4.503334462642669678e-01,-6.449466943740844727e-01
4.503334462642669678e-01,-4.235234558582305908e-01
4.618402123451232910e-01,-3.658641278743743896e-01
4.618402123451232910e-01,-1.296416223049163818e-01
4.618402123451232910e-01,6.153529882431030273e-01
4.553291797637939453e-01,9.539850354194641113e-01
4.061326086521148682e-01,8.743487596511840820e-01
1.181389838457107544e-01,1.252544403076171875e+00
-3.386052250862121582e-01,9.178804159164428711e-01
-5.921975970268249512e-01,4.168097674846649170e-01
-5.921975970268249512e-01,1.843047142028808594e-01
-5.921975970268249512e-01,-8.488363027572631836e-02
-5.633612275123596191e-01,-2.206120193004608154e-01
-4.679654836654663086e-01,-6.449466943740844727e-01
-4.023722112178802490e-01,-6.449466943740844727e-01
-3.159622251987457275e-01,-6.449466943740844727e-01
-2.384585738182067871e-01,-6.449466943740844727e-01
-1.592940688133239746e-01,-3.486033082008361816e-01
-1.007147282361984253e-01,-1.937134414911270142e-01
-2.109366282820701599e-02,-1.674866378307342529e-01
-2.109366282820701599e-02,-1.501205563545227051e-01
-2.109366282820701599e-02,-5.009977892041206360e-02
-4.127518460154533386e-02,-1.321162879467010498e-01
-1.838030368089675903e-01,5.019764415919780731e-03
-1.846698522567749023e-01,-3.969516977667808533e-02
-1.846698522567749023e-01,3.967801481485366821e-02
-1.838030368089675903e-01,-1.496905274689197540e-02
-1.080263927578926086e-01,-5.028534308075904846e-02
-1.046693418174982071e-02,-1.599694341421127319e-01
1.345488727092742920e-01,-2.185802720487117767e-02
1.838645786046981812e-01,-1.716887056827545166e-01
1.838645786046981812e-01,-3.029161095619201660e-01
1.838645786046981812e-01,-8.127726614475250244e-03
1.609568893909454346e-01,1.957086175680160522e-01
1.456056982278823853e-01,7.814463973045349121e-02
1.193366423249244690e-01,2.973137497901916504e-01
2.815586514770984650e-02,1.085424125194549561e-01
-6.968150287866592407e-02,1.307229977101087570e-02
-1.190038174390792847e-01,-6.649044342339038849e-03
-2.100853323936462402e-01,-1.927975565195083618e-01
-3.585088551044464111e-01,5.670192465186119080e-02
-5.934813022613525391e-01,2.139643579721450806e-01
-6.356110572814941406e-01,3.154136836528778076e-01
-6.356110572814941406e-01,3.412955701351165771e-01
-6.356110572814941406e-01,5.185067653656005859e-01
-5.896302461624145508e-01,1.916541606187820435e-01
-5.682973861694335938e-01,1.324903070926666260e-01
-5.682973861694335938e-01,2.308866083621978760e-01
-5.682973861694335938e-01,1.784660667181015015e-01
-6.578769087791442871e-01,3.569229841232299805e-01
-7.102892994880676270e-01,5.424395799636840820e-01
-7.102892994880676270e-01,3.748508989810943604e-01
-7.102892994880676270e-01,1.087507247924804688e+00
-4.121850728988647461e-01,1.056158542633056641e+00
4.856808781623840332e-01,1.366546392440795898e+00
6.296644210815429688e-01,1.008480072021484375e+00
6.296644210815429688e-01,7.481688261032104492e-01
6.296644210815429688e-01,7.419168949127197266e-01
6.228688955307006836e-01,7.171158790588378906e-01
6.228688955307006836e-01,4.725235998630523682e-01
6.228688955307006836e-01,4.283317029476165771e-01
9.528731703758239746e-01,5.499058961868286133e-01
1.215464472770690918e+00,7.373158931732177734e-01
1.215464472770690918e+00,6.298478841781616211e-01
1.215464472770690918e+00,9.324911236763000488e-01
1.046065449714660645e+00,9.864869117736816406e-01
7.256358265876770020e-01,3.271019458770751953e-01
9.552244096994400024e-02,6.215492486953735352e-01
-1.899633705615997314e-01,1.775799989700317383e-01
-1.932718157768249512e-01,4.564376547932624817e-02
-2.618294358253479004e-01,1.495140939950942993e-01
-2.618294358253479004e-01,2.536711096763610840e-01
-2.618294358253479004e-01,7.661243081092834473e-01
-2.182373404502868652e-01,5.324999094009399414e-01
-1.992799490690231323e-01,5.297049283981323242e-01
-1.374318599700927734e-01,7.936170697212219238e-01
-1.374318599700927734e-01,1.167188763618469238e+00
-1.374318599700927734e-01,6.171697974205017090e-01
-5.469976067543029785e-01,7.661378979682922363e-01
-8.479603528976440430e-01,6.939436793327331543e-01
-1.212339401245117188e+00,4.789866507053375244e-01
-1.659059047698974609e+00,4.766256511211395264e-01
-1.659059047698974609e+00,3.483512103557586670e-01
-1.659059047698974609e+00,-1.447699815034866333e-01
-1.621832370758056641e+00,-2.714323103427886963e-01
-1.495046138763427734e+00,-1.445908993482589722e-01
-1.273413300514221191e+00,-3.386755883693695068e-01
-1.176932334899902344e+00,-5.969259515404701233e-02
-1.073292016983032227e+00,4.248615354299545288e-03
-9.808540344238281250e-01,-4.902074113488197327e-02
-8.013774156570434570e-01,-2.517840564250946045e-01
-7.188714146614074707e-01,-6.449466943740844727e-01
-6.115388274192810059e-01,-3.450545966625213623e-01
-5.513780117034912109e-01,-9.701070934534072876e-02
-5.136088132858276367e-01,3.993423655629158020e-02
-4.506424367427825928e-01,1.646051257848739624e-01
-4.470825493335723877e-01,2.140990346670150757e-01
-4.470825493335723877e-01,1.408399492502212524e-01
-4.081950783729553223e-01,8.336276561021804810e-02
-3.581846058368682861e-01,-5.394638702273368835e-02
-3.463602364063262939e-01,-2.081245630979537964e-01
-3.380229473114013672e-01,-2.900221347808837891e-01
-2.591231167316436768e-01,-3.791526556015014648e-01
-1.579442322254180908e-01,-6.449466943740844727e-01
-1.216505691409111023e-01,-4.254631698131561279e-01
-1.103820055723190308e-01,-2.637546956539154053e-01
-5.671900883316993713e-02,-1.748303323984146118e-01
-5.609702318906784058e-02,4.895601049065589905e-02
-4.118254780769348145e-02,-3.758334740996360779e-02
-2.938462793827056885e-02,-2.223608642816543579e-01
-2.938462793827056885e-02,2.003881707787513733e-02
-2.938462793827056885e-02,-1.343202777206897736e-02
-2.938462793827056885e-02,1.356877833604812622e-01
-1.730307340621948242e-01,3.704217374324798584e-01
-2.533929049968719482e-01,1.755539625883102417e-01
-4.942940771579742432e-01,-1.959634423255920410e-01
-5.429282188415527344e-01,-3.634614646434783936e-01
-6.169050931930541992e-01,-5.457589626312255859e-01
-6.169050931930541992e-01,-6.449466943740844727e-01
-6.169050931930541992e-01,-6.449466943740844727e-01
-5.026710629463195801e-01,-6.449466943740844727e-01
-4.906614124774932861e-01,-4.602008163928985596e-01
-4.527730941772460938e-01,-3.847065269947052002e-01
-4.151692986488342285e-01,-3.919231593608856201e-01
-3.056133985519409180e-01,-4.101893007755279541e-01
-2.348325103521347046e-01,-3.605565428733825684e-01
-1.572428345680236816e-01,-3.766030669212341309e-01
-9.235759079456329346e-02,-3.071595728397369385e-01
-6.143685430288314819e-02,-3.025446832180023193e-01
-6.143685430288314819e-02,-6.449466943740844727e-01
-6.143685430288314819e-02,-6.449466943740844727e-01
-9.055779874324798584e-02,-6.449466943740844727e-01
-1.348777413368225098e-01,-6.449466943740844727e-01
-1.361746490001678467e-01,-6.449466943740844727e-01
-2.119314521551132202e-01,-6.449466943740844727e-01
-2.357257902622222900e-01,-6.449466943740844727e-01
-3.546776771545410156e-01,-6.449466943740844727e-01
-4.625462293624877930e-01,-6.449466943740844727e-01
-5.620775222778320312e-01,-6.449466943740844727e-01
-6.641430854797363281e-01,-3.060556948184967041e-01
-8.514606952667236328e-01,-2.643794715404510498e-01
-1.041464805603027344e+00,2.192856976762413979e-03
-1.167668700218200684e+00,1.133315488696098328e-01
-1.220723032951354980e+00,6.311126798391342163e-02
-1.323132634162902832e+00,-8.514855802059173584e-02
-1.369000911712646484e+00,9.740544855594635010e-02
-1.490209102630615234e+00,1.093707308173179626e-01
-1.649027824401855469e+00,8.338254690170288086e-02
-1.841354370117187500e+00,1.760867387056350708e-01
-2.064006090164184570e+00,1.701541841030120850e-01
-2.064006090164184570e+00,4.952462315559387207e-01
-2.064006090164184570e+00,3.091087043285369873e-01
-1.899741888046264648e+00,3.327754437923431396e-01
-1.316337108612060547e+00,2.423424273729324341e-01
-9.808209538459777832e-01,-3.463320434093475342e-01
-7.011646032333374023e-01,-5.673374608159065247e-02
-2.672155797481536865e-01,-9.771239757537841797e-02
-7.682112604379653931e-02,-4.936748445034027100e-01
1.768374294042587280e-01,7.208356261253356934e-02
1.813964694738388062e-01,5.511563420295715332e-01
2.166248112916946411e-01,2.109255045652389526e-01
2.198670804500579834e-01,4.880289733409881592e-01
2.431585490703582764e-01,8.430111408233642578e-01
4.340757429599761963e-01,1.159867882728576660e+00
1.056004047393798828e+00,1.651696085929870605e+00
2.028481960296630859e+00,1.763960599899291992e+00
2.496349334716796875e+00,1.496550559997558594e+00
2.503402948379516602e+00,1.424028754234313965e+00
2.503402948379516602e+00,1.571762442588806152e+00
2.496349334716796875e+00,1.463709712028503418e+00
2.379283189773559570e+00,1.299517035484313965e+00
2.171400308609008789e+00,1.578534245491027832e+00
1.898208737373352051e+00,1.658500671386718750e+00
1.590787887573242188e+00,1.255512237548828125e+00
1.089882493019104004e+00,9.981627464294433594e-01
4.502010941505432129e-01,9.886417984962463379e-01
-4.123571217060089111e-01,7.149606943130493164e-01
-1.125426530838012695e+00,6.522479057312011719e-01
-1.125426530838012695e+00,6.082628965377807617e-01
-1.125426530838012695e+00,5.792681574821472168e-01
-1.016241192817687988e+00,-4.790488630533218384e-02
-1.015083193778991699e+00,-2.922778716310858727e-03
-9.607585072517395020e-01,-3.201858699321746826e-01
-5.402748584747314453e-01,2.778685688972473145e-01
-1.701987087726593018e-01,3.186555206775665283e-01
-8.793750405311584473e-02,3.158796429634094238e-01
-3.620002791285514832e-02,5.487022399902343750e-01
-2.137818932533264160e-02,-7.925691455602645874e-02
1.241427939385175705e-02,-6.121847778558731079e-02
1.795261725783348083e-02,8.204830437898635864e-02
3.091422021389007568e-01,-1.752054691314697266e-02
4.931182563304901123e-01,3.568312898278236389e-02
5.046713352203369141e-01,4.507305845618247986e-02
6.461537480354309082e-01,2.006773501634597778e-01
9.800751805305480957e-01,1.300180703401565552e-01
1.047196984291076660e+00,6.471676826477050781e-01
1.047196984291076660e+00,6.801440119743347168e-01
1.047196984291076660e+00,6.847940683364868164e-01
8.203831315040588379e-01,1.026677846908569336e+00
5.157414078712463379e-01,1.097445249557495117e+00
3.413598239421844482e-01,8.731491565704345703e-01
2.092006504535675049e-01,9.778131246566772461e-01
2.092006504535675049e-01,1.015411376953125000e+00
2.092006504535675049e-01,7.777936458587646484e-01
2.092800587415695190e-01,4.230294525623321533e-01
2.092800587415695190e-01,5.115200281143188477e-01
2.092800587415695190e-01,2.483107894659042358e-01
9.132071584463119507e-02,2.707517445087432861e-01
-3.267610073089599609e-01,-1.392001062631607056e-01
-3.267610073089599609e-01,-2.287282794713973999e-01
-3.267610073089599609e-01,-1.409933716058731079e-02
-1.482041627168655396e-01,2.706156671047210693e-01
-6.646569073200225830e-02,1.524528712034225464e-01
1.556104421615600586e-01,1.598826795816421509e-01
1.556104421615600586e-01,4.285590946674346924e-01
1.556104421615600586e-01,4.907559156417846680e-01
1.460953503847122192e-01,1.126859933137893677e-01
-1.728322356939315796e-01,2.856819927692413330e-01
-1.728322356939315796e-01,1.346943676471710205e-01
-1.728322356939315796e-01,1.851764172315597534e-01
-8.662074804306030273e-02,6.256354451179504395e-01
5.879869312047958374e-02,5.346728563308715820e-01
5.879869312047958374e-02,4.731477200984954834e-01
5.879869312047958374e-02,5.949028730392456055e-01
4.346073791384696960e-02,6.609687805175781250e-01
4.346073791384696960e-02,6.755610108375549316e-01
4.346073791384696960e-02,7.796562910079956055e-01
2.351057827472686768e-01,8.815602064132690430e-01
5.299478769302368164e-01,7.788830399513244629e-01
7.148304581642150879e-01,6.610894203186035156e-01
7.148304581642150879e-01,5.122894644737243652e-01
7.148304581642150879e-01,1.161783635616302490e-01
6.743946075439453125e-01,5.174914598464965820e-01
6.743946075439453125e-01,5.136300325393676758e-01
6.743946075439453125e-01,4.434391260147094727e-01
7.180926203727722168e-01,2.147700637578964233e-01
7.352369427680969238e-01,1.344062834978103638e-01
7.352369427680969238e-01,6.465330719947814941e-02
7.352369427680969238e-01,-2.740493416786193848e-02
6.264420151710510254e-01,7.504040002822875977e-02
6.041761636734008789e-01,3.289290368556976318e-01
3.073026835918426514e-01,2.796324491500854492e-01
-1.106069758534431458e-01,6.669992208480834961e-01
-5.347100496292114258e-01,6.201319694519042969e-01
-1.181637048721313477e+00,2.036833763122558594e-02
-1.181637048721313477e+00,1.521864384412765503e-01
-1.181637048721313477e+00,-1.688148453831672668e-02
-7.278174161911010742e-01,2.899640798568725586e-01
-2.964820861816406250e-01,4.596784114837646484e-01
-1.163107380270957947e-01,4.015231728553771973e-01
-1.163107380270957947e-01,3.166247010231018066e-01
-1.163107380270957947e-01,3.453884720802307129e-01
-3.513692021369934082e-01,3.378202617168426514e-01
-3.513692021369934082e-01,3.587034642696380615e-01
-3.513692021369934082e-01,3.383399844169616699e-01
1.585946679115295410e-01,2.340839356184005737e-01
6.544248461723327637e-01,3.866678774356842041e-01
8.239033222198486328e-01,1.021164730191230774e-01
8.596477508544921875e-01,3.219956159591674805e-01
8.754621148109436035e-01,-2.297587459906935692e-03
9.631822705268859863e-01,7.880077958106994629e-01
1.072241902351379395e+00,4.657737314701080322e-01
1.175293326377868652e+00,5.647166371345520020e-01
1.200861096382141113e+00,5.475504398345947266e-01
1.200861096382141113e+00,4.142256677150726318e-01
1.200861096382141113e+00,4.067180156707763672e-01
1.097518444061279297e+00,4.368900358676910400e-01
1.005431175231933594e+00,2.896095216274261475e-01
8.675152659416198730e-01,4.136190712451934814e-01
8.009294867515563965e-01,6.274995952844619751e-02
3.506962656974792480e-01,-1.298492103815078735e-01
9.673333913087844849e-02,-1.698856800794601440e-01
9.136703610420227051e-02,2.492363303899765015e-01
9.136703610420227051e-02,2.326818853616714478e-01
9.136703610420227051e-02,3.602138459682464600e-01
2.583509385585784912e-01,2.858263552188873291e-01
4.366563260555267334e-01,-4.650969803333282471e-02
4.366563260555267334e-01,7.008346915245056152e-01
4.366563260555267334e-01,4.536507129669189453e-01
3.595959842205047607e-01,5.784795284271240234e-01
1.145790964365005493e-01,2.087778151035308838e-01
-2.811309099197387695e-01,1.085772663354873657e-01
-3.329014778137207031e-01,3.871853649616241455e-01
-3.329014778137207031e-01,3.153184950351715088e-01
-3.329014778137207031e-01,-5.039599910378456116e-02
-6.933742016553878784e-02,6.719422340393066406e-02
1.957021951675415039e-01,-2.318557947874069214e-01
4.615821540355682373e-01,5.260245874524116516e-02
7.093516588211059570e-01,-4.421583935618400574e-02
9.015062451362609863e-01,9.591434150934219360e-03
9.015062451362609863e-01,1.622128635644912720e-01
9.015062451362609863e-01,1.682620048522949219e-01
8.562003374099731445e-01,5.225192308425903320e-01
7.576351165771484375e-01,3.903009295463562012e-01
5.801039338111877441e-01,3.841862380504608154e-01
2.900524437427520752e-01,5.110123157501220703e-01
-5.342379584908485413e-02,1.888602226972579956e-01
-5.190346240997314453e-01,3.184254169464111328e-01
-9.734695553779602051e-01,2.161550968885421753e-01
-1.419269442558288574e+00,7.397150993347167969e-02
-1.624419569969177246e+00,1.993091255426406860e-01
-1.624419569969177246e+00,6.648336350917816162e-02
-1.624419569969177246e+00,2.783022522926330566e-01
-8.697431683540344238e-01,5.354779958724975586e-01
-3.558025360107421875e-01,2.883249223232269287e-01
2.618644833564758301e-01,5.076546669006347656e-01
8.238173127174377441e-01,3.496293723583221436e-01
1.162119150161743164e+00,4.382081925868988037e-01
1.356721997261047363e+00,6.653333902359008789e-01
1.371001243591308594e+00,1.002344727516174316e+00
1.651358962059020996e+00,1.488505840301513672e+00
2.137197494506835938e+00,1.532308578491210938e+00
2.137197494506835938e+00,1.519128680229187012e+00
2.137197494506835938e+00,1.595490574836730957e+00
1.647752761840820312e+00,1.406736731529235840e+00
1.227229356765747070e+00,1.596933364868164062e+00
6.648200154304504395e-01,1.532985448837280273e+00
-1.973941326141357422e-01,1.240879654884338379e+00
-1.233440637588500977e+00,7.841552495956420898e-01
-2.151931524276733398e+00,2.600664496421813965e-01
-2.151931524276733398e+00,4.550901651382446289e-01
-2.151931524276733398e+00,3.626917302608489990e-01
-2.019064188003540039e+00,4.674811065196990967e-01
-1.638182640075683594e+00,8.807084560394287109e-01
-1.287447690963745117e+00,5.799584388732910156e-01
-9.735952615737915039e-01,3.069644868373870850e-01
-5.657432675361633301e-01,4.943627417087554932e-01
-1.350166946649551392e-01,1.774734705686569214e-01
4.594207182526588440e-02,3.475835621356964111e-01
4.280014336109161377e-01,4.982942938804626465e-01
9.267761111259460449e-01,5.363832712173461914e-01
1.259321331977844238e+00,7.679021954536437988e-01
1.570765137672424316e+00,9.812867641448974609e-01
1.839900612831115723e+00,7.814306020736694336e-01
1.839900612831115723e+00,1.452744007110595703e+00
1.839900612831115723e+00,1.047541975975036621e+00
1.703665494918823242e+00,1.073067903518676758e+00
1.507302522659301758e+00,6.273762583732604980e-01
1.251493453979492188e+00,6.641576290130615234e-01
1.105299830436706543e+00,2.548204362392425537e-01
1.094785690307617188e+00,2.019693255424499512e-01
9.540509581565856934e-01,2.861678898334503174e-01
9.540509581565856934e-01,1.402843743562698364e-01
9.540509581565856934e-01,1.618812829256057739e-01
9.958167672157287598e-01,3.537210524082183838e-01
1.088942885398864746e+00,2.082802206277847290e-01
1.201622009277343750e+00,5.938229560852050781e-01
1.222584247589111328e+00,6.083798408508300781e-01
1.222584247589111328e+00,6.530786752700805664e-01
1.222584247589111328e+00,7.815963029861450195e-01
1.128942012786865234e+00,9.055236577987670898e-01
9.730547070503234863e-01,8.564857244491577148e-01
7.526724934577941895e-01,8.201436996459960938e-01
5.152252912521362305e-01,7.971199750900268555e-01
1.920893639326095581e-01,7.534024715423583984e-01
-1.490974426269531250e-01,4.609571099281311035e-01
-4.431521296501159668e-01,6.594297289848327637e-01
-8.520628213882446289e-01,1.040561944246292114e-01
-8.520628213882446289e-01,-5.330412089824676514e-02
-8.520628213882446289e-01,-1.073293387889862061e-02
-3.236973881721496582e-01,2.740443944931030273e-01
3.813854157924652100e-01,3.936038315296173096e-01
1.065340518951416016e+00,8.533085584640502930e-01
1.736108064651489258e+00,1.218754768371582031e+00
2.027158737182617188e+00,1.644221544265747070e+00
2.027158737182617188e+00,1.484071612358093262e+00
2.027158737182617188e+00,1.540346622467041016e+00
1.889904499053955078e+00,1.538170933723449707e+00
1.629973173141479492e+00,1.536267876625061035e+00
8.842229247093200684e-01,1.011104106903076172e+00
1.586608290672302246e-01,5.657369494438171387e-01
-1.614776402711868286e-01,3.512916266918182373e-01
-2.826329469680786133e-01,-6.451264023780822754e-03
-3.114561140537261963e-01,-1.230309009552001953e-01
-3.114561140537261963e-01,1.193383261561393738e-01
-3.114561140537261963e-01,1.023213192820549011e-01
-1.326213777065277100e-01,1.396717429161071777e-01
-3.125720843672752380e-02,3.439844027161598206e-02
-1.576044782996177673e-02,6.840239763259887695e-01
-7.198188919574022293e-03,5.322111248970031738e-01
-7.198188919574022293e-03,7.498542666435241699e-01
-7.198188919574022293e-03,6.533662080764770508e-01
-5.166988968849182129e-01,5.967923402786254883e-01
-9.040120244026184082e-01,2.728878557682037354e-01
-1.125558853149414062e+00,9.507783502340316772e-02
-1.125558853149414062e+00,-1.604354828596115112e-01
-1.125558853149414062e+00,-1.461398750543594360e-01
-4.677140414714813232e-01,3.808090463280677795e-02
1.964366734027862549e-01,3.218158483505249023e-01
5.589827895164489746e-01,3.047347962856292725e-01
7.875699400901794434e-01,2.321541756391525269e-01
7.875699400901794434e-01,2.936911284923553467e-01
7.875699400901794434e-01,3.133523091673851013e-02
6.046195030212402344e-01,8.478407561779022217e-02
3.818353712558746338e-01,3.363670408725738525e-01
3.818353712558746338e-01,7.998086810111999512e-01
3.818353712558746338e-01,9.191828966140747070e-01
4.284315109252929688e-01,4.120253026485443115e-01
8.402801156044006348e-01,7.833855748176574707e-01
1.721517801284790039e+00,7.985917925834655762e-01
2.073576211929321289e+00,1.123023271560668945e+00
2.349685907363891602e+00,9.326255321502685547e-01
2.467062950134277344e+00,1.503566265106201172e+00
2.467062950134277344e+00,1.345085382461547852e+00
2.467062950134277344e+00,8.882536888122558594e-01
2.121972084045410156e+00,9.300808310508728027e-01
1.606125831604003906e+00,8.517141938209533691e-01
9.631491899490356445e-01,5.358008146286010742e-01
1.973498016595840454e-01,6.205959320068359375e-01
-4.020876884460449219e-01,4.768588840961456299e-01
-7.942047119140625000e-01,4.818844497203826904e-01
-7.942047119140625000e-01,4.588090181350708008e-01
-7.942047119140625000e-01,3.160991370677947998e-01
-1.521147489547729492e-01,5.845919847488403320e-01
-1.521147489547729492e-01,9.048490524291992188e-01
-1.521147489547729492e-01,5.022435188293457031e-01
-2.396363765001296997e-01,4.832820594310760498e-01
-4.038279354572296143e-01,4.701023697853088379e-01
-4.327437579631805420e-01,2.890356779098510742e-01
-4.327437579631805420e-01,3.929739892482757568e-01
-4.038279354572296143e-01,1.076282188296318054e-01
6.885636597871780396e-02,1.203757375478744507e-01
9.026311039924621582e-01,-1.096318513154983521e-01
1.496914029121398926e+00,3.680548965930938721e-01
1.942766785621643066e+00,2.979848086833953857e-01
2.231097936630249023e+00,5.101505517959594727e-01
2.429386377334594727e+00,8.319988250732421875e-01
2.429386377334594727e+00,9.048588275909423828e-01
2.429386377334594727e+00,9.555906653404235840e-01
2.386138200759887695e+00,1.075731158256530762e+00
2.127781867980957031e+00,1.062636852264404297e+00
1.645311117172241211e+00,9.703952670097351074e-01
1.163078546524047852e+00,1.150516986846923828e+00
1.132991552352905273e+00,1.188992738723754883e+00
1.083536982536315918e+00,1.253909230232238770e+00
8.121451139450073242e-01,1.044838428497314453e+00
6.059187278151512146e-02,8.815295100212097168e-01
-5.046958327293395996e-01,4.148764610290527344e-01
-6.907297372817993164e-01,2.749355733394622803e-01
-7.244891524314880371e-01,7.074544429779052734e-01
-7.771728634834289551e-01,2.903944849967956543e-01
-8.163183927536010742e-01,9.264518320560455322e-02
-1.019066572189331055e+00,-2.109557539224624634e-01
-1.019066572189331055e+00,4.547576606273651123e-02
-1.019066572189331055e+00,7.581260800361633301e-01
-9.118067622184753418e-01,9.619261026382446289e-01
-3.844139873981475830e-01,7.870054244995117188e-01
-1.823936402797698975e-01,7.485034465789794922e-01
-1.823936402797698975e-01,8.036587238311767578e-01
-1.823936402797698975e-01,4.528415799140930176e-01
-5.981594324111938477e-01,-1.741479709744453430e-02
-1.089033603668212891e+00,-2.001198530197143555e-01
-1.089033603668212891e+00,-5.510886311531066895e-01
-1.089033603668212891e+00,-5.172983407974243164e-01
-5.623686909675598145e-01,1.034280508756637573e-01
-4.062011092901229858e-02,2.681641280651092529e-01
2.866182923316955566e-01,3.320445120334625244e-01
5.623177289962768555e-01,4.726924598217010498e-01
6.213602423667907715e-01,3.347646296024322510e-01
6.474572420120239258e-01,1.903977245092391968e-01
6.474572420120239258e-01,2.522135078907012939e-01
6.474572420120239258e-01,2.445386499166488647e-01
5.785357356071472168e-01,2.583275139331817627e-01
4.753452837467193604e-01,2.626221477985382080e-01
2.397376149892807007e-01,2.183997482061386108e-01
-1.467285901308059692e-01,5.362961888313293457e-01
-1.908235698938369751e-01,6.207275986671447754e-01
-1.908235698938369751e-01,6.755515336990356445e-01
-1.908235698938369751e-01,8.133301734924316406e-01
5.061402916908264160e-01,6.249964237213134766e-01
1.085376381874084473e+00,1.083249688148498535e+00
1.306512951850891113e+00,1.192930459976196289e+00
1.306512951850891113e+00,1.320061922073364258e+00
1.306512951850891113e+00,7.603802680969238281e-01
1.082762718200683594e+00,8.039675951004028320e-01
7.113499641418457031e-01,1.133369088172912598e+00
3.016386330127716064e-01,1.381765842437744141e+00
-3.455662131309509277e-01,1.135002374649047852e+00
-9.659593701362609863e-01,1.111829400062561035e+00
-1.225262165069580078e+00,8.103839159011840820e-01
-1.225262165069580078e+00,3.814679086208343506e-01
-1.225262165069580078e+00,-1.205422282218933105e-01
-1.044382810592651367e+00,1.780592054128646851e-01
-8.782988190650939941e-01,2.495939433574676514e-01
-6.744191050529479980e-01,1.137354895472526550e-01
-4.924016594886779785e-01,1.367973834276199341e-01
-2.842474579811096191e-01,-8.079029619693756104e-03
-1.490444988012313843e-01,-1.003243997693061829e-01
-1.490444988012313843e-01,-1.864947825670242310e-01
-1.490444988012313843e-01,-3.026459813117980957e-01
-1.561510413885116577e-01,-6.449466943740844727e-01
-2.484103739261627197e-01,-3.245028257369995117e-01
-4.351986348628997803e-01,-3.006351590156555176e-01
-6.124982237815856934e-01,1.552933603525161743e-01
-8.000937700271606445e-01,4.677271842956542969e-01
-8.637284040451049805e-01,3.380026519298553467e-01
-9.187147617340087891e-01,3.889813721179962158e-01
-9.187147617340087891e-01,1.171867921948432922e-01
-9.187147617340087891e-01,-2.874074876308441162e-02
-5.895773172378540039e-01,5.684715509414672852e-01
-5.895773172378540039e-01,4.296210408210754395e-01
-5.895773172378540039e-01,4.622491896152496338e-01
-6.210604906082153320e-01,8.060327172279357910e-01
-7.088401913642883301e-01,4.270134866237640381e-01
-7.328396439552307129e-01,1.325906068086624146e-01
-7.381596565246582031e-01,-7.827273011207580566e-02
-7.381596565246582031e-01,-1.863611936569213867e-01
-7.939400672912597656e-01,-2.847045958042144775e-01
-8.616110086441040039e-01,3.144254535436630249e-02
-8.616110086441040039e-01,3.691727221012115479e-01
-8.616110086441040039e-01,5.664784908294677734e-01
-7.708338499069213867e-01,3.998574912548065186e-01
-6.639975309371948242e-01,-8.994592726230621338e-02
-4.291375577449798584e-01,-2.039449065923690796e-01
-3.129184544086456299e-01,-3.233621120452880859e-01
-2.058240622282028198e-01,-2.820179462432861328e-01
-1.625032573938369751e-01,-3.962654769420623779e-01
-1.509964913129806519e-01,-6.449466943740844727e-01
-1.509964913129806519e-01,-6.449466943740844727e-01
-1.509964913129806519e-01,-6.449466943740844727e-01
-2.547692060470581055e-01,-6.449466943740844727e-01
-2.698490917682647705e-01,-6.449466943740844727e-01
-3.433892428874969482e-01,-6.449466943740844727e-01
-3.433892428874969482e-01,-6.449466943740844727e-01
-3.433892428874969482e-01,-3.747796118259429932e-01
-2.923068404197692871e-01,-3.428632915019989014e-01
-2.048844546079635620e-01,-1.590849310159683228e-01
-1.159203425049781799e-01,-1.337258964776992798e-01
1.371780689805746078e-02,-2.623694241046905518e-01
8.184532821178436279e-02,-3.086134195327758789e-01
2.189142554998397827e-01,-3.404571115970611572e-01
2.988529205322265625e-01,-4.445823431015014648e-01
3.777130544185638428e-01,-2.078069597482681274e-01
5.309337973594665527e-01,1.307776719331741333e-01
5.309337973594665527e-01,3.010070919990539551e-01
5.309337973594665527e-01,3.125098049640655518e-01
5.074703097343444824e-01,-7.005912065505981445e-02
4.126766920089721680e-01,2.581448554992675781e-01
2.674425244331359863e-01,3.021021187305450439e-01
7.326983660459518433e-02,4.598985016345977783e-01
-9.573882073163986206e-02,5.314197540283203125e-01
-2.663421630859375000e-01,6.765854954719543457e-01
-3.052164018154144287e-01,5.076258778572082520e-01
-3.331463038921356201e-01,4.650785028934478760e-01
-3.332190811634063721e-01,4.766180217266082764e-01
-3.332190811634063721e-01,1.524173915386199951e-01
-4.680316448211669922e-01,3.516318500041961670e-01
-5.283446311950683594e-01,2.292397618293762207e-01
-7.035400867462158203e-01,2.401538342237472534e-01
-7.983534932136535645e-01,2.422878444194793701e-01
-8.410589098930358887e-01,1.442330330610275269e-01
-8.476824164390563965e-01,5.358287096023559570e-01
-9.580456018447875977e-01,3.931725025177001953e-01
-1.137528777122497559e+00,7.829877734184265137e-01
-1.475360870361328125e+00,3.365288972854614258e-01
-1.475360870361328125e+00,2.843015082180500031e-02
-1.475360870361328125e+00,4.654473960399627686e-01
-6.826637983322143555e-01,6.512635946273803711e-01
3.508352339267730713e-01,9.002580642700195312e-01
1.327971577644348145e+00,1.098149061203002930e+00
2.006580114364624023e+00,1.605404853820800781e+00
2.341249227523803711e+00,1.658991456031799316e+00
2.515088319778442383e+00,1.646617412567138672e+00
2.606560230255126953e+00,1.684930086135864258e+00
2.729323387145996094e+00,1.712236166000366211e+00
2.729323387145996094e+00,1.763827800750732422e+00
2.729323387145996094e+00,1.466154575347900391e+00
2.376186609268188477e+00,1.537438154220581055e+00
1.785966396331787109e+00,1.657500982284545898e+00
9.423655271530151367e-01,1.658279418945312500e+00
4.879395291209220886e-02,1.559784412384033203e+00
-4.677140414714813232e-01,1.684119224548339844e+00
-4.858112335205078125e-01,1.853004693984985352e+00
-5.920586585998535156e-01,1.707481026649475098e+00
-5.920586585998535156e-01,1.725317358970642090e+00
-8.296183347702026367e-01,1.762178659439086914e+00
-1.028197884559631348e+00,1.556072115898132324e+00
-1.028197884559631348e+00,1.255193710327148438e+00
-1.028197884559631348e+00,5.583006143569946289e-01
-1.028197884559631348e+00,3.257488012313842773e-01
-1.028197884559631348e+00,-1.462394595146179199e-01
-1.048955082893371582e+00,3.558402881026268005e-02
-1.048955082893371582e+00,6.893385201692581177e-02
-1.048955082893371582e+00,8.793108165264129639e-03
-8.083847165107727051e-01,7.408716529607772827e-02
-4.545530378818511963e-01,-6.449466943740844727e-01
-8.134046196937561035e-02,-6.449466943740844727e-01
3.741399347782135010e-01,-6.449466943740844727e-01
6.130626797676086426e-01,-6.449466943740844727e-01
6.130626797676086426e-01,-6.449466943740844727e-01
6.130626797676086426e-01,-6.449466943740844727e-01
5.310859680175781250e-01,-3.470387160778045654e-01
3.781894743442535400e-01,-3.159679174423217773e-01
2.525016069412231445e-01,-2.929114401340484619e-01
8.548461645841598511e-02,-3.257061541080474854e-01
-2.240668237209320068e-01,-6.449466943740844727e-01
-4.823638200759887695e-01,-1.466394811868667603e-01
-8.221213817596435547e-01,1.994376927614212036e-01
-1.141505599021911621e+00,5.032703876495361328e-01
-1.452360510826110840e+00,6.416937112808227539e-01
-1.615188956260681152e+00,2.994738817214965820e-01
-1.615188956260681152e+00,-2.451967149972915649e-01
-1.615188956260681152e+00,-6.449466943740844727e-01
-1.506506562232971191e+00,-6.449466943740844727e-01
-1.490520119667053223e+00,-6.449466943740844727e-01
-1.358929991722106934e+00,-6.449466943740844727e-01
-1.224448323249816895e+00,-6.449466943740844727e-01
-1.165782928466796875e+00,-6.449466943740844727e-01
-1.110908985137939453e+00,-6.449466943740844727e-01
-9.973697662353515625e-01,-3.471970558166503906e-01
-9.679378271102905273e-01,-3.047082424163818359e-01
-8.627821803092956543e-01,-2.929135859012603760e-01
-7.281945943832397461e-01,-3.324710726737976074e-01
-4.893049597740173340e-01,-3.314086198806762695e-01
-1.448096930980682373e-01,-3.337665498256683350e-01
1.148702353239059448e-01,-2.786111533641815186e-01
3.486317992210388184e-01,-1.677533686161041260e-01
5.059285759925842285e-01,-4.216084480285644531e-01
5.195461511611938477e-01,-2.682453393936157227e-01
5.195461511611938477e-01,-1.752533167600631714e-01
5.195461511611938477e-01,-2.722075879573822021e-01
4.332221448421478271e-01,-1.689071953296661377e-01
3.852827548980712891e-01,-1.823256462812423706e-01
2.208000570535659790e-01,-2.199888974428176880e-01
2.245872095227241516e-02,-6.449466943740844727e-01
-1.597109287977218628e-01,-6.449466943740844727e-01
-2.460680007934570312e-01,-6.449466943740844727e-01
-3.650860488414764404e-01,-6.449466943740844727e-01
-3.703133761882781982e-01,-3.792945742607116699e-01
-5.120935440063476562e-01,-3.505768775939941406e-01
-5.405527949333190918e-01,-3.341411054134368896e-01
-5.427694320678710938e-01,-1.677322536706924438e-01
-6.367359161376953125e-01,-3.485529124736785889e-01
-6.367359161376953125e-01,-2.493587285280227661e-01
-6.367359161376953125e-01,-2.222741991281509399e-01
-5.871489644050598145e-01,-4.280790388584136963e-01
-4.841106832027435303e-01,-4.265946447849273682e-01
-4.290978610515594482e-01,-4.049376845359802246e-01
-3.809070289134979248e-01,-3.900347054004669189e-01
-3.276542723178863525e-01,-6.449466943740844727e-01
-2.319607883691787720e-01,-6.449466943740844727e-01
-1.690539866685867310e-01,-3.892339468002319336e-01
-1.359033584594726562e-01,-3.290279507637023926e-01
-5.911432579159736633e-02,-3.253993391990661621e-01
-9.580270387232303619e-03,-2.247203439474105835e-01
-5.021231714636087418e-03,-3.668822050094604492e-01
4.847634211182594299e-02,-3.661220073699951172e-01
4.847634211182594299e-02,-3.572882413864135742e-01
4.847634211182594299e-02,-6.449466943740844727e-01
3.232450783252716064e-02,-3.202286958694458008e-01
-4.253239184617996216e-02,-1.992728561162948608e-01
-1.243634968996047974e-01,-1.724044531583786011e-01
-2.714570164680480957e-01,-1.702402383089065552e-01
-4.216670691967010498e-01,-3.669747710227966309e-01
-5.765023827552795410e-01,-2.940095365047454834e-01
-8.239873647689819336e-01,-3.008218407630920410e-01
-1.068865299224853516e+00,-2.554157078266143799e-01
-1.275160193443298340e+00,-2.422054857015609741e-01
-1.528448104858398438e+00,-3.230068087577819824e-01
-1.698277354240417480e+00,-2.823971509933471680e-01
-1.873353719711303711e+00,-2.368561625480651855e-01
-1.873353719711303711e+00,-2.184771448373794556e-01
-1.879269123077392578e+00,-6.449466943740844727e-01
-1.907893896102905273e+00,-6.449466943740844727e-01
-1.879269123077392578e+00,-1.015945672988891602e+00
-1.869760632514953613e+00,-6.622173786163330078e-01
-1.869760632514953613e+00,-3.581781387329101562e-01
-1.475175619125366211e+00,-9.076394140720367432e-03
-9.219306111335754395e-01,3.835525214672088623e-01
-8.205994963645935059e-01,3.425869643688201904e-01
-8.205994963645935059e-01,5.066275000572204590e-01
-8.205994963645935059e-01,2.270950824022293091e-01
-1.057960629463195801e+00,2.639864087104797363e-01
-1.063333630561828613e+00,8.223978430032730103e-02
-1.063333630561828613e+00,-2.867325544357299805e-01
-1.063333630561828613e+00,3.957166150212287903e-02
-9.156709909439086914e-01,-4.906334578990936279e-01
-6.770791411399841309e-01,-5.561180114746093750e-01
-3.894361853599548340e-01,-3.846061825752258301e-01
-5.484642833471298218e-02,-1.549224406480789185e-01
2.010486423969268799e-01,-1.451273858547210693e-01
3.946324288845062256e-01,-9.045705199241638184e-02
6.728065609931945801e-01,-2.166765183210372925e-01
7.360442280769348145e-01,-1.565699130296707153e-01
7.360442280769348145e-01,-1.572006940841674805e-01
7.360442280769348145e-01,-4.866278544068336487e-02
6.230673789978027344e-01,-8.682851493358612061e-02
4.112011492252349854e-01,-2.426590025424957275e-02
2.342257350683212280e-01,-1.513217091560363770e-01
1.369133964180946350e-02,-2.432134598493576050e-01
-1.683327406644821167e-01,1.316808015108108521e-01
-3.061295151710510254e-01,2.186244279146194458e-01
-3.580588996410369873e-01,2.676827907562255859e-01
-4.493322968482971191e-01,1.269624680280685425e-01
-4.493322968482971191e-01,-7.990816235542297363e-02
-4.493322968482971191e-01,1.364982128143310547e-01
-2.498330026865005493e-01,1.433493047952651978e-01
-2.661215141415596008e-02,3.005840480327606201e-01
8.347179973497986794e-04,4.462778270244598389e-01
1.401556748896837234e-02,4.668762385845184326e-01
1.401556748896837234e-02,4.480166137218475342e-01
1.401556748896837234e-02,-1.934414543211460114e-02
-2.018053084611892700e-02,1.246889531612396240e-01
-1.188185438513755798e-01,5.477480888366699219e-01
-3.565370142459869385e-01,-4.799516499042510986e-02
-3.565370142459869385e-01,-3.085076212882995605e-01
-3.565370142459869385e-01,-1.669512689113616943e-01
-2.672420442104339600e-01,2.040541768074035645e-01
3.727834522724151611e-01,8.375082015991210938e-01
3.727834522724151611e-01,1.326325416564941406e+00
3.727834522724151611e-01,1.215625643730163574e+00
1.818265616893768311e-01,9.198012351989746094e-01
1.674811393022537231e-01,6.260843276977539062e-01
1.039192825555801392e-01,5.773136615753173828e-01
-4.616506770253181458e-02,4.064734876155853271e-01
-5.698368698358535767e-02,5.107415914535522461e-01
-5.698368698358535767e-02,6.787222623825073242e-01
-5.698368698358535767e-02,1.095452427864074707e+00
7.168839871883392334e-02,9.703686833381652832e-01
3.527342677116394043e-01,7.281779050827026367e-01
6.193487048149108887e-01,6.474610567092895508e-01
7.398952245712280273e-01,7.917353510856628418e-01
9.112066030502319336e-01,5.691420435905456543e-01
1.117362499237060547e+00,9.156587719917297363e-01
1.272621273994445801e+00,5.082004666328430176e-01
1.400803685188293457e+00,2.662195861339569092e-01
1.534087777137756348e+00,2.274925261735916138e-01
1.534087777137756348e+00,2.063154131174087524e-01
1.534087777137756348e+00,2.056628316640853882e-01
1.293173313140869141e+00,1.808772832155227661e-01
9.618589282035827637e-01,2.393193393945693970e-01
6.666859388351440430e-01,5.082938820123672485e-02
3.276827335357666016e-01,1.344231814146041870e-01
8.134244382381439209e-02,1.399123668670654297e-01
-2.590834200382232666e-01,2.589849568903446198e-02
-5.923365950584411621e-01,1.505375206470489502e-01
-8.562777638435363770e-01,2.879840135574340820e-01
-1.278018593788146973e+00,2.194810956716537476e-01
-1.614064097404479980e+00,2.344776242971420288e-01
-1.678254604339599609e+00,1.543414220213890076e-02
-1.678254604339599609e+00,-1.801355183124542236e-01
-1.678254604339599609e+00,-3.054389953613281250e-01
-1.054222106933593750e+00,3.981456160545349121e-02
-5.367149710655212402e-01,3.399809002876281738e-01
-3.328859433531761169e-02,2.166103720664978027e-01
4.458273351192474365e-01,2.036826759576797485e-01
7.473392486572265625e-01,3.775678575038909912e-01
8.923153877258300781e-01,3.871922791004180908e-01
8.923153877258300781e-01,7.888327836990356445e-01
8.923153877258300781e-01,8.103166818618774414e-01
8.390163183212280273e-01,5.646339654922485352e-01
8.353703618049621582e-01,8.297852873802185059e-01
7.928171753883361816e-01,7.407129406929016113e-01
7.928171753883361816e-01,8.283802270889282227e-01
5.831609368324279785e-01,6.122457981109619141e-01
4.081441164016723633e-01,5.599067211151123047e-01
1.685795485973358154e-01,-1.417621523141860962e-01
-6.997264176607131958e-02,-1.834019124507904053e-01
-1.091446429491043091e-01,-3.955912217497825623e-02
-1.707346737384796143e-01,-3.140402138233184814e-01
-1.756510287523269653e-01,-1.426919549703598022e-01
-1.800578832626342773e-01,-1.808221489191055298e-01
-2.886741757392883301e-01,-3.284826502203941345e-02
-3.537049889564514160e-01,-1.845315098762512207e-01
-4.659274816513061523e-01,4.328450933098793030e-02
-4.659274816513061523e-01,2.187545448541641235e-01
-4.659274816513061523e-01,4.451661407947540283e-01
1.599842011928558350e-01,1.729877889156341553e-01
9.652335047721862793e-01,4.698458015918731689e-01
1.445646405220031738e+00,8.995974659919738770e-01
1.445646405220031738e+00,4.967465698719024658e-01
1.445646405220031738e+00,7.396436929702758789e-01
1.291843295097351074e+00,5.101473331451416016e-01
9.236066341400146484e-01,1.568851172924041748e-01
6.797543168067932129e-01,-2.119467854499816895e-01
5.698609948158264160e-01,1.564702540636062622e-01
5.337592363357543945e-01,5.281190872192382812e-01
5.197314023971557617e-01,4.053905904293060303e-01
3.943545222282409668e-01,1.779253035783767700e-01
1.044023111462593079e-01,1.688610315322875977e-01
-2.079480737447738647e-01,9.890791773796081543e-02
-2.139760702848434448e-01,-2.733053565025329590e-01
-2.139760702848434448e-01,9.984527528285980225e-02
-2.139760702848434448e-01,2.119120210409164429e-01
-1.746584922075271606e-01,1.272030323743820190e-01
-1.746584922075271606e-01,1.894678026437759399e-01
-1.746584922075271606e-01,2.506022453308105469e-01
-2.935838997364044189e-01,4.061844572424888611e-02
-5.155276656150817871e-01,-2.203489840030670166e-02
-6.106587648391723633e-01,-1.730292588472366333e-01
-8.879263997077941895e-01,-3.579870462417602539e-01
-1.044217348098754883e+00,-2.270036190748214722e-02
-1.103769421577453613e+00,-1.455814242362976074e-01
-1.103769421577453613e+00,-1.019620150327682495e-01
-1.103769421577453613e+00,-4.221652820706367493e-02
-9.315317273139953613e-01,-2.223568856716156006e-01
-6.100831031799316406e-01,-7.166640460491180420e-02
-3.268139362335205078e-01,8.156590163707733154e-02
-3.268139362335205078e-01,3.098780103027820587e-02
-3.268139362335205078e-01,1.731349527835845947e-01
-3.554915487766265869e-01,3.094114959239959717e-01
-5.648368000984191895e-01,-3.896343335509300232e-02
-7.102363705635070801e-01,1.905826181173324585e-01
-7.304840683937072754e-01,2.103975862264633179e-01
-7.461065053939819336e-01,1.896071992814540863e-02
-8.456907868385314941e-01,5.035002231597900391e-01
-9.955766201019287109e-01,3.638133704662322998e-01
-1.085784673690795898e+00,-6.033933162689208984e-01
-1.264447450637817383e+00,-8.087587356567382812e-01
-1.390710949897766113e+00,-9.873857498168945312e-01
-1.390710949897766113e+00,-1.102980256080627441e+00
-1.390710949897766113e+00,-5.892688035964965820e-01
-1.351479411125183105e+00,1.272285133600234985e-01
-1.308257818222045898e+00,1.784129291772842407e-01
-1.300760865211486816e+00,2.347528785467147827e-01
-1.185051321983337402e+00,2.499497383832931519e-01
-1.121787190437316895e+00,-6.973630785942077637e-01
-1.031135797500610352e+00,-3.802984058856964111e-01
-8.943712115287780762e-01,-5.164292454719543457e-01
-7.709000110626220703e-01,-8.378986120223999023e-01
-7.683657407760620117e-01,-1.435339003801345825e-01
-6.417846083641052246e-01,-1.334839314222335815e-01
-5.651146769523620605e-01,-1.619440466165542603e-01
-5.263992547988891602e-01,-3.214338421821594238e-01
-4.369785785675048828e-01,-2.138195335865020752e-01
-3.383207023143768311e-01,-2.110385000705718994e-01
-2.812764644622802734e-01,-2.447625994682312012e-02
-1.591683477163314819e-01,-1.198938637971878052e-01
-1.052737608551979065e-01,-4.256637766957283020e-02
-6.138391792774200439e-02,-1.425167769193649292e-01
-6.105307489633560181e-02,-3.648282587528228760e-01
-2.534170821309089661e-02,-3.109081685543060303e-01
5.400373600423336029e-03,-3.505015671253204346e-01
2.789119072258472443e-02,-3.067208230495452881e-01
5.494104325771331787e-02,-2.079553157091140747e-01
2.789119072258472443e-02,-1.145461127161979675e-01
2.789119072258472443e-02,-1.449266523122787476e-01
2.789119072258472443e-02,-1.338305026292800903e-01
-6.523265969008207321e-03,-2.563487589359283447e-01
-9.944199584424495697e-03,-2.673075199127197266e-01
-6.523265969008207321e-03,-3.575516045093536377e-01
-6.523265969008207321e-03,-3.477753698825836182e-01
-2.619299804791808128e-03,-1.645106077194213867e-01
3.745921701192855835e-02,-2.160035669803619385e-01
5.721063911914825439e-02,-1.891754418611526489e-01
6.881005316972732544e-02,-1.395925581455230713e-01
9.530408680438995361e-02,-2.610474526882171631e-01
1.481796652078628540e-01,-3.181734383106231689e-01
1.481796652078628540e-01,-4.582764804363250732e-01
1.481796652078628540e-01,-4.918438494205474854e-01
1.603349000215530396e-01,-4.954251646995544434e-01
1.683413386344909668e-01,-8.703655004501342773e-02
1.603349000215530396e-01,-1.852060407400131226e-01
1.603349000215530396e-01,-1.062820777297019958e-01
1.526593118906021118e-01,-2.481749057769775391e-01
1.423171013593673706e-01,4.462447017431259155e-03
1.366464346647262573e-01,-1.617296189069747925e-01
1.423171013593673706e-01,-1.055468916893005371e-01
1.184168905019760132e-01,-1.856289356946945190e-01
1.184168905019760132e-01,-1.407143175601959229e-01
1.498603671789169312e-01,-1.535816341638565063e-01
1.776314526796340942e-01,-1.994781047105789185e-01
1.913350373506546021e-01,-1.595662906765937805e-02
2.071428000926971436e-01,1.172564029693603516e-01
2.179878801107406616e-01,3.722339496016502380e-02
3.057807981967926025e-01,-2.718114852905273438e-01
3.493067324161529541e-01,-2.202117592096328735e-01
3.700837790966033936e-01,-3.847188055515289307e-01
3.725187778472900391e-01,-8.803526163101196289e-01
3.776270151138305664e-01,3.836441412568092346e-02
3.776270151138305664e-01,-4.911980777978897095e-02
3.776270151138305664e-01,-1.805955469608306885e-01
3.569492399692535400e-01,-1.324821561574935913e-01
3.296280801296234131e-01,5.882567912340164185e-02
3.193785250186920166e-01,1.128648370504379272e-01
2.464140504598617554e-01,8.625932037830352783e-03
2.424637675285339355e-01,-1.185108125209808350e-01
2.957849763333797455e-02,-5.883589386940002441e-01
-2.141788974404335022e-02,-2.895153760910034180e-01
-1.764649003744125366e-01,-4.671485126018524170e-01
-3.232805132865905762e-01,-3.827069699764251709e-01
-4.274899363517761230e-01,-3.676294386386871338e-01
-6.029103994369506836e-01,-3.583833277225494385e-01
-6.815785765647888184e-01,-3.676812052726745605e-01
-8.508850336074829102e-01,-6.449466943740844727e-01
-1.074595570564270020e+00,-3.354915380477905273e-01
-1.296115875244140625e+00,5.271208286285400391e-01
-1.586200356483459473e+00,7.827128171920776367e-01
-1.601458907127380371e+00,8.044877052307128906e-01
-1.601458907127380371e+00,3.306902647018432617e-01
-1.601458907127380371e+00,2.738138735294342041e-01
-1.424490213394165039e+00,-9.763073921203613281e-02
-1.013084888458251953e+00,3.065803945064544678e-01
-4.117681980133056641e-01,5.309714078903198242e-01
-3.325551003217697144e-02,7.347210645675659180e-01
-3.325551003217697144e-02,3.970012366771697998e-01
-3.325551003217697144e-02,6.378121376037597656e-01
-6.236983463168144226e-02,5.478842258453369141e-01
-6.236983463168144226e-02,2.687332332134246826e-01
-1.234900653362274170e-01,1.847679466009140015e-01
-1.391787230968475342e-01,2.173961997032165527e-01
-2.651908099651336670e-01,2.378554046154022217e-01
-2.651908099651336670e-01,-9.059509634971618652e-02
-2.651908099651336670e-01,2.187940329313278198e-01
-2.334231138229370117e-01,1.951828598976135254e-02
-2.334231138229370117e-01,6.341505050659179688e-01
-2.334231138229370117e-01,5.751455426216125488e-01
-5.433450937271118164e-01,5.168520808219909668e-01
-5.433450937271118164e-01,1.589078158140182495e-01
-5.433450937271118164e-01,-4.402439296245574951e-02
-2.875823676586151123e-01,1.840571165084838867e-01
-1.173297390341758728e-01,5.042025074362754822e-02
2.234335839748382568e-01,-5.174166336655616760e-02
7.900512814521789551e-01,3.423056900501251221e-01
7.900512814521789551e-01,-1.478321105241775513e-01
8.519655466079711914e-01,2.042313516139984131e-01
8.519655466079711914e-01,2.431656569242477417e-01
8.519655466079711914e-01,3.013015026226639748e-03
8.519655466079711914e-01,4.448271095752716064e-01
8.519655466079711914e-01,7.197029143571853638e-02
6.362283825874328613e-01,-6.141948327422142029e-02
6.020323038101196289e-01,1.781141012907028198e-01
5.444058179855346680e-01,2.041351944208145142e-01
3.142107427120208740e-01,2.099284380674362183e-01
-3.225636109709739685e-02,3.808741271495819092e-01
-5.920785069465637207e-01,2.068761438131332397e-01
-5.920785069465637207e-01,1.394424885511398315e-01
-5.920785069465637207e-01,4.907957017421722412e-01
-4.972055256366729736e-01,3.386684358119964600e-01
-3.021593987941741943e-01,4.792292118072509766e-01
-2.728045731782913208e-02,3.532061576843261719e-01
4.046173393726348877e-01,5.616451501846313477e-01
5.390394926071166992e-01,5.310571193695068359e-01
5.813412666320800781e-01,6.713811159133911133e-01
5.813412666320800781e-01,7.771244645118713379e-01
6.257538795471191406e-01,1.132094025611877441e+00
6.407874226570129395e-01,8.438313603401184082e-01
7.477759718894958496e-01,9.223871231079101562e-01
9.141709804534912109e-01,5.902374982833862305e-01
9.141709804534912109e-01,6.728478074073791504e-01
9.141709804534912109e-01,2.766795754432678223e-01
7.840629816055297852e-01,2.207410484552383423e-01
7.479281425476074219e-01,7.749143987894058228e-02
7.121969461441040039e-01,6.063746288418769836e-02
6.555761694908142090e-01,-6.983900815248489380e-02
5.603525042533874512e-01,-4.892576336860656738e-01
5.453387498855590820e-01,-2.273119091987609863e-01
4.114260971546173096e-01,-6.544107794761657715e-01
3.711821734905242920e-01,-1.771882891654968262e+00
2.594811376184225082e-03,-2.003437727689743042e-01
-2.294066548347473145e-01,5.792071223258972168e-01
-5.397521257400512695e-01,6.746962666511535645e-01
-5.583323836326599121e-01,4.264279305934906006e-01
-5.583323836326599121e-01,7.851289510726928711e-01
-5.583323836326599121e-01,5.569282770156860352e-01
-4.817749261856079102e-01,5.056250095367431641e-01
1.541878134012222290e-01,5.805859565734863281e-01
8.159961104393005371e-01,4.844215214252471924e-01
1.306149005889892578e+00,5.005429387092590332e-01
1.591052532196044922e+00,3.103345632553100586e-01
1.938942313194274902e+00,5.615702271461486816e-01
2.294130325317382812e+00,6.360216140747070312e-01
2.621289491653442383e+00,4.424615800380706787e-01
3.100431919097900391e+00,1.053486585617065430e+00
3.249755144119262695e+00,1.505154728889465332e+00
3.249755144119262695e+00,1.108788967132568359e+00
3.249755144119262695e+00,9.542722702026367188e-01
3.198169946670532227e+00,5.667244195938110352e-01
2.583096742630004883e+00,4.193162322044372559e-01
2.095286130905151367e+00,4.125570952892303467e-01
1.824556112289428711e+00,3.489531278610229492e-01
1.568144917488098145e+00,6.475161910057067871e-01
1.198882579803466797e+00,3.969009220600128174e-01
9.291979074478149414e-01,8.975008875131607056e-02
7.855650186538696289e-01,2.600673735141754150e-01
6.187531948089599609e-01,3.309677541255950928e-01
4.519413411617279053e-01,7.591725587844848633e-01
-3.308189630508422852e+00,-6.022335290908813477e-01
-3.304813146591186523e+00,-1.535532325506210327e-01
-3.301436424255371094e+00,-1.480853110551834106e-01
-3.301436424255371094e+00,-2.410436421632766724e-01
-3.146863698959350586e+00,-4.171101152896881104e-01
-3.123000621795654297e+00,-2.819100916385650635e-01
-3.113218545913696289e+00,-3.622749745845794678e-01
-3.105507850646972656e+00,-1.765778541564941406e+00
-3.113218545913696289e+00,-1.707123041152954102e+00
-3.123000621795654297e+00,-1.903199195861816406e+00
-3.251472949981689453e+00,-1.943487286567687988e+00
-3.251472949981689453e+00,-6.449466943740844727e-01
-3.286927223205566406e+00,-1.125984191894531250e+00
-3.251472949981689453e+00,-1.209835529327392578e+00
-3.251472949981689453e+00,-1.436527013778686523e+00
-3.188179016113281250e+00,-9.890141487121582031e-01
-3.125953912734985352e+00,2.418521791696548462e-01
-2.619921684265136719e+00,1.828706413507461548e-01
-2.619921684265136719e+00,-4.255778789520263672e-01
-2.619921684265136719e+00,-4.785003364086151123e-01
-2.812237024307250977e+00,-5.569605827331542969e-01
-3.305417776107788086e+00,-9.611638784408569336e-01
-3.348472118377685547e+00,-1.254814028739929199e+00
-3.348472118377685547e+00,-1.322547674179077148e+00
-3.348472118377685547e+00,-1.709998369216918945e+00
-3.348472118377685547e+00,-1.377980470657348633e+00
-3.293640136718750000e+00,-3.118256330490112305e-01
-3.169980764389038086e+00,-6.449466943740844727e-01
-3.169980764389038086e+00,-6.449466943740844727e-01
-3.169980764389038086e+00,-3.614208996295928955e-01
-2.762117147445678711e+00,-3.044164478778839111e-01
-2.316324710845947266e+00,-2.830742895603179932e-01
-2.243077516555786133e+00,-2.651279866695404053e-01
-2.066833972930908203e+00,-6.449466943740844727e-01
-2.027383089065551758e+00,-6.449466943740844727e-01
-2.027383089065551758e+00,-5.318242311477661133e-01
-2.027383089065551758e+00,-5.303969979286193848e-01
-2.027383089065551758e+00,-3.083317875862121582e-01
-2.001151323318481445e+00,-3.186950087547302246e-01
-1.911303400993347168e+00,-7.469230890274047852e-01
-1.902831673622131348e+00,-1.727895498275756836e+00
-1.822473526000976562e+00,-1.693290233612060547e+00
-1.460708141326904297e+00,-1.187214136123657227e+00
-1.151804208755493164e+00,-5.327479839324951172e-01
-8.151919245719909668e-01,-1.417990624904632568e-01
-6.852128505706787109e-01,-6.492742300033569336e-01
-6.166526079177856445e-01,-1.582309961318969727e+00
-6.047790646553039551e-01,-1.687543153762817383e+00
-6.047790646553039551e-01,-1.746329665184020996e+00
-6.166526079177856445e-01,-8.486033231019973755e-02
-6.234763860702514648e-01,-1.369883865118026733e-01
-7.485166192054748535e-01,-1.127941310405731201e-01
-9.126347303390502930e-01,-7.060870528221130371e-03
-9.703292846679687500e-01,-4.852190017700195312e-01
-1.365830540657043457e+00,-8.811911344528198242e-01
-1.422980785369873047e+00,-5.808201432228088379e-01
-1.721880912780761719e+00,2.117793709039688110e-01
-1.820780158042907715e+00,1.199946105480194092e-01
-2.323496103286743164e+00,1.019506901502609253e-02
-2.735174894332885742e+00,-1.241367459297180176e+00
-2.735174894332885742e+00,-2.636596858501434326e-01
-2.735174894332885742e+00,-2.876860201358795166e-01
-2.494886636734008789e+00,-6.449466943740844727e-01
-2.423877000808715820e+00,-6.449466943740844727e-01
-2.307636260986328125e+00,-6.449466943740844727e-01
-2.134119033813476562e+00,-6.449466943740844727e-01
-1.955577254295349121e+00,-6.449466943740844727e-01
-1.924703955650329590e+00,-6.449466943740844727e-01
-1.829136013984680176e+00,-6.449466943740844727e-01
-1.710148453712463379e+00,-6.449466943740844727e-01
-1.675233364105224609e+00,-6.449466943740844727e-01
-1.675233364105224609e+00,-6.449466943740844727e-01
-1.710148453712463379e+00,-3.248607218265533447e-01
-1.741661787033081055e+00,-2.577648758888244629e-01
-1.857847213745117188e+00,-2.610474526882171631e-01
-2.011250972747802734e+00,-3.296177685260772705e-01
-2.100932598114013672e+00,-6.449466943740844727e-01
-2.328520774841308594e+00,-6.449466943740844727e-01
-2.423383235931396484e+00,-4.818803071975708008e-01
-2.616978645324707031e+00,-5.369572639465332031e-01
-2.633231639862060547e+00,-5.008421540260314941e-01
-2.675217390060424805e+00,-6.150202751159667969e-01
-2.685145616531372070e+00,-6.449466943740844727e-01
-2.685145616531372070e+00,-6.449466943740844727e-01
-2.675217390060424805e+00,-3.361951410770416260e-01
-2.603129386901855469e+00,-2.673339843750000000e-01
-2.603129386901855469e+00,-1.580712646245956421e-01
-2.603129386901855469e+00,-1.823656111955642700e-01
-2.640493869781494141e+00,-2.885277867317199707e-01
-2.716285943984985352e+00,-2.551541626453399658e-01
-2.723205566406250000e+00,-2.296700328588485718e-01
-2.723205566406250000e+00,-1.874018013477325439e-01
-2.723205566406250000e+00,-2.469741851091384888e-01
-2.489121198654174805e+00,-3.253181874752044678e-01
-2.278249740600585938e+00,-6.449466943740844727e-01
-2.051200628280639648e+00,-6.449466943740844727e-01
-1.800742268562316895e+00,-5.111761093139648438e-01
-1.574580311775207520e+00,-4.860473573207855225e-01
-1.283270001411437988e+00,-7.596923112869262695e-01
-1.083163380622863770e+00,-5.534520149230957031e-01
-7.668309211730957031e-01,-2.573256194591522217e-01
-6.226649880409240723e-01,8.163738250732421875e-01
-6.226649880409240723e-01,1.351472735404968262e+00
-6.226649880409240723e-01,1.101444602012634277e+00
-6.628617048263549805e-01,5.531144738197326660e-01
-7.569329142570495605e-01,4.178060218691825867e-03
-8.859544992446899414e-01,-5.986385345458984375e-01
-9.870662093162536621e-01,-6.308823823928833008e-01
-9.870662093162536621e-01,-5.862765312194824219e-01
-9.870662093162536621e-01,-6.557986140251159668e-01
-9.798594117164611816e-01,-3.921216428279876709e-01
-9.798594117164611816e-01,-3.815180659294128418e-01
-9.798594117164611816e-01,-8.139835596084594727e-01
-9.798594117164611816e-01,-5.516577959060668945e-01
-9.798594117164611816e-01,-1.698326468467712402e-01
-7.714422345161437988e-01,3.677543103694915771e-01
-3.302308619022369385e-01,1.148945927619934082e+00
3.214387595653533936e-01,1.043608188629150391e+00
9.090284705162048340e-01,8.601993322372436523e-01
1.303360462188720703e+00,5.988049507141113281e-01
1.740857601165771484e+00,1.138181805610656738e+00
2.111074686050415039e+00,1.256091713905334473e+00
2.335770130157470703e+00,1.416622757911682129e+00
2.335770130157470703e+00,1.479450106620788574e+00
2.335770130157470703e+00,1.611408948898315430e+00
2.304110527038574219e+00,1.553623676300048828e+00
1.997534990310668945e+00,1.648682594299316406e+00
1.683450341224670410e+00,1.518724441528320312e+00
1.195188164710998535e+00,1.264891624450683594e+00
7.969806194305419922e-01,1.251731753349304199e+00
6.523510813713073730e-01,1.521735310554504395e+00
4.511709511280059814e-01,1.662192106246948242e+00
2.128985524177551270e-01,1.566989660263061523e+00
2.128985524177551270e-01,1.501474261283874512e+00
2.128985524177551270e-01,1.318589568138122559e+00
4.525165557861328125e-01,5.842345952987670898e-01
6.162062883377075195e-01,-2.971314191818237305e-01
6.208478808403015137e-01,-4.830369353294372559e-01
6.208478808403015137e-01,-1.773309707641601562e-02
6.162062883377075195e-01,4.036196768283843994e-01
5.967530012130737305e-01,2.696481943130493164e-01
5.967530012130737305e-01,-1.352707892656326294e-01
5.967530012130737305e-01,1.816591471433639526e-01
7.231135964393615723e-01,1.327584236860275269e-01
8.669015765190124512e-01,1.257016211748123169e-01
1.049157619476318359e+00,4.153902530670166016e-01
1.182276487350463867e+00,4.083760678768157959e-01
1.198212027549743652e+00,-2.570557892322540283e-01
1.207318782806396484e+00,-4.258014857769012451e-01
1.234734773635864258e+00,-3.041604459285736084e-01
1.234734773635864258e+00,-3.037275373935699463e-01
1.234734773635864258e+00,-2.132891416549682617e-01
1.182820677757263184e+00,-2.528601586818695068e-01
1.095971465110778809e+00,4.536048471927642822e-01
9.235680103302001953e-01,3.364274799823760986e-01
7.261978983879089355e-01,5.964744687080383301e-01
5.412607789039611816e-01,8.922364711761474609e-01
1.925381273031234741e-01,1.025033950805664062e+00
-5.333918333053588867e-02,9.712496995925903320e-01
-2.043641358613967896e-01,6.181779503822326660e-01
-2.722389400005340576e-01,2.904950082302093506e-01
-3.026182949542999268e-01,-2.472404157742857933e-03
-3.026182949542999268e-01,-6.449466943740844727e-01
-3.026182949542999268e-01,-6.449466943740844727e-01
-2.338615506887435913e-01,-4.820217192173004150e-01
-1.082266494631767273e-01,-5.739430189132690430e-01
-1.360107958316802979e-02,-7.464895844459533691e-01
8.940048515796661377e-02,-3.266355693340301514e-01
2.523896992206573486e-01,-4.086790978908538818e-01
2.852536439895629883e-01,2.517677843570709229e-01
2.852536439895629883e-01,3.731044232845306396e-01
2.852536439895629883e-01,1.399263441562652588e-01
1.041164398193359375e-01,4.032339751720428467e-01
-1.454751342535018921e-01,1.932967454195022583e-02
-3.998090922832489014e-01,-2.443652302026748657e-01
-4.945505559444427490e-01,5.670016258955001831e-02
-5.998149514198303223e-01,-3.087026774883270264e-01
-6.105898618698120117e-01,-2.233546227216720581e-01
-6.105898618698120117e-01,-2.206399291753768921e-01
-5.998149514198303223e-01,-6.449466943740844727e-01
-4.828634858131408691e-01,-3.528570830821990967e-01
-4.413413107395172119e-01,-2.972913384437561035e-01
-3.044275641441345215e-01,-4.027917683124542236e-01
-7.749450951814651489e-02,-3.706640899181365967e-01
9.148165583610534668e-03,-6.449466943740844727e-01
1.191902086138725281e-01,-4.726370275020599365e-01
2.018918246030807495e-01,-6.933077573776245117e-01
2.454853057861328125e-01,-4.225331246852874756e-01
2.454853057861328125e-01,-2.826942801475524902e-01
2.454853057861328125e-01,-3.132766187191009521e-01
1.445651352405548096e-01,-2.809735238552093506e-01
4.012221470475196838e-02,-3.265912830829620361e-01
-1.298974007368087769e-01,-3.153582215309143066e-01
-2.024591267108917236e-01,-6.449466943740844727e-01
-2.024591267108917236e-01,-6.449466943740844727e-01
-2.222651839256286621e-01,-4.183065593242645264e-01
-2.247144728899002075e-01,-3.755420148372650146e-01
-2.247144728899002075e-01,-3.350403308868408203e-01
-2.016880512237548828e-01,-3.199082016944885254e-01
-1.886251270771026611e-01,-6.449466943740844727e-01
-1.413274556398391724e-01,-6.449466943740844727e-01
-1.154687106609344482e-01,-6.449466943740844727e-01
-6.469868868589401245e-02,-6.449466943740844727e-01
-4.055871628224849701e-03,-6.449466943740844727e-01
-2.463323762640357018e-03,-3.633368909358978271e-01
4.475370794534683228e-02,-2.719201743602752686e-01
5.504983291029930115e-02,-1.117843315005302429e-01
5.757976695895195007e-02,-9.555682539939880371e-02
6.518469005823135376e-02,-1.802852302789688110e-01
6.518469005823135376e-02,-1.907133460044860840e-01
6.589024513959884644e-02,-2.038896679878234863e-01
6.589024513959884644e-02,-2.912154793739318848e-01
5.682884901762008667e-02,-2.759880125522613525e-01
5.156235396862030029e-02,-3.210335075855255127e-01
3.887236863374710083e-02,-6.449466943740844727e-01
3.092474676668643951e-02,-6.449466943740844727e-01
2.822346240282058716e-02,-3.832575976848602295e-01
4.738420248031616211e-03,-3.363216221332550049e-01
-4.766447097063064575e-02,-3.254032433032989502e-01
-8.502383530139923096e-02,-1.536565870046615601e-01
-1.069818437099456787e-01,-2.868783175945281982e-01
-1.443915963172912598e-01,-2.308249473571777344e-01
-1.770589947700500488e-01,-2.588634788990020752e-01
-3.040697276592254639e-01,-6.449466943740844727e-01
-4.384031593799591064e-01,-3.038783073425292969e-01
-4.391036927700042725e-01,-2.865912020206451416e-01
-5.944678187370300293e-01,-2.311961203813552856e-01
-6.727748513221740723e-01,-2.208580225706100464e-01
-7.795158624649047852e-01,-3.096542656421661377e-01
-8.447145819664001465e-01,-6.449466943740844727e-01
-9.723905324935913086e-01,-4.528370797634124756e-01
-1.078148841857910156e+00,-4.840850234031677246e-01
-1.078148841857910156e+00,-4.808301925659179688e-01
-1.078148841857910156e+00,-4.231150150299072266e-01
-8.628776669502258301e-01,-1.422305852174758911e-01
-5.732405781745910645e-01,-1.055401340126991272e-01
-2.870859205722808838e-01,1.395807713270187378e-01
-1.605438739061355591e-01,3.023062646389007568e-01
-1.605438739061355591e-01,-9.872180968523025513e-02
-1.605438739061355591e-01,-2.298832237720489502e-01
-2.314172983169555664e-01,-1.195498630404472351e-01
-3.356334269046783447e-01,-5.734726786613464355e-01
-3.356334269046783447e-01,-5.841563940048217773e-01
-3.356334269046783447e-01,-6.323991417884826660e-01
-6.372602283954620361e-02,2.654093205928802490e-01
2.070071250200271606e-01,4.961496889591217041e-01
5.579119920730590820e-01,8.385885357856750488e-01
1.091037511825561523e+00,1.025013685226440430e+00
1.383643031120300293e+00,1.695414543151855469e+00
1.383643031120300293e+00,7.600474357604980469e-01
1.383643031120300293e+00,1.060500979423522949e+00
1.359165191650390625e+00,1.224882364273071289e+00
1.163145661354064941e+00,1.113439559936523438e+00
8.331204056739807129e-01,1.223794460296630859e+00
3.946304321289062500e-01,9.383911490440368652e-01
-1.955093741416931152e-01,6.546846628189086914e-01
-5.531674027442932129e-01,5.032523870468139648e-01
-6.530695557594299316e-01,-2.961520850658416748e-01
-7.516764998435974121e-01,-1.054233685135841370e-01
-7.516764998435974121e-01,-3.118877708911895752e-01
-7.516764998435974121e-01,-2.727935016155242920e-01
-7.299503087997436523e-01,-4.259522259235382080e-01
-6.980842351913452148e-01,-6.449466943740844727e-01
-6.700130701065063477e-01,-6.449466943740844727e-01
-6.700130701065063477e-01,-6.449466943740844727e-01
-6.700130701065063477e-01,-6.449466943740844727e-01
-6.745437383651733398e-01,-3.512746989727020264e-01
-7.076143026351928711e-01,-3.791984915733337402e-01
-7.101997137069702148e-01,-3.377685844898223877e-01
-7.482847571372985840e-01,-3.193230926990509033e-01
-7.741636633872985840e-01,-6.449466943740844727e-01
-7.741636633872985840e-01,-6.449466943740844727e-01
-7.632577419281005859e-01,-6.449466943740844727e-01
-7.632577419281005859e-01,-6.449466943740844727e-01
-7.632577419281005859e-01,-6.449466943740844727e-01
-7.549270987510681152e-01,-6.449466943740844727e-01
-7.239732146263122559e-01,-6.449466943740844727e-01
-7.104063034057617188e-01,-6.449466943740844727e-01
-6.579731702804565430e-01,-3.202286958694458008e-01
-6.488765478134155273e-01,-2.944589853286743164e-01
-5.840809941291809082e-01,-2.591691911220550537e-01
-4.813868403434753418e-01,-3.019827902317047119e-01
-4.728344678878784180e-01,-6.449466943740844727e-01
-4.220039546489715576e-01,-6.449466943740844727e-01
-4.003785550594329834e-01,-6.449466943740844727e-01
-3.621826171875000000e-01,-6.449466943740844727e-01
-3.251508474349975586e-01,-3.174668252468109131e-01
-3.097898066043853760e-01,-3.030844330787658691e-01
-3.036010265350341797e-01,-2.515632212162017822e-01
-2.808265984058380127e-01,-2.683318555355072021e-01
-2.808265984058380127e-01,-6.449466943740844727e-01
-2.808265984058380127e-01,-6.449466943740844727e-01
-2.849490642547607422e-01,-3.165677189826965332e-01
-2.883559167385101318e-01,-2.134635001420974731e-01
-2.894797623157501221e-01,-1.987908631563186646e-01
-2.970846891403198242e-01,-2.520926892757415771e-01
-3.118460178375244141e-01,-3.734664022922515869e-01
-3.118460178375244141e-01,-5.443786978721618652e-01
-3.118460178375244141e-01,-6.449466943740844727e-01
-3.153939545154571533e-01,-3.870623111724853516e-01
-3.153939545154571533e-01,-2.962823212146759033e-01
-3.485754132270812988e-01,-2.879745662212371826e-01
-3.533681631088256836e-01,-2.664580345153808594e-01
-3.637499511241912842e-01,-2.775843739509582520e-01
-3.779165744781494141e-01,-3.498142063617706299e-01
-3.779165744781494141e-01,-3.401144444942474365e-01
-3.947441577911376953e-01,-3.154909908771514893e-01
-3.947441577911376953e-01,-1.881855279207229614e-01
-3.936505615711212158e-01,-3.015844523906707764e-01
-3.936505615711212158e-01,-1.189190670847892761e-01
-3.721914887428283691e-01,-1.406117081642150879e-01
-2.824342548847198486e-01,-2.117470055818557739e-01
-2.448884397745132446e-01,-3.300189077854156494e-01
-1.517596542835235596e-01,-3.195868134498596191e-01
-1.425120234489440918e-02,-6.449466943740844727e-01
1.543772127479314804e-02,-6.449466943740844727e-01
1.543772127479314804e-02,-6.449466943740844727e-01
1.543772127479314804e-02,-3.023677170276641846e-01
1.349743362516164780e-02,-3.144780695438385010e-01
-2.949632145464420319e-02,-2.462300509214401245e-01
-2.998013421893119812e-02,-2.462989985942840576e-01
-6.092898547649383545e-02,-6.449466943740844727e-01
-6.114065274596214294e-02,-6.449466943740844727e-01
-1.046081408858299255e-01,-6.449466943740844727e-01
-1.392863690853118896e-01,-3.129801452159881592e-01
-1.726290881633758545e-01,-3.368782103061676025e-01
-1.766255795955657959e-01,-2.696796655654907227e-01
-1.821793317794799805e-01,-2.682547867298126221e-01
-1.953128129243850708e-01,-3.508901298046112061e-01
-1.953128129243850708e-01,-3.289680778980255127e-01
-2.145997881889343262e-01,-3.087747991085052490e-01
-2.311401069164276123e-01,-2.855271697044372559e-01
-2.401611804962158203e-01,-6.449466943740844727e-01
-2.490411549806594849e-01,-6.449466943740844727e-01
-2.490411549806594849e-01,-6.449466943740844727e-01
-2.401611804962158203e-01,-6.449466943740844727e-01
-2.490411549806594849e-01,-6.449466943740844727e-01
-2.490411549806594849e-01,-3.026542365550994873e-01
-2.572810649871826172e-01,-2.925193309783935547e-01
-2.572810649871826172e-01,-8.819252252578735352e-02
-2.691747844219207764e-01,-1.087742075324058533e-01
-2.926749587059020996e-01,-1.088694632053375244e-01
-2.926749587059020996e-01,-1.171805858612060547e-01
-2.764571607112884521e-01,-2.487003058195114136e-01
-2.764571607112884521e-01,-2.254273146390914917e-01
-2.745572030544281006e-01,-6.449466943740844727e-01
-2.745572030544281006e-01,-6.449466943740844727e-01
-2.745572030544281006e-01,-6.449466943740844727e-01
-2.691949605941772461e-01,-6.449466943740844727e-01
-2.745572030544281006e-01,-6.449466943740844727e-01
-2.642207443714141846e-01,-3.371025323867797852e-01
-2.642207443714141846e-01,-3.096388876438140869e-01
-2.515660524368286133e-01,-2.378630638122558594e-01
-2.825854420661926270e-01,-2.477841824293136597e-01
-2.701121866703033447e-01,-6.449466943740844727e-01
-2.701121866703033447e-01,-3.779038190841674805e-01
-2.494040131568908691e-01,-3.788506686687469482e-01
-2.494040131568908691e-01,-1.358663588762283325e-01
-2.460878789424896240e-01,-1.462250351905822754e-01
-2.363058030605316162e-01,-1.056905984878540039e-01
-2.338464260101318359e-01,-1.328015178442001343e-01
-2.338464260101318359e-01,-2.256726026535034180e-01
-2.460878789424896240e-01,-1.658666580915451050e-01
-2.466976940631866455e-01,-2.897031605243682861e-01
-2.506437897682189941e-01,-1.738499552011489868e-01
-2.845005393028259277e-01,-2.209658771753311157e-01
-3.219002187252044678e-01,-2.057888656854629517e-01
-3.358803689479827881e-01,-3.744027316570281982e-01
-4.358883500099182129e-01,-2.016195654869079590e-01
-4.858973920345306396e-01,-1.657730489969253540e-01
-5.708618164062500000e-01,-2.644524276256561279e-01
-6.322202682495117188e-01,-1.086023524403572083e-01
-6.917795538902282715e-01,-2.710074186325073242e-01
-7.723141312599182129e-01,-2.264763563871383667e-01
-8.386870622634887695e-01,-6.261361390352249146e-02
-8.794381618499755859e-01,-3.095196485519409180e-01
-9.575082659721374512e-01,-2.785640358924865723e-01
-9.598315954208374023e-01,-2.865969836711883545e-01
-9.598315954208374023e-01,-6.449466943740844727e-01
-9.598315954208374023e-01,-6.449466943740844727e-01
-9.256069064140319824e-01,-6.449466943740844727e-01
-8.847701549530029297e-01,-6.449466943740844727e-01
-8.278365731239318848e-01,-6.449466943740844727e-01
-7.881135940551757812e-01,-6.449466943740844727e-01
-7.613325715065002441e-01,-6.449466943740844727e-01
-6.818211078643798828e-01,-6.449466943740844727e-01
-6.417705416679382324e-01,-6.449466943740844727e-01
-6.005204916000366211e-01,-6.449466943740844727e-01
-4.989502429962158203e-01,-6.449466943740844727e-01
-4.565309882164001465e-01,-6.449466943740844727e-01
-4.408877491950988770e-01,-6.449466943740844727e-01
-4.163745939731597900e-01,-6.449466943740844727e-01
-3.639011681079864502e-01,-6.449466943740844727e-01
-3.603532016277313232e-01,-3.232237398624420166e-01
-3.566238284111022949e-01,-3.215549290180206299e-01
-3.259874284267425537e-01,-2.588319778442382812e-01
-2.964648008346557617e-01,-2.908866107463836670e-01
-2.964648008346557617e-01,-6.449466943740844727e-01
-2.964648008346557617e-01,-6.449466943740844727e-01
-3.390150666236877441e-01,-3.521730303764343262e-01
-3.390150666236877441e-01,-3.878500759601593018e-01
-3.390150666236877441e-01,-3.280088603496551514e-01
-3.216633498668670654e-01,-3.205538392066955566e-01
-3.128438591957092285e-01,-6.449466943740844727e-01
-3.128438591957092285e-01,-6.449466943740844727e-01
-2.953863143920898438e-01,-6.449466943740844727e-01
-3.128438591957092285e-01,-6.449466943740844727e-01
-3.221219778060913086e-01,-6.449466943740844727e-01
-3.228527307510375977e-01,-6.449466943740844727e-01
-3.292279541492462158e-01,-6.449466943740844727e-01
-3.319292366504669189e-01,-3.496603965759277344e-01
-3.378761112689971924e-01,-3.471741676330566406e-01
-3.476329743862152100e-01,-1.537332981824874878e-01
-3.554798066616058350e-01,-1.864523440599441528e-01
-3.596325218677520752e-01,-2.262663096189498901e-01
-3.641228973865509033e-01,-2.308154106140136719e-01
-3.641228973865509033e-01,-6.449466943740844727e-01
-3.641228973865509033e-01,-6.449466943740844727e-01
-3.522594273090362549e-01,-6.449466943740844727e-01
-3.385917246341705322e-01,-6.449466943740844727e-01
-3.134133517742156982e-01,-6.449466943740844727e-01
-3.134133517742156982e-01,-6.449466943740844727e-01
-3.047904074192047119e-01,-6.449466943740844727e-01
-2.888195812702178955e-01,-6.449466943740844727e-01
-2.888195812702178955e-01,-6.449466943740844727e-01
-2.463801801204681396e-01,-6.449466943740844727e-01
-2.318456619977951050e-01,-3.545250892639160156e-01
-2.318456619977951050e-01,-3.851708471775054932e-01
-2.318456619977951050e-01,-3.340021967887878418e-01
-2.458610981702804565e-01,-3.380879759788513184e-01
-2.460626810789108276e-01,-6.449466943740844727e-01
-2.581126391887664795e-01,-6.449466943740844727e-01
-2.671085000038146973e-01,-6.449466943740844727e-01
-2.781303524971008301e-01,-6.449466943740844727e-01
-2.835581302642822266e-01,-6.449466943740844727e-01
-2.835581302642822266e-01,-6.449466943740844727e-01
-3.184228241443634033e-01,-6.449466943740844727e-01
-3.456322252750396729e-01,-6.449466943740844727e-01
-3.483536541461944580e-01,-3.945067226886749268e-01
-3.522392809391021729e-01,-4.336174428462982178e-01
-3.679077327251434326e-01,-1.580407172441482544e-01
-4.033822417259216309e-01,-1.184321343898773193e-01
-4.632993340492248535e-01,-1.598330438137054443e-01
-5.227124691009521484e-01,-3.296774625778198242e-02
-5.255397558212280273e-01,-1.706173866987228394e-01
-5.844186544418334961e-01,-3.269363343715667725e-01
-6.123537421226501465e-01,-1.569793224334716797e-01
-6.818412542343139648e-01,-3.435815274715423584e-01
-7.254447937011718750e-01,-3.142077326774597168e-01
-7.672139406204223633e-01,-3.601718842983245850e-01
-8.354313969612121582e-01,-3.518982827663421631e-01
-8.647978305816650391e-01,-3.600227534770965576e-01
-8.647978305816650391e-01,-2.997355759143829346e-01
-8.647978305816650391e-01,-3.999258577823638916e-01
-8.099758625030517578e-01,-7.117884159088134766e-01
-7.792588472366333008e-01,-4.958645701408386230e-01
-7.789362668991088867e-01,-6.449466943740844727e-01
-6.827685832977294922e-01,-6.449466943740844727e-01
-6.241668462753295898e-01,-6.449466943740844727e-01
-5.848671793937683105e-01,-6.449466943740844727e-01
-5.341677069664001465e-01,-3.591434061527252197e-01
-5.104508399963378906e-01,-3.170989751815795898e-01
-4.629163146018981934e-01,-3.198999166488647461e-01
-4.310552775859832764e-01,-3.791298568248748779e-01
-4.264540076255798340e-01,-6.449466943740844727e-01
-4.192724227905273438e-01,-4.181131720542907715e-01
-4.073434472084045410e-01,-3.688185513019561768e-01
-3.896338939666748047e-01,-3.294463157653808594e-01
-3.450627326965332031e-01,-3.155002892017364502e-01
-3.043368458747863770e-01,-6.449466943740844727e-01
-2.908203303813934326e-01,-6.449466943740844727e-01
-2.416176646947860718e-01,-6.449466943740844727e-01
-2.358875125646591187e-01,-6.449466943740844727e-01
-1.971926242113113403e-01,-6.449466943740844727e-01
-1.745240241289138794e-01,-6.449466943740844727e-01
-1.659464389085769653e-01,-6.449466943740844727e-01
-5.819746106863021851e-02,-6.449466943740844727e-01
-5.819746106863021851e-02,-6.449466943740844727e-01
-5.819746106863021851e-02,-6.449466943740844727e-01
-8.451986312866210938e-02,-6.449466943740844727e-01
-1.544307023286819458e-01,-6.449466943740844727e-01
-2.106234580278396606e-01,-6.449466943740844727e-01
-2.315886467695236206e-01,-6.449466943740844727e-01
-2.634648084640502930e-01,-6.449466943740844727e-01
-2.654857337474822998e-01,-6.449466943740844727e-01
-2.709336578845977783e-01,-6.449466943740844727e-01
-2.709336578845977783e-01,-6.449466943740844727e-01
-2.774499952793121338e-01,-6.449466943740844727e-01
-2.774499952793121338e-01,-6.449466943740844727e-01
-2.774499952793121338e-01,-6.449466943740844727e-01
-2.691999971866607666e-01,-6.449466943740844727e-01
-2.586720287799835205e-01,-6.449466943740844727e-01
-2.496912777423858643e-01,-6.449466943740844727e-01
-2.496912777423858643e-01,-6.449466943740844727e-01
-2.691999971866607666e-01,-6.449466943740844727e-01
-2.863400280475616455e-01,-6.449466943740844727e-01
-3.266677856445312500e-01,-6.449466943740844727e-01
-3.577577471733093262e-01,-6.449466943740844727e-01
-3.940739035606384277e-01,-6.449466943740844727e-01
-4.135825932025909424e-01,-6.449466943740844727e-01
-4.135825932025909424e-01,-6.449466943740844727e-01
-3.940739035606384277e-01,-6.449466943740844727e-01
-3.803608417510986328e-01,-6.449466943740844727e-01
-2.829281687736511230e-01,-6.449466943740844727e-01
-1.916590332984924316e-01,-6.449466943740844727e-01
-1.379206180572509766e-01,-6.449466943740844727e-01
-7.340730726718902588e-02,-6.449466943740844727e-01
3.418016480281949043e-03,-6.449466943740844727e-01
1.810372807085514069e-02,-6.449466943740844727e-01
1.810372807085514069e-02,-6.449466943740844727e-01
1.810372807085514069e-02,-6.449466943740844727e-01
1.810372807085514069e-02,-6.449466943740844727e-01
3.065236844122409821e-03,-6.449466943740844727e-01
-2.117072232067584991e-02,-6.449466943740844727e-01
-2.117072232067584991e-02,-6.449466943740844727e-01
-6.847846508026123047e-02,-6.449466943740844727e-01
-9.758278727531433105e-02,-6.449466943740844727e-01
-1.013121679425239563e-01,-6.449466943740844727e-01
-1.394123733043670654e-01,-6.449466943740844727e-01
-1.394123733043670654e-01,-6.449466943740844727e-01
-1.394123733043670654e-01,-6.449466943740844727e-01
-1.353251636028289795e-01,-6.449466943740844727e-01
-1.316562592983245850e-01,-6.449466943740844727e-01
-1.236128807067871094e-01,-6.449466943740844727e-01
-1.232802644371986389e-01,-6.449466943740844727e-01
-1.139769554138183594e-01,-6.449466943740844727e-01
-1.117594838142395020e-01,-6.449466943740844727e-01
-8.032178133726119995e-02,-6.449466943740844727e-01
-7.624465972185134888e-02,-6.449466943740844727e-01
-7.624465972185134888e-02,-6.449466943740844727e-01
-7.624465972185134888e-02,-6.449466943740844727e-01
-1.182002350687980652e-01,-6.449466943740844727e-01
-1.182002350687980652e-01,-6.449466943740844727e-01
-1.182002350687980652e-01,1.861237287521362305e-01
-9.423641860485076904e-02,3.275949358940124512e-01
1.819194555282592773e-01,8.268691301345825195e-01
3.330250382423400879e-01,1.081214666366577148e+00
5.228456854820251465e-01,9.599627256393432617e-01
6.748836040496826172e-01,9.043158888816833496e-01
7.777944803237915039e-01,7.066901922225952148e-01
8.604053854942321777e-01,3.279194831848144531e-01
1.057992219924926758e+00,3.628450632095336914e-01
1.337998390197753906e+00,1.293914318084716797e-01
1.391298413276672363e+00,4.552253782749176025e-01
1.400899052619934082e+00,1.541333317756652832e+00
1.400899052619934082e+00,1.545750021934509277e+00
1.391298413276672363e+00,1.490388035774230957e+00
1.341017246246337891e+00,1.653359651565551758e+00
1.279426932334899902e+00,1.278705120086669922e+00
1.112405896186828613e+00,1.645449638366699219e+00
8.710744380950927734e-01,1.303902864456176758e+00
7.136943936347961426e-01,1.291641473770141602e+00
5.713075399398803711e-01,1.646066665649414062e+00
4.267938733100891113e-01,1.636361598968505859e+00
4.267938733100891113e-01,1.345788478851318359e+00
4.267938733100891113e-01,1.721794724464416504e+00
9.150509238243103027e-01,1.684104084968566895e+00
9.150509238243103027e-01,1.663635730743408203e+00
9.150509238243103027e-01,1.680732131004333496e+00
8.904622197151184082e-01,1.648384928703308105e+00
5.982447862625122070e-01,1.003796100616455078e+00
-9.786500781774520874e-02,5.426660180091857910e-01
-9.786500781774520874e-02,5.509507060050964355e-01
-9.786500781774520874e-02,1.700319200754165649e-01
-8.628375828266143799e-02,-6.783344745635986328e-01
-5.716432258486747742e-02,-4.179499745368957520e-01
-5.716432258486747742e-02,-4.240483939647674561e-01
-5.716432258486747742e-02,-4.324547350406646729e-01
-1.914675235748291016e-01,-8.742872625589370728e-02
-2.251327782869338989e-01,-2.453364199027419090e-03
-2.251327782869338989e-01,-4.845436215400695801e-01
-1.914675235748291016e-01,-1.205344915390014648e+00
-1.897741854190826416e-01,-9.325032830238342285e-01
-1.405463069677352905e-01,-1.274931907653808594e+00
2.569856867194175720e-02,-6.416026949882507324e-01
3.721281588077545166e-01,2.547753453254699707e-01
4.554244577884674072e-01,5.243979692459106445e-01
6.257464289665222168e-01,2.176923304796218872e-01
7.206139564514160156e-01,2.357552647590637207e-01
7.959474921226501465e-01,2.969336211681365967e-01
7.959474921226501465e-01,3.905858695507049561e-01
7.959474921226501465e-01,4.896598756313323975e-01
7.722154855728149414e-01,7.140767574310302734e-01
5.889363884925842285e-01,8.842113018035888672e-01
2.501924037933349609e-01,6.494338512420654297e-01
-2.354238629341125488e-01,5.410195589065551758e-01
-5.513430237770080566e-01,-1.789800822734832764e-01
-6.149038672447204590e-01,-1.193480610847473145e+00
-6.149038672447204590e-01,-3.071914315223693848e-01
-6.149038672447204590e-01,-2.355328947305679321e-01
-4.707631468772888184e-01,-1.324262320995330811e-01
-3.528389930725097656e-01,-1.909938156604766846e-01
-2.368803322315216064e-01,-2.390023618936538696e-01
-7.962126284837722778e-02,-6.449466943740844727e-01
3.487083688378334045e-02,-5.004613995552062988e-01
1.471958607435226440e-01,-3.738876879215240479e-01
2.484486550092697144e-01,-3.519601821899414062e-01
2.484486550092697144e-01,-1.934574246406555176e-01
2.484486550092697144e-01,-2.391847074031829834e-01
1.984345912933349609e-01,-3.277233242988586426e-01
9.817461669445037842e-02,-3.089554607868194580e-01
-1.530954148620367050e-02,-6.449466943740844727e-01
-1.672668457031250000e-01,-6.449466943740844727e-01
-3.221068382263183594e-01,-6.449466943740844727e-01
-4.133860468864440918e-01,-3.762459754943847656e-01
-6.111492514610290527e-01,-3.275003433227539062e-01
-7.262058258056640625e-01,-3.005608618259429932e-01
-8.594557046890258789e-01,-1.466435343027114868e-01
-9.126296639442443848e-01,-3.731088340282440186e-01
-9.611116647720336914e-01,-3.047382831573486328e-01
-9.611116647720336914e-01,-2.922386825084686279e-01
-9.611116647720336914e-01,-4.488349258899688721e-01
-9.498177170753479004e-01,-3.431951701641082764e-01
-8.362630009651184082e-01,-4.033957421779632568e-01
-7.877053618431091309e-01,-3.862962126731872559e-01
-6.756827235221862793e-01,-2.221545428037643433e-01
-6.010144352912902832e-01,-2.882228195667266846e-01
-4.557548761367797852e-01,-1.908140629529953003e-01
-3.582768440246582031e-01,-1.919123381376266479e-01
-2.339825034141540527e-01,-2.332539707422256470e-01
-2.091165781021118164e-01,-2.544197142124176025e-01
-1.294841468334197998e-01,-6.449466943740844727e-01
-7.870403677225112915e-02,-6.449466943740844727e-01
-1.815697737038135529e-02,-6.449466943740844727e-01
1.050384715199470520e-02,-6.449466943740844727e-01
3.289527446031570435e-02,-6.449466943740844727e-01
3.500187024474143982e-02,-6.449466943740844727e-01
3.289527446031570435e-02,-6.449466943740844727e-01
3.289527446031570435e-02,-6.449466943740844727e-01
3.289527446031570435e-02,-6.449466943740844727e-01
5.092231184244155884e-02,-6.449466943740844727e-01
2.735663205385208130e-02,-6.449466943740844727e-01
2.735663205385208130e-02,-3.892339468002319336e-01
2.735663205385208130e-02,-2.203121334314346313e-01
6.784541998058557510e-03,-1.970365941524505615e-01
-1.078388281166553497e-02,-1.107451766729354858e-01
-1.573287695646286011e-02,-1.770760864019393921e-01
-3.603786230087280273e-02,-2.368204146623611450e-01
-6.994502246379852295e-02,-1.802630275487899780e-01
-9.522420167922973633e-02,-3.528057634830474854e-01
-1.203773915767669678e-01,-3.238976299762725830e-01
-1.882773786783218384e-01,-3.229619264602661133e-01
-2.513946890830993652e-01,-6.449466943740844727e-01
-3.415298759937286377e-01,-6.449466943740844727e-01
-3.927635550498962402e-01,-6.449466943740844727e-01
-4.138396382331848145e-01,-6.449466943740844727e-01
-4.557649791240692139e-01,-6.449466943740844727e-01
-4.820268750190734863e-01,-6.449466943740844727e-01
-5.024175643920898438e-01,-6.449466943740844727e-01
-5.059756040573120117e-01,-6.449466943740844727e-01
-5.575620532035827637e-01,-6.449466943740844727e-01
-5.575620532035827637e-01,-6.449466943740844727e-01
-5.575620532035827637e-01,-3.889164030551910400e-01
-5.367480516433715820e-01,-3.859100937843322754e-01
-5.191594362258911133e-01,-2.740679085254669189e-01
-5.191594362258911133e-01,-3.039997518062591553e-01
-5.191594362258911133e-01,-6.449466943740844727e-01
-5.251920223236083984e-01,-6.449466943740844727e-01
-5.251920223236083984e-01,-6.449466943740844727e-01
-5.266232490539550781e-01,-6.449466943740844727e-01
-5.251920223236083984e-01,-6.449466943740844727e-01
-5.102341175079345703e-01,-6.146675348281860352e-01
-5.044989585876464844e-01,-5.354500412940979004e-01
-5.025737881660461426e-01,-6.442768573760986328e-01
-4.647255539894104004e-01,-6.108065843582153320e-01
-4.178361296653747559e-01,-2.988263070583343506e-01
-3.661841452121734619e-01,-2.928812205791473389e-01
-3.049063384532928467e-01,-2.054600417613983154e-01
-2.518784999847412109e-01,-1.844252198934555054e-01
-1.867100298404693604e-01,-6.449466943740844727e-01
-1.689803451299667358e-01,-6.449466943740844727e-01
-1.444117575883865356e-01,-6.449466943740844727e-01
-8.663653582334518433e-02,-6.449466943740844727e-01
-5.193814262747764587e-02,-6.449466943740844727e-01
-4.925701767206192017e-02,-6.449466943740844727e-01
-4.023594036698341370e-02,-6.449466943740844727e-01
-3.522143140435218811e-02,-6.449466943740844727e-01
-3.522143140435218811e-02,-6.449466943740844727e-01
-3.522143140435218811e-02,-6.449466943740844727e-01
-4.023594036698341370e-02,-6.449466943740844727e-01
-4.451969265937805176e-02,-6.449466943740844727e-01
-4.963499680161476135e-02,-4.805352091789245605e-01
-1.470374464988708496e-01,-5.740085244178771973e-01
-1.785457134246826172e-01,-5.374455451965332031e-01
-3.365708291530609131e-01,-6.782947182655334473e-01
-4.733434617519378662e-01,-6.449466943740844727e-01
-6.078633666038513184e-01,-6.449466943740844727e-01
-8.286882638931274414e-01,-3.983975350856781006e-01
-1.059935331344604492e+00,-6.138033866882324219e-01
-1.155941724777221680e+00,-6.411309838294982910e-01
-1.236234426498413086e+00,-5.882568359375000000e-01
-1.269899725914001465e+00,-6.449466943740844727e-01
-1.335148811340332031e+00,-1.169452667236328125e+00
-1.335148811340332031e+00,-1.155413150787353516e+00
-1.335148811340332031e+00,-7.704468965530395508e-01
-1.312303781509399414e+00,-3.296062350273132324e-01
-1.305353999137878418e+00,-3.286761343479156494e-01
-1.224139094352722168e+00,-2.648961842060089111e-01
-1.051529049873352051e+00,-9.848999232053756714e-02
-7.450745105743408203e-01,-1.353102326393127441e-01
-5.251818895339965820e-01,-4.304778948426246643e-02
-2.984101474285125732e-01,1.442842930555343628e-01
1.894135028123855591e-01,3.252120614051818848e-01
9.107469916343688965e-01,4.874170124530792236e-01
1.526483535766601562e+00,9.677474498748779297e-01
1.835911512374877930e+00,1.467112183570861816e+00
2.081990480422973633e+00,8.269969820976257324e-01
2.191014528274536133e+00,1.572994709014892578e+00
2.191014528274536133e+00,1.728404164314270020e+00
2.191014528274536133e+00,1.607125282287597656e+00
1.779093861579895020e+00,8.568829298019409180e-01
1.347342014312744141e+00,7.203529477119445801e-01
8.406245112419128418e-01,5.346683859825134277e-01
6.344094872474670410e-02,6.622325181961059570e-01
-3.282049000263214111e-01,7.878570556640625000e-01
-5.744047760963439941e-01,6.664861440658569336e-01
-7.062385082244873047e-01,8.130230903625488281e-01
-7.062385082244873047e-01,7.751194834709167480e-01
-7.062385082244873047e-01,7.422425150871276855e-01
-4.190305173397064209e-01,6.568887233734130859e-01
-8.403100818395614624e-02,2.718166410923004150e-01
1.806948035955429077e-01,-2.107328623533248901e-01
4.286132156848907471e-01,2.737910747528076172e-01
5.418554544448852539e-01,4.032192230224609375e-01
6.176022887229919434e-01,4.547732770442962646e-01
6.176022887229919434e-01,6.838358044624328613e-01
6.176022887229919434e-01,4.870894849300384521e-01
5.717762112617492676e-01,-3.762919306755065918e-01
4.816359877586364746e-01,-3.351247906684875488e-01
3.006398677825927734e-01,-6.449466943740844727e-01
8.905778825283050537e-02,-6.449466943740844727e-01
-1.775579303503036499e-01,-6.449466943740844727e-01
-4.645995795726776123e-01,-6.449466943740844727e-01
-6.763631105422973633e-01,-6.449466943740844727e-01
-8.005515933036804199e-01,-6.449466943740844727e-01
-8.220711350440979004e-01,-6.449466943740844727e-01
-8.220711350440979004e-01,-3.866258263587951660e-01
-8.220711350440979004e-01,-3.698257803916931152e-01
-8.090183138847351074e-01,-3.434903919696807861e-01
-7.851905822753906250e-01,-3.762072026729583740e-01
-6.678107380867004395e-01,-6.449466943740844727e-01
-5.562063455581665039e-01,-6.449466943740844727e-01
-4.418452978134155273e-01,-6.449466943740844727e-01
-3.516294658184051514e-01,-6.449466943740844727e-01
-2.848533093929290771e-01,-6.449466943740844727e-01
-1.647318601608276367e-01,-6.449466943740844727e-01
-1.153981536626815796e-01,-3.457165062427520752e-01
-1.099603101611137390e-01,-3.025518953800201416e-01
-1.075261309742927551e-01,-2.782759070396423340e-01
-1.012970507144927979e-01,-2.592808604240417480e-01
-6.690607964992523193e-02,-6.449466943740844727e-01
-1.325334049761295319e-02,-6.449466943740844727e-01
-6.873068865388631821e-03,-6.449466943740844727e-01
1.818940229713916779e-02,-6.449466943740844727e-01
1.818940229713916779e-02,-6.449466943740844727e-01
2.389435283839702606e-02,-6.449466943740844727e-01
2.389435283839702606e-02,-6.449466943740844727e-01
6.911566108465194702e-02,-6.449466943740844727e-01
8.237009495496749878e-02,-6.449466943740844727e-01
1.890859305858612061e-01,-6.449466943740844727e-01
2.349019199609756470e-01,-6.449466943740844727e-01
3.015823066234588623e-01,-3.532129526138305664e-01
3.263877630233764648e-01,-2.624942660331726074e-01
3.263877630233764648e-01,-1.914811134338378906e-01
3.015823066234588623e-01,-2.111429125070571899e-01
2.970566451549530029e-01,-2.862325608730316162e-01
2.672165334224700928e-01,-6.449466943740844727e-01
1.612012237310409546e-01,-4.595830738544464111e-01
1.031639352440834045e-01,-4.760373532772064209e-01
3.383769840002059937e-02,-3.388850688934326172e-01
2.042199298739433289e-02,-4.579962790012359619e-01
1.983738690614700317e-02,-4.570261836051940918e-01
1.983738690614700317e-02,-2.158055752515792847e-01
1.983738690614700317e-02,-1.868168711662292480e-01
1.983738690614700317e-02,-3.049028217792510986e-01
1.717138104140758514e-02,-3.009874522686004639e-01
2.445352496579289436e-03,-3.184570372104644775e-01
-3.740362450480461121e-02,-5.547585897147655487e-03
-6.826175749301910400e-02,-6.858032196760177612e-02
-1.530246287584304810e-01,2.404391467571258545e-01
-3.497244417667388916e-01,7.382678389549255371e-01
-5.738554000854492188e-01,1.528096675872802734e+00
-5.738554000854492188e-01,1.456839799880981445e+00
-5.738554000854492188e-01,1.153506398200988770e+00
-3.276253342628479004e-01,9.320585727691650391e-01
-1.819071918725967407e-01,5.290255546569824219e-01
-1.628974080085754395e-01,1.585335284471511841e-01
2.022042870521545410e-01,1.255880892276763916e-01
6.787742376327514648e-01,7.126635313034057617e-01
1.114724159240722656e+00,2.976311147212982178e-01
1.535529732704162598e+00,4.266053438186645508e-01
1.887241005897521973e+00,8.623043447732925415e-02
2.009831905364990234e+00,-3.915376067161560059e-01
2.051878213882446289e+00,-4.693637788295745850e-01
2.051878213882446289e+00,-3.790853619575500488e-01
2.051878213882446289e+00,1.608554869890213013e-01
1.821704626083374023e+00,2.825897932052612305e-01
1.554967999458312988e+00,8.309013843536376953e-01
1.280192971229553223e+00,7.481808066368103027e-01
7.300633788108825684e-01,7.227431535720825195e-01
3.489807546138763428e-01,3.167813420295715332e-01
-1.015742346644401550e-01,2.029020935297012329e-01
-5.109195113182067871e-01,2.615765333175659180e-01
-7.190897464752197266e-01,5.281600952148437500e-01
-7.190897464752197266e-01,1.416632533073425293e-01
-7.190897464752197266e-01,9.734094142913818359e-02
-7.190897464752197266e-01,4.470220506191253662e-01
-7.190897464752197266e-01,2.068351358175277710e-01
-7.402414083480834961e-01,1.060742735862731934e-01
-7.402414083480834961e-01,5.052487850189208984e-01
-7.402414083480834961e-01,9.200682491064071655e-02
-5.116754770278930664e-01,-3.310168907046318054e-02
-3.970624506473541260e-01,-2.081892639398574829e-01
-2.053216844797134399e-01,-4.204630553722381592e-01
4.111503809690475464e-02,-3.963992297649383545e-01
3.404535651206970215e-01,-3.366402089595794678e-01
7.199688553810119629e-01,-3.368162214756011963e-01
1.027451515197753906e+00,3.073397837579250336e-02
1.229095339775085449e+00,2.826676070690155029e-01
1.403040885925292969e+00,2.353139370679855347e-01
1.403040885925292969e+00,1.027984917163848877e-01
1.403040885925292969e+00,3.211423456668853760e-01
1.295715212821960449e+00,6.386232972145080566e-01
1.138758540153503418e+00,3.456315696239471436e-01
1.019730687141418457e+00,6.814808845520019531e-01
8.331707715988159180e-01,6.847673654556274414e-01
4.577175080776214600e-01,3.341539502143859863e-01
1.448977589607238770e-01,4.189113378524780273e-01
-1.945316642522811890e-01,1.985593885183334351e-01
-3.261537253856658936e-01,2.755448454990983009e-03
-3.261537253856658936e-01,-1.316140741109848022e-01
-3.261537253856658936e-01,-4.227813705801963806e-02
-2.267001271247863770e-01,-8.579765260219573975e-02
-1.662639379501342773e-01,-2.892994284629821777e-01
-1.645857095718383789e-01,-8.574639558792114258e-01
4.526775702834129333e-02,-1.108739852905273438e+00
2.970465719699859619e-01,-7.038913369178771973e-01
4.328717589378356934e-01,-1.320833414793014526e-01
4.328717589378356934e-01,-3.895369917154312134e-02
4.328717589378356934e-01,7.107852399349212646e-02
3.796826601028442383e-01,-1.990343779325485229e-01
1.629247963428497314e-01,-3.065251111984252930e-01
-1.183867007493972778e-01,-1.054047644138336182e-01
-1.183867007493972778e-01,1.952603906393051147e-01
-1.183867007493972778e-01,1.882575899362564087e-01
8.227434009313583374e-02,4.261088669300079346e-01
3.447726070880889893e-01,1.515609472990036011e-01
3.447726070880889893e-01,1.656591147184371948e-01
3.447726070880889893e-01,1.615753471851348877e-01
3.377976417541503906e-01,4.025809839367866516e-02
3.377976417541503906e-01,-1.099457964301109314e-01
3.377976417541503906e-01,2.841624915599822998e-01
4.036061763763427734e-01,6.095775589346885681e-02
8.563433885574340820e-01,2.410593330860137939e-01
1.261152982711791992e+00,3.702047765254974365e-01
1.466803312301635742e+00,3.906143605709075928e-01
1.572485923767089844e+00,6.531457901000976562e-01
1.693121433258056641e+00,7.679196000099182129e-01
1.705781221389770508e+00,1.444925181567668915e-02
1.705781221389770508e+00,-3.515583276748657227e-01
1.705781221389770508e+00,4.938597381114959717e-01
1.636636376380920410e+00,4.980560243129730225e-01
1.406392335891723633e+00,4.828057289123535156e-01
1.081940889358520508e+00,5.060458183288574219e-01
7.303203940391540527e-01,-1.308125853538513184e-01
6.504611968994140625e-01,4.105949699878692627e-01
6.504611968994140625e-01,5.009210705757141113e-01
6.504611968994140625e-01,4.237229824066162109e-01
1.141731977462768555e+00,6.308863759040832520e-01
1.293583512306213379e+00,1.038118481636047363e+00
1.456255197525024414e+00,8.597961664199829102e-01
1.467392921447753906e+00,6.096544265747070312e-01
1.467392921447753906e+00,7.110571861267089844e-01
1.456255197525024414e+00,7.994821071624755859e-01
1.335533976554870605e+00,8.454055786132812500e-01
1.048053860664367676e+00,8.854711651802062988e-01
4.391361176967620850e-01,5.024496912956237793e-01
4.485953971743583679e-02,4.442173540592193604e-01
-1.494615525007247925e-01,3.955484926700592041e-02
-1.774470508098602295e-01,1.094541698694229126e-02
-3.647327125072479248e-01,-2.189207226037979126e-01
-4.997465014457702637e-01,-4.049296379089355469e-01
-8.190977573394775391e-01,-2.086825966835021973e-01
-8.864030241966247559e-01,-1.562647819519042969e-01
-8.864030241966247559e-01,-7.227309048175811768e-02
-8.864030241966247559e-01,1.870542615652084351e-01
-5.708517432212829590e-01,3.295087516307830811e-01
-3.419330716133117676e-01,1.531238108873367310e-01
-2.025447934865951538e-01,1.647407412528991699e-01
-1.298974007368087769e-01,-9.590022265911102295e-03
-1.298974007368087769e-01,-2.791010439395904541e-01
-1.298974007368087769e-01,-6.005488336086273193e-02
-2.648708820343017578e-01,-1.292999684810638428e-01
-3.283258378505706787e-01,-2.106516212224960327e-01
-3.283258378505706787e-01,1.178639680147171021e-01
-3.283258378505706787e-01,2.397716641426086426e-01
4.021295309066772461e-01,4.661612212657928467e-01
1.108374118804931641e+00,1.248090863227844238e+00
1.508809208869934082e+00,1.803197383880615234e+00
1.765602588653564453e+00,1.642240047454833984e+00
2.066372394561767578e+00,1.171486496925354004e+00
2.074879407882690430e+00,8.936467170715332031e-01
2.074879407882690430e+00,4.277595579624176025e-01
2.074879407882690430e+00,2.973544597625732422e-01
2.039918899536132812e+00,5.091722011566162109e-01
1.899815082550048828e+00,5.777225494384765625e-01
1.594247460365295410e+00,5.147383213043212891e-01
1.306868076324462891e+00,1.080042243003845215e+00
8.766533732414245605e-01,1.105452895164489746e+00
6.818636059761047363e-01,2.197420746088027954e-01
4.758302271366119385e-01,3.354128301143646240e-01
1.805637776851654053e-01,4.844540059566497803e-01
-4.574938118457794189e-02,3.631065189838409424e-01
-4.574938118457794189e-02,5.618770122528076172e-01
-4.574938118457794189e-02,1.765535324811935425e-01
3.017939627170562744e-01,2.424515634775161743e-01
5.863409638404846191e-01,3.587800264358520508e-02
8.037741780281066895e-01,-1.075736582279205322e-01
9.297971129417419434e-01,2.101667523384094238e-01
9.844527840614318848e-01,4.497118890285491943e-01
9.844527840614318848e-01,1.021102666854858398e+00
9.844527840614318848e-01,1.424886703491210938e+00
7.116331458091735840e-01,1.542639017105102539e+00
2.226251810789108276e-01,1.492293357849121094e+00
-2.184904366731643677e-01,1.012151837348937988e+00
-3.189267814159393311e-01,9.514788389205932617e-01
-3.275144696235656738e-01,5.853169560432434082e-01
-3.275144696235656738e-01,3.334711492061614990e-01
-3.275144696235656738e-01,2.363416403532028198e-01
-9.885279089212417603e-02,4.273851215839385986e-01
2.799667604267597198e-02,3.060292303562164307e-01
1.772930026054382324e-01,5.359354019165039062e-01
3.403124809265136719e-01,9.603478312492370605e-01
3.430036604404449463e-01,7.637221813201904297e-01
4.381483197212219238e-01,7.483949065208435059e-01
6.891056895256042480e-01,7.428029179573059082e-01
9.623939394950866699e-01,1.052626252174377441e+00
1.055225372314453125e+00,7.551176548004150391e-01
1.178486585617065430e+00,9.153560996055603027e-01
1.215190768241882324e+00,1.009756326675415039e+00
1.231776475906372070e+00,5.883574485778808594e-01
1.236392855644226074e+00,7.359762191772460938e-01
1.381360054016113281e+00,7.392907738685607910e-01
1.485939025878906250e+00,5.651361942291259766e-01
1.485939025878906250e+00,5.731987953186035156e-01
1.485939025878906250e+00,6.591851711273193359e-01
1.437819957733154297e+00,1.347887754440307617e+00
1.296577095985412598e+00,8.435367345809936523e-01
1.149961829185485840e+00,1.263690590858459473e+00
1.039708137512207031e+00,9.649773836135864258e-01
8.959050774574279785e-01,9.185324907302856445e-01
7.432573437690734863e-01,4.922379553318023682e-01
5.798296928405761719e-01,4.780165553092956543e-01
4.439893662929534912e-01,5.648931264877319336e-01
2.893207073211669922e-01,2.768150866031646729e-01
2.405211925506591797e-01,3.079150617122650146e-01
2.405211925506591797e-01,2.402525395154953003e-01
2.405211925506591797e-01,3.069987595081329346e-01
3.275317549705505371e-01,1.673015654087066650e-01
3.855237066745758057e-01,1.900172084569931030e-01
5.294275283813476562e-01,1.008888334035873413e-01
6.403666734695434570e-01,2.215468510985374451e-02
7.051168084144592285e-01,-3.676266595721244812e-02
7.408181428909301758e-01,-5.618705973029136658e-02
7.953124642372131348e-01,-1.224929168820381165e-01
8.581778407096862793e-01,2.423524158075451851e-03
8.623204827308654785e-01,-1.147652417421340942e-01
8.623204827308654785e-01,1.424466073513031006e-01
8.623204827308654785e-01,-1.805000379681587219e-02
7.398253083229064941e-01,-5.262403935194015503e-02
6.123609542846679688e-01,1.768946764059364796e-03
4.869276583194732666e-01,-1.440305560827255249e-01
3.244424164295196533e-01,3.648954257369041443e-02
2.378904670476913452e-01,1.956724971532821655e-01
1.853061467409133911e-01,3.721440732479095459e-01
7.126257568597793579e-02,3.506278693675994873e-01
-1.030004769563674927e-01,5.590333938598632812e-01
-2.451857775449752808e-01,4.170405566692352295e-01
-4.396832585334777832e-01,1.966195851564407349e-01
-7.563533782958984375e-01,-1.644149720668792725e-01
-7.563533782958984375e-01,-3.376429527997970581e-02
-7.563533782958984375e-01,1.326145231723785400e-02
-7.049583792686462402e-01,1.736906468868255615e-01
-6.798757910728454590e-01,6.404643058776855469e-01
-4.605627655982971191e-01,4.685689508914947510e-01
2.102879732847213745e-01,4.102127850055694580e-01
7.054998278617858887e-01,5.912330746650695801e-01
8.973917961120605469e-01,3.350210487842559814e-01
1.031271696090698242e+00,7.022550106048583984e-01
1.031271696090698242e+00,1.028166174888610840e+00
1.031271696090698242e+00,8.664580583572387695e-01
8.053919076919555664e-01,6.235865950584411621e-01
3.968025743961334229e-01,6.109949350357055664e-01
2.090129405260086060e-01,3.378681242465972900e-01
1.030832976102828979e-01,3.105740249156951904e-01
1.030832976102828979e-01,6.237114667892456055e-01
1.030832976102828979e-01,5.758122205734252930e-01
2.884034514427185059e-01,1.317308545112609863e+00
4.322821199893951416e-01,1.088031530380249023e+00
7.332837581634521484e-01,7.898606061935424805e-01
8.259287476539611816e-01,9.491224288940429688e-01
9.003803133964538574e-01,7.136771678924560547e-01
9.127074480056762695e-01,5.487860441207885742e-01
1.128255844116210938e+00,4.834084212779998779e-01
1.381692647933959961e+00,2.848319113254547119e-01
1.570943832397460938e+00,1.851539760828018188e-01
1.570943832397460938e+00,-1.329075358808040619e-02
1.570943832397460938e+00,-9.819334000349044800e-02
1.502847313880920410e+00,-4.716776907444000244e-01
1.399553418159484863e+00,-5.519956350326538086e-01
1.240434646606445312e+00,-6.500616669654846191e-01
9.615674614906311035e-01,-1.363882273435592651e-01
7.087353467941284180e-01,2.467043250799179077e-01
3.942524790763854980e-01,3.910010159015655518e-01
4.242536053061485291e-02,6.787785291671752930e-01
-3.153989911079406738e-01,8.313184976577758789e-01
-4.943237900733947754e-01,5.102272033691406250e-01
-4.943237900733947754e-01,2.424624115228652954e-01
-4.943237900733947754e-01,1.305050998926162720e-01
-3.485300540924072266e-01,3.603871464729309082e-01
-3.233970105648040771e-01,1.904712468385696411e-01
-2.534760832786560059e-01,5.913348868489265442e-02
-2.461332380771636963e-01,2.080521136522293091e-01
-3.495432436466217041e-02,9.839796274900436401e-02
7.569248229265213013e-02,4.929265081882476807e-01
3.068891167640686035e-01,6.030369400978088379e-01
5.891228914260864258e-01,8.400619029998779297e-01
9.440091252326965332e-01,4.171312749385833740e-01
1.296607255935668945e+00,4.231624901294708252e-01
1.497152447700500488e+00,7.934792339801788330e-02
1.776649594306945801e+00,-1.481191813945770264e-01
1.802241206169128418e+00,3.014162480831146240e-01
1.802241206169128418e+00,5.808383822441101074e-01
1.802241206169128418e+00,9.284753799438476562e-01
1.660882472991943359e+00,1.069828748703002930e+00
1.494703054428100586e+00,9.812262058258056641e-01
1.159270167350769043e+00,9.351247549057006836e-01
7.888717651367187500e-01,7.588471174240112305e-01
4.696868360042572021e-01,5.908811092376708984e-01
1.519483178853988647e-01,7.299906015396118164e-01
-1.212996542453765869e-01,6.364991664886474609e-01
-4.230774044990539551e-01,4.299944937229156494e-01
-5.714514851570129395e-01,1.290527343750000000e+00
-8.036006093025207520e-01,9.931953549385070801e-01
-1.108800292015075684e+00,7.955424189567565918e-01
-1.108800292015075684e+00,1.064044713973999023e+00
-1.108800292015075684e+00,3.364738225936889648e-01
-9.522871375083923340e-01,6.167619302868843079e-02
-5.857138633728027344e-01,-2.925089299678802490e-01
-2.235906273126602173e-01,-6.449466943740844727e-01
6.317888200283050537e-02,-6.449466943740844727e-01
4.638962149620056152e-01,-6.449466943740844727e-01
7.547932267189025879e-01,-6.449466943740844727e-01
9.245961308479309082e-01,-6.449466943740844727e-01
1.014852285385131836e+00,-3.353027999401092529e-01
1.014852285385131836e+00,-3.495284020900726318e-01
1.014852285385131836e+00,-3.052723109722137451e-01
9.731234908103942871e-01,-2.693925797939300537e-01
8.411183953285217285e-01,-6.449466943740844727e-01
6.194468140602111816e-01,-6.449466943740844727e-01
3.773392140865325928e-01,-6.449466943740844727e-01
1.876042485237121582e-01,-6.449466943740844727e-01
7.651899009943008423e-02,-6.449466943740844727e-01
7.651899009943008423e-02,-6.449466943740844727e-01
7.651899009943008423e-02,-2.896859347820281982e-01
2.371597141027450562e-01,-2.713659703731536865e-01
6.949718594551086426e-01,4.098311364650726318e-01
8.618366718292236328e-01,9.055158495903015137e-01
1.159920334815979004e+00,1.172844648361206055e+00
1.159920334815979004e+00,1.497160434722900391e+00
1.159920334815979004e+00,1.384943008422851562e+00
9.021089673042297363e-01,1.213239192962646484e+00
3.149173855781555176e-01,6.280756592750549316e-01
-2.156984359025955200e-01,1.738023161888122559e-01
-4.577909409999847412e-01,-2.661802470684051514e-01
-5.571236014366149902e-01,-6.449466943740844727e-01
-5.698438286781311035e-01,-3.719666302204132080e-01
-5.698438286781311035e-01,-3.656987547874450684e-01
-5.698438286781311035e-01,-3.302337825298309326e-01
-4.745126962661743164e-01,-3.131549358367919922e-01
-3.941343724727630615e-01,-1.839325278997421265e-01
-2.739423513412475586e-01,-3.023501336574554443e-01
-2.459971755743026733e-01,-4.101413488388061523e-02
-1.609722375869750977e-01,3.377462178468704224e-02
-1.076470836997032166e-01,9.058809280395507812e-02
1.590641401708126068e-02,9.272217750549316406e-02
6.824883073568344116e-02,2.588790059089660645e-01
2.082368135452270508e-01,3.089031279087066650e-01
4.524106979370117188e-01,5.384556055068969727e-01
8.596594929695129395e-01,6.632993221282958984e-01
1.205479264259338379e+00,2.867733240127563477e-01
1.408977627754211426e+00,3.889720439910888672e-01
1.557084679603576660e+00,1.167325302958488464e-01
1.645692825317382812e+00,-1.133403182029724121e-01
1.645692825317382812e+00,6.680417060852050781e-02
1.645692825317382812e+00,-2.811644375324249268e-01
1.590064525604248047e+00,-2.501748502254486084e-01
1.445757508277893066e+00,-2.278318256139755249e-01
1.235782980918884277e+00,-1.070015728473663330e-01
1.010629057884216309e+00,2.538239657878875732e-01
7.394825816154479980e-01,4.270562494639307261e-04
3.596296608448028564e-01,2.319341748952865601e-01
-9.382843971252441406e-03,8.869774639606475830e-02
-2.967520654201507568e-01,1.984144002199172974e-01
-4.097725749015808105e-01,1.853703707456588745e-01
-4.097725749015808105e-01,-1.228397935628890991e-01
-4.097725749015808105e-01,1.266128383576869965e-02
3.852966800332069397e-02,5.921556055545806885e-02
2.679926455020904541e-01,2.368093878030776978e-01
3.210204541683197021e-01,-5.393204465508460999e-02
3.210204541683197021e-01,-9.151473641395568848e-03
3.210204541683197021e-01,-1.156847807578742504e-03
2.056161761283874512e-01,3.112853169441223145e-01
-3.774128481745719910e-02,1.537013947963714600e-01
-5.297479033470153809e-01,5.867538228631019592e-02
-8.939374089241027832e-01,3.587984740734100342e-01
-1.357414245605468750e+00,-1.300305426120758057e-01
-1.462618112564086914e+00,-3.248336315155029297e-01
-1.462618112564086914e+00,-1.940643638372421265e-01
-1.462618112564086914e+00,-6.449466943740844727e-01
-1.146804809570312500e+00,-6.449466943740844727e-01
-8.060600161552429199e-01,-6.449466943740844727e-01
-5.821558237075805664e-01,-6.449466943740844727e-01
-3.645361661911010742e-01,-4.010417461395263672e-01
-2.195437401533126831e-01,-4.882520437240600586e-01
-1.263091266155242920e-01,-3.043505847454071045e-01
-1.177214607596397400e-01,-3.494570255279541016e-01
-7.510568201541900635e-02,-4.083761274814605713e-01
-6.640715152025222778e-02,-3.813835680484771729e-01
-5.295639857649803162e-03,-2.267655879259109497e-01
1.397270113229751587e-01,-2.512764036655426025e-01
1.765017807483673096e-01,-3.003477454185485840e-01
2.175552397966384888e-01,-4.978704750537872314e-01
2.202918082475662231e-01,-2.643944323062896729e-01
2.657197415828704834e-01,1.317604258656501770e-02
2.721201777458190918e-01,-2.188786417245864868e-01
3.150282502174377441e-01,2.823197655379772186e-02
3.270177245140075684e-01,-5.645742267370223999e-02
3.276728689670562744e-01,-2.521603107452392578e-01
3.270177245140075684e-01,-1.778239458799362183e-01
3.150282502174377441e-01,-1.319570690393447876e-01
2.850671708583831787e-01,-5.244236811995506287e-02
2.722461521625518799e-01,3.221163759008049965e-03
2.681488692760467529e-01,-1.822687238454818726e-01
2.646110057830810547e-01,-4.074333906173706055e-01
2.646110057830810547e-01,-1.620725393295288086e-01
2.667176127433776855e-01,-1.144481599330902100e-01
2.667176127433776855e-01,-6.160267069935798645e-02
2.862464785575866699e-01,-6.176817044615745544e-02
2.904899120330810547e-01,-2.024036496877670288e-01
3.083304762840270996e-01,-1.261011809110641479e-01
3.219931125640869141e-01,-1.720865964889526367e-01
3.507497012615203857e-01,-1.763880401849746704e-01
3.830844759941101074e-01,-1.658453941345214844e-01
3.877008557319641113e-01,-2.947704866528511047e-02
3.877865076065063477e-01,-2.346267551183700562e-01
4.086710810661315918e-01,-4.819431528449058533e-02
4.408395290374755859e-01,-1.363287121057510376e-01
4.408395290374755859e-01,-1.306380629539489746e-01
4.559435546398162842e-01,1.023709401488304138e-02
4.408395290374755859e-01,-1.692970246076583862e-01
4.405875504016876221e-01,-3.871404752135276794e-02
4.405875504016876221e-01,-1.335181444883346558e-01
4.559435546398162842e-01,-6.941318511962890625e-02
4.675802290439605713e-01,-7.849771529436111450e-02
4.712340235710144043e-01,-1.550862491130828857e-01
4.838131368160247803e-01,-3.521358668804168701e-01
4.858491718769073486e-01,-2.044572234153747559e-01
5.067488551139831543e-01,-3.013501465320587158e-01
5.067488551139831543e-01,-6.350353360176086426e-02
4.858491718769073486e-01,-2.453736662864685059e-01
4.235684573650360107e-01,-4.101347178220748901e-02
3.687464892864227295e-01,-2.306817471981048584e-01
2.438524365425109863e-01,-6.404444575309753418e-02
1.204904466867446899e-01,-2.271834202110767365e-02
4.511632956564426422e-03,-1.358682960271835327e-01
-1.792361438274383545e-01,-2.728288173675537109e-01
-3.049365580081939697e-01,-1.509115844964981079e-01
-5.248845815658569336e-01,-2.093866169452667236e-01
-7.451652288436889648e-01,-1.242421939969062805e-01
-9.451005458831787109e-01,-1.230856254696846008e-01
-1.181095004081726074e+00,8.597676455974578857e-02
-1.384336352348327637e+00,8.487541228532791138e-03
-1.469159722328186035e+00,-5.466658994555473328e-02
-1.469159722328186035e+00,-3.534230291843414307e-01
-1.469159722328186035e+00,-3.593966066837310791e-01
-1.378596067428588867e+00,-2.611730098724365234e-01
-1.193880677223205566e+00,-4.872937500476837158e-01
-1.034963607788085938e+00,-2.164697051048278809e-01
-7.780140042304992676e-01,-3.662785282358527184e-03
-4.308587312698364258e-01,6.620453298091888428e-02
-2.233940809965133667e-01,3.685664236545562744e-01
2.012568265199661255e-01,8.246202766895294189e-02
4.350741207599639893e-01,-2.004166319966316223e-02
7.484381794929504395e-01,3.252756893634796143e-01
7.484381794929504395e-01,4.949175119400024414e-01
7.484381794929504395e-01,3.763957023620605469e-01
6.978898644447326660e-01,-8.790560066699981689e-03
6.978898644447326660e-01,1.321923285722732544e-01
6.978898644447326660e-01,5.850528478622436523e-01
7.742968797683715820e-01,4.701038897037506104e-01
7.810249328613281250e-01,6.485757231712341309e-01
7.810249328613281250e-01,4.936090409755706787e-01
7.810249328613281250e-01,9.579356908798217773e-01
5.749814510345458984e-01,1.086965352296829224e-01
5.389374494552612305e-01,2.192906439304351807e-01
5.017040967941284180e-01,5.779302865266799927e-02
4.912416636943817139e-01,2.779438346624374390e-02
4.607262313365936279e-01,-2.693510353565216064e-01
3.409474790096282959e-01,-1.185382306575775146e-01
9.248983114957809448e-02,2.898599207401275635e-01
-2.106488868594169617e-02,-1.931288838386535645e-01
-2.106488868594169617e-02,-6.328537315130233765e-02
-2.106488868594169617e-02,-3.982406109571456909e-02
2.763585746288299561e-01,4.766588211059570312e-01
6.033046245574951172e-01,4.862237870693206787e-01
9.219149947166442871e-01,5.552440881729125977e-01
1.146701097488403320e+00,4.533481895923614502e-01
1.287843227386474609e+00,3.584787249565124512e-01
1.428088188171386719e+00,5.185459852218627930e-01
1.428088188171386719e+00,5.201944112777709961e-01
1.428088188171386719e+00,6.208419799804687500e-01
1.425296187400817871e+00,7.873870134353637695e-01
1.097664833068847656e+00,9.555997848510742188e-01
8.534203171730041504e-01,8.320565819740295410e-01
8.534203171730041504e-01,8.817487359046936035e-01
8.534203171730041504e-01,1.051689386367797852e+00
1.050210833549499512e+00,1.015949249267578125e+00
1.514468789100646973e+00,7.835091352462768555e-01
1.704269289970397949e+00,1.021821498870849609e+00
1.772461652755737305e+00,1.042918920516967773e+00
1.780545353889465332e+00,8.631737828254699707e-01
1.787021279335021973e+00,1.312101244926452637e+00
1.866230487823486328e+00,1.211678504943847656e+00
2.103812456130981445e+00,1.258439064025878906e+00
2.103812456130981445e+00,1.495721817016601562e+00
2.103812456130981445e+00,1.240160822868347168e+00
1.990625619888305664e+00,1.749580740928649902e+00
1.443318247795104980e+00,1.312478542327880859e+00
1.093779206275939941e+00,1.443837165832519531e+00
9.464231133460998535e-01,1.153748273849487305e+00
6.334521770477294922e-01,9.549092650413513184e-01
1.580211669206619263e-01,6.997850537300109863e-01
1.580211669206619263e-01,6.443067789077758789e-01
1.580211669206619263e-01,4.748925864696502686e-01
4.098453223705291748e-01,4.674301445484161377e-01
5.328242778778076172e-01,5.390847325325012207e-01
7.399613857269287109e-01,1.248012632131576538e-01
8.075287342071533203e-01,4.348405301570892334e-01
8.075287342071533203e-01,2.571639791131019592e-02
8.075287342071533203e-01,4.042744934558868408e-01
7.532914280891418457e-01,6.791157126426696777e-01
6.127490401268005371e-01,3.818130195140838623e-01
4.151924550533294678e-01,2.245443463325500488e-01
3.611718118190765381e-01,-3.981924429535865784e-02
3.611718118190765381e-01,-3.549353405833244324e-02
3.611718118190765381e-01,-1.023461110889911652e-02
5.290243625640869141e-01,-1.201947592198848724e-02
7.717720270156860352e-01,3.709850609302520752e-01
8.207277655601501465e-01,8.050191998481750488e-01
9.418218731880187988e-01,5.022127032279968262e-01
9.418218731880187988e-01,5.750810503959655762e-01
9.418218731880187988e-01,7.746550440788269043e-01
7.590417265892028809e-01,7.560799717903137207e-01
3.967521786689758301e-01,7.307666540145874023e-01
1.227331236004829407e-01,5.611410140991210938e-01
1.227331236004829407e-01,5.070151090621948242e-01
1.227331236004829407e-01,6.703683137893676758e-01
4.804314970970153809e-01,1.006672143936157227e+00
1.064715147018432617e+00,8.606735467910766602e-01
1.343859553337097168e+00,8.774847984313964844e-01
1.449456572532653809e+00,3.167216181755065918e-01
1.507498979568481445e+00,6.301366090774536133e-01
1.557316422462463379e+00,1.103958964347839355e+00
1.957988381385803223e+00,1.259590387344360352e+00
2.104487657546997070e+00,1.730883955955505371e+00
2.104487657546997070e+00,1.219522356986999512e+00
2.104487657546997070e+00,1.073642730712890625e+00
1.775374531745910645e+00,7.162755727767944336e-01
1.548844695091247559e+00,3.959771692752838135e-01
1.132731080055236816e+00,5.923367738723754883e-01
7.589005827903747559e-01,5.650348663330078125e-01
7.365444302558898926e-01,6.230889558792114258e-01
6.188622117042541504e-01,6.410285830497741699e-01
5.790081620216369629e-01,5.220226049423217773e-01
1.632826179265975952e-01,4.793620705604553223e-01
-2.574826776981353760e-01,1.710716336965560913e-01
-3.222429156303405762e-01,2.109256386756896973e-01
-3.222429156303405762e-01,5.825837850570678711e-01
-3.222429156303405762e-01,4.307469725608825684e-01
-1.050617173314094543e-01,5.436056256294250488e-01
7.202861458063125610e-02,3.123973011970520020e-01
3.259644210338592529e-01,2.288897484540939331e-01
7.970461249351501465e-01,5.687119960784912109e-01
1.358575582504272461e+00,6.996756792068481445e-01
1.601655840873718262e+00,6.447921991348266602e-01
1.601655840873718262e+00,8.523744344711303711e-01
1.601655840873718262e+00,6.041811704635620117e-01
1.348047614097595215e+00,3.904751837253570557e-01
1.124596953392028809e+00,5.620152950286865234e-01
8.645581007003784180e-01,4.258181154727935791e-01
7.501264810562133789e-01,2.624942064285278320e-01
7.456108927726745605e-01,1.428630053997039795e-01
6.877701282501220703e-01,1.080858781933784485e-01
6.852704286575317383e-01,-6.288165226578712463e-03
6.852704286575317383e-01,3.645928204059600830e-01
6.852704286575317383e-01,7.237746715545654297e-01
1.409416079521179199e+00,1.189741611480712891e+00
1.409416079521179199e+00,1.047062158584594727e+00
1.409416079521179199e+00,7.189821004867553711e-01
1.331960797309875488e+00,4.449532032012939453e-01
1.130115509033203125e+00,3.793855905532836914e-01
6.559645533561706543e-01,2.736474573612213135e-01
2.991783618927001953e-01,3.244694769382476807e-01
2.959731221199035645e-01,3.436208069324493408e-01
2.959731221199035645e-01,5.860567092895507812e-01
2.959731221199035645e-01,9.553562998771667480e-01
4.058740437030792236e-01,4.766928851604461670e-01
4.488123655319213867e-01,2.023138552904129028e-01
4.708560407161712646e-01,8.324542045593261719e-01
6.616896390914916992e-01,7.947639822959899902e-01
9.436210393905639648e-01,5.332798957824707031e-01
1.306737065315246582e+00,7.390233278274536133e-01
1.575152039527893066e+00,3.453322947025299072e-01
1.616840481758117676e+00,3.538117706775665283e-01
1.616840481758117676e+00,9.147003889083862305e-01
1.616840481758117676e+00,1.240732192993164062e+00
1.401009917259216309e+00,7.429249882698059082e-01
1.108515262603759766e+00,4.293620884418487549e-01
8.855484724044799805e-01,5.266402959823608398e-01
6.618408560752868652e-01,1.534127071499824524e-02
3.358876109123229980e-01,-9.586104750633239746e-02
3.358876109123229980e-01,2.913738414645195007e-02
3.358876109123229980e-01,2.181616574525833130e-01
3.963691592216491699e-01,2.817450463771820068e-01
4.561753571033477783e-01,2.111501842737197876e-01
4.597989320755004883e-01,3.334713280200958252e-01
5.501155257225036621e-01,5.917184948921203613e-01
6.089037656784057617e-01,1.926404386758804321e-01
7.937703132629394531e-01,-9.221972525119781494e-02
1.125312566757202148e+00,-4.800355061888694763e-02
1.253472447395324707e+00,-1.364810913801193237e-01
1.253472447395324707e+00,6.392922401428222656e-01
1.253472447395324707e+00,7.410141229629516602e-01
1.233923435211181641e+00,7.858149409294128418e-01
1.029538035392761230e+00,9.659121036529541016e-01
1.029538035392761230e+00,1.019957661628723145e+00
1.029538035392761230e+00,1.091421961784362793e+00
1.230743288993835449e+00,7.195154428482055664e-01
1.230743288993835449e+00,6.342580318450927734e-01
1.230743288993835449e+00,-1.996164396405220032e-02
1.193928241729736328e+00,-1.022293269634246826e-01
1.193928241729736328e+00,-1.319869309663772583e-01
1.156221151351928711e+00,1.326616969890892506e-03
1.122918725013732910e+00,5.500392913818359375e-01
1.122918725013732910e+00,4.079773128032684326e-01
1.004097580909729004e+00,2.546244263648986816e-01
8.041874170303344727e-01,6.093459129333496094e-01
5.606989264488220215e-01,5.146641731262207031e-01
5.606989264488220215e-01,1.048583507537841797e+00
5.606989264488220215e-01,6.738142371177673340e-01
7.591223120689392090e-01,3.739407062530517578e-01
9.589064717292785645e-01,2.572003901004791260e-01
1.255710005760192871e+00,5.083230137825012207e-01
1.531074643135070801e+00,8.620651960372924805e-01
1.670719981193542480e+00,1.128337860107421875e+00
1.673370838165283203e+00,1.536992311477661133e+00
1.673370838165283203e+00,1.064455270767211914e+00
1.670719981193542480e+00,1.228258848190307617e+00
1.559609532356262207e+00,9.364740252494812012e-01
1.411442041397094727e+00,7.772414684295654297e-01
1.171763658523559570e+00,6.535184383392333984e-01
8.018187284469604492e-01,8.906428813934326172e-01
4.035204946994781494e-01,8.540084362030029297e-01
1.404880136251449585e-01,9.540196657180786133e-01
-7.432476617395877838e-03,9.470858573913574219e-01
-8.066952228546142578e-02,8.102142214775085449e-01
-1.851678788661956787e-01,4.276392161846160889e-01
-1.851678788661956787e-01,4.675371944904327393e-01
-1.851678788661956787e-01,7.265977859497070312e-01
-8.143556118011474609e-02,6.896595358848571777e-01
-8.143556118011474609e-02,7.430472373962402344e-01
-8.143556118011474609e-02,9.049935638904571533e-02
-1.109531372785568237e-01,-4.944902658462524414e-02
-2.529066205024719238e-01,-1.844857335090637207e-01
-2.529066205024719238e-01,-4.847933948040008545e-01
-2.529066205024719238e-01,4.403210580348968506e-01
-2.260903269052505493e-01,-3.883522376418113708e-02
6.103196740150451660e-02,-8.345931023359298706e-02
4.075875282287597656e-01,1.814884394407272339e-01
7.287328839302062988e-01,2.086200267076492310e-01
1.096818089485168457e+00,3.023644685745239258e-01
1.287732362747192383e+00,2.415528595447540283e-01
1.386616468429565430e+00,2.524213492870330811e-01
1.437600731849670410e+00,3.155746757984161377e-01
1.488584876060485840e+00,4.093485474586486816e-01
-2.964295864105224609e+00,-2.457968145608901978e-01
-2.964295864105224609e+00,-6.449466943740844727e-01
-2.964295864105224609e+00,-4.338529407978057861e-01
-3.104249000549316406e+00,-4.451402723789215088e-01
-3.122273921966552734e+00,-4.240908622741699219e-01
-3.122273921966552734e+00,-4.153941571712493896e-01
-3.122273921966552734e+00,-6.449466943740844727e-01
-3.191372632980346680e+00,-6.449466943740844727e-01
-3.191372632980346680e+00,-6.449466943740844727e-01
-3.336077451705932617e+00,-6.449466943740844727e-01
-3.336077451705932617e+00,-6.449466943740844727e-01
-3.336077451705932617e+00,-6.449466943740844727e-01
-3.276102542877197266e+00,-6.449466943740844727e-01
-3.251848459243774414e+00,-6.449466943740844727e-01
-3.209893465042114258e+00,-6.449466943740844727e-01
-3.208790302276611328e+00,-6.449466943740844727e-01
-3.190719842910766602e+00,-6.449466943740844727e-01
-3.190719842910766602e+00,-6.449466943740844727e-01
-3.165534496307373047e+00,-6.449466943740844727e-01
-3.165534496307373047e+00,-6.449466943740844727e-01
-3.165534496307373047e+00,-6.449466943740844727e-01
-3.123260736465454102e+00,-6.449466943740844727e-01
-3.108064651489257812e+00,-1.907854080200195312e+00
-3.102174282073974609e+00,-1.939959049224853516e+00
-3.000330448150634766e+00,-2.011398792266845703e+00
-2.634307384490966797e+00,-1.968729972839355469e+00
-2.322895288467407227e+00,-1.413259506225585938e+00
-2.112947940826416016e+00,-6.449466943740844727e-01
-2.000168561935424805e+00,-3.033743798732757568e-01
-1.779832124710083008e+00,-2.381518632173538208e-01
-1.727326273918151855e+00,-2.875300049781799316e-01
-1.643598198890686035e+00,-1.331583708524703979e-01
-1.536218285560607910e+00,-2.490132749080657959e-01
-1.356678128242492676e+00,-3.730380833148956299e-01
-1.236019849777221680e+00,-6.449466943740844727e-01
-1.216001272201538086e+00,-6.449466943740844727e-01
-1.216001272201538086e+00,-6.449466943740844727e-01
-1.236019849777221680e+00,-6.449466943740844727e-01
-1.179647922515869141e+00,-6.449466943740844727e-01
-1.381038546562194824e+00,-6.449466943740844727e-01
-1.381038546562194824e+00,-5.685226321220397949e-01
-1.267884731292724609e+00,-6.723196506500244141e-01
-1.229760289192199707e+00,-8.193988800048828125e-01
-1.229760289192199707e+00,-5.087900161743164062e-01
-1.227634906768798828e+00,-3.273509442806243896e-01
-1.145075798034667969e+00,-3.371749520301818848e-01
-1.054880738258361816e+00,-1.357891112565994263e-01
-7.024497389793395996e-01,-1.558881402015686035e-01
-4.921277463436126709e-01,-2.973361909389495850e-01
-4.921277463436126709e-01,-4.376043975353240967e-01
-4.758234024047851562e-01,-1.046307086944580078e+00
-4.344502091407775879e-01,1.893274113535881042e-02
-3.939777910709381104e-01,3.989291787147521973e-01
-1.365998685359954834e-01,3.989366888999938965e-01
1.133849471807479858e-01,3.774776458740234375e-01
2.276671826839447021e-01,2.321518510580062866e-01
5.250317454338073730e-01,1.637987643480300903e-01
1.177731871604919434e+00,5.491696000099182129e-01
1.653675079345703125e+00,9.976822733879089355e-01
1.806557416915893555e+00,1.166834115982055664e+00
1.858152508735656738e+00,8.652489185333251953e-01
1.858152508735656738e+00,6.690252423286437988e-01
1.858152508735656738e+00,2.582238316535949707e-01
1.805651664733886719e+00,-4.248310327529907227e-01
1.676952600479125977e+00,-4.556603729724884033e-01
1.480541348457336426e+00,-1.347306817770004272e-01
1.166801571846008301e+00,2.450369298458099365e-01
8.433207273483276367e-01,1.097950190305709839e-01
3.438875377178192139e-01,2.950933575630187988e-01
-1.527574658393859863e-01,-1.868239045143127441e-02
-4.287978410720825195e-01,-2.076105028390884399e-01
-4.287978410720825195e-01,-1.820740997791290283e-01
-4.287978410720825195e-01,-3.916909694671630859e-01
-3.032614588737487793e-01,-3.038830161094665527e-01
-1.567804068326950073e-01,7.768529653549194336e-02
5.111266300082206726e-02,3.093228116631507874e-02
1.235005185008049011e-01,1.681281179189682007e-01
1.249831914901733398e-01,2.749380171298980713e-01
1.952001750469207764e-01,4.860965907573699951e-01
4.029768705368041992e-01,4.829564988613128662e-01
6.599044203758239746e-01,6.112899780273437500e-01
8.045434951782226562e-01,6.551491618156433105e-01
1.095263838768005371e+00,6.843635439872741699e-01
1.451049804687500000e+00,4.236121475696563721e-01
1.594919800758361816e+00,7.841044664382934570e-01
1.594919800758361816e+00,9.633845090866088867e-01
1.594919800758361816e+00,1.144133925437927246e+00
1.381531238555908203e+00,1.204171299934387207e+00
1.250332355499267578e+00,1.489863991737365723e+00
9.728497266769409180e-01,1.223339080810546875e+00
5.675738453865051270e-01,1.341451883316040039e+00
-1.081045810133218765e-02,1.281320333480834961e+00
-8.798847794532775879e-01,1.066971540451049805e+00
-1.371241688728332520e+00,1.063257455825805664e+00
-1.906309723854064941e+00,9.225988984107971191e-01
-2.694393634796142578e+00,4.311215877532958984e-01
-2.953775405883789062e+00,2.782349288463592529e-02
-2.953775405883789062e+00,-7.722485065460205078e-01
-2.953775405883789062e+00,-6.449466943740844727e-01
-2.951336383819580078e+00,-6.449466943740844727e-01
-2.951336383819580078e+00,-6.449466943740844727e-01
-2.951336383819580078e+00,-6.449466943740844727e-01
-2.956244945526123047e+00,-6.449466943740844727e-01
-2.960414648056030273e+00,-1.416590213775634766e+00
-2.960414648056030273e+00,-1.661600917577743530e-01
-2.960414648056030273e+00,-5.773447081446647644e-02
-2.582454204559326172e+00,8.864647150039672852e-02
-2.035545110702514648e+00,5.186197757720947266e-01
-1.683686017990112305e+00,4.342118501663208008e-01
-1.289396166801452637e+00,-3.354820907115936279e-01
-9.262676835060119629e-01,-4.146136939525604248e-01
-7.143769264221191406e-01,-2.849502861499786377e-01
-4.274922907352447510e-01,1.371666043996810913e-01
-2.269822210073471069e-01,1.485362797975540161e-01
-1.882094331085681915e-02,1.556682139635086060e-01
2.470481991767883301e-01,2.881009578704833984e-01
4.965067505836486816e-01,-1.364350914955139160e-01
8.295819759368896484e-01,1.777454167604446411e-01
1.045971274375915527e+00,2.034112066030502319e-01
1.137917280197143555e+00,-1.706709526479244232e-02
1.151570081710815430e+00,2.012224942445755005e-01
1.198706984519958496e+00,-3.037832677364349365e-01
1.390396833419799805e+00,-1.428261846303939819e-01
1.415713667869567871e+00,1.421624124050140381e-01
1.415713667869567871e+00,5.826372504234313965e-01
1.415713667869567871e+00,1.695581078529357910e-01
1.285749435424804688e+00,-2.632178366184234619e-02
1.109756588935852051e+00,7.466184347867965698e-02
8.657227754592895508e-01,-7.830850780010223389e-02
6.917641758918762207e-01,-4.530007243156433105e-01
6.308733820915222168e-01,-4.287281632423400879e-01
6.120439171791076660e-01,-6.381508708000183105e-02
5.699977278709411621e-01,4.789667427539825439e-01
4.406661093235015869e-01,6.986259222030639648e-01
1.235511228442192078e-01,5.197824239730834961e-01
-1.107359491288661957e-02,3.766483068466186523e-01
-1.107359491288661957e-02,4.625357687473297119e-01
-1.107359491288661957e-02,1.382706612348556519e-01
8.428811281919479370e-02,1.902033574879169464e-02
4.158250093460083008e-01,3.122995197772979736e-01
6.591959595680236816e-01,-5.098670721054077148e-03
8.135610222816467285e-01,5.246189236640930176e-01
8.135610222816467285e-01,4.036643505096435547e-01
8.135610222816467285e-01,4.695774614810943604e-01
7.472910881042480469e-01,3.828877806663513184e-01
4.380600452423095703e-01,4.770179390907287598e-01
1.648939251899719238e-01,4.274464547634124756e-01
1.648939251899719238e-01,1.494427174329757690e-01
1.648939251899719238e-01,3.993004262447357178e-01
3.038199245929718018e-01,5.624994039535522461e-01
3.038199245929718018e-01,4.978963434696197510e-01
3.038199245929718018e-01,2.721203863620758057e-01
6.910715252161026001e-02,1.919139772653579712e-01
-1.724370419979095459e-01,1.607047915458679199e-01
-4.559616446495056152e-01,-7.554068416357040405e-02
-4.720838069915771484e-01,-1.292433887720108032e-01
-5.627140998840332031e-01,1.066736727952957153e-01
-6.153970956802368164e-01,1.538912206888198853e-01
-7.457154989242553711e-01,3.792785704135894775e-01
-1.251848578453063965e+00,4.128638803958892822e-01
-1.871712327003479004e+00,3.584672510623931885e-01
-2.716588258743286133e+00,-3.237415254116058350e-01
-3.260096788406372070e+00,-7.935742139816284180e-01
-3.332079887390136719e+00,-5.910310745239257812e-01
-3.332079887390136719e+00,-6.449466943740844727e-01
-3.332079887390136719e+00,-6.449466943740844727e-01
-3.043095111846923828e+00,-6.449466943740844727e-01
-2.638386011123657227e+00,-6.449466943740844727e-01
-2.340717792510986328e+00,-6.449466943740844727e-01
-2.255183219909667969e+00,-6.449466943740844727e-01
-2.255183219909667969e+00,-6.449466943740844727e-01
-2.255183219909667969e+00,-6.449466943740844727e-01
-2.331098079681396484e+00,-6.449466943740844727e-01
-2.503427267074584961e+00,-6.449466943740844727e-01
-2.836988449096679688e+00,-6.449466943740844727e-01
-3.245153665542602539e+00,-6.449466943740844727e-01
-3.357973575592041016e+00,-6.449466943740844727e-01
-3.357973575592041016e+00,-3.335531651973724365e-01
-3.357973575592041016e+00,-2.859859764575958252e-01
-3.045195102691650391e+00,1.448679622262716293e-02
-2.401871681213378906e+00,3.185302913188934326e-01
-1.665064096450805664e+00,3.471150696277618408e-01
-1.240736126899719238e+00,4.679177701473236084e-01
-9.490543007850646973e-01,5.126967430114746094e-01
-7.555628418922424316e-01,6.031002402305603027e-01
-4.589016735553741455e-01,6.631313562393188477e-01
-2.312025129795074463e-01,6.034265756607055664e-01
4.703910648822784424e-02,8.123703002929687500e-01
3.231047987937927246e-01,4.632086455821990967e-01
4.707952439785003662e-01,2.454171925783157349e-01
4.707952439785003662e-01,5.430256724357604980e-01
4.707952439785003662e-01,-5.794296413660049438e-02
2.293522655963897705e-01,1.053482592105865479e-01
2.608938515186309814e-02,2.557394206523895264e-01
-1.334675252437591553e-01,5.982736349105834961e-01
-1.785347163677215576e-01,5.017411708831787109e-01
-2.101313471794128418e-01,3.419500887393951416e-01
-3.032614588737487793e-01,3.208014070987701416e-01
-3.752698004245758057e-01,1.882380545139312744e-01
-3.913413584232330322e-01,4.079870283603668213e-01
-4.089462161064147949e-01,4.681142568588256836e-01
-5.121362209320068359e-01,3.974401056766510010e-01
-6.765004396438598633e-01,3.356724083423614502e-01
-9.026460647583007812e-01,3.634988367557525635e-01
-1.198082685470581055e+00,5.577251315116882324e-01
-1.515607595443725586e+00,3.780925273895263672e-01
-1.817592144012451172e+00,1.996824890375137329e-01
-2.345580816268920898e+00,2.736401855945587158e-01
-2.795944213867187500e+00,-2.256532758474349976e-01
-2.800746440887451172e+00,-6.449466943740844727e-01
-2.846101999282836914e+00,-6.449466943740844727e-01
-2.846101999282836914e+00,-6.449466943740844727e-01
-2.806586027145385742e+00,-6.449466943740844727e-01
-2.806586027145385742e+00,-6.449466943740844727e-01
-2.806586027145385742e+00,-6.449466943740844727e-01
-2.794061660766601562e+00,-6.449466943740844727e-01
-2.794061660766601562e+00,-6.449466943740844727e-01
-2.794061660766601562e+00,-6.449466943740844727e-01
-2.858347892761230469e+00,-6.449466943740844727e-01
-2.922371149063110352e+00,-6.449466943740844727e-01
-2.946650505065917969e+00,-1.013318777084350586e+00
-2.946650505065917969e+00,-1.112180709838867188e+00
-2.946650505065917969e+00,-1.136634588241577148e+00
-2.425336599349975586e+00,-1.140377759933471680e+00
-2.374459981918334961e+00,-6.449466943740844727e-01
-2.366348266601562500e+00,-3.087677359580993652e-01
-2.327960729598999023e+00,-4.977518692612648010e-02
-1.894180178642272949e+00,3.581402450799942017e-02
-1.450319290161132812e+00,3.325181901454925537e-01
-1.397707223892211914e+00,4.184775352478027344e-01
-1.358752846717834473e+00,3.891706466674804688e-01
-9.714411497116088867e-01,5.504227876663208008e-01
-4.744267463684082031e-01,3.319315612316131592e-01
-4.076754674315452576e-02,6.172788739204406738e-01
3.129234313964843750e-01,3.525727093219757080e-01
5.596949458122253418e-01,3.721632659435272217e-01
7.669909000396728516e-01,1.107561349868774414e+00
7.669909000396728516e-01,8.472023010253906250e-01
7.669909000396728516e-01,7.232586741447448730e-01
7.057256102561950684e-01,7.132871150970458984e-01
4.670961499214172363e-01,5.665036439895629883e-01
1.030214130878448486e-01,-1.336394548416137695e-01
-1.072095334529876709e-01,3.837713226675987244e-02
-2.327762842178344727e-01,3.469263613224029541e-01
-2.327762842178344727e-01,4.495747089385986328e-01
-2.327762842178344727e-01,5.940093398094177246e-01
1.414798349142074585e-01,1.391432404518127441e+00
2.745307981967926025e-01,1.360857725143432617e+00
2.745307981967926025e-01,1.299343109130859375e+00
2.745307981967926025e-01,1.082960128784179688e+00
1.652228534221649170e-01,1.170946836471557617e+00
1.141389310359954834e-01,1.014631032943725586e+00
7.519471645355224609e-02,1.075949072837829590e+00
7.519471645355224609e-02,6.490654945373535156e-01
3.604303300380706787e-02,-7.992399334907531738e-01
3.604303300380706787e-02,-1.250781655311584473e+00
-6.567443162202835083e-02,-1.581330299377441406e+00
-2.394002377986907959e-01,-6.255153417587280273e-01
-2.394002377986907959e-01,6.691414117813110352e-01
-2.394002377986907959e-01,8.533992171287536621e-01
-1.744763404130935669e-01,1.010782957077026367e+00
-6.579588353633880615e-02,7.936978340148925781e-01
1.232019662857055664e-01,4.844697415828704834e-01
2.480147182941436768e-01,-6.775914430618286133e-01
2.480147182941436768e-01,-4.874567985534667969e-01
2.480147182941436768e-01,-4.075441658496856689e-01
2.480147182941436768e-01,2.507739961147308350e-01
2.480147182941436768e-01,2.654737532138824463e-01
2.623202502727508545e-01,4.234278500080108643e-01
2.623202502727508545e-01,1.169082999229431152e+00
2.623202502727508545e-01,7.488383650779724121e-01
1.608456671237945557e-01,5.657241344451904297e-01
1.603042185306549072e-01,5.162488222122192383e-01
1.603042185306549072e-01,4.219811856746673584e-01
1.608456671237945557e-01,8.017919063568115234e-01
2.582871615886688232e-01,8.261642456054687500e-01
5.555859804153442383e-01,4.092795550823211670e-01
6.783543229103088379e-01,4.142746031284332275e-01
6.792550683021545410e-01,9.048413634300231934e-01
6.792550683021545410e-01,9.501613378524780273e-01
6.792550683021545410e-01,1.035989642143249512e+00
6.792550683021545410e-01,8.483575582504272461e-01
6.792550683021545410e-01,8.771321773529052734e-01
7.418664097785949707e-01,7.646589875221252441e-01
9.111492633819580078e-01,6.100541949272155762e-01
9.111492633819580078e-01,8.392666578292846680e-01
9.111492633819580078e-01,3.987056314945220947e-01
7.678461074829101562e-01,1.145844936370849609e+00
4.402967095375061035e-01,5.975606441497802734e-01
4.402967095375061035e-01,7.535769343376159668e-01
4.402967095375061035e-01,1.044012427330017090e+00
7.230015397071838379e-01,1.320502400398254395e+00
7.230015397071838379e-01,1.514053821563720703e+00
7.230015397071838379e-01,1.225677490234375000e+00
5.590624213218688965e-01,1.043746709823608398e+00
2.592739462852478027e-01,5.076250433921813965e-01
2.248991876840591431e-01,9.655693173408508301e-02
1.559624671936035156e-01,-1.901987642049789429e-01
9.611913561820983887e-02,4.625755921006202698e-02
9.611913561820983887e-02,1.826011240482330322e-01
9.611913561820983887e-02,3.676710128784179688e-01
9.502610564231872559e-02,4.452634155750274658e-01
9.502610564231872559e-02,5.923479795455932617e-01
9.502610564231872559e-02,3.683502674102783203e-01
9.502610564231872559e-02,1.957518160343170166e-01
9.502610564231872559e-02,2.063023895025253296e-01
9.509695321321487427e-02,1.895047575235366821e-01
9.628612548112869263e-02,-2.676734030246734619e-01
1.132837384939193726e-01,-4.285340309143066406e-01
9.628612548112869263e-02,-2.321832329034805298e-01
9.628612548112869263e-02,-7.919529080390930176e-02
3.357359766960144043e-02,-5.611616000533103943e-02
3.357359766960144043e-02,4.108078777790069580e-01
3.357359766960144043e-02,4.836593270301818848e-01
7.585761696100234985e-02,4.140834510326385498e-01
7.585761696100234985e-02,6.121557354927062988e-01
7.585761696100234985e-02,4.866570532321929932e-01
-2.488579750061035156e-01,5.970364809036254883e-01
-3.540316224098205566e-01,6.602642536163330078e-01
-3.540316224098205566e-01,5.011632442474365234e-01
-3.540316224098205566e-01,1.538738459348678589e-01
1.802216321229934692e-01,1.668822467327117920e-01
2.833104431629180908e-01,-1.047188520431518555e+00
3.277349770069122314e-01,-5.889794826507568359e-01
4.269425272941589355e-01,-4.523596167564392090e-01
6.161731481552124023e-01,-2.685809433460235596e-01
7.459905743598937988e-01,-1.790221482515335083e-01
7.921963334083557129e-01,-5.082420706748962402e-01
8.448843955993652344e-01,2.869426012039184570e-01
8.448843955993652344e-01,5.554286241531372070e-01
8.448843955993652344e-01,5.112267136573791504e-01
6.934290528297424316e-01,5.026268362998962402e-01
4.480997323989868164e-01,5.472638010978698730e-01
2.053612917661666870e-01,8.662919402122497559e-01
9.985364973545074463e-02,9.461827278137207031e-01
3.601773083209991455e-02,1.017298340797424316e+00
-2.956399880349636078e-02,7.552558183670043945e-01
-2.956399880349636078e-02,7.188558578491210938e-01
-2.956399880349636078e-02,4.214240014553070068e-01
2.833914160728454590e-01,5.786244869232177734e-01
4.595714807510375977e-01,6.992649435997009277e-01
5.029231905937194824e-01,6.302864551544189453e-01
5.490682721138000488e-01,9.023207426071166992e-01
5.490682721138000488e-01,9.274559617042541504e-01
5.490682721138000488e-01,1.355391740798950195e+00
3.697558641433715820e-01,9.996235370635986328e-01
-3.566680550575256348e-01,8.170314431190490723e-01
-9.810658693313598633e-01,5.311434268951416016e-01
-1.226617813110351562e+00,2.891282439231872559e-01
-1.285676836967468262e+00,1.887119859457015991e-01
-1.285676836967468262e+00,-4.839406311511993408e-01
-1.285676836967468262e+00,-3.614757061004638672e-01
-1.094265222549438477e+00,-9.790411219000816345e-03
-9.509924054145812988e-01,-1.394280642271041870e-01
-6.805942654609680176e-01,1.500584185123443604e-01
-6.693502068519592285e-01,1.378691494464874268e-01
-6.615168452262878418e-01,2.477252632379531860e-01
-5.347254872322082520e-01,3.410114347934722900e-01
-5.026683807373046875e-01,1.311244517564773560e-01
-4.826295077800750732e-01,3.242648020386695862e-02
-4.471060931682586670e-01,-5.014293268322944641e-02
-4.465241432189941406e-01,-3.698883354663848877e-01
-4.233731925487518311e-01,-3.246202766895294189e-01
-3.756594359874725342e-01,-2.156828492879867554e-01
-3.233357369899749756e-01,-1.997428685426712036e-01
-2.599501907825469971e-01,-8.849404007196426392e-02
-2.599501907825469971e-01,2.115854471921920776e-01
-3.233357369899749756e-01,4.415553510189056396e-01
-3.233357369899749756e-01,5.272912979125976562e-01
-2.781066000461578369e-01,5.261792540550231934e-01
-3.845858275890350342e-01,2.132634669542312622e-01
-3.845858275890350342e-01,-2.078696042299270630e-01
-4.159901738166809082e-01,1.069285273551940918e-01
-5.018233060836791992e-01,-1.595596224069595337e-01
-5.018233060836791992e-01,-1.842340677976608276e-01
-5.135328769683837891e-01,-7.174015045166015625e-02
-5.135328769683837891e-01,-2.070394009351730347e-01
-5.135328769683837891e-01,-5.199698805809020996e-01
-6.623619198799133301e-01,-2.455918192863464355e-01
-6.623619198799133301e-01,-2.784480154514312744e-01
-6.623619198799133301e-01,5.821444094181060791e-02
-6.560364961624145508e-01,4.918600618839263916e-01
-4.049232602119445801e-01,6.917555928230285645e-01
-2.915670573711395264e-01,7.741007804870605469e-01
1.328317523002624512e-01,5.346577167510986328e-01
6.727829575538635254e-01,3.825885355472564697e-01
1.077249169349670410e+00,1.208915591239929199e+00
1.152440428733825684e+00,1.118491172790527344e+00
1.340375661849975586e+00,7.704067230224609375e-01
1.462339401245117188e+00,1.254804015159606934e+00
1.462339401245117188e+00,1.166335582733154297e+00
1.462339401245117188e+00,9.353442192077636719e-01
1.165485978126525879e+00,8.294473886489868164e-01
7.217414975166320801e-01,7.130764722824096680e-01
2.645467817783355713e-01,5.246732831001281738e-01
-1.474542468786239624e-01,3.762395679950714111e-01
-6.236454248428344727e-01,3.100435137748718262e-01
-7.229794859886169434e-01,7.188276052474975586e-01
-7.229794859886169434e-01,6.408753991127014160e-01
-7.229794859886169434e-01,5.215089917182922363e-01
-5.612769722938537598e-01,6.541666388511657715e-01
-3.263871073722839355e-01,6.111388206481933594e-01
-2.110314741730690002e-02,5.173079967498779297e-01
2.609033584594726562e-01,3.067949116230010986e-01
5.064654350280761719e-01,5.041713118553161621e-01
7.003667354583740234e-01,4.684324562549591064e-01
9.407420158386230469e-01,6.270853281021118164e-01
1.092632532119750977e+00,1.722407937049865723e-01
1.092632532119750977e+00,5.942377820611000061e-02
1.092632532119750977e+00,-9.105073660612106323e-02
9.482008814811706543e-01,-5.443859845399856567e-02
8.248708248138427734e-01,-1.869825571775436401e-01
5.642745494842529297e-01,-2.102844864130020142e-01
3.343235254287719727e-01,-8.033670485019683838e-03
5.776192247867584229e-02,-8.793363720178604126e-02
-1.976981461048126221e-01,-1.814935952425003052e-01
-4.847295582294464111e-01,-1.834380179643630981e-01
-7.509326934814453125e-01,-4.015699923038482666e-01
-1.055816888809204102e+00,-4.482997655868530273e-01
-1.055816888809204102e+00,-2.974609136581420898e-01
-1.055816888809204102e+00,2.394488006830215454e-01
-1.023304343223571777e+00,1.901858001947402954e-01
-6.305426359176635742e-01,-1.527520120143890381e-01
-4.840767681598663330e-01,1.984628103673458099e-02
-3.382586240768432617e-01,-6.397202610969543457e-02
-1.545943617820739746e-01,1.953355818986892700e-01
2.004072517156600952e-01,1.979127079248428345e-01
4.602849781513214111e-01,3.514409661293029785e-01
4.602849781513214111e-01,8.066127896308898926e-01
4.602849781513214111e-01,8.221004605293273926e-01
2.587071657180786133e-01,1.457864284515380859e+00
-3.948532342910766602e-01,1.441539049148559570e+00
-1.116388916969299316e+00,1.498510599136352539e+00
-1.116388916969299316e+00,1.305521607398986816e+00
-1.116388916969299316e+00,1.119826316833496094e+00
-1.083522081375122070e+00,1.210924983024597168e+00
-9.743154048919677734e-01,3.605389297008514404e-01
-8.678209781646728516e-01,8.656791448593139648e-01
-6.883162856101989746e-01,9.225460886955261230e-01
-5.895844101905822754e-01,6.012197732925415039e-01
-3.405357599258422852e-01,6.272566914558410645e-01
-2.525165975093841553e-01,-5.920657142996788025e-02
-1.058584228157997131e-01,-1.579431742429733276e-01
7.543255388736724854e-02,2.647987604141235352e-01
1.922753155231475830e-01,1.110125109553337097e-01
3.186314702033996582e-01,1.248852759599685669e-01
3.578894138336181641e-01,1.414771378040313721e-01
3.784292638301849365e-01,1.309380382299423218e-01
3.827558457851409912e-01,-1.070915907621383667e-01
3.962770104408264160e-01,-1.106453165411949158e-01
4.045152068138122559e-01,-1.479169577360153198e-01
4.217860698699951172e-01,-2.127721309661865234e-01
4.577295184135437012e-01,-3.533892333507537842e-01
4.720552861690521240e-01,-3.230068087577819824e-01
4.863759875297546387e-01,-2.823971509933471680e-01
4.908847212791442871e-01,-1.045887991786003113e-01
4.990672469139099121e-01,-9.095621109008789062e-02
5.142583250999450684e-01,-2.886343300342559814e-01
5.155841112136840820e-01,-2.734923958778381348e-01
5.155841112136840820e-01,-2.078299373388290405e-01
5.142583250999450684e-01,-2.076977044343948364e-01
5.175424814224243164e-01,-1.794541180133819580e-01
5.175424814224243164e-01,-2.470662444829940796e-01
5.125783085823059082e-01,-6.449466943740844727e-01
5.097040534019470215e-01,-6.449466943740844727e-01
5.097040534019470215e-01,-6.449466943740844727e-01
4.794382750988006592e-01,-6.449466943740844727e-01
2.871107459068298340e-01,-6.449466943740844727e-01
1.712901741266250610e-01,-6.449466943740844727e-01
7.679946254938840866e-03,-6.449466943740844727e-01
-1.612486690282821655e-01,-6.449466943740844727e-01
-2.837286293506622314e-01,-6.449466943740844727e-01
-4.314039051532745361e-01,-3.152607381343841553e-01
-5.785174965858459473e-01,-2.060575783252716064e-01
-7.190880775451660156e-01,-1.160720437765121460e-01
-9.489176273345947266e-01,-2.361600846052169800e-01
-1.101273775100708008e+00,-2.292305976152420044e-01
-1.101273775100708008e+00,-4.741035699844360352e-01
-1.101273775100708008e+00,-4.693529903888702393e-01
-1.095970511436462402e+00,-1.029936000704765320e-01
-9.316568970680236816e-01,8.613827079534530640e-02
-7.994661927223205566e-01,3.271910250186920166e-01
-5.596172213554382324e-01,-1.298365741968154907e-01
-5.596172213554382324e-01,-3.844680488109588623e-01
-5.596172213554382324e-01,-9.002125263214111328e-01
-7.587205171585083008e-01,-3.106391727924346924e-01
-8.433796167373657227e-01,-2.057467550039291382e-01
-8.433796167373657227e-01,-3.476901948451995850e-01
-8.433796167373657227e-01,-2.584157288074493408e-01
-7.277311086654663086e-01,-1.816271804273128510e-02
-5.803897976875305176e-01,-6.726653873920440674e-02
-3.695718646049499512e-01,-1.392708867788314819e-01
-1.192372851073741913e-02,-8.249685168266296387e-02
1.429776847362518311e-01,-2.752115949988365173e-02
2.694148123264312744e-01,2.785939536988735199e-02
4.283847212791442871e-01,-6.534891575574874878e-02
5.765559077262878418e-01,1.098397076129913330e-01
5.765559077262878418e-01,7.410264015197753906e-02
5.765559077262878418e-01,4.445198550820350647e-02
5.675637125968933105e-01,-7.105629146099090576e-02
3.577781021595001221e-01,-5.230176076292991638e-02
1.842951923608779907e-01,3.159621963277459145e-03
-4.182009026408195496e-02,-1.441252678632736206e-01
-2.730058133602142334e-01,8.612769097089767456e-02
-4.462407529354095459e-01,-1.957343146204948425e-02
-6.083784103393554688e-01,-1.982172280550003052e-01
-7.589836716651916504e-01,-4.829336330294609070e-02
-8.201173543930053711e-01,-1.687069088220596313e-01
-8.201173543930053711e-01,-2.755302190780639648e-01
-8.201173543930053711e-01,-1.101910024881362915e-01
-6.218388676643371582e-01,-3.537238240242004395e-01
-3.325151503086090088e-01,-1.149374023079872131e-01
-4.221985489130020142e-02,8.026793599128723145e-02
1.536347121000289917e-01,1.900305896997451782e-01
3.427843749523162842e-01,4.584813416004180908e-01
5.897178053855895996e-01,3.281763792037963867e-01
7.122584581375122070e-01,4.978434145450592041e-01
7.122584581375122070e-01,7.470836043357849121e-01
7.948276996612548828e-01,7.159445881843566895e-01
8.220016360282897949e-01,7.018479704856872559e-01
8.220016360282897949e-01,8.010207414627075195e-01
1.113061070442199707e+00,3.556259572505950928e-01
1.264430403709411621e+00,6.754664182662963867e-01
1.300060033798217773e+00,9.563987255096435547e-01
1.300060033798217773e+00,8.556662797927856445e-01
1.300060033798217773e+00,5.592532157897949219e-01
1.025072216987609863e+00,3.976940512657165527e-01
6.337273716926574707e-01,5.161400437355041504e-01
3.961606025695800781e-01,1.878585964441299438e-01
3.953965008258819580e-01,3.740402758121490479e-01
3.023321926593780518e-01,5.688486695289611816e-01
7.058982551097869873e-02,5.140609741210937500e-01
-3.799448907375335693e-02,8.231319785118103027e-01
-1.665569543838500977e-01,1.044419050216674805e+00
-4.322894513607025146e-01,1.275057435035705566e+00
-8.116666078567504883e-01,6.644246578216552734e-01
-9.197803139686584473e-01,2.199409157037734985e-01
-9.197803139686584473e-01,-2.037506178021430969e-02
-9.197803139686584473e-01,-1.244683936238288879e-02
-8.547046184539794922e-01,1.811767742037773132e-02
-7.518384456634521484e-01,2.299360483884811401e-01
-6.945354342460632324e-01,1.952757835388183594e-01
-3.399588763713836670e-01,5.182889699935913086e-01
-1.571852415800094604e-01,6.175631284713745117e-01
-6.155533343553543091e-02,4.415422976016998291e-01
-6.155533343553543091e-02,1.310676485300064087e-01
-6.155533343553543091e-02,-2.205856591463088989e-01
-1.635460555553436279e-01,-2.061404734849929810e-01
-1.798959523439407349e-01,-3.389715775847434998e-02
-1.798959523439407349e-01,3.602764904499053955e-01
-1.798959523439407349e-01,3.114700913429260254e-01
3.130657598376274109e-02,3.426050245761871338e-01
2.063682973384857178e-01,3.854181468486785889e-01
4.769334197044372559e-01,-3.306331112980842590e-02
8.225987553596496582e-01,9.550400823354721069e-02
1.072264790534973145e+00,1.855193823575973511e-02
1.401489019393920898e+00,-6.192142143845558167e-02
1.666325926780700684e+00,7.282359898090362549e-02
1.858339667320251465e+00,-1.604807525873184204e-01
1.928455471992492676e+00,-2.291570305824279785e-01
1.928455471992492676e+00,5.943217501044273376e-02
1.928455471992492676e+00,4.517640173435211182e-01
1.925530672073364258e+00,3.885983526706695557e-01
1.722510695457458496e+00,8.843729496002197266e-01
1.406802415847778320e+00,5.113887190818786621e-01
9.270032048225402832e-01,-8.726984262466430664e-03
4.480491280555725098e-01,2.566220164299011230e-01
1.850441247224807739e-01,4.909612238407135010e-01
-6.310379505157470703e-02,5.461518764495849609e-01
-6.310379505157470703e-02,8.970924019813537598e-01
-6.310379505157470703e-02,6.671386957168579102e-01
8.219820261001586914e-02,3.099638223648071289e-01
1.900386512279510498e-01,2.755071222782135010e-01
1.900386512279510498e-01,5.751137733459472656e-01
1.900386512279510498e-01,6.501159071922302246e-01
2.647896707057952881e-01,8.531808257102966309e-01
2.647896707057952881e-01,6.641701459884643555e-01
3.447427153587341309e-01,5.356211662292480469e-01
4.636399745941162109e-01,5.024727582931518555e-01
4.636399745941162109e-01,4.763018488883972168e-01
4.636399745941162109e-01,2.641989290714263916e-01
1.721453666687011719e-01,5.255775451660156250e-01
7.736053317785263062e-02,1.784978955984115601e-01
5.373896658420562744e-02,2.232636064291000366e-01
2.808821201324462891e-02,-1.141898259520530701e-01
-9.262001141905784607e-03,2.533797323703765869e-01
-9.262001141905784607e-03,2.343606576323509216e-02
-9.262001141905784607e-03,-4.912128746509552002e-01
-7.202451117336750031e-03,-1.049872487783432007e-01
7.816574536263942719e-03,2.519826591014862061e-02
8.491053432226181030e-02,8.177374303340911865e-02
4.596473872661590576e-01,4.912182986736297607e-01
8.066030740737915039e-01,3.490873277187347412e-01
8.382351398468017578e-01,6.751690506935119629e-01
8.382351398468017578e-01,6.914941668510437012e-01
8.382351398468017578e-01,6.797683835029602051e-01
8.382351398468017578e-01,5.277812480926513672e-01
8.382351398468017578e-01,5.806596875190734863e-01
8.886358737945556641e-01,8.158370852470397949e-02
8.886358737945556641e-01,1.218269914388656616e-01
8.886358737945556641e-01,2.712868154048919678e-01
7.334713339805603027e-01,-2.538362741470336914e-01
5.617038607597351074e-01,-1.938678324222564697e-01
5.617038607597351074e-01,4.601987078785896301e-02
5.617038607597351074e-01,3.154057636857032776e-02
5.584197640419006348e-01,-1.402039080858230591e-02
5.584197640419006348e-01,2.637387216091156006e-01
4.818672239780426025e-01,6.442010402679443359e-01
3.198813796043395996e-01,-3.854089081287384033e-01
1.386814713478088379e-01,-9.017843753099441528e-02
1.092253625392913818e-01,-1.551609113812446594e-02
1.092253625392913818e-01,3.866003081202507019e-02
1.092253625392913818e-01,-1.873365789651870728e-01
9.625070542097091675e-02,1.936313062906265259e-01
5.888530984520912170e-02,5.792195200920104980e-01
-5.282628536224365234e-02,5.350099205970764160e-01
-2.622627615928649902e-01,8.683140873908996582e-01
-4.486191272735595703e-01,4.748691022396087646e-01
-4.486191272735595703e-01,5.715199112892150879e-01
-4.486191272735595703e-01,1.583231240510940552e-01
-2.777726352214813232e-01,-2.795724570751190186e-01
-2.243255525827407837e-01,-3.084028325974941254e-02
-1.221526488661766052e-01,-9.064460396766662598e-01
7.354505360126495361e-02,-1.399315744638442993e-01
2.648554742336273193e-01,2.425385415554046631e-01
4.457618594169616699e-01,4.360844194889068604e-01
6.551679968833923340e-01,5.928332805633544922e-01
6.551679968833923340e-01,7.846910357475280762e-01
6.551679968833923340e-01,9.413475990295410156e-01
6.332011222839355469e-01,5.063452124595642090e-01
3.444896936416625977e-01,3.924197554588317871e-01
3.444896936416625977e-01,5.489165782928466797e-01
3.444896936416625977e-01,5.576498508453369141e-01
4.334399700164794922e-01,4.677415788173675537e-01
5.258920192718505859e-01,2.538571059703826904e-01
5.490884780883789062e-01,3.432633578777313232e-01
5.490884780883789062e-01,3.516620695590972900e-01
5.490884780883789062e-01,3.717418611049652100e-01
5.068702697753906250e-01,4.741563498973846436e-01
4.974530041217803955e-01,4.413232505321502686e-01
3.918795883655548096e-01,4.710787236690521240e-01
2.502412497997283936e-01,3.114288151264190674e-01
4.723645746707916260e-02,5.991026163101196289e-01
-3.933250010013580322e-01,5.453293323516845703e-01
-3.933250010013580322e-01,3.984450101852416992e-01
-3.933250010013580322e-01,1.529906392097473145e-01
-3.539354801177978516e-01,4.868911802768707275e-01
-2.028950899839401245e-01,3.065791428089141846e-01
-1.266006678342819214e-01,1.477060019969940186e-01
-5.366629734635353088e-02,1.169880628585815430e-01
1.230602711439132690e-01,-8.293946087360382080e-02
3.066840469837188721e-01,-1.541788130998611450e-01
5.026145577430725098e-01,-1.867973357439041138e-01
5.965492129325866699e-01,4.750872030854225159e-02
6.270629763603210449e-01,-1.627848893404006958e-01
6.270629763603210449e-01,-7.116360962390899658e-02
6.270629763603210449e-01,-1.212011277675628662e-01
6.020092964172363281e-01,-1.864523142576217651e-01
4.379284977912902832e-01,-4.549804627895355225e-01
3.579501509666442871e-01,-9.864848852157592773e-01
1.530882120132446289e-01,-9.739605188369750977e-01
9.618048556149005890e-03,-7.881096601486206055e-01
-9.497874230146408081e-02,-6.669496297836303711e-01
-2.729096710681915283e-01,-8.537641167640686035e-02
-6.062935590744018555e-01,-1.556262820959091187e-01
-7.293200492858886719e-01,-2.989537119865417480e-01
-7.293200492858886719e-01,-1.285479664802551270e-01
-7.293200492858886719e-01,-3.384608924388885498e-01
-5.170093178749084473e-01,-1.146107539534568787e-01
-3.880217969417572021e-01,1.326594799757003784e-01
-2.617820203304290771e-01,6.119145825505256653e-02
-1.741322427988052368e-01,1.591646224260330200e-01
2.242514640092849731e-01,4.721080064773559570e-01
2.552509903907775879e-01,2.932955026626586914e-01
2.929048240184783936e-01,2.886574268341064453e-01
3.570544719696044922e-01,1.599441617727279663e-01
3.570544719696044922e-01,2.876569628715515137e-01
3.570544719696044922e-01,-1.019370853900909424e-01
2.691972255706787109e-01,-1.591014862060546875e-01
1.414342969655990601e-01,1.249737069010734558e-01
8.552788943052291870e-02,2.331006228923797607e-01
-5.790621973574161530e-03,2.619234025478363037e-01
-8.715548366308212280e-02,1.153767555952072144e-01
-1.430315226316452026e-01,3.305348455905914307e-01
-3.729470968246459961e-01,1.265544295310974121e-01
-3.729470968246459961e-01,1.089027449488639832e-01
-3.729470968246459961e-01,4.146541655063629150e-01
-2.951598763465881348e-01,2.635651230812072754e-01
-2.312683016061782837e-01,2.165382653474807739e-01
-1.336395740509033203e-01,1.911602765321731567e-01
-1.336395740509033203e-01,2.172189503908157349e-01
-1.336395740509033203e-01,1.428974270820617676e-01
-2.326345890760421753e-01,1.878666430711746216e-01
-4.456436336040496826e-01,5.434417724609375000e-01
-5.185173153877258301e-01,6.371008157730102539e-01
-5.185173153877258301e-01,1.000468730926513672e+00
-5.185173153877258301e-01,1.599410533905029297e+00
-4.019326269626617432e-01,1.681965589523315430e+00
-1.249914914369583130e-01,1.104925632476806641e+00
2.624416947364807129e-01,9.218696355819702148e-01
5.387098193168640137e-01,9.050422310829162598e-01
6.434684991836547852e-01,3.911692202091217041e-01
7.045212388038635254e-01,6.292998194694519043e-01
7.045212388038635254e-01,1.074856758117675781e+00
7.045212388038635254e-01,1.065194964408874512e+00
7.045212388038635254e-01,1.006209373474121094e+00
6.718872785568237305e-01,7.785609960556030273e-01
6.551882028579711914e-01,4.361141622066497803e-01
6.551882028579711914e-01,4.463878870010375977e-01
6.551882028579711914e-01,2.686409652233123779e-01
6.398706436157226562e-01,9.270184636116027832e-01
6.398706436157226562e-01,6.323084235191345215e-01
6.690737009048461914e-01,6.273600459098815918e-01
6.770336031913757324e-01,6.890569925308227539e-01
6.770336031913757324e-01,8.136065006256103516e-01
6.770336031913757324e-01,1.092221856117248535e+00
6.241481900215148926e-01,1.320528030395507812e+00
6.192447543144226074e-01,1.235061407089233398e+00
5.701444745063781738e-01,1.150878906250000000e+00
3.557893931865692139e-01,1.316412806510925293e+00
1.695291846990585327e-01,1.083903908729553223e+00
-1.130795031785964966e-01,9.806774854660034180e-01
-4.464634060859680176e-01,7.399092316627502441e-01
-4.464634060859680176e-01,8.977689146995544434e-01
-4.464634060859680176e-01,4.202542006969451904e-01
-3.964725434780120850e-01,1.512053459882736206e-01
-3.143992125988006592e-01,2.414055913686752319e-01
-2.540346682071685791e-01,-3.485542833805084229e-01
-2.370927333831787109e-01,-2.784607708454132080e-01
-2.153586596250534058e-01,-2.848040759563446045e-01
-1.972983777523040771e-01,-6.449466943740844727e-01
-1.965798139572143555e-01,-6.449466943740844727e-01
-1.370401084423065186e-01,-6.449466943740844727e-01
-3.159318864345550537e-02,-6.449466943740844727e-01
6.700712442398071289e-02,-6.449466943740844727e-01
1.194269657135009766e-01,-3.240519464015960693e-01
1.356958895921707153e-01,-1.128080040216445923e-01
1.356958895921707153e-01,9.196878969669342041e-02
1.306001543998718262e-01,4.607694968581199646e-02
1.194269657135009766e-01,-1.097928732633590698e-01
1.306001543998718262e-01,-2.484060227870941162e-01
1.306001543998718262e-01,-6.449466943740844727e-01
2.151631414890289307e-01,-6.449466943740844727e-01
2.239276021718978882e-01,-6.449466943740844727e-01
2.877027988433837891e-01,-3.970176875591278076e-01
2.897876501083374023e-01,-3.989518284797668457e-01
2.939573526382446289e-01,-3.535368740558624268e-01
3.037035465240478516e-01,-3.644078075885772705e-01
3.112029135227203369e-01,-6.449466943740844727e-01
3.460229635238647461e-01,-6.449466943740844727e-01
3.532136976718902588e-01,-6.449466943740844727e-01
3.583954572677612305e-01,-6.449466943740844727e-01
4.230106770992279053e-01,-6.449466943740844727e-01
4.740945696830749512e-01,-6.449466943740844727e-01
4.740945696830749512e-01,-6.449466943740844727e-01
4.740945696830749512e-01,-6.449466943740844727e-01
3.510225713253021240e-01,-6.449466943740844727e-01
3.510225713253021240e-01,-6.449466943740844727e-01
3.510225713253021240e-01,8.804194629192352295e-02
3.561081886291503906e-01,2.621725797653198242e-01
4.438692927360534668e-01,4.692139923572540283e-01
4.438692927360534668e-01,2.653070986270904541e-01
4.438692927360534668e-01,5.606113672256469727e-01
3.981139063835144043e-01,5.542339086532592773e-01
3.023220598697662354e-01,6.947772502899169922e-01
1.504416614770889282e-01,1.019822239875793457e+00
1.118719056248664856e-01,1.389043927192687988e+00
1.118719056248664856e-01,1.594684362411499023e+00
2.482998883351683617e-03,1.711993217468261719e+00
-3.649663552641868591e-02,1.881618618965148926e+00
-1.536278277635574341e-01,1.765816688537597656e+00
-6.002313494682312012e-01,1.744607567787170410e+00
-8.134579658508300781e-01,1.312454223632812500e+00
-9.559767842292785645e-01,1.010568141937255859e+00
-1.127562046051025391e+00,4.242037832736968994e-01
-1.127562046051025391e+00,1.411655247211456299e-01
-1.127562046051025391e+00,2.474222332239151001e-01
-1.080410003662109375e+00,1.843809336423873901e-01
-1.020146727561950684e+00,4.973144829273223877e-01
-6.579290628433227539e-01,8.038051128387451172e-01
-1.390945911407470703e-01,1.156336307525634766e+00
2.304452955722808838e-01,9.858450889587402344e-01
2.974439263343811035e-01,5.857031941413879395e-01
4.580230116844177246e-01,1.188209727406501770e-01
6.509526968002319336e-01,1.000533401966094971e-01
7.024769186973571777e-01,1.923621743917465210e-01
7.024769186973571777e-01,3.506120145320892334e-01
7.024769186973571777e-01,3.150254189968109131e-01
5.453135371208190918e-01,2.641612589359283447e-01
2.530092597007751465e-01,5.615584179759025574e-02
2.530092597007751465e-01,2.317050844430923462e-01
2.530092597007751465e-01,3.487219512462615967e-01
3.558855354785919189e-01,2.306316941976547241e-01
4.782491028308868408e-01,5.726135894656181335e-02
5.008636713027954102e-01,6.340624690055847168e-01
6.053339242935180664e-01,2.008563429117202759e-01
7.940939664840698242e-01,4.397647678852081299e-01
8.200280666351318359e-01,4.381362795829772949e-01
9.014739394187927246e-01,2.647704780101776123e-01
9.014739394187927246e-01,2.442482858896255493e-01
9.014739394187927246e-01,1.792719364166259766e-01
8.051406145095825195e-01,1.443819254636764526e-01
6.531488895416259766e-01,1.712422370910644531e-01
5.647501945495605469e-01,2.754724919795989990e-01
4.692417383193969727e-01,2.767934501171112061e-01
3.213387429714202881e-01,1.745737046003341675e-01
2.892512679100036621e-01,1.771148890256881714e-01
3.312828764319419861e-02,4.064372479915618896e-01
-1.995704621076583862e-01,4.093928635120391846e-01
-3.639296293258666992e-01,3.294828534126281738e-01
-6.507332921028137207e-01,4.542689621448516846e-01
-6.507332921028137207e-01,2.106915861368179321e-01
-6.507332921028137207e-01,4.838154315948486328e-01
-4.834138751029968262e-01,6.104462146759033203e-01
-2.738812565803527832e-01,6.462743878364562988e-01
-1.604491472244262695e-01,5.956162214279174805e-01
-8.864322304725646973e-02,2.561510801315307617e-01
-1.094646402634680271e-03,4.670101702213287354e-01
2.807549834251403809e-01,4.813011288642883301e-01
6.438227295875549316e-01,4.894150793552398682e-01
7.442548871040344238e-01,7.434689998626708984e-01
7.442548871040344238e-01,8.661159873008728027e-01
7.442548871040344238e-01,1.180550336837768555e+00
3.354519605636596680e-01,7.344374656677246094e-01
-4.435891509056091309e-01,6.793925166130065918e-01
-1.039633989334106445e+00,1.573422998189926147e-01
-1.039633989334106445e+00,-4.468611255288124084e-02
-1.039633989334106445e+00,-1.305922567844390869e-01
-9.778677225112915039e-01,-2.205505520105361938e-01
-5.839826464653015137e-01,2.646997272968292236e-01
-2.816741466522216797e-01,-2.211814373731613159e-02
-7.045643776655197144e-02,1.079112663865089417e-01
7.781596481800079346e-02,1.818049997091293335e-01
1.732687503099441528e-01,3.795036971569061279e-01
2.089440077543258667e-01,3.444050848484039307e-01
2.758565843105316162e-01,4.503968060016632080e-01
3.393787741661071777e-01,2.760698497295379639e-01
6.210310459136962891e-01,3.380651175975799561e-01
8.999912738800048828e-01,6.564463376998901367e-01
9.856978654861450195e-01,8.419926166534423828e-01
1.054427146911621094e+00,9.998651742935180664e-01
1.172206044197082520e+00,1.021612882614135742e+00
1.172206044197082520e+00,1.264382004737854004e+00
1.172206044197082520e+00,5.827307701110839844e-01
9.794129729270935059e-01,3.254817426204681396e-01
7.188470363616943359e-01,5.967288017272949219e-01
5.634699463844299316e-01,2.157847583293914795e-01
5.634699463844299316e-01,3.844520151615142822e-01
5.634699463844299316e-01,2.765436172485351562e-01
6.661488413810729980e-01,4.945081770420074463e-01
7.204663157463073730e-01,3.840942680835723877e-01
7.204663157463073730e-01,4.333492815494537354e-01
7.204663157463073730e-01,8.383282423019409180e-01
5.406327247619628906e-01,1.316058635711669922e+00
3.829481303691864014e-01,1.484933853149414062e+00
3.829481303691864014e-01,1.312079668045043945e+00
3.829481303691864014e-01,1.432840347290039062e+00
4.435150921344757080e-01,1.186553120613098145e+00
5.498627424240112305e-01,1.148794889450073242e+00
8.656569719314575195e-01,9.187020063400268555e-01
9.014384746551513672e-01,5.849604606628417969e-01
9.014384746551513672e-01,4.619864821434020996e-01
9.014384746551513672e-01,1.931268125772476196e-01
5.117686390876770020e-01,-2.937275683507323265e-03
1.761076003313064575e-01,-1.330800205469131470e-01
-2.894158102571964264e-02,1.656391769647598267e-01
-9.136061370372772217e-02,5.105829238891601562e-01
-1.806347519159317017e-01,7.904080748558044434e-01
-2.988589704036712646e-01,8.199104070663452148e-01
-2.988589704036712646e-01,9.105311632156372070e-01
-2.988589704036712646e-01,8.031578063964843750e-01
-2.297546528279781342e-02,6.797486543655395508e-01
2.574016153812408447e-01,4.087148308753967285e-01
2.595067024230957031e-01,1.877388358116149902e-01
4.056031703948974609e-01,2.781938910484313965e-01
4.056031703948974609e-01,-1.344327814877033234e-02
4.056031703948974609e-01,1.668013483285903931e-01
4.048491716384887695e-01,5.435221195220947266e-01
3.845724761486053467e-01,3.770342171192169189e-01
3.344601392745971680e-01,1.402670443058013916e-01
3.241067230701446533e-01,1.428979933261871338e-01
1.916073560714721680e-01,6.004031002521514893e-02
1.010478883981704712e-01,1.259664148092269897e-01
-1.654335558414459229e-01,8.895117044448852539e-02
-3.443006575107574463e-01,-3.442161381244659424e-01
-3.443006575107574463e-01,-1.542404592037200928e-01
-3.443006575107574463e-01,-2.127659469842910767e-01
-2.081072181463241577e-01,-1.874455064535140991e-01
-1.697898656129837036e-02,-8.238748461008071899e-02
3.248607218265533447e-01,-1.395909637212753296e-01
5.873849987983703613e-01,1.788180470466613770e-01
1.028897762298583984e+00,4.190430641174316406e-01
1.264779448509216309e+00,1.152509450912475586e+00
1.455143690109252930e+00,1.167519211769104004e+00
1.480946183204650879e+00,1.406607866287231445e+00
1.548946738243103027e+00,1.212857604026794434e+00
1.559082627296447754e+00,8.286871314048767090e-01
1.559082627296447754e+00,8.717910647392272949e-01
1.559082627296447754e+00,6.164894104003906250e-01
1.359665513038635254e+00,6.517406702041625977e-01
1.208164691925048828e+00,6.551077365875244141e-01
9.786488413810729980e-01,1.614975184202194214e-01
7.391743063926696777e-01,4.152806997299194336e-01
7.020113468170166016e-01,1.788436323404312134e-01
6.768008470535278320e-01,-2.336319684982299805e-01
5.998131632804870605e-01,-4.521767199039459229e-01
4.939310252666473389e-01,-4.786917865276336670e-01
3.232566118240356445e-01,-1.332462765276432037e-02
1.190531253814697266e-02,1.116884350776672363e-01
-2.545963823795318604e-01,4.110158607363700867e-02
-3.689697086811065674e-01,-3.435017168521881104e-02
-5.695303678512573242e-01,-3.414781093597412109e-01
-7.361211180686950684e-01,-2.978665828704833984e-01
-8.208713531494140625e-01,-3.706477209925651550e-02
-8.208713531494140625e-01,1.327021867036819458e-01
-8.208713531494140625e-01,2.199355363845825195e-01
-6.751999258995056152e-01,-3.242258429527282715e-01
-4.496918916702270508e-01,-2.524625062942504883e-01
-2.018223106861114502e-01,-1.029935836791992188e+00
-1.055193841457366943e-01,-1.176707893610000610e-01
1.031732186675071716e-01,1.360500454902648926e-01
5.804574489593505859e-01,3.812666237354278564e-01
7.906327247619628906e-01,7.505332231521606445e-01
9.085837006568908691e-01,7.820076942443847656e-01
1.029267191886901855e+00,7.943034768104553223e-01
1.151372671127319336e+00,9.891754388809204102e-01
1.304664969444274902e+00,8.841724395751953125e-01
1.359736442565917969e+00,1.171755075454711914e+00
1.359736442565917969e+00,1.264595508575439453e+00
1.359736442565917969e+00,1.368762016296386719e+00
9.254952669143676758e-01,1.162955880165100098e+00
8.968234658241271973e-01,1.225400567054748535e+00
8.968234658241271973e-01,1.008725047111511230e+00
8.968234658241271973e-01,1.438747167587280273e+00
9.378019571304321289e-01,1.482775926589965820e+00
9.378019571304321289e-01,1.506639957427978516e+00
9.378019571304321289e-01,1.668146610260009766e+00
5.462952256202697754e-01,1.136973142623901367e+00
1.460493057966232300e-01,1.172629475593566895e+00
1.331201940774917603e-01,7.054272294044494629e-01
1.331201940774917603e-01,4.611590802669525146e-01
1.331201940774917603e-01,3.477011024951934814e-01
1.331201940774917603e-01,3.472748696804046631e-01
1.305596679449081421e-01,4.799105525016784668e-01
-2.626973204314708710e-02,5.172504782676696777e-01
-4.033140838146209717e-01,4.993679821491241455e-01
-6.872586607933044434e-01,2.115033715963363647e-01
-6.872586607933044434e-01,1.674766987562179565e-01
-6.872586607933044434e-01,2.425778061151504517e-01
-2.807329297065734863e-01,4.739545583724975586e-01
8.570562116801738739e-03,3.434019088745117188e-01
3.718913197517395020e-01,4.791528880596160889e-01
7.585755586624145508e-01,2.511680126190185547e-01
1.142243862152099609e+00,3.830268681049346924e-01
1.538244247436523438e+00,5.184207558631896973e-01
2.007679939270019531e+00,3.463211357593536377e-01
2.192512989044189453e+00,7.464179992675781250e-01
2.273705959320068359e+00,9.536950588226318359e-01
2.273705959320068359e+00,1.264135360717773438e+00
2.273705959320068359e+00,1.102186203002929688e+00
1.984331488609313965e+00,1.019584178924560547e+00
1.627573966979980469e+00,1.340833425521850586e+00
1.252665162086486816e+00,1.071795344352722168e+00
8.037338852882385254e-01,7.091622352600097656e-01
3.879932463169097900e-01,6.035378575325012207e-01
1.631285063922405243e-02,2.386212050914764404e-01
-6.149461120367050171e-02,1.657346487045288086e-01
-6.149461120367050171e-02,2.393828034400939941e-01
-6.149461120367050171e-02,4.015669524669647217e-01
2.901924848556518555e-01,3.501395881175994873e-01
5.099115371704101562e-01,2.905738353729248047e-01
6.219925284385681152e-01,4.575110673904418945e-01
6.637502908706665039e-01,9.010106325149536133e-01
6.637502908706665039e-01,6.836003065109252930e-01
6.637502908706665039e-01,7.975092530250549316e-01
5.869346261024475098e-01,1.020469069480895996e+00
4.490460157394409180e-01,6.298542618751525879e-01
2.320544719696044922e-01,6.570872068405151367e-01
2.757711894810199738e-02,3.670484423637390137e-01
-3.084887564182281494e-01,4.904406070709228516e-01
-3.084887564182281494e-01,5.973085165023803711e-01
-3.084887564182281494e-01,5.384854674339294434e-01
-1.505865752696990967e-01,8.332149982452392578e-01
1.775599122047424316e-01,7.995649576187133789e-01
5.719662308692932129e-01,9.623484015464782715e-01
8.164858818054199219e-01,1.140133380889892578e+00
9.954541921615600586e-01,1.041437983512878418e+00
1.322492480278015137e+00,1.323399305343627930e+00
1.374618768692016602e+00,1.287659883499145508e+00
1.374618768692016602e+00,1.393365979194641113e+00
1.374618768692016602e+00,1.227596402168273926e+00
9.021924734115600586e-01,7.892165184020996094e-01
6.871997714042663574e-01,5.677298307418823242e-01
6.655972599983215332e-01,2.459098994731903076e-01
6.457507014274597168e-01,5.558914542198181152e-01
5.888727307319641113e-01,-1.194960251450538635e-01
4.107343256473541260e-01,-4.603322446346282959e-01
2.795759439468383789e-01,9.399038972333073616e-04
2.035345286130905151e-01,6.097905710339546204e-02
1.085978820919990540e-01,6.956737488508224487e-02
1.085978820919990540e-01,-1.515624225139617920e-01
1.085978820919990540e-01,-1.121002063155174255e-02
1.764314621686935425e-01,2.872428894042968750e-01
5.530456900596618652e-01,2.148177474737167358e-02
1.038724899291992188e+00,-3.359363973140716553e-01
1.331211328506469727e+00,-9.242799133062362671e-03
1.494664669036865234e+00,-1.686744838953018188e-01
1.494664669036865234e+00,8.126727491617202759e-02
1.494664669036865234e+00,2.102608606219291687e-02
1.351994156837463379e+00,-1.809986084699630737e-01
1.181679010391235352e+00,-1.003081351518630981e-02
1.068702220916748047e+00,-3.201219951733946800e-03
8.897238373756408691e-01,-5.508481524884700775e-03
6.823975443840026855e-01,-1.195043176412582397e-01
5.255630612373352051e-01,-4.080535843968391418e-02
3.751248717308044434e-01,-1.242565643042325974e-02
1.943702846765518188e-01,1.880632042884826660e-01
1.943702846765518188e-01,5.449074879288673401e-02
1.943702846765518188e-01,-4.167043045163154602e-02
2.336687147617340088e-01,2.101043611764907837e-02
3.146287500858306885e-01,2.527136802673339844e-01
3.979367911815643311e-01,3.688913881778717041e-01
7.811446189880371094e-01,3.331229090690612793e-01
8.553693890571594238e-01,4.611909687519073486e-01
8.553693890571594238e-01,1.913358718156814575e-01
8.553693890571594238e-01,1.272877007722854614e-01
3.502685725688934326e-01,1.224293857812881470e-01
-4.956743866205215454e-02,-2.208618670701980591e-01
-1.971415132284164429e-01,5.084779113531112671e-02
-4.098064601421356201e-01,-5.398124083876609802e-02
-5.154153108596801758e-01,-1.599405556917190552e-01
-5.154153108596801758e-01,-1.919348537921905518e-01
-5.154153108596801758e-01,-2.011538296937942505e-01
-2.730108797550201416e-01,1.464487798511981964e-02
3.763039112091064453e-01,5.824091434478759766e-01
6.977252364158630371e-01,8.571560382843017578e-01
9.221301674842834473e-01,5.399134159088134766e-01
9.315929412841796875e-01,6.356401443481445312e-01
9.516722559928894043e-01,5.984175801277160645e-01
9.516722559928894043e-01,4.732852280139923096e-01
9.516722559928894043e-01,7.914698719978332520e-01
7.282339334487915039e-01,1.065167665481567383e+00
5.462446212768554688e-01,8.782466650009155273e-01
2.664292156696319580e-01,6.228210926055908203e-01
2.664292156696319580e-01,1.367722749710083008e+00
2.664292156696319580e-01,1.385392904281616211e+00
3.477384150028228760e-01,9.917448163032531738e-01
3.477384150028228760e-01,7.253736257553100586e-01
3.477384150028228760e-01,7.652853131294250488e-01
3.477384150028228760e-01,5.557636022567749023e-01
3.477384150028228760e-01,2.598352432250976562e-01
6.389040946960449219e-01,5.237168073654174805e-01
9.553055763244628906e-01,6.773626804351806641e-01
1.546988368034362793e+00,6.391289234161376953e-01
1.816339015960693359e+00,9.543302059173583984e-01
1.970132231712341309e+00,7.333703041076660156e-01
1.970132231712341309e+00,9.419643878936767578e-01
1.970132231712341309e+00,8.480038046836853027e-01
1.901620626449584961e+00,6.288470029830932617e-01
1.797904372215270996e+00,5.898658633232116699e-01
1.583361983299255371e+00,5.993379354476928711e-01
1.316000103950500488e+00,6.413612961769104004e-01
7.622291445732116699e-01,8.027659058570861816e-01
1.719125956296920776e-01,5.916159749031066895e-01
-2.685628533363342285e-01,6.887850165367126465e-01
-5.672734975814819336e-01,6.906577348709106445e-01
-6.768243312835693359e-01,4.762026369571685791e-01
-7.687095999717712402e-01,5.024214982986450195e-01
-8.050628900527954102e-01,5.331723093986511230e-01
-8.050628900527954102e-01,3.607529103755950928e-01
-8.050628900527954102e-01,2.708212137222290039e-01
-6.644670367240905762e-01,3.756272494792938232e-01
-1.701244711875915527e-01,7.977977395057678223e-01
3.028837740421295166e-01,1.263061046600341797e+00
5.367565155029296875e-01,1.242629528045654297e+00
7.241654396057128906e-01,1.362913846969604492e+00
7.993465662002563477e-01,7.390159964561462402e-01
1.030861258506774902e+00,8.832796812057495117e-01
1.181147575378417969e+00,6.835864782333374023e-01
1.299670457839965820e+00,4.543547630310058594e-01
1.359073519706726074e+00,4.326372444629669189e-01
1.549958825111389160e+00,6.097153425216674805e-01
1.549958825111389160e+00,1.207751750946044922e+00
1.549958825111389160e+00,1.474436402320861816e+00
1.366633653640747070e+00,1.403324007987976074e+00
1.095754742622375488e+00,1.118344545364379883e+00
7.120915055274963379e-01,9.226230978965759277e-01
2.849702239036560059e-01,1.239969730377197266e+00
-7.828980684280395508e-02,7.446050643920898438e-01
-4.731819033622741699e-01,4.283698797225952148e-01
-7.807531356811523438e-01,6.353758573532104492e-01
-1.039876818656921387e+00,5.421798229217529297e-01
-1.182866334915161133e+00,1.462470740079879761e-01
-1.182866334915161133e+00,-1.069319173693656921e-01
-1.182866334915161133e+00,5.968251451849937439e-02
-8.542947173118591309e-01,6.517225503921508789e-01
-5.177228450775146484e-01,6.934949159622192383e-01
-1.307197660207748413e-01,7.118988037109375000e-01
-1.307197660207748413e-01,5.991543531417846680e-01
-1.307197660207748413e-01,6.823740601539611816e-01
-1.374499946832656860e-01,5.992419123649597168e-01
-1.374499946832656860e-01,6.894819140434265137e-01
-1.374499946832656860e-01,4.190620481967926025e-01
-3.526698052883148193e-02,4.634149745106697083e-02
1.520306020975112915e-01,2.407049387693405151e-01
2.760185301303863525e-01,5.323528647422790527e-01
4.511764049530029297e-01,5.572873950004577637e-01
5.679989457130432129e-01,6.540415883064270020e-01
7.153149247169494629e-01,3.308744430541992188e-01
8.118101358413696289e-01,2.855616509914398193e-01
8.263028860092163086e-01,2.533872723579406738e-01
8.263028860092163086e-01,2.751252353191375732e-01
8.263028860092163086e-01,1.610576361417770386e-01
7.136146426200866699e-01,2.821119427680969238e-01
5.267775654792785645e-01,4.868099689483642578e-01
3.097303807735443115e-01,6.704548001289367676e-02
1.568631976842880249e-01,3.958507180213928223e-01
3.839608281850814819e-02,3.078644573688507080e-01
-2.133952528238296509e-01,2.547113895416259766e-01
-4.143759310245513916e-01,3.394856452941894531e-01
-6.501361727714538574e-01,-5.724041163921356201e-02
-8.100776672363281250e-01,2.798787057399749756e-01
-8.100776672363281250e-01,-1.243588030338287354e-01
-8.100776672363281250e-01,-3.897493183612823486e-01
-6.609804630279541016e-01,-1.160416603088378906e-01
-2.792249321937561035e-01,7.612743973731994629e-02
1.945372819900512695e-01,5.195232033729553223e-01
3.264952003955841064e-01,5.453705787658691406e-01
3.476271033287048340e-01,5.060508251190185547e-01
3.580007553100585938e-01,6.988793015480041504e-01
3.476271033287048340e-01,3.815148174762725830e-01
3.264952003955841064e-01,4.375159442424774170e-01
3.178521692752838135e-01,5.725588798522949219e-01
3.178521692752838135e-01,4.071451723575592041e-01
3.178521692752838135e-01,7.666249871253967285e-01
3.548785448074340820e-01,7.933712005615234375e-01
4.204906225204467773e-01,3.986038565635681152e-01
5.892370939254760742e-01,6.265633106231689453e-01
6.900284886360168457e-01,2.199027389287948608e-01
8.514121770858764648e-01,1.413403004407882690e-01
9.201869964599609375e-01,3.188910782337188721e-01
9.201869964599609375e-01,1.152990385890007019e-01
9.201869964599609375e-01,4.169804155826568604e-01
8.564724922180175781e-01,4.570337235927581787e-01
8.289393186569213867e-01,6.811902523040771484e-01
6.869012117385864258e-01,5.221769213676452637e-01
5.425606966018676758e-01,2.579183578491210938e-01
2.612929940223693848e-01,5.413628816604614258e-01
6.810015439987182617e-02,3.220376968383789062e-01
-1.767990291118621826e-01,3.327688872814178467e-01
-3.820961713790893555e-01,6.174963712692260742e-01
-5.603560209274291992e-01,7.235709428787231445e-01
-6.120218634605407715e-01,5.790269374847412109e-01
-6.556974649429321289e-01,5.969864130020141602e-01
-6.556974649429321289e-01,5.139325261116027832e-01
-6.441700458526611328e-01,1.681774854660034180e-01
-6.120218634605407715e-01,1.349464245140552521e-02
-5.229248404502868652e-01,-8.412332087755203247e-02
-3.825566470623016357e-01,-6.254650354385375977e-01
-1.500754952430725098e-01,-1.914592683315277100e-01
5.967978015542030334e-02,-1.081711351871490479e-01
1.850845962762832642e-01,4.728009104728698730e-01
2.770811915397644043e-01,1.165338516235351562e+00
2.868223190307617188e-01,8.134127855300903320e-01
2.915132343769073486e-01,7.365365624427795410e-01
2.915132343769073486e-01,4.304082095623016357e-01
2.915132343769073486e-01,5.412290245294570923e-02
1.395822167396545410e-01,9.247992187738418579e-03
-2.986761927604675293e-02,2.538816630840301514e-01
-2.397190332412719727e-01,1.879331916570663452e-01
-2.397190332412719727e-01,-1.973208785057067871e-02
-2.397190332412719727e-01,-1.837721467018127441e-01
-1.053776964545249939e-01,-1.091312691569328308e-01
1.132128909230232239e-01,3.215804398059844971e-01
1.722921133041381836e-01,5.820614099502563477e-01
2.563946247100830078e-01,9.738506674766540527e-01
2.587830722332000732e-01,1.348137140274047852e+00
5.327386260032653809e-01,7.220135927200317383e-01
5.726645588874816895e-01,5.351730585098266602e-01
5.726645588874816895e-01,2.406871691346168518e-02
5.726645588874816895e-01,2.734389156103134155e-02
4.848173856735229492e-01,-7.020175457000732422e-03
2.295192629098892212e-01,3.045925199985504150e-01
-8.449882268905639648e-02,4.272480309009552002e-01
-1.590828597545623779e-01,5.008852481842041016e-01
-1.798858344554901123e-01,5.157054662704467773e-01
-3.043747246265411377e-01,1.830665916204452515e-01
-4.334786534309387207e-01,4.172132313251495361e-01
-4.334786534309387207e-01,3.475608229637145996e-01
-4.334786534309387207e-01,6.947861909866333008e-01
-2.008051872253417969e-01,7.532894611358642578e-01
7.369180768728256226e-02,2.602709233760833740e-01
6.852768659591674805e-01,3.188582956790924072e-01
1.221397399902343750e+00,4.321870505809783936e-01
1.471022963523864746e+00,3.066248595714569092e-01
1.502720713615417480e+00,7.327429056167602539e-01
1.502720713615417480e+00,5.915461778640747070e-01
1.502720713615417480e+00,6.316808462142944336e-01
1.353451490402221680e+00,5.310410857200622559e-01
1.117620348930358887e+00,-2.244958132505416870e-01
8.698317408561706543e-01,-1.389491558074951172e-01
6.193358302116394043e-01,-2.172003239393234253e-01
2.741208970546722412e-01,1.157120615243911743e-01
-4.941057041287422180e-02,-1.347552239894866943e-01
-3.032766282558441162e-01,-1.552748680114746094e-02
-3.032766282558441162e-01,8.534784615039825439e-02
-3.032766282558441162e-01,5.257222652435302734e-01
1.409535557031631470e-01,4.217082560062408447e-01
1.409535557031631470e-01,-1.723042875528335571e-01
2.614549398422241211e-01,3.179568052291870117e-01
2.969480156898498535e-01,4.545921683311462402e-01
2.969480156898498535e-01,5.624421834945678711e-01
5.726442933082580566e-01,7.816384434700012207e-01
7.806031703948974609e-01,4.929019808769226074e-01
7.806031703948974609e-01,2.830777466297149658e-01
7.806031703948974609e-01,3.372118175029754639e-01
7.322720289230346680e-01,3.221982717514038086e-01
4.549463391304016113e-01,2.558683156967163086e-01
6.552951037883758545e-02,1.286331713199615479e-01
6.552951037883758545e-02,4.317841306328773499e-02
6.552951037883758545e-02,-9.644323959946632385e-03
3.536488711833953857e-01,4.711716473102569580e-01
6.108851432800292969e-01,9.489309787750244141e-01
6.314857006072998047e-01,1.180982232093811035e+00
6.314857006072998047e-01,1.099007725715637207e+00
6.314857006072998047e-01,3.338648378849029541e-01
4.715745449066162109e-01,7.843782901763916016e-01
3.319654166698455811e-01,7.549911141395568848e-01
3.319654166698455811e-01,1.079006075859069824e+00
3.319654166698455811e-01,9.850499629974365234e-01
3.319654166698455811e-01,1.194886803627014160e+00
3.319654166698455811e-01,9.881341457366943359e-01
3.096898794174194336e-01,3.557105362415313721e-01
1.802165806293487549e-01,3.704115450382232666e-01
5.606671422719955444e-02,4.341723024845123291e-01
7.118873763829469681e-04,6.459107995033264160e-01
-2.036434039473533630e-02,6.222605705261230469e-01
-6.188931688666343689e-02,5.491953492164611816e-01
-6.188931688666343689e-02,7.521349787712097168e-01
-6.188931688666343689e-02,6.454433202743530273e-01
-5.082745850086212158e-02,5.173285603523254395e-01
-5.082745850086212158e-02,4.952796697616577148e-01
-5.082745850086212158e-02,4.993576109409332275e-01
-7.470710575580596924e-02,5.248070955276489258e-01
-1.558240056037902832e-01,6.294218301773071289e-01
-2.184859365224838257e-01,6.538853049278259277e-01
-3.118437528610229492e-01,8.302524089813232422e-01
-3.816761672496795654e-01,9.706864356994628906e-01
-5.907837152481079102e-01,8.007274270057678223e-01
-6.587235331535339355e-01,7.362210154533386230e-01
-8.594157695770263672e-01,1.915968805551528931e-01
-1.060563445091247559e+00,-5.770913138985633850e-02
-1.199155449867248535e+00,-4.902038276195526123e-01
-1.202712893486022949e+00,-9.345850348472595215e-01
-1.202712893486022949e+00,-1.565250456333160400e-01
-1.202712893486022949e+00,-2.840176522731781006e-01
-1.026517629623413086e+00,-1.336859315633773804e-01
-8.655893802642822266e-01,-8.868286758661270142e-02
-6.577519774436950684e-01,-1.322570145130157471e-01
-4.853620827198028564e-01,-1.667192205786705017e-02
-3.107861578464508057e-01,-1.029543355107307434e-01
-1.608033627271652222e-01,-5.902124568819999695e-02
-2.448344044387340546e-02,-1.988226175308227539e-01
9.875556081533432007e-02,-3.443444073200225830e-01
1.759051829576492310e-01,-9.507428854703903198e-02
3.227505683898925781e-01,-2.121109142899513245e-02
3.227505683898925781e-01,-2.034671008586883545e-01
3.227505683898925781e-01,-3.653429448604583740e-02
2.810586094856262207e-01,-1.953636258840560913e-01
2.713427841663360596e-01,2.005470246076583862e-01
1.980592608451843262e-01,5.213059484958648682e-03
1.741492450237274170e-01,1.859394758939743042e-01
1.073024421930313110e-01,7.571640014648437500e-01
8.799732476472854614e-02,3.054451942443847656e-01
8.608958870172500610e-02,5.249576568603515625e-01
1.043275929987430573e-02,3.521143496036529541e-01
-2.351691946387290955e-02,-3.116185367107391357e-01
-2.575358003377914429e-02,8.060969710350036621e-01
-2.575358003377914429e-02,7.971562147140502930e-01
-2.575358003377914429e-02,6.693851947784423828e-01
1.499710530042648315e-01,7.393614053726196289e-01
2.886743843555450439e-01,1.267132520675659180e+00
4.409444332122802734e-01,1.074406147003173828e+00
5.960128307342529297e-01,1.374764561653137207e+00
7.363304495811462402e-01,1.439536094665527344e+00
8.297691941261291504e-01,2.276678234338760376e-01
9.240632057189941406e-01,6.189609766006469727e-01
9.973416328430175781e-01,9.593161344528198242e-01
9.973416328430175781e-01,1.160647630691528320e+00
9.973416328430175781e-01,1.081959486007690430e+00
8.588204979896545410e-01,1.017497658729553223e+00
6.556133031845092773e-01,1.048681735992431641e+00
5.159181356430053711e-01,7.279356569051742554e-02
3.991715013980865479e-01,6.965757906436920166e-02
2.521591186523437500e-01,-2.765367329120635986e-01
1.591150462627410889e-01,-1.313772648572921753e-01
-5.430716555565595627e-04,-5.586555227637290955e-02
-8.111346513032913208e-02,-6.961476057767868042e-02
-1.692034900188446045e-01,-2.347287535667419434e-01
-2.264559417963027954e-01,-7.135223597288131714e-02
-2.640237510204315186e-01,-1.804534494876861572e-01
-2.986616194248199463e-01,-4.880535304546356201e-01
-3.081446588039398193e-01,-3.155217170715332031e-01
-3.228803277015686035e-01,3.491212427616119385e-01
-3.918069303035736084e-01,3.010495007038116455e-01
-3.956274688243865967e-01,2.316383570432662964e-01
-3.956274688243865967e-01,2.507869303226470947e-01
-3.918069303035736084e-01,1.921279281377792358e-01
-3.143587410449981689e-01,3.252712190151214600e-01
-2.578501701354980469e-01,3.077820837497711182e-01
-1.729127019643783569e-01,3.024471104145050049e-01
-5.165228992700576782e-02,3.063472211360931396e-01
2.471297979354858398e-02,2.529114112257957458e-02
6.370273232460021973e-02,1.156668737530708313e-02
1.206971034407615662e-01,-8.124311268329620361e-02
1.991371065378189087e-01,3.039202988147735596e-01
2.672995924949645996e-01,1.443174034357070923e-01
2.971403002738952637e-01,4.013972282409667969e-01
3.593923449516296387e-01,1.787370890378952026e-01
3.692194819450378418e-01,2.924497425556182861e-01
3.736169040203094482e-01,4.192418977618217468e-02
3.736169040203094482e-01,5.077296495437622070e-02
3.736169040203094482e-01,-3.537000119686126709e-01
3.563865125179290771e-01,-6.027100682258605957e-01
3.095077276229858398e-01,-3.660590052604675293e-01
2.971656024456024170e-01,-3.605103194713592529e-01
2.885833084583282471e-01,-6.760184168815612793e-01
2.795658111572265625e-01,-1.123613238334655762e+00
2.745763361454010010e-01,-9.755193591117858887e-01
2.745763361454010010e-01,-9.810111522674560547e-01
2.636156976222991943e-01,-4.074218273162841797e-01
2.387492805719375610e-01,-1.361201107501983643e-01
1.624396741390228271e-01,-4.056110605597496033e-02
1.066344827413558960e-01,-7.968939095735549927e-02
5.705347657203674316e-02,-1.489055156707763672e-01
2.160594426095485687e-02,-2.583387121558189392e-02
-2.767650038003921509e-02,-1.026766151189804077e-01
-6.644866615533828735e-02,-2.770580053329467773e-01
-8.199901878833770752e-02,2.315435186028480530e-02
-8.199901878833770752e-02,-4.094657599925994873e-01
-8.199901878833770752e-02,-2.321311682462692261e-01
2.039146609604358673e-02,-2.894802987575531006e-01
8.075094968080520630e-02,-5.905234813690185547e-01
1.163857132196426392e-01,-5.413420796394348145e-01
1.163857132196426392e-01,4.619283974170684814e-01
1.163857132196426392e-01,5.950058102607727051e-01
1.138555556535720825e-01,9.946417212486267090e-01
7.589304447174072266e-02,1.153633475303649902e+00
-7.030968368053436279e-02,6.135317087173461914e-01
-1.949352174997329712e-01,3.463219702243804932e-01
-2.868204712867736816e-01,4.572565108537673950e-02
-5.548200011253356934e-01,-1.390067487955093384e-01
-7.491666078567504883e-01,-3.499119281768798828e-01
-1.010208249092102051e+00,-1.573439687490463257e-01
-1.188027858734130859e+00,4.525153338909149170e-01
-1.188027858734130859e+00,1.023555770516395569e-01
-1.188027858734130859e+00,2.370510101318359375e-01
-7.827266454696655273e-01,3.052272200584411621e-01
-4.899163842201232910e-01,1.868755817413330078e-01
-8.573354035615921021e-02,4.553830623626708984e-01
1.433319151401519775e-01,3.165032267570495605e-01
1.538928002119064331e-01,3.819076120853424072e-01
2.011460512876510620e-01,7.162832617759704590e-01
4.749548435211181641e-01,5.772904157638549805e-01
8.034353256225585938e-01,4.737661182880401611e-01
8.034353256225585938e-01,9.290269613265991211e-01
8.034353256225585938e-01,1.329166889190673828e+00
7.591170072555541992e-01,1.036206960678100586e+00
6.314553022384643555e-01,1.360585927963256836e+00
4.223933219909667969e-01,1.211680173873901367e+00
3.631976842880249023e-01,7.617182135581970215e-01
2.089591771364212036e-01,9.222315549850463867e-01
9.497044235467910767e-02,9.798557758331298828e-01
9.433284401893615723e-02,5.731595158576965332e-01
4.222674295306205750e-02,2.915141582489013672e-01
-6.169702485203742981e-02,2.078723162412643433e-01
-6.169702485203742981e-02,5.542955398559570312e-01
-6.169702485203742981e-02,3.277226984500885010e-01
6.325078606605529785e-01,5.739083290100097656e-01
1.165981888771057129e+00,5.960369110107421875e-01
1.278472781181335449e+00,4.248163998126983643e-01
1.363739132881164551e+00,5.985011458396911621e-01
1.489189505577087402e+00,2.490947842597961426e-01
1.644642472267150879e+00,2.401569187641143799e-01
1.644642472267150879e+00,3.652342855930328369e-01
1.644642472267150879e+00,4.074071943759918213e-01
1.519369244575500488e+00,3.964785933494567871e-01
1.386697769165039062e+00,6.453383564949035645e-01
1.254026293754577637e+00,3.649142384529113770e-01
1.333023011684417725e-01,4.503008127212524414e-01
4.074850678443908691e-01,-3.083560243248939514e-02
6.816678047180175781e-01,2.768307030200958252e-01
1.068047046661376953e+00,2.940487265586853027e-01
1.530415654182434082e+00,2.335644811391830444e-01
1.765404939651489258e+00,2.553430497646331787e-01
1.888403177261352539e+00,1.622407585382461548e-01
2.104082345962524414e+00,5.117923021316528320e-03
2.310980319976806641e+00,7.606957852840423584e-02
2.602311611175537109e+00,-5.059815645217895508e-01
2.602311611175537109e+00,5.310947075486183167e-02
2.602311611175537109e+00,2.763439416885375977e-01
2.586558103561401367e+00,2.153024971485137939e-01
2.552218198776245117e+00,1.161154732108116150e-01
2.444623947143554688e+00,1.747439056634902954e-01
2.360098600387573242e+00,1.341334581375122070e-01
1.969862341880798340e+00,-9.079738706350326538e-02
1.722173452377319336e+00,1.213070526719093323e-01
1.462416529655456543e+00,1.881381571292877197e-01
1.072738170623779297e+00,3.060579672455787659e-02
6.679747700691223145e-01,1.218955963850021362e-02
5.644890069961547852e-01,2.282602945342659950e-03
5.644890069961547852e-01,8.805144429206848145e-01
4.725561439990997314e-01,8.965976238250732422e-01
4.725561439990997314e-01,1.401559352874755859e+00
1.552553176879882812e-01,1.278742790222167969e+00
1.451556980609893799e-01,4.960061609745025635e-01
1.056954562664031982e-01,1.899042725563049316e-01
6.538898497819900513e-02,-1.165791273117065430e+00
1.056954562664031982e-01,-6.449466943740844727e-01
1.056954562664031982e-01,-6.449466943740844727e-01
1.005628705024719238e-01,-6.449466943740844727e-01
6.538898497819900513e-02,-3.753297626972198486e-01
-2.004878222942352295e-01,-3.939279913902282715e-01
-1.030600070953369141e+00,-2.638168036937713623e-01
-1.274787545204162598e+00,-1.387645006179809570e-01
-1.295704245567321777e+00,-3.263140022754669189e-01
-1.480587840080261230e+00,7.491361498832702637e-01
-1.480587840080261230e+00,7.799345850944519043e-01
-1.308005332946777344e+00,1.007032513618469238e+00
-1.308005332946777344e+00,1.047400593757629395e+00
-4.458894431591033936e-01,1.030630826950073242e+00
1.840088665485382080e-01,1.123135328292846680e+00
4.871015548706054688e-01,8.828658461570739746e-01
1.012005567550659180e+00,6.948937773704528809e-01
1.322787880897521973e+00,5.457482337951660156e-01
1.372151494026184082e+00,9.506885707378387451e-02
1.434711575508117676e+00,1.721985936164855957e-01
1.434711575508117676e+00,7.064144611358642578e-01
1.713011980056762695e+00,8.095588088035583496e-01
1.794777750968933105e+00,1.107784748077392578e+00
1.794777750968933105e+00,1.328845143318176270e+00
1.794777750968933105e+00,1.272460579872131348e+00
1.464666962623596191e+00,1.000469207763671875e+00
6.765843033790588379e-01,5.136426687240600586e-01
1.949976384639739990e-01,7.255866527557373047e-01
-1.832136064767837524e-01,5.875881910324096680e-01
-1.832136064767837524e-01,4.928368330001831055e-01
-1.832136064767837524e-01,2.755892574787139893e-01
2.002896666526794434e-01,-5.415614843368530273e-01
5.270462036132812500e-01,-1.037610054016113281e+00
8.711751103401184082e-01,-1.626286506652832031e+00
1.243401408195495605e+00,-1.253564834594726562e+00
1.597096443176269531e+00,-1.666819006204605103e-01
1.771653532981872559e+00,-1.262254267930984497e-01
1.931002974510192871e+00,-1.441735029220581055e-01
2.028485536575317383e+00,-2.175402045249938965e-01
2.116309881210327148e+00,-2.282427698373794556e-01
2.116309881210327148e+00,-2.836292982101440430e-01
2.116309881210327148e+00,-6.141284108161926270e-01
2.024284839630126953e+00,1.109849736094474792e-01
2.024284839630126953e+00,7.460114955902099609e-01
2.024284839630126953e+00,1.127834320068359375e+00
2.025566577911376953e+00,1.330641269683837891e+00
2.085587739944458008e+00,3.414820730686187744e-01
2.169101238250732422e+00,3.055242598056793213e-01
2.304707050323486328e+00,-1.078112959861755371e+00
2.304707050323486328e+00,-5.683441758155822754e-01
2.304707050323486328e+00,-3.167101740837097168e-01
2.277897596359252930e+00,-6.104012131690979004e-01
2.159645557403564453e+00,5.950758978724479675e-02
2.127022504806518555e+00,4.186919033527374268e-01
2.107657432556152344e+00,2.941365242004394531e-01
2.049206018447875977e+00,6.475290060043334961e-01
1.866799592971801758e+00,6.633851528167724609e-01
1.406497597694396973e+00,5.794206857681274414e-01
9.454597234725952148e-01,6.999184936285018921e-02
8.781105279922485352e-01,-1.811765432357788086e-01
8.781105279922485352e-01,7.468119263648986816e-02
8.361361026763916016e-01,5.793995857238769531e-01
8.361361026763916016e-01,1.773180812597274780e-01
8.361361026763916016e-01,2.390794157981872559e-01
7.432282567024230957e-01,7.625478506088256836e-01
4.079357683658599854e-01,8.969554305076599121e-02
-4.251194000244140625e-02,2.869816720485687256e-01
-5.421944856643676758e-01,4.121828973293304443e-01
-6.646592020988464355e-01,-4.792455136775970459e-01
-6.646592020988464355e-01,-5.749559402465820312e-01
-6.646592020988464355e-01,-8.251776695251464844e-01
-4.526654481887817383e-01,-7.333493232727050781e-01
-3.227379024028778076e-01,-1.652819365262985229e-01
-1.521911770105361938e-01,-8.205753564834594727e-02
-4.843557253479957581e-02,-3.649202287197113037e-01
8.996041864156723022e-02,-2.971397936344146729e-01
3.231529891490936279e-01,-2.902899682521820068e-01
5.271198153495788574e-01,-6.449466943740844727e-01
7.050802707672119141e-01,-1.606214165687561035e+00
9.630036950111389160e-01,-1.600643873214721680e+00
1.152750134468078613e+00,-1.766599535942077637e+00
1.312369465827941895e+00,-1.708064079284667969e+00
1.492408752441406250e+00,-5.763159990310668945e-01
1.553251624107360840e+00,-6.449466943740844727e-01
1.727072954177856445e+00,-6.449466943740844727e-01
1.731163144111633301e+00,-4.145885407924652100e-01
1.731163144111633301e+00,-3.350901305675506592e-01
1.727072954177856445e+00,-2.023809701204299927e-01
1.686300516128540039e+00,-1.278118044137954712e-01
1.544574737548828125e+00,-1.979645043611526489e-01
1.350934386253356934e+00,-2.720322608947753906e-01
1.160844564437866211e+00,-6.449466943740844727e-01
9.819090962409973145e-01,-6.449466943740844727e-01
7.855215668678283691e-01,-6.449466943740844727e-01
6.839857697486877441e-01,-6.449466943740844727e-01
4.600833952426910400e-01,-6.449466943740844727e-01
1.408877372741699219e-01,-6.449466943740844727e-01
-1.164776608347892761e-01,-8.621739149093627930e-01
-3.327946066856384277e-01,-8.225331306457519531e-01
-3.327946066856384277e-01,-5.269668102264404297e-01
-3.327946066856384277e-01,-3.409050032496452332e-02
3.242266178131103516e-02,1.539094597101211548e-01
1.220621094107627869e-01,1.519958376884460449e-01
1.220621094107627869e-01,-2.119795186445116997e-03
1.220621094107627869e-01,1.160634383559226990e-01
-1.903207451105117798e-01,-4.792578518390655518e-03
-9.725962877273559570e-01,-2.810296118259429932e-01
-1.670947551727294922e+00,-3.531429469585418701e-01
-1.716999769210815430e+00,-4.051474630832672119e-01
-1.746213316917419434e+00,-1.343532562255859375e+00
-1.746213316917419434e+00,-6.449466943740844727e-01
-1.974782228469848633e+00,-6.449466943740844727e-01
-1.974782228469848633e+00,-6.449466943740844727e-01
-1.974782228469848633e+00,-3.125904798507690430e-01
-1.682445287704467773e+00,-2.964053452014923096e-01
-1.385337591171264648e+00,-2.148946672677993774e-01
-1.071998119354248047e+00,-2.423842102289199829e-01
-7.692058682441711426e-01,-6.449466943740844727e-01
-5.441935658454895020e-01,-6.449466943740844727e-01
-2.714365422725677490e-01,-6.449466943740844727e-01
-3.095901012420654297e-02,-6.449466943740844727e-01
2.286262214183807373e-01,-6.449466943740844727e-01
4.441398680210113525e-01,-1.155176401138305664e+00
7.534811496734619141e-01,-1.018375396728515625e+00
7.534811496734619141e-01,-1.661809563636779785e+00
7.534811496734619141e-01,-1.702308535575866699e+00
6.994939446449279785e-01,-6.449466943740844727e-01
6.595063209533691406e-01,-6.449466943740844727e-01
5.051422715187072754e-01,-6.449466943740844727e-01
4.372596144676208496e-01,-6.449466943740844727e-01
3.268199861049652100e-01,-6.449466943740844727e-01
1.560340970754623413e-01,-6.449466943740844727e-01
9.826945513486862183e-02,-6.449466943740844727e-01
2.449995465576648712e-02,-6.449466943740844727e-01
4.631860181689262390e-03,-6.449466943740844727e-01
2.375236945226788521e-03,-6.449466943740844727e-01
2.375236945226788521e-03,-6.449466943740844727e-01
4.631860181689262390e-03,-6.449466943740844727e-01
9.414252638816833496e-02,-6.449466943740844727e-01
1.813475191593170166e-01,-6.449466943740844727e-01
2.648609578609466553e-01,-6.449466943740844727e-01
4.195500314235687256e-01,-3.467447161674499512e-01
4.810184836387634277e-01,-3.552929461002349854e-01
6.063530445098876953e-01,-2.792655825614929199e-01
6.887197494506835938e-01,-2.882542014122009277e-01
7.155662178993225098e-01,-6.449466943740844727e-01
7.495136857032775879e-01,-6.449466943740844727e-01
7.882319688796997070e-01,-6.449466943740844727e-01
8.027896285057067871e-01,-6.449466943740844727e-01
8.027896285057067871e-01,-6.449466943740844727e-01
7.882319688796997070e-01,-6.449466943740844727e-01
7.597849965095520020e-01,-6.449466943740844727e-01
7.384022474288940430e-01,-6.449466943740844727e-01
6.397363543510437012e-01,-6.449466943740844727e-01
5.929788351058959961e-01,-6.449466943740844727e-01
5.376486778259277344e-01,-6.449466943740844727e-01
5.087295770645141602e-01,-6.449466943740844727e-01
4.949506819248199463e-01,-3.824425041675567627e-01
4.948034882545471191e-01,-3.320832848548889160e-01
4.810184836387634277e-01,-3.106708228588104248e-01
4.661787152290344238e-01,-2.992911040782928467e-01
4.541168212890625000e-01,-6.449466943740844727e-01
4.268104732036590576e-01,-6.449466943740844727e-01
4.268104732036590576e-01,-6.449466943740844727e-01
4.268104732036590576e-01,-6.449466943740844727e-01
4.502658545970916748e-01,-6.449466943740844727e-01
4.689933657646179199e-01,-6.449466943740844727e-01
4.839067161083221436e-01,-6.449466943740844727e-01
5.026280879974365234e-01,-6.449466943740844727e-01
5.051361322402954102e-01,-6.449466943740844727e-01
5.492629408836364746e-01,-6.449466943740844727e-01
6.219776868820190430e-01,-6.449466943740844727e-01
7.077600359916687012e-01,-6.449466943740844727e-01
8.781902790069580078e-01,-6.449466943740844727e-01
1.001513481140136719e+00,-6.449466943740844727e-01
1.096267104148864746e+00,-6.449466943740844727e-01
1.312375545501708984e+00,-6.449466943740844727e-01
1.464121222496032715e+00,-6.449466943740844727e-01
1.568171143531799316e+00,-2.179650962352752686e-01
1.568171143531799316e+00,3.484549522399902344e-01
1.568171143531799316e+00,6.156053543090820312e-01
1.519114136695861816e+00,6.602150201797485352e-01
1.323536038398742676e+00,8.573818206787109375e-01
1.078545212745666504e+00,-6.449466943740844727e-01
8.454508185386657715e-01,-6.449466943740844727e-01
5.692965984344482422e-01,-6.449466943740844727e-01
3.667339980602264404e-01,-6.449466943740844727e-01
1.633006632328033447e-01,-6.449466943740844727e-01
-9.817326068878173828e-02,-6.449466943740844727e-01
-2.329267710447311401e-01,-6.449466943740844727e-01
-3.695689737796783447e-01,-6.449466943740844727e-01
-4.381322860717773438e-01,-6.449466943740844727e-01
-4.474163353443145752e-01,-6.449466943740844727e-01
-4.474163353443145752e-01,-6.449466943740844727e-01
-4.381322860717773438e-01,-6.449466943740844727e-01
-3.236025571823120117e-01,-6.449466943740844727e-01
-9.610060602426528931e-02,-6.449466943740844727e-01
6.454887986183166504e-02,-6.449466943740844727e-01
3.093618154525756836e-01,-6.449466943740844727e-01
4.833854734897613525e-01,-6.449466943740844727e-01
6.479595303535461426e-01,-6.449466943740844727e-01
7.903720736503601074e-01,-6.449466943740844727e-01
8.623141646385192871e-01,-3.564511239528656006e-01
9.916959404945373535e-01,-2.283658236265182495e-01
1.025085330009460449e+00,-1.211807578802108765e-01
1.108893156051635742e+00,1.211991719901561737e-02
1.108893156051635742e+00,-1.867546588182449341e-01
1.108893156051635742e+00,-3.276884257793426514e-01
1.071517825126647949e+00,-3.164523541927337646e-01
1.063362121582031250e+00,-6.449466943740844727e-01
9.793335795402526855e-01,-3.205794394016265869e-01
9.793335795402526855e-01,-2.708164453506469727e-01
9.793335795402526855e-01,-2.661890387535095215e-01
9.861156940460205078e-01,-3.235432505607604980e-01
1.051171422004699707e+00,-6.449466943740844727e-01
1.115632414817810059e+00,-6.449466943740844727e-01
1.226078152656555176e+00,-6.449466943740844727e-01
1.308493971824645996e+00,-6.449466943740844727e-01
1.580417037010192871e+00,-2.987341284751892090e-01
1.659196496009826660e+00,-2.496877759695053101e-01
1.865266561508178711e+00,-1.966923922300338745e-01
2.026314735412597656e+00,9.304472478106617928e-04
2.273224830627441406e+00,1.165505409240722656e+00
2.285531997680664062e+00,1.070234775543212891e+00
2.304461956024169922e+00,6.970320343971252441e-01
2.304461956024169922e+00,6.198163628578186035e-01
2.304461956024169922e+00,7.816547527909278870e-03
2.295981168746948242e+00,-2.191367596387863159e-01
2.162858724594116211e+00,-1.813489496707916260e-01
2.079143047332763672e+00,-1.272357106208801270e-01
1.902776837348937988e+00,-1.470957398414611816e-01
1.780698418617248535e+00,-3.113658726215362549e-01
1.632006645202636719e+00,-4.371296465396881104e-01
1.452905535697937012e+00,-4.285539686679840088e-01
1.219363451004028320e+00,-3.190526366233825684e-01
1.110904455184936523e+00,2.703968584537506104e-01
8.676797747611999512e-01,4.535569250583648682e-01
8.676797747611999512e-01,8.233045339584350586e-01
8.676797747611999512e-01,1.216227173805236816e+00
8.950352072715759277e-01,1.113520622253417969e+00
9.807685017585754395e-01,9.908425807952880859e-01
1.019922137260437012e+00,1.052190542221069336e+00
1.230364441871643066e+00,9.290170669555664062e-01
1.230364441871643066e+00,1.031679987907409668e+00
1.230364441871643066e+00,8.245898485183715820e-01
1.124517798423767090e+00,7.813770771026611328e-01
1.104619026184082031e+00,8.357893228530883789e-01
9.742316603660583496e-01,-2.574832439422607422e-01
8.256502151489257812e-01,-8.851768821477890015e-02
7.903291583061218262e-01,-9.375771880149841309e-02
7.793771624565124512e-01,-1.353074759244918823e-01
6.366825103759765625e-01,-6.212606653571128845e-02
4.660376906394958496e-01,-2.307232618331909180e-01
4.392464160919189453e-01,-2.594167292118072510e-01
3.597065806388854980e-01,-2.506269514560699463e-01
3.165363967418670654e-01,-4.565491080284118652e-01
2.986244559288024902e-01,-6.449466943740844727e-01
2.986244559288024902e-01,-3.332843482494354248e-01
2.986244559288024902e-01,-3.568814098834991455e-01
3.202586174011230469e-01,-1.537434607744216919e-01
3.706279098987579346e-01,-1.316912770271301270e-01
4.969681501388549805e-01,-2.514083087444305420e-01
4.984459877014160156e-01,-2.940753698348999023e-01
4.984459877014160156e-01,-3.067359328269958496e-01
4.969681501388549805e-01,-3.566252887248992920e-01
2.065199017524719238e-01,-2.142552286386489868e-01
1.068299040198326111e-01,-2.363429218530654907e-01
-2.198770642280578613e-02,-6.449466943740844727e-01
-1.687969714403152466e-01,-6.449466943740844727e-01
-3.472970724105834961e-01,-6.449466943740844727e-01
-4.510404169559478760e-01,-6.449466943740844727e-01
-7.267041206359863281e-01,-8.601928353309631348e-01
-9.824813008308410645e-01,-6.291172504425048828e-01
-1.089603424072265625e+00,2.762577868998050690e-02
-1.089603424072265625e+00,2.266629785299301147e-01
-1.089603424072265625e+00,6.197214126586914062e-01
-8.345252871513366699e-01,7.518975734710693359e-01
-6.781192421913146973e-01,2.947390973567962646e-01
-4.045650362968444824e-01,4.533026739954948425e-02
-3.095477223396301270e-01,2.720839530229568481e-02
-1.293428689241409302e-01,1.533791273832321167e-01
-2.093297988176345825e-02,-1.430779844522476196e-01
5.329029262065887451e-02,-1.891511827707290649e-01
1.828744262456893921e-01,-1.886619776487350464e-01
2.520080208778381348e-01,-3.704218566417694092e-01
2.845696210861206055e-01,-6.449466943740844727e-01
4.131235480308532715e-01,-6.449466943740844727e-01
5.251084566116333008e-01,-6.449466943740844727e-01
5.539785027503967285e-01,-6.449466943740844727e-01
5.600432157516479492e-01,-6.449466943740844727e-01
6.052492260932922363e-01,-6.449466943740844727e-01
6.052492260932922363e-01,-6.449466943740844727e-01
6.278768181800842285e-01,-6.449466943740844727e-01
6.278768181800842285e-01,-6.449466943740844727e-01
5.965355038642883301e-01,-6.449466943740844727e-01
5.784334540367126465e-01,-6.449466943740844727e-01
5.538988113403320312e-01,-6.449466943740844727e-01
4.113452434539794922e-01,-6.449466943740844727e-01
3.453083634376525879e-01,-6.449466943740844727e-01
2.047783732414245605e-01,-6.449466943740844727e-01
1.092520952224731445e-01,-6.449466943740844727e-01
-5.267287418246269226e-02,-6.449466943740844727e-01
-2.442098855972290039e-01,-6.449466943740844727e-01
-4.212873280048370361e-01,-6.449466943740844727e-01
-6.201093196868896484e-01,-3.395084440708160400e-01
-7.925325036048889160e-01,-3.636195659637451172e-01
-7.925325036048889160e-01,-2.985778748989105225e-01
-7.925325036048889160e-01,-3.305262029170989990e-01
-7.578185200691223145e-01,-6.449466943740844727e-01
-6.944920420646667480e-01,-6.449466943740844727e-01
-5.929378867149353027e-01,-6.449466943740844727e-01
-4.387454986572265625e-01,-6.449466943740844727e-01
-2.404018342494964600e-01,-6.449466943740844727e-01
-1.289626806974411011e-01,-6.449466943740844727e-01
2.044637949438765645e-04,-6.449466943740844727e-01
1.838984787464141846e-01,-6.449466943740844727e-01
3.862586915493011475e-01,-6.449466943740844727e-01
6.569676399230957031e-01,-6.449466943740844727e-01
7.030260562896728516e-01,-6.449466943740844727e-01
8.733888268470764160e-01,-6.449466943740844727e-01
1.049779415130615234e+00,-6.449466943740844727e-01
1.145642995834350586e+00,-6.449466943740844727e-01
1.311363816261291504e+00,-6.449466943740844727e-01
1.370422244071960449e+00,-6.449466943740844727e-01
1.396324396133422852e+00,-6.449466943740844727e-01
1.418406248092651367e+00,-4.006030261516571045e-01
1.420313239097595215e+00,-3.909803926944732666e-01
1.420313239097595215e+00,-3.967011272907257080e-01
1.446908354759216309e+00,4.673176109790802002e-01
1.446908354759216309e+00,4.421695768833160400e-01
1.456235289573669434e+00,5.940581560134887695e-01
1.522131085395812988e+00,1.070564508438110352e+00
1.663887500762939453e+00,6.427665352821350098e-01
1.685460329055786133e+00,4.539295136928558350e-01
1.756145358085632324e+00,3.946515619754791260e-01
1.793594241142272949e+00,-9.255217015743255615e-02
1.952778220176696777e+00,5.891329646110534668e-01
1.986958742141723633e+00,5.333331823348999023e-01
1.986958742141723633e+00,4.350760877132415771e-01
1.986958742141723633e+00,3.814657926559448242e-01
1.779171586036682129e+00,-5.985653400421142578e-02
1.678175330162048340e+00,3.385845124721527100e-01
1.408864617347717285e+00,1.519598513841629028e-01
1.031278848648071289e+00,4.079291522502899170e-01
5.892075896263122559e-01,8.551797270774841309e-01
3.261515796184539795e-01,8.844851255416870117e-01
2.369536608457565308e-01,9.700649976730346680e-01
1.875900328159332275e-01,6.446024179458618164e-01
1.875900328159332275e-01,7.982282638549804688e-01
1.875900328159332275e-01,7.152240276336669922e-01
2.133326977491378784e-01,5.772616863250732422e-01
3.309407830238342285e-01,3.873623311519622803e-01
7.097713947296142578e-01,5.596159026026725769e-02
1.031015157699584961e+00,2.335949689149856567e-01
1.031015157699584961e+00,5.321949720382690430e-01
1.045799732208251953e+00,5.498725771903991699e-01
1.057346463203430176e+00,3.182814419269561768e-01
1.492758274078369141e+00,2.120432704687118530e-01
1.492758274078369141e+00,6.330910921096801758e-01
1.492758274078369141e+00,7.896251678466796875e-01
1.045437932014465332e+00,6.630330085754394531e-01
1.143601536750793457e-01,1.147416353225708008e+00
-4.506602287292480469e-01,8.647623062133789062e-01
-4.506602287292480469e-01,3.389940261840820312e-01
-4.506602287292480469e-01,-6.310731917619705200e-02
-3.619957864284515381e-01,-1.447085887193679810e-01
-9.833829477429389954e-03,-8.928495645523071289e-02
2.655723094940185547e-01,-1.328852325677871704e-01
6.108601689338684082e-01,-2.631677687168121338e-01
9.667198061943054199e-01,-2.930764257907867432e-01
1.212421894073486328e+00,-3.631522655487060547e-01
1.416388750076293945e+00,-6.449466943740844727e-01
1.619349837303161621e+00,-6.449466943740844727e-01
1.849476337432861328e+00,-6.449466943740844727e-01
1.849476337432861328e+00,-3.466726243495941162e-01
1.849476337432861328e+00,-3.415372073650360107e-01
1.590639233589172363e+00,-3.227078616619110107e-01
1.185839056968688965e+00,-3.078395426273345947e-01
9.342256188392639160e-01,-6.449466943740844727e-01
7.249422669410705566e-01,-4.341642558574676514e-01
4.888982474803924561e-01,-6.250295639038085938e-01
2.167176306247711182e-01,-6.690326929092407227e-01
1.527963280677795410e-01,-8.015215992927551270e-01
-1.269753277301788330e-02,-1.046504616737365723e+00
-1.712191700935363770e-01,-3.743328452110290527e-01
-2.169403135776519775e-01,-3.291663229465484619e-01
-2.169403135776519775e-01,-2.778970003128051758e-01
-2.169403135776519775e-01,-2.864567339420318604e-01
-2.129728347063064575e-01,-6.449466943740844727e-01
-1.472548097372055054e-01,-6.449466943740844727e-01
-5.129927769303321838e-02,-6.449466943740844727e-01
-5.129927769303321838e-02,-6.449466943740844727e-01
1.130846738815307617e-01,-6.449466943740844727e-01
2.564967572689056396e-01,-2.959263324737548828e-01
3.111769258975982666e-01,-3.238970041275024414e-01
3.289785087108612061e-01,-2.942949831485748291e-01
3.289785087108612061e-01,-2.451891601085662842e-01
3.289785087108612061e-01,-6.449466943740844727e-01
2.640269994735717773e-01,-6.449466943740844727e-01
4.661853983998298645e-02,-6.449466943740844727e-01
-1.603714376688003540e-01,-3.552955985069274902e-01
-1.828211545944213867e-01,-1.148039460182189941e+00
-4.154618084430694580e-01,-9.316089749336242676e-01
-4.154618084430694580e-01,-1.336396694183349609e+00
-4.154618084430694580e-01,-1.403793811798095703e+00
-1.652219444513320923e-01,-1.317847013473510742e+00
1.756017208099365234e-01,-3.704990446567535400e-01
6.023855209350585938e-01,-3.095102310180664062e-01
7.762436270713806152e-01,-3.379772603511810303e-01
9.125608205795288086e-01,-6.449466943740844727e-01
9.828043580055236816e-01,-3.793287575244903564e-01
9.828043580055236816e-01,-9.278532862663269043e-02
9.972823262214660645e-01,-5.918077751994132996e-02
1.003469586372375488e+00,-1.045851781964302063e-01
9.828043580055236816e-01,7.456179009750485420e-04
9.624763727188110352e-01,-2.639035284519195557e-01
8.053038120269775391e-01,-1.451921910047531128e-01
5.641885399818420410e-01,-1.716460734605789185e-01
5.641885399818420410e-01,-1.017272546887397766e-01
5.641885399818420410e-01,-6.078318357467651367e-01
6.428882479667663574e-01,-2.557537853717803955e-01
1.605258226394653320e+00,1.008549481630325317e-01
2.088145017623901367e+00,6.399187445640563965e-02
2.514481067657470703e+00,4.181045591831207275e-01
2.550838470458984375e+00,1.834498792886734009e-01
2.550838470458984375e+00,-6.273694634437561035e-01
2.550838470458984375e+00,5.458901450037956238e-02
2.353978872299194336e+00,2.249442487955093384e-01
1.970867991447448730e+00,6.059558391571044922e-01
1.483302474021911621e+00,9.864089488983154297e-01
1.288723945617675781e+00,8.728885054588317871e-01
1.272970557212829590e+00,1.148196220397949219e+00
1.133636355400085449e+00,8.046159744262695312e-01
7.132850885391235352e-01,4.912491142749786377e-01
4.464945793151855469e-01,2.958156764507293701e-01
8.484622091054916382e-02,8.682865649461746216e-02
7.689285278320312500e-02,4.753235355019569397e-02
3.976895287632942200e-02,-4.566542804241180420e-02
3.976895287632942200e-02,-2.691045105457305908e-01
3.976895287632942200e-02,-1.340248286724090576e-01
7.271687686443328857e-02,-3.527744710445404053e-01
1.499878168106079102e-01,-2.911951839923858643e-01
2.661058008670806885e-01,5.860509350895881653e-02
4.655900299549102783e-01,3.697269782423973083e-02
5.219994783401489258e-01,-5.808014050126075745e-02
6.776635646820068359e-01,1.390941590070724487e-01
7.874347567558288574e-01,-3.382436335086822510e-01
9.015781879425048828e-01,-1.739861816167831421e-01
9.077041745185852051e-01,-2.258214354515075684e-02
1.030046224594116211e+00,-1.007810011506080627e-01
1.077012181282043457e+00,4.867470264434814453e-02
1.101093053817749023e+00,-7.155218161642551422e-03
1.172176718711853027e+00,5.330554209649562836e-03
1.197422742843627930e+00,5.306426808238029480e-02
1.295806527137756348e+00,2.899788320064544678e-01
1.312847733497619629e+00,3.574284315109252930e-01
1.387635231018066406e+00,2.255184799432754517e-01
1.387635231018066406e+00,7.273818850517272949e-01
1.387635231018066406e+00,4.122503697872161865e-01
1.383164882659912109e+00,5.246149897575378418e-01
1.350296616554260254e+00,7.319481372833251953e-01
1.067231535911560059e+00,1.079848334193229675e-01
9.959332346916198730e-01,7.590477168560028076e-02
8.914111256599426270e-01,-1.154610067605972290e-01
6.660922169685363770e-01,-3.358764341101050377e-03
3.923049867153167725e-01,-3.341263160109519958e-02
-5.161814764142036438e-02,-2.699429392814636230e-01
-3.037651181221008301e-01,1.630584746599197388e-01
-4.860610067844390869e-01,-2.488799542188644409e-01
-5.376874208450317383e-01,-4.070342779159545898e-01
-5.376874208450317383e-01,-1.653580814599990845e-01
-5.376874208450317383e-01,-8.932981640100479126e-03
-4.475629702210426331e-02,7.698479890823364258e-01
-4.475629702210426331e-02,1.099262714385986328e+00
1.436042785644531250e-01,7.386463880538940430e-01
2.675223052501678467e-01,1.084072351455688477e+00
2.675223052501678467e-01,8.398461937904357910e-01
1.224680066108703613e+00,7.005964517593383789e-01
1.881093621253967285e+00,1.540626168251037598e+00
2.476351499557495117e+00,1.658459782600402832e+00
2.544424295425415039e+00,1.894976377487182617e+00
2.776752233505249023e+00,1.878862619400024414e+00
2.835136175155639648e+00,1.686995029449462891e+00
2.917650222778320312e+00,1.561827659606933594e+00
3.303471326828002930e+00,1.516807198524475098e+00
3.578724145889282227e+00,1.356850385665893555e+00
3.578724145889282227e+00,9.466185569763183594e-01
3.578724145889282227e+00,1.312325954437255859e+00
3.558022022247314453e+00,1.183363914489746094e+00
3.253120422363281250e+00,9.683491587638854980e-01
3.214218139648437500e+00,1.191561460494995117e+00
3.069438695907592773e+00,5.388064384460449219e-01
2.919704437255859375e+00,7.283196449279785156e-01
2.744938850402832031e+00,8.492174148559570312e-01
2.494564056396484375e+00,1.238715410232543945e+00
1.973302483558654785e+00,1.111798882484436035e+00
1.445546984672546387e+00,1.039239287376403809e+00
7.593496441841125488e-01,1.015482902526855469e+00
7.593496441841125488e-01,7.081970572471618652e-01
7.593496441841125488e-01,3.799426853656768799e-01
8.185123801231384277e-01,2.315715998411178589e-01
9.920454621315002441e-01,-1.127026453614234924e-01
9.920454621315002441e-01,4.342250898480415344e-02
1.065158843994140625e+00,1.685516834259033203e-01
1.073854207992553711e+00,3.741257190704345703e-01
1.381270051002502441e+00,5.787008404731750488e-01
1.812861442565917969e+00,5.121624469757080078e-01
2.126715898513793945e+00,8.401713371276855469e-01
2.152973890304565430e+00,1.626918762922286987e-01
2.212197780609130859e+00,3.774658218026161194e-02
2.212197780609130859e+00,2.950376868247985840e-01
2.212197780609130859e+00,3.810499012470245361e-01
1.918125510215759277e+00,6.437923908233642578e-01
1.587597727775573730e+00,5.837714672088623047e-01
1.344035744667053223e+00,5.644741058349609375e-01
1.216407775878906250e+00,2.747510075569152832e-01
1.038140654563903809e+00,3.107936866581439972e-02
6.884806156158447266e-01,-1.100574284791946411e-01
2.161289453506469727e-01,-9.583967924118041992e-02
-4.114575386047363281e-01,-3.446764647960662842e-01
-7.974872589111328125e-01,-8.507887125015258789e-01
-7.974872589111328125e-01,-7.224626541137695312e-01
-7.974872589111328125e-01,-5.350029096007347107e-03
-5.695683360099792480e-01,-4.519748315215110779e-02
-3.962253332138061523e-01,-1.382339447736740112e-01
-1.118601709604263306e-01,-1.631826311349868774e-01
2.384437620639801025e-01,-2.722539305686950684e-01
4.500880241394042969e-01,-3.470258712768554688e-01
6.955141425132751465e-01,-6.449466943740844727e-01
8.609099388122558594e-01,-6.449466943740844727e-01
1.055353522300720215e+00,-6.449466943740844727e-01
1.118207931518554688e+00,-6.449466943740844727e-01
1.190861344337463379e+00,-6.449466943740844727e-01
1.190861344337463379e+00,-6.449466943740844727e-01
1.190861344337463379e+00,-6.449466943740844727e-01
1.001783251762390137e+00,-6.449466943740844727e-01
8.612655997276306152e-01,-6.449466943740844727e-01
8.203029632568359375e-01,-5.185122489929199219e-01
6.982736587524414062e-01,-5.410071611404418945e-01
6.521109938621520996e-01,-6.244934797286987305e-01
5.481591224670410156e-01,-7.781469225883483887e-01
4.627876579761505127e-01,-6.449466943740844727e-01
4.432077705860137939e-01,-6.449466943740844727e-01
4.432077705860137939e-01,-4.101166129112243652e-01
4.432077705860137939e-01,9.476982057094573975e-02
4.912652671337127686e-01,2.179454267024993896e-01
5.349382758140563965e-01,2.535267770290374756e-01
5.759744644165039062e-01,1.050881445407867432e-01
6.762838363647460938e-01,-6.449466943740844727e-01
6.898726224899291992e-01,-6.449466943740844727e-01
7.440744638442993164e-01,-1.570453643798828125e+00
8.586533069610595703e-01,-1.158603549003601074e+00
9.412407875061035156e-01,-8.329805135726928711e-01
9.993917942047119141e-01,-6.187996268272399902e-02
1.071542382240295410e+00,9.854985773563385010e-02
1.130208492279052734e+00,-6.909030079841613770e-01
1.151401042938232422e+00,-1.776418685913085938e-01
1.151401042938232422e+00,-6.305783390998840332e-01
1.130208492279052734e+00,-6.449466943740844727e-01
1.078330636024475098e+00,-3.374469578266143799e-01
8.949493765830993652e-01,-2.625793516635894775e-01
7.814866304397583008e-01,-2.796477377414703369e-01
6.879900693893432617e-01,-3.448232710361480713e-01
4.756038188934326172e-01,-4.562014341354370117e-01
4.343836307525634766e-01,-7.633818387985229492e-01
3.769440054893493652e-01,-2.001242637634277344e-01
1.805442124605178833e-01,5.167232826352119446e-03
-6.033190339803695679e-02,2.479162067174911499e-01
-4.142844378948211670e-01,2.226649820804595947e-01
-4.492191970348358154e-01,-3.194318115711212158e-01
-4.492191970348358154e-01,-8.811731934547424316e-01
-4.492191970348358154e-01,-1.419934511184692383e+00
-2.277205884456634521e-01,-1.519740819931030273e+00
3.164934813976287842e-01,-5.017248392105102539e-01
6.484929919242858887e-01,1.675653159618377686e-01
6.484929919242858887e-01,4.609715044498443604e-01
6.502958536148071289e-01,3.318734765052795410e-01
7.345206141471862793e-01,1.754869967699050903e-01
7.345206141471862793e-01,-1.029717847704887390e-01
6.815390586853027344e-01,-1.740747541189193726e-01
6.815390586853027344e-01,-7.457887381315231323e-02
6.815390586853027344e-01,1.832539886236190796e-01
5.682663917541503906e-01,1.595123708248138428e-01
3.740005791187286377e-01,2.173435539007186890e-01
4.212982207536697388e-02,-2.744611799716949463e-01
4.212982207536697388e-02,-5.541189908981323242e-01
4.212982207536697388e-02,-2.136588692665100098e-01
2.945404648780822754e-01,4.110723137855529785e-01
4.402152895927429199e-01,5.351730585098266602e-01
7.220724225044250488e-01,1.419505476951599121e-01
1.047798752784729004e+00,8.339687436819076538e-02
1.326626658439636230e+00,-6.690139323472976685e-02
1.517170190811157227e+00,3.938867524266242981e-02
1.864101529121398926e+00,-5.804203078150749207e-02
2.114218711853027344e+00,6.258826702833175659e-02
2.161675214767456055e+00,5.139980912208557129e-01
2.164508342742919922e+00,1.097918272018432617e+00
2.164508342742919922e+00,2.204331010580062866e-01
2.161675214767456055e+00,7.274610996246337891e-01
2.026247262954711914e+00,1.028082132339477539e+00
2.004263639450073242e+00,1.035854339599609375e+00
1.822292685508728027e+00,1.213840007781982422e+00
1.507573485374450684e+00,1.319406986236572266e+00
1.183453679084777832e+00,9.398045539855957031e-01
1.012581944465637207e+00,1.021861433982849121e+00
9.201462864875793457e-01,7.247419357299804688e-01
8.366328477859497070e-01,-1.610220521688461304e-01
7.963201999664306641e-01,-2.636037534102797508e-03
7.006038427352905273e-01,-4.811637476086616516e-02
7.006038427352905273e-01,-1.940600015223026276e-02
6.633266210556030273e-01,-1.419643405824899673e-02
6.633266210556030273e-01,-2.560620307922363281e-01
7.107647657394409180e-01,-2.860089540481567383e-01
7.107647657394409180e-01,-5.148777365684509277e-01
6.633266210556030273e-01,-2.519214451313018799e-01
6.079167127609252930e-01,-1.100593432784080505e-01
5.175659656524658203e-01,-2.893143147230148315e-02
4.900204241275787354e-01,6.976104527711868286e-02
4.719306528568267822e-01,-2.002494037151336670e-01
3.468045890331268311e-01,-2.571230232715606689e-01
2.589618563652038574e-01,-5.222471952438354492e-01
7.936409860849380493e-02,-8.536713123321533203e-01
-4.367091134190559387e-02,-8.329937458038330078e-01
-2.265186905860900879e-01,-4.833031594753265381e-01
-3.261841833591461182e-01,-1.507336795330047607e-01
-4.330242276191711426e-01,-1.023414611816406250e+00
-4.330242276191711426e-01,-3.461781442165374756e-01
-4.330242276191711426e-01,-2.069949209690093994e-01
-2.622199356555938721e-01,1.041087880730628967e-02
-9.959591925144195557e-02,4.726105928421020508e-02
-8.662646263837814331e-02,-8.819071203470230103e-02
1.054072454571723938e-01,-2.778811752796173096e-01
2.871941626071929932e-01,-2.519685328006744385e-01
3.422545492649078369e-01,-1.732804626226425171e-01
3.475956320762634277e-01,-1.217896267771720886e-01
6.432132720947265625e-01,2.326286286115646362e-01
6.432132720947265625e-01,8.902990072965621948e-02
6.432132720947265625e-01,7.504072785377502441e-02
5.839585065841674805e-01,1.012704148888587952e-01
3.577626943588256836e-01,3.848620951175689697e-01
5.192896351218223572e-02,3.535090386867523193e-01
-2.921324670314788818e-01,3.218967914581298828e-01
-2.926843464374542236e-01,-4.234625771641731262e-02
-2.926843464374542236e-01,1.797787845134735107e-01
-2.926843464374542236e-01,-1.897081546485424042e-02
-2.177865505218505859e-01,1.750355064868927002e-01
1.099754474125802517e-03,-1.286219656467437744e-01
1.181559413671493530e-01,-1.235568225383758545e-01
2.077279388904571533e-01,-1.599262952804565430e-01
4.327218234539031982e-01,-2.809827029705047607e-01
7.305592894554138184e-01,-2.671803236007690430e-01
8.783006668090820312e-01,-3.594848811626434326e-01
1.093225598335266113e+00,-2.575869560241699219e-01
1.242769837379455566e+00,-4.501431807875633240e-02
1.352203726768493652e+00,1.624679565429687500e-01
1.352203726768493652e+00,1.632905751466751099e-01
1.352203726768493652e+00,4.593828320503234863e-02
1.250318408012390137e+00,2.486128807067871094e-01
1.139400482177734375e+00,2.818257510662078857e-01
1.053746938705444336e+00,5.915297269821166992e-01
9.875383377075195312e-01,4.509569108486175537e-01
8.854138851165771484e-01,2.999441623687744141e-01
6.711450815200805664e-01,1.891669183969497681e-01
5.121206045150756836e-01,2.941697239875793457e-01
3.794826865196228027e-01,4.404657185077667236e-01
2.012340128421783447e-01,-1.462722420692443848e-01
2.873112261295318604e-02,-7.376097142696380615e-02
-5.088842660188674927e-02,-3.966911137104034424e-01
-5.925878137350082397e-02,-4.578789174556732178e-01
-5.925878137350082397e-02,-1.352870613336563110e-01
-5.088842660188674927e-02,1.987674683332443237e-01
3.813780471682548523e-02,3.080638647079467773e-01
1.607190370559692383e-01,-1.690643429756164551e-01
2.604642212390899658e-01,-9.199565649032592773e-02
4.113452434539794922e-01,-1.908629834651947021e-01
5.229008793830871582e-01,-3.430010974407196045e-01
5.957874059677124023e-01,-3.069442808628082275e-01
7.409471273422241211e-01,-2.813571691513061523e-01
8.337200880050659180e-01,-3.397505581378936768e-01
8.918035626411437988e-01,-3.358372747898101807e-01
9.160377383232116699e-01,-3.216563165187835693e-01
9.160377383232116699e-01,-6.449466943740844727e-01
9.160377383232116699e-01,-6.449466943740844727e-01
7.156827449798583984e-01,-6.449466943740844727e-01
4.357204437255859375e-01,-6.449466943740844727e-01
2.427669167518615723e-01,-6.449466943740844727e-01
5.038366466760635376e-02,-6.449466943740844727e-01
-2.130096256732940674e-01,-6.449466943740844727e-01
-3.429003655910491943e-01,-2.613619565963745117e-01
-6.292952299118041992e-01,-2.414415627717971802e-01
-7.434263825416564941e-01,-1.632408946752548218e-01
-9.191548228263854980e-01,-1.953824311494827271e-01
-1.026019334793090820e+00,-6.376163959503173828e-01
-1.026019334793090820e+00,-5.797435045242309570e-01
-1.026019334793090820e+00,-6.085622906684875488e-01
-6.244876384735107422e-01,-1.131669521331787109e+00
-1.221928074955940247e-01,-1.092027544975280762e+00
3.398016989231109619e-01,-1.159826993942260742e+00
6.452000737190246582e-01,-4.999004900455474854e-01
9.569084048271179199e-01,-5.900902152061462402e-01
1.143895387649536133e+00,-8.559265732765197754e-01
1.485025644302368164e+00,-4.105943143367767334e-01
1.871331334114074707e+00,-1.069916188716888428e-01
2.175785303115844727e+00,2.895344197750091553e-01
2.403428316116333008e+00,7.752959728240966797e-01
2.600784778594970703e+00,4.319532811641693115e-01
2.720612525939941406e+00,7.273240685462951660e-01
2.720612525939941406e+00,7.430560588836669922e-01
2.720612525939941406e+00,-6.940476298332214355e-01
2.648443460464477539e+00,-5.313545465469360352e-01
2.531884193420410156e+00,-3.920524716377258301e-01
2.385688066482543945e+00,3.527492582798004150e-01
2.072642803192138672e+00,9.029897451400756836e-01
1.616847991943359375e+00,1.117882490158081055e+00
1.044033646583557129e+00,1.123548507690429688e+00
8.059170246124267578e-01,4.690396487712860107e-01
6.746894717216491699e-01,-4.536026716232299805e-01
6.066289544105529785e-01,-9.519575238227844238e-01
6.066289544105529785e-01,-1.139356374740600586e+00
6.066289544105529785e-01,-8.929105997085571289e-01
9.950993061065673828e-01,5.846751853823661804e-02
1.322567224502563477e+00,1.847319900989532471e-01
1.579313278198242188e+00,2.254034578800201416e-01
1.628633975982666016e+00,1.983993500471115112e-02
1.640959501266479492e+00,1.504509001970291138e-01
1.640959501266479492e+00,1.787362098693847656e-01
1.640959501266479492e+00,7.568484544754028320e-01
1.473546266555786133e+00,6.163115501403808594e-01
1.164781332015991211e+00,8.215690255165100098e-01
9.042150378227233887e-01,-2.609583176672458649e-02
4.464516639709472656e-01,-2.582226097583770752e-01
-1.199361830949783325e-01,-7.167931199073791504e-01
-4.265916347503662109e-01,-9.224866032600402832e-01
-4.265916347503662109e-01,-9.874242544174194336e-01
-4.265916347503662109e-01,-4.553647637367248535e-01
-2.366673648357391357e-01,-2.636881172657012939e-01
-2.366673648357391357e-01,-3.509377241134643555e-01
-2.366673648357391357e-01,-2.973786890506744385e-01
-3.998678326606750488e-01,-5.253114700317382812e-01
-3.998678326606750488e-01,2.357935458421707153e-01
-3.998678326606750488e-01,3.073809742927551270e-01
-3.603217303752899170e-01,5.959677696228027344e-01
9.570622444152832031e-02,1.224730491638183594e+00
4.600588679313659668e-01,1.054123401641845703e+00
8.149189352989196777e-01,1.381255149841308594e+00
1.082046747207641602e+00,1.400883078575134277e+00
1.251391530036926270e+00,1.422650456428527832e+00
1.476992487907409668e+00,1.420251369476318359e+00
1.824058651924133301e+00,1.711883068084716797e+00
2.297256708145141602e+00,1.783463358879089355e+00
2.297256708145141602e+00,1.618110895156860352e+00
2.297256708145141602e+00,1.720626354217529297e+00
2.143934965133666992e+00,1.616119861602783203e+00
1.575965046882629395e+00,1.404808998107910156e+00
1.318624258041381836e+00,1.177563309669494629e+00
1.183809399604797363e+00,1.044713258743286133e+00
1.110702157020568848e+00,3.163031637668609619e-01
1.110702157020568848e+00,4.198445677757263184e-01
9.628688097000122070e-01,-6.241543963551521301e-02
8.042674660682678223e-01,-5.304719507694244385e-02
5.625144243240356445e-01,1.207997798919677734e-01
1.620803773403167725e-01,-1.210541464388370514e-02
-5.402194336056709290e-02,-3.044254481792449951e-01
-6.561166048049926758e-02,-3.860016763210296631e-01
-6.561166048049926758e-02,-1.809397637844085693e-01
-6.561166048049926758e-02,3.373914659023284912e-01
1.882584244012832642e-01,4.296614825725555420e-01
2.830856442451477051e-01,6.708614826202392578e-01
5.016285777091979980e-01,4.943748414516448975e-01
7.383777499198913574e-01,2.899380326271057129e-01
9.502918124198913574e-01,2.755338847637176514e-01
9.574664235115051270e-01,3.639582097530364990e-01
9.574664235115051270e-01,8.185536861419677734e-01
9.574664235115051270e-01,1.038676023483276367e+00
7.117336392402648926e-01,8.699218630790710449e-01
2.806634604930877686e-01,7.692773342132568359e-01
-4.003583788871765137e-01,6.238301992416381836e-01
-7.332777380943298340e-01,6.633628010749816895e-01
-9.438304901123046875e-01,6.297709941864013672e-01
-9.438304901123046875e-01,-2.754565514624118805e-02
-9.438304901123046875e-01,-1.107513383030891418e-01
-9.038122296333312988e-01,-3.364423811435699463e-01
-7.444750070571899414e-01,-6.449466943740844727e-01
-5.694702267646789551e-01,-6.449466943740844727e-01
-3.733524978160858154e-01,-6.449466943740844727e-01
-1.754564642906188965e-01,-6.449466943740844727e-01
-1.159374974668025970e-02,-6.449466943740844727e-01
1.096752062439918518e-01,-6.449466943740844727e-01
2.007863670587539673e-01,-6.449466943740844727e-01
4.173853695392608643e-01,-6.449466943740844727e-01
5.041427016258239746e-01,-6.449466943740844727e-01
5.802240371704101562e-01,-3.810077011585235596e-01
6.425877809524536133e-01,-3.764572441577911377e-01
6.506822109222412109e-01,-3.648282587528228760e-01
6.506822109222412109e-01,-3.109081685543060303e-01
6.506822109222412109e-01,-6.449466943740844727e-01
6.734630465507507324e-01,-3.646343052387237549e-01
6.506822109222412109e-01,-3.499939739704132080e-01
6.503878235816955566e-01,-3.333640992641448975e-01
6.503878235816955566e-01,-3.170267343521118164e-01
6.503878235816955566e-01,-6.449466943740844727e-01
6.394726634025573730e-01,-6.449466943740844727e-01
6.394726634025573730e-01,-6.449466943740844727e-01
6.046053767204284668e-01,-6.449466943740844727e-01
5.940519571304321289e-01,-6.449466943740844727e-01
5.927642583847045898e-01,-6.449466943740844727e-01
5.883184671401977539e-01,-6.449466943740844727e-01
5.276655554771423340e-01,-6.449466943740844727e-01
4.676259160041809082e-01,-6.449466943740844727e-01
3.929611146450042725e-01,-6.449466943740844727e-01
2.683624029159545898e-01,-6.449466943740844727e-01
1.471179872751235962e-01,-6.449466943740844727e-01
-9.809301234781742096e-03,-5.018143653869628906e-01
-8.314342051744461060e-02,-5.738220214843750000e-01
-1.104252561926841736e-01,-1.805079430341720581e-01
-1.201508119702339172e-01,-2.860304415225982666e-01
-1.238423511385917664e-01,-4.163256883621215820e-01
-1.978387385606765747e-01,-3.769768178462982178e-01
-2.117096036672592163e-01,-6.449466943740844727e-01
-2.211714833974838257e-01,-6.449466943740844727e-01
-2.172653228044509888e-01,-6.449466943740844727e-01
-2.368390709161758423e-01,-6.449466943740844727e-01
-2.368390709161758423e-01,-6.449466943740844727e-01
-2.530585527420043945e-01,-6.449466943740844727e-01
-2.833267152309417725e-01,-6.449466943740844727e-01
-3.212478160858154297e-01,-6.449466943740844727e-01
-4.682533144950866699e-01,-3.641436398029327393e-01
-5.884552597999572754e-01,-3.476029336452484131e-01
-6.944797635078430176e-01,-3.008461892604827881e-01
-7.298805117607116699e-01,-3.177310228347778320e-01
-7.298805117607116699e-01,-1.041147232055664062e+00
-7.298805117607116699e-01,-1.707823276519775391e+00
-6.808357834815979004e-01,-1.765825986862182617e+00
-4.355384111404418945e-01,-1.733825445175170898e+00
-3.075241148471832275e-01,-1.063952803611755371e+00
-3.060217201709747314e-01,-1.210367530584335327e-01
-2.953027784824371338e-01,-1.598442345857620239e-01
-2.685728371143341064e-01,3.351556956768035889e-01
9.010199457406997681e-03,2.467943876981735229e-01
4.388110339641571045e-01,9.877392053604125977e-01
6.146927475929260254e-01,9.220841526985168457e-01
6.146927475929260254e-01,7.121888995170593262e-01
6.146927475929260254e-01,4.895078241825103760e-01
5.106059908866882324e-01,-3.156168162822723389e-01
5.065035820007324219e-01,-2.851202487945556641e-01
4.182929396629333496e-01,-3.314481079578399658e-01
3.665929734706878662e-01,-3.227521777153015137e-01
3.665929734706878662e-01,-2.738015949726104736e-01
3.665929734706878662e-01,-3.158785104751586914e-01
3.978300392627716064e-01,-3.848152160644531250e-01
4.163183867931365967e-01,-3.358044922351837158e-01
4.404667019844055176e-01,-2.977561950683593750e-01
5.163640379905700684e-01,-3.066254556179046631e-01
6.019440293312072754e-01,-3.688993752002716064e-01
6.724205613136291504e-01,-6.449466943740844727e-01
7.371145486831665039e-01,-6.449466943740844727e-01
8.556424379348754883e-01,-6.449466943740844727e-01
8.556424379348754883e-01,-6.449466943740844727e-01
8.556424379348754883e-01,-3.455142080783843994e-01
8.258218765258789062e-01,-2.981873154640197754e-01
7.743733525276184082e-01,-2.450713068246841431e-01
6.940179467201232910e-01,-2.800798714160919189e-01
5.053814053535461426e-01,-6.449466943740844727e-01
4.962936043739318848e-01,-6.449466943740844727e-01
3.149113953113555908e-01,-6.449466943740844727e-01
2.744148373603820801e-01,-6.449466943740844727e-01
9.170193970203399658e-02,-6.449466943740844727e-01
3.264955058693885803e-02,-6.449466943740844727e-01
-1.100082695484161377e-01,-6.449466943740844727e-01
-1.300848573446273804e-01,-6.449466943740844727e-01
-1.307777911424636841e-01,-6.449466943740844727e-01
-1.307777911424636841e-01,-6.449466943740844727e-01
-1.307777911424636841e-01,-6.449466943740844727e-01
-7.494476437568664551e-02,-6.449466943740844727e-01
-6.310975551605224609e-02,-6.449466943740844727e-01
-5.449411645531654358e-02,-6.449466943740844727e-01
-3.565622121095657349e-02,-6.449466943740844727e-01
5.711114499717950821e-03,-6.449466943740844727e-01
1.435981392860412598e-01,-6.449466943740844727e-01
1.804828941822052002e-01,-4.829192161560058594e-01
3.662802278995513916e-01,-4.688970744609832764e-01
4.090702235698699951e-01,-4.427612721920013428e-01
4.204943776130676270e-01,-4.242334663867950439e-01
4.242288470268249512e-01,-6.449466943740844727e-01
4.340770244598388672e-01,-6.449466943740844727e-01
4.242288470268249512e-01,-6.449466943740844727e-01
4.242288470268249512e-01,-6.449466943740844727e-01
4.221929609775543213e-01,-6.449466943740844727e-01
3.690519630908966064e-01,-6.449466943740844727e-01
2.827361226081848145e-01,-3.450654149055480957e-01
2.666331529617309570e-01,-2.876627743244171143e-01
2.659156918525695801e-01,-1.369061917066574097e-01
2.327470183372497559e-01,2.500565722584724426e-02
2.258606404066085815e-01,-3.807969763875007629e-02
2.109043747186660767e-01,-2.023016959428787231e-01
2.109043747186660767e-01,-1.351981312036514282e-01
1.789498627185821533e-01,-5.298724770545959473e-02
9.246845543384552002e-02,1.769514381885528564e-01
-1.426122616976499557e-02,1.852121353149414062e-01
-1.455991417169570923e-01,4.489341676235198975e-01
-3.481617271900177002e-01,3.429384529590606689e-01
-4.260397255420684814e-01,-1.742088347673416138e-01
-6.553016304969787598e-01,6.528105586767196655e-02
-7.990632057189941406e-01,-7.044168710708618164e-01
-7.990632057189941406e-01,-3.952938616275787354e-01
-7.990632057189941406e-01,-9.630946069955825806e-02
-3.317030966281890869e-01,6.876528263092041016e-03
3.200255930423736572e-01,1.861804127693176270e-01
7.433876991271972656e-01,1.795433610677719116e-01
1.160912036895751953e+00,4.496314525604248047e-01
1.415352344512939453e+00,4.104511439800262451e-01
1.581422686576843262e+00,4.714941084384918213e-01
1.581422686576843262e+00,3.784734010696411133e-01
1.581422686576843262e+00,8.792113512754440308e-02
1.542685985565185547e+00,-1.326088607311248779e-01
1.542685985565185547e+00,-3.081181049346923828e-01
1.542685985565185547e+00,-1.654788553714752197e-01
1.542685985565185547e+00,-2.117776423692703247e-01
1.542685985565185547e+00,-5.174151062965393066e-01
1.433822393417358398e+00,-1.976166516542434692e-01
1.433822393417358398e+00,-9.590657055377960205e-02
1.433822393417358398e+00,-7.899793386459350586e-01
1.517182469367980957e+00,-1.061801075935363770e+00
1.668621540069580078e+00,4.926398694515228271e-01
1.668621540069580078e+00,-2.078623324632644653e-01
1.668621540069580078e+00,1.475284099578857422e-01
1.582244396209716797e+00,4.057133197784423828e-01
1.329257369041442871e+00,6.387882232666015625e-01
8.349342346191406250e-01,4.506717622280120850e-01
7.909484505653381348e-01,6.574357151985168457e-01
7.909484505653381348e-01,4.498398602008819580e-01
7.909484505653381348e-01,2.486256211996078491e-01
8.364856839179992676e-01,6.234446540474891663e-02
9.065390825271606445e-01,5.166469141840934753e-02
1.135206103324890137e+00,1.903884857892990112e-01
1.490691661834716797e+00,1.489791423082351685e-01
1.542011499404907227e+00,3.252324759960174561e-01
1.542011499404907227e+00,1.078058257699012756e-01
1.542011499404907227e+00,2.133549749851226807e-01
1.411317467689514160e+00,-8.518590033054351807e-02
1.231339454650878906e+00,-2.188725396990776062e-02
1.100167155265808105e+00,-6.331250667572021484e-01
9.219245910644531250e-01,-2.761313319206237793e-01
7.799106240272521973e-01,-2.622645199298858643e-01
5.637838244438171387e-01,-2.999047040939331055e-01
4.235543012619018555e-01,-4.687534868717193604e-01
4.235543012619018555e-01,-4.750860035419464111e-01
4.235543012619018555e-01,-1.634634584188461304e-01
4.242840409278869629e-01,3.688187003135681152e-01
6.133130192756652832e-01,6.527336835861206055e-01
7.352687716484069824e-01,5.484226346015930176e-01
8.196161985397338867e-01,4.767780303955078125e-01
9.868025183677673340e-01,1.158768534660339355e-01
1.193234443664550781e+00,-1.686413139104843140e-01
1.193234443664550781e+00,-3.556050658226013184e-01
1.193234443664550781e+00,-8.389313220977783203e-01
1.128779649734497070e+00,-7.264222502708435059e-01
9.233410954475402832e-01,-1.107354164123535156e+00
7.143520712852478027e-01,-5.563902854919433594e-01
4.936506450176239014e-01,-4.596542119979858398e-01
3.143472373485565186e-01,-2.999488711357116699e-01
1.724988520145416260e-01,-6.277613341808319092e-02
5.687759071588516235e-02,-1.010011062026023865e-01
-2.215332835912704468e-01,-1.674363166093826294e-01
-5.182117819786071777e-01,-1.495306044816970825e-01
-7.255880236625671387e-01,-3.291605114936828613e-01
-7.255880236625671387e-01,-3.259221017360687256e-01
-7.255880236625671387e-01,-2.948404848575592041e-01
-7.157275676727294922e-01,-4.260058701038360596e-01
-6.603851318359375000e-01,-6.449466943740844727e-01
-6.366415619850158691e-01,-6.449466943740844727e-01
-4.857114851474761963e-01,-6.449466943740844727e-01
-4.733000397682189941e-01,-6.449466943740844727e-01
-4.456870853900909424e-01,-6.449466943740844727e-01
-3.977522253990173340e-01,-6.449466943740844727e-01
-3.411710858345031738e-01,-6.449466943740844727e-01
-3.122580945491790771e-01,-6.449466943740844727e-01
-3.027471899986267090e-01,-6.449466943740844727e-01
-2.984914779663085938e-01,-6.449466943740844727e-01
-2.696766257286071777e-01,-6.449466943740844727e-01
-2.549227178096771240e-01,-6.449466943740844727e-01
-2.549227178096771240e-01,-6.449466943740844727e-01
-2.294069230556488037e-01,-6.449466943740844727e-01
-1.878862977027893066e-01,-6.449466943740844727e-01
-1.723168194293975830e-01,-3.386915028095245361e-01
-1.688092499971389771e-01,-3.572697341442108154e-01
-1.129823550581932068e-01,-2.962358593940734863e-01
-8.674297481775283813e-02,-3.283717334270477295e-01
-8.088679611682891846e-02,-6.449466943740844727e-01
-3.323403000831604004e-02,-6.449466943740844727e-01
-2.269290201365947723e-02,-6.449466943740844727e-01
-1.313904672861099243e-02,-6.449466943740844727e-01
-1.313904672861099243e-02,-6.449466943740844727e-01
-1.313904672861099243e-02,-6.449466943740844727e-01
-1.313904672861099243e-02,-6.449466943740844727e-01
-3.793123736977577209e-02,-6.449466943740844727e-01
-8.559013903141021729e-02,-6.449466943740844727e-01
-1.216838434338569641e-01,-6.449466943740844727e-01
-1.402641832828521729e-01,-6.449466943740844727e-01
-1.404604166746139526e-01,-6.449466943740844727e-01
-1.402641832828521729e-01,-6.449466943740844727e-01
-1.402641832828521729e-01,-6.449466943740844727e-01
-1.348863095045089722e-01,-6.449466943740844727e-01
-1.144111379981040955e-01,-6.449466943740844727e-01
-8.771798759698867798e-02,-3.870623111724853516e-01
-8.592740446329116821e-02,-3.636974692344665527e-01
-5.503987520933151245e-02,-3.732472062110900879e-01
-5.503987520933151245e-02,-2.858643233776092529e-01
-8.592740446329116821e-02,-4.197431802749633789e-01
-1.046549230813980103e-01,-6.449466943740844727e-01
-1.217512935400009155e-01,-6.449466943740844727e-01
-1.774984747171401978e-01,-6.449466943740844727e-01
-2.779427170753479004e-01,-6.449466943740844727e-01
-3.526381850242614746e-01,-6.449466943740844727e-01
-3.872233629226684570e-01,-6.449466943740844727e-01
-4.544805586338043213e-01,-6.449466943740844727e-01
-5.021578669548034668e-01,-6.449466943740844727e-01
-5.631418824195861816e-01,-6.449466943740844727e-01
-6.072502732276916504e-01,-6.449466943740844727e-01
-6.445519924163818359e-01,-6.449466943740844727e-01
-7.286295890808105469e-01,-6.449466943740844727e-01
-7.585973143577575684e-01,-6.449466943740844727e-01
-7.752950787544250488e-01,-6.449466943740844727e-01
-7.752950787544250488e-01,-6.449466943740844727e-01
-7.752950787544250488e-01,-6.449466943740844727e-01
-7.218290567398071289e-01,-6.449466943740844727e-01
-6.092125177383422852e-01,-6.449466943740844727e-01
-4.953573048114776611e-01,-6.449466943740844727e-01
-4.417012035846710205e-01,-3.970176875591278076e-01
-3.047769069671630859e-01,-3.989518284797668457e-01
-1.880947798490524292e-01,-3.535368740558624268e-01
1.655818223953247070e-01,-3.644078075885772705e-01
4.096650481224060059e-01,-3.890514075756072998e-01
7.942414283752441406e-01,-3.744027316570281982e-01
1.054225206375122070e+00,-3.371616303920745850e-01
1.076067924499511719e+00,-2.768175005912780762e-01
1.085615634918212891e+00,-3.786655962467193604e-01
1.089675068855285645e+00,-6.449466943740844727e-01
1.089675068855285645e+00,-6.449466943740844727e-01
1.085615634918212891e+00,-6.449466943740844727e-01
1.032517552375793457e+00,-5.351648330688476562e-01
8.902031183242797852e-01,-7.515758872032165527e-01
6.683182120323181152e-01,-5.636510848999023438e-01
3.298553824424743652e-01,-6.468687057495117188e-01
7.295602560043334961e-02,-6.449466943740844727e-01
-2.324730008840560913e-01,-6.449466943740844727e-01
-4.418238401412963867e-01,-6.449466943740844727e-01
-5.402138233184814453e-01,-6.449466943740844727e-01
-6.937193870544433594e-01,-6.449466943740844727e-01
-7.299357056617736816e-01,-6.449466943740844727e-01
-8.990352749824523926e-01,-6.449466943740844727e-01
-9.251275062561035156e-01,-6.449466943740844727e-01
-9.251275062561035156e-01,-6.449466943740844727e-01
-9.263662099838256836e-01,-6.449466943740844727e-01
-9.251275062561035156e-01,-6.449466943740844727e-01
-9.204241633415222168e-01,-6.449466943740844727e-01
-8.900394439697265625e-01,-6.449466943740844727e-01
-8.663265109062194824e-01,-6.449466943740844727e-01
-8.441098332405090332e-01,-6.449466943740844727e-01
-7.091785073280334473e-01,-6.449466943740844727e-01
-7.020223140716552734e-01,-6.449466943740844727e-01
-6.035832166671752930e-01,-6.449466943740844727e-01
-5.834269523620605469e-01,-6.449466943740844727e-01
-5.731678605079650879e-01,-6.449466943740844727e-01
-4.926039874553680420e-01,-3.457857668399810791e-01
-4.610787332057952881e-01,-3.387164175510406494e-01
-3.595368266105651855e-01,-3.351003527641296387e-01
-2.476070821285247803e-01,-3.575680255889892578e-01
-1.506642699241638184e-01,-6.449466943740844727e-01
4.801666364073753357e-02,-3.683066368103027344e-01
1.757550239562988281e-01,-3.966601192951202393e-01
1.846036761999130249e-01,-5.697921514511108398e-01
3.225274980068206787e-01,-4.506815373897552490e-01
4.899162054061889648e-01,-6.449466943740844727e-01
4.899162054061889648e-01,-6.449466943740844727e-01
4.899162054061889648e-01,-6.449466943740844727e-01
4.363336563110351562e-01,-6.449466943740844727e-01
3.821195065975189209e-01,-6.449466943740844727e-01
2.704289257526397705e-01,-6.449466943740844727e-01
1.871546506881713867e-01,-6.449466943740844727e-01
1.877867802977561951e-02,-6.449466943740844727e-01
-2.849389426410198212e-02,-6.449466943740844727e-01
-3.428875654935836792e-02,-6.449466943740844727e-01
-1.442378014326095581e-01,-6.449466943740844727e-01
-1.569006443023681641e-01,-6.449466943740844727e-01
-1.569006443023681641e-01,-6.449466943740844727e-01
-1.757630705833435059e-01,-6.449466943740844727e-01
-1.757630705833435059e-01,-6.449466943740844727e-01
-1.563548892736434937e-01,-6.449466943740844727e-01
-1.243267878890037537e-01,-6.449466943740844727e-01
-7.011264562606811523e-02,-6.449466943740844727e-01
-1.325555704534053802e-02,-6.449466943740844727e-01
1.559664029628038406e-03,-6.449466943740844727e-01
1.559664029628038406e-03,-6.449466943740844727e-01
1.559664029628038406e-03,-6.449466943740844727e-01
-1.313291396945714951e-02,-6.449466943740844727e-01
-1.313291396945714951e-02,-6.449466943740844727e-01
-2.245988138020038605e-02,-6.449466943740844727e-01
-2.245988138020038605e-02,-6.449466943740844727e-01
-7.944574207067489624e-02,-6.449466943740844727e-01
-9.132980555295944214e-02,-6.449466943740844727e-01
-1.105724275112152100e-01,-6.449466943740844727e-01
-1.210399642586708069e-01,-3.834838569164276123e-01
-1.210399642586708069e-01,-3.623895049095153809e-01
-1.210399642586708069e-01,-3.162511587142944336e-01
-9.919119626283645630e-02,-2.562057971954345703e-01
2.730233594775199890e-02,-3.917848467826843262e-01
1.100860610604286194e-01,-6.449466943740844727e-01
1.325235217809677124e-01,-6.449466943740844727e-01
1.704262048006057739e-01,-6.449466943740844727e-01
2.386583834886550903e-01,-6.449466943740844727e-01
2.902479767799377441e-01,-6.449466943740844727e-01
3.634103834629058838e-01,-6.449466943740844727e-01
3.829964101314544678e-01,-6.449466943740844727e-01
3.964993655681610107e-01,-6.449466943740844727e-01
3.964993655681610107e-01,-6.449466943740844727e-01
3.964993655681610107e-01,-6.147898435592651367e-01
3.052103817462921143e-01,-8.373752832412719727e-01
2.776587307453155518e-01,-6.256538629531860352e-01
2.454895824193954468e-01,-7.255793809890747070e-01
2.085189819335937500e-01,-6.449466943740844727e-01
1.560034304857254028e-01,-6.449466943740844727e-01
1.386679112911224365e-01,-6.449466943740844727e-01
5.597003549337387085e-02,-6.449466943740844727e-01
5.597003549337387085e-02,-6.449466943740844727e-01
5.597003549337387085e-02,-6.449466943740844727e-01
8.759341388940811157e-02,-6.449466943740844727e-01
9.188590943813323975e-02,-6.449466943740844727e-01
9.303874522447586060e-02,-6.449466943740844727e-01
1.609888523817062378e-01,-6.449466943740844727e-01
1.797592937946319580e-01,-6.449466943740844727e-01
2.758742570877075195e-01,-6.449466943740844727e-01
4.150122404098510742e-01,-2.185266017913818359e-01
5.063441395759582520e-01,-1.775173246860504150e-01
6.676129698753356934e-01,1.571877002716064453e-01
9.162339568138122559e-01,7.101145386695861816e-01
1.074406027793884277e+00,7.445072531700134277e-01
1.312430739402770996e+00,8.712911605834960938e-01
1.552871465682983398e+00,9.898875951766967773e-01
1.825088858604431152e+00,1.036756515502929688e+00
2.045091152191162109e+00,1.117144584655761719e+00
2.055080413818359375e+00,1.417301654815673828e+00
2.055080413818359375e+00,1.349900007247924805e+00
2.055080413818359375e+00,1.136227846145629883e+00
1.904610395431518555e+00,3.968878090381622314e-01
1.740931630134582520e+00,8.260919153690338135e-02
1.519261240959167480e+00,-2.502136304974555969e-02
1.263275623321533203e+00,-3.520042896270751953e-01
1.141166567802429199e+00,-2.810780405998229980e-01
9.636230468750000000e-01,-2.484354525804519653e-01
7.628939747810363770e-01,-2.305532991886138916e-01
4.984030425548553467e-01,-2.586566507816314697e-01
1.792196780443191528e-01,-2.001828551292419434e-01
-3.459536284208297729e-02,2.155348658561706543e-01
-3.324757218360900879e-01,1.251332610845565796e-01
-4.019956588745117188e-01,-1.693182438611984253e-02
-4.441295266151428223e-01,-2.365530580282211304e-01
-4.441295266151428223e-01,-6.449466943740844727e-01
-4.890350997447967529e-01,-6.449466943740844727e-01
-4.703688919544219971e-01,-3.756752312183380127e-01
-4.441295266151428223e-01,-3.638597428798675537e-01
-4.273826777935028076e-01,-3.338440954685211182e-01
-3.708322048187255859e-01,-2.989226579666137695e-01
-2.996504604816436768e-01,-3.222482204437255859e-01
-1.922217011451721191e-01,-3.923723995685577393e-01
9.314912557601928711e-02,-3.323389589786529541e-01
4.186547398567199707e-01,-2.098751217126846313e-01
6.628728508949279785e-01,7.427185028791427612e-02
8.157222867012023926e-01,-2.234518155455589294e-02
1.044879913330078125e+00,7.850755751132965088e-02
1.049399256706237793e+00,1.522121280431747437e-01
1.174789071083068848e+00,-1.145087108016014099e-01
1.174789071083068848e+00,-4.014904052019119263e-02
1.174789071083068848e+00,-5.463325232267379761e-02
1.140087246894836426e+00,-2.849678695201873779e-01
1.031953334808349609e+00,1.295750308781862259e-02
9.164976477622985840e-01,2.036276310682296753e-01
4.822510182857513428e-01,1.428699046373367310e-01
7.183384895324707031e-02,1.725739240646362305e-01
7.183384895324707031e-02,1.291693300008773804e-01
7.183384895324707031e-02,2.947585582733154297e-01
1.540902107954025269e-01,1.027347326278686523e+00
5.392798185348510742e-01,1.151198387145996094e+00
6.221432685852050781e-01,1.459129691123962402e+00
6.399816274642944336e-01,9.469372034072875977e-01
6.399816274642944336e-01,5.256440639495849609e-01
6.399816274642944336e-01,3.707052171230316162e-01
6.607450246810913086e-01,1.195093209389597178e-04
6.607450246810913086e-01,3.659626245498657227e-01
5.385746359825134277e-01,3.695421516895294189e-01
5.385746359825134277e-01,-3.399835526943206787e-02
5.385746359825134277e-01,5.477775931358337402e-01
4.608928263187408447e-01,3.732235729694366455e-01
2.822210192680358887e-01,-1.356182396411895752e-01
1.518458575010299683e-01,-5.845042467117309570e-01
1.212403997778892517e-01,-4.598954021930694580e-01
1.203512474894523621e-01,-9.529581665992736816e-02
1.212403997778892517e-01,-1.680869013071060181e-01
1.518458575010299683e-01,1.640118956565856934e-01
1.781220138072967529e-01,1.572723537683486938e-01
4.439804255962371826e-01,6.010192036628723145e-01
1.144864201545715332e+00,6.977456808090209961e-01
1.566987633705139160e+00,1.489393234252929688e+00
1.950165867805480957e+00,1.649199128150939941e+00
2.027044296264648438e+00,4.019340276718139648e-01
2.027044296264648438e+00,2.720112204551696777e-01
2.027044296264648438e+00,1.806624680757522583e-01
1.908976435661315918e+00,3.365731537342071533e-01
1.828945994377136230e+00,-3.511797403916716576e-03
1.547818660736083984e+00,1.524617522954940796e-01
1.133433938026428223e+00,-3.351054489612579346e-01
9.938789606094360352e-01,1.631153076887130737e-01
9.928488135337829590e-01,-6.158383190631866455e-02
9.864161610603332520e-01,-3.014003634452819824e-01
9.302152395248413086e-01,-1.605746150016784668e-01
8.726713657379150391e-01,-3.092291951179504395e-01
8.622283339500427246e-01,-3.097961843013763428e-01
8.442366719245910645e-01,-2.899315953254699707e-01
8.140911459922790527e-01,-5.085771679878234863e-01
7.481339573860168457e-01,-6.449466943740844727e-01
6.519208550453186035e-01,-6.449466943740844727e-01
5.509002208709716797e-01,-6.449466943740844727e-01
4.532951116561889648e-01,-3.736331164836883545e-01
2.407187819480895996e-01,-3.315146565437316895e-01
-5.814273282885551453e-02,-2.822786271572113037e-01
-3.092411160469055176e-01,-1.620860993862152100e-01
-4.012168943881988525e-01,-3.261898458003997803e-01
-4.097834825515747070e-01,-2.991660237312316895e-01
-4.380035102367401123e-01,-3.173281848430633545e-01
-4.380035102367401123e-01,-6.449466943740844727e-01
-4.380035102367401123e-01,-6.449466943740844727e-01
-3.277539908885955811e-01,-6.449466943740844727e-01
-3.057212531566619873e-01,-6.449466943740844727e-01
-2.280333340167999268e-01,-6.449466943740844727e-01
-1.390929520130157471e-01,-6.449466943740844727e-01
-8.498919010162353516e-02,-6.449466943740844727e-01
-1.961457356810569763e-02,-6.449466943740844727e-01
1.352344546467065811e-02,-6.449466943740844727e-01
3.041745722293853760e-02,-6.449466943740844727e-01
3.041745722293853760e-02,-6.449466943740844727e-01
3.041745722293853760e-02,-6.449466943740844727e-01
-6.933332886546850204e-03,-6.449466943740844727e-01
-7.671694457530975342e-02,-6.449466943740844727e-01
-1.749904304742813110e-01,-3.742075562477111816e-01
-1.937669962644577026e-01,-3.688893020153045654e-01
-3.363328278064727783e-01,-3.444314002990722656e-01
-3.434399664402008057e-01,-3.674715459346771240e-01
-3.633264601230621338e-01,-3.908794224262237549e-01
-4.585400223731994629e-01,-3.720669150352478027e-01
-5.194565653800964355e-01,-3.491383492946624756e-01
-5.737688541412353516e-01,-3.800458610057830811e-01
-5.851071476936340332e-01,-6.449466943740844727e-01
-5.851071476936340332e-01,-3.764019906520843506e-01
-5.737688541412353516e-01,-2.049859911203384399e-01
-4.028173685073852539e-01,3.465568879619240761e-03
-3.082599639892578125e-01,3.249557912349700928e-01
-1.388231366872787476e-01,3.284117579460144043e-01
-5.107852071523666382e-02,5.394554734230041504e-01
-4.383647814393043518e-02,3.294979035854339600e-01
-4.154919460415840149e-02,-1.093260794878005981e-01
5.109499394893646240e-02,-1.175022125244140625e-01
1.683228760957717896e-01,-1.674187183380126953e-01
2.267068624496459961e-01,-3.275631368160247803e-01
2.267068624496459961e-01,-2.984114885330200195e-01
2.267068624496459961e-01,-4.475937187671661377e-01
1.224852278828620911e-01,-6.449466943740844727e-01
1.880320720374584198e-02,-6.449466943740844727e-01
1.393429841846227646e-02,-6.449466943740844727e-01
1.393429841846227646e-02,-6.449466943740844727e-01
1.880320720374584198e-02,-6.449466943740844727e-01
1.880320720374584198e-02,-6.449466943740844727e-01
1.566355861723423004e-02,-6.449466943740844727e-01
1.566355861723423004e-02,-6.449466943740844727e-01
9.678601287305355072e-03,-6.449466943740844727e-01
-5.326715297996997833e-03,-6.449466943740844727e-01
-5.326715297996997833e-03,-6.449466943740844727e-01
-5.326715297996997833e-03,-6.449466943740844727e-01
2.026878669857978821e-02,-6.449466943740844727e-01
3.259436413645744324e-02,-6.449466943740844727e-01
3.259436413645744324e-02,-6.449466943740844727e-01
3.259436413645744324e-02,-6.449466943740844727e-01
-8.153626695275306702e-03,-6.449466943740844727e-01
-3.914539888501167297e-02,-6.449466943740844727e-01
-5.813046917319297791e-02,-6.449466943740844727e-01
-9.163028001785278320e-02,-6.449466943740844727e-01
-2.055161595344543457e-01,-6.449466943740844727e-01
-2.665553689002990723e-01,-6.449466943740844727e-01
-3.749223351478576660e-01,-6.449466943740844727e-01
-4.684924483299255371e-01,-6.449466943740844727e-01
-5.877562165260314941e-01,-6.449466943740844727e-01
-6.356604099273681641e-01,-6.449466943740844727e-01
-7.300031781196594238e-01,-6.449466943740844727e-01
-7.606883645057678223e-01,-6.449466943740844727e-01
-8.333908319473266602e-01,-6.449466943740844727e-01
-8.333908319473266602e-01,-6.449466943740844727e-01
-8.333908319473266602e-01,-6.449466943740844727e-01
-7.687276005744934082e-01,-6.449466943740844727e-01
-6.853429079055786133e-01,-6.449466943740844727e-01
-5.639390349388122559e-01,-6.449466943740844727e-01
-4.194661080837249756e-01,-6.449466943740844727e-01
-3.658038377761840820e-01,-6.449466943740844727e-01
-2.728346586227416992e-01,-6.449466943740844727e-01
-1.630082428455352783e-01,-6.449466943740844727e-01
-8.111981302499771118e-02,-6.449466943740844727e-01
4.509217571467161179e-03,-6.449466943740844727e-01
6.827108561992645264e-02,-6.449466943740844727e-01
7.597916573286056519e-02,-6.449466943740844727e-01
1.428622901439666748e-01,-6.449466943740844727e-01
1.509321630001068115e-01,-6.449466943740844727e-01
1.509321630001068115e-01,-6.449466943740844727e-01
1.509321630001068115e-01,-6.449466943740844727e-01
1.662072986364364624e-01,-6.449466943740844727e-01
1.509321630001068115e-01,-6.449466943740844727e-01
1.662072986364364624e-01,-6.449466943740844727e-01
1.662072986364364624e-01,-6.449466943740844727e-01
1.446957886219024658e-01,-6.449466943740844727e-01
1.434816271066665649e-01,-6.449466943740844727e-01
1.127290055155754089e-01,-6.449466943740844727e-01
1.036841198801994324e-01,-6.449466943740844727e-01
5.572474747896194458e-02,-6.449466943740844727e-01
4.199491441249847412e-02,-6.449466943740844727e-01
-4.054965823888778687e-02,-6.449466943740844727e-01
-5.954085662961006165e-02,-6.449466943740844727e-01
-1.813249140977859497e-01,-6.449466943740844727e-01
-2.767346799373626709e-01,-6.449466943740844727e-01
-3.556306362152099609e-01,-6.449466943740844727e-01
-5.450888872146606445e-01,-6.449466943740844727e-01
-6.150687336921691895e-01,-6.449466943740844727e-01
-6.741640567779541016e-01,-6.449466943740844727e-01
-8.342064023017883301e-01,-6.449466943740844727e-01
-9.486013054847717285e-01,-6.449466943740844727e-01
-9.913483262062072754e-01,-6.449466943740844727e-01
-1.055208325386047363e+00,-6.449466943740844727e-01
-1.055208325386047363e+00,-6.449466943740844727e-01
-1.055208325386047363e+00,-6.449466943740844727e-01
-1.011130571365356445e+00,-6.449466943740844727e-01
-1.007028222084045410e+00,-6.449466943740844727e-01
-1.001061677932739258e+00,-6.449466943740844727e-01
-9.511583447456359863e-01,-6.449466943740844727e-01
-9.480493664741516113e-01,-6.449466943740844727e-01
-8.646156787872314453e-01,-6.449466943740844727e-01
-7.801333069801330566e-01,-6.449466943740844727e-01
-7.780361175537109375e-01,-6.449466943740844727e-01
-6.774385571479797363e-01,-6.449466943740844727e-01
-5.448374748229980469e-01,-6.449466943740844727e-01
-5.391100645065307617e-01,-6.449466943740844727e-01
-4.656103551387786865e-01,-6.449466943740844727e-01
-3.722548484802246094e-01,-6.449466943740844727e-01
-3.016740679740905762e-01,-6.449466943740844727e-01
-2.423825114965438843e-01,-6.449466943740844727e-01
-2.067425847053527832e-01,-6.449466943740844727e-01
-1.688828319311141968e-01,-6.449466943740844727e-01
-1.503699272871017456e-01,-6.449466943740844727e-01
-1.484444439411163330e-01,-6.449466943740844727e-01
-1.169988960027694702e-01,-6.449466943740844727e-01
-7.953159511089324951e-02,-6.449466943740844727e-01
-7.113058120012283325e-02,-6.449466943740844727e-01
-5.954085662961006165e-02,-6.449466943740844727e-01
-5.954085662961006165e-02,-6.449466943740844727e-01
-7.113058120012283325e-02,-6.449466943740844727e-01
-7.113058120012283325e-02,-6.449466943740844727e-01
-5.222522839903831482e-02,-6.449466943740844727e-01
-7.479146122932434082e-02,-6.449466943740844727e-01
-7.479146122932434082e-02,-6.449466943740844727e-01
-1.697413325309753418e-01,-6.449466943740844727e-01
-1.832749396562576294e-01,-6.449466943740844727e-01
-2.298607081174850464e-01,-6.449466943740844727e-01
-2.645133733749389648e-01,-6.449466943740844727e-01
-3.254237771034240723e-01,-6.449466943740844727e-01
-3.254237771034240723e-01,-3.372803032398223877e-01
-3.254237771034240723e-01,-2.753287255764007568e-01
-2.625755965709686279e-01,-6.765444576740264893e-02
-2.023581117391586304e-01,4.259409010410308838e-01
-4.753415286540985107e-02,-1.272644549608230591e-01
2.234507054090499878e-01,4.924823343753814697e-01
6.443170309066772461e-01,6.921971440315246582e-01
1.023693442344665527e+00,5.087455511093139648e-01
1.243775486946105957e+00,7.203763723373413086e-01
1.441745042800903320e+00,4.717877805233001709e-01
1.593778967857360840e+00,-2.144775837659835815e-01
1.630798578262329102e+00,-4.475937187671661377e-01
1.641186356544494629e+00,-6.449466943740844727e-01
1.641186356544494629e+00,-6.449466943740844727e-01
1.641186356544494629e+00,-6.449466943740844727e-01
1.509658336639404297e+00,-6.449466943740844727e-01
1.304526448249816895e+00,-1.029724925756454468e-01
9.446993470191955566e-01,-6.474715471267700195e-02
6.100506782531738281e-01,-7.848009467124938965e-02
3.132066726684570312e-01,-5.747501924633979797e-02
1.639016121625900269e-01,-6.449466943740844727e-01
3.334861621260643005e-02,-6.449466943740844727e-01
-8.327218890190124512e-02,-6.449466943740844727e-01
-1.471137702465057373e-01,-6.449466943740844727e-01
-2.759620547294616699e-01,-6.449466943740844727e-01
-2.808187007904052734e-01,-6.449466943740844727e-01
-2.808187007904052734e-01,-6.449466943740844727e-01
-2.808187007904052734e-01,-6.449466943740844727e-01
-2.318536490201950073e-01,-6.449466943740844727e-01
-2.015548050403594971e-01,-6.449466943740844727e-01
-1.981943994760513306e-01,-6.449466943740844727e-01
-1.600954830646514893e-01,-6.449466943740844727e-01
-1.239772588014602661e-01,-6.449466943740844727e-01
-8.844157308340072632e-02,-6.449466943740844727e-01
-7.552118599414825439e-02,-4.127061069011688232e-01
-7.552118599414825439e-02,-3.706631362438201904e-01
-7.552118599414825439e-02,-3.745314180850982666e-01
-8.844157308340072632e-02,-3.220157325267791748e-01
-7.863630354404449463e-02,-4.036368429660797119e-01
-7.911460846662521362e-02,-6.449466943740844727e-01
-7.911460846662521362e-02,-6.449466943740844727e-01
-8.960667997598648071e-02,-6.449466943740844727e-01
-9.210858494043350220e-02,-6.449466943740844727e-01
-1.055931374430656433e-01,-6.449466943740844727e-01
-1.055931374430656433e-01,-6.449466943740844727e-01
-1.057954952120780945e-01,-6.449466943740844727e-01
-1.057954952120780945e-01,-6.449466943740844727e-01
-1.054153069853782654e-01,-6.449466943740844727e-01
-7.827451080083847046e-02,-6.449466943740844727e-01
-3.423969820141792297e-02,-6.449466943740844727e-01
-3.423969820141792297e-02,-6.449466943740844727e-01
-3.423969820141792297e-02,-6.449466943740844727e-01
-6.712016463279724121e-02,-6.449466943740844727e-01
-6.712016463279724121e-02,-6.449466943740844727e-01
-8.300238102674484253e-02,-6.449466943740844727e-01
-9.252557158470153809e-02,-6.449466943740844727e-01
-1.024780198931694031e-01,-6.449466943740844727e-01
-1.110568642616271973e-01,-3.547564446926116943e-01
-1.865004301071166992e-01,-3.588730692863464355e-01
-2.254210412502288818e-01,-3.444319665431976318e-01
-3.311450481414794922e-01,-3.322784900665283203e-01
-5.051625967025756836e-01,-6.449466943740844727e-01
-6.687861680984497070e-01,-3.852699697017669678e-01
-7.875286936759948730e-01,-3.658742010593414307e-01
-9.530654549598693848e-01,-2.989403307437896729e-01
-1.018078327178955078e+00,-2.514709830284118652e-01
-1.118068814277648926e+00,-3.266574442386627197e-01
-1.146834611892700195e+00,-6.449466943740844727e-01
-1.147619485855102539e+00,-6.449466943740844727e-01
-1.161937952041625977e+00,-6.449466943740844727e-01
-1.171700358390808105e+00,-3.757183551788330078e-01
-1.171700358390808105e+00,-2.152258008718490601e-01
-1.171700358390808105e+00,-1.603606045246124268e-01
-1.171700358390808105e+00,-2.193211466073989868e-01
-1.223657846450805664e+00,-2.855951786041259766e-01
-1.169222950935363770e+00,-3.784035742282867432e-01
-1.169222950935363770e+00,-3.246606886386871338e-01
-1.169222950935363770e+00,-3.147366940975189209e-01
-1.095600605010986328e+00,-3.331016302108764648e-01
-9.698674678802490234e-01,-5.971817970275878906e-01
-9.660348892211914062e-01,-6.449466943740844727e-01
-9.581244587898254395e-01,-6.449466943740844727e-01
-9.202279448509216309e-01,-6.449466943740844727e-01
-7.311866879463195801e-01,-6.449466943740844727e-01
-5.875599980354309082e-01,-6.449466943740844727e-01
-4.062023162841796875e-01,-3.863450288772583008e-01
-1.230022460222244263e-01,-3.527470231056213379e-01
4.797427449375391006e-03,-2.842690944671630859e-01
9.844728559255599976e-02,-8.441296219825744629e-02
1.084917113184928894e-01,-1.352376304566860199e-02
1.246130764484405518e-01,-9.031924605369567871e-02
1.685988306999206543e-01,3.249746561050415039e-01
1.862164288759231567e-01,6.916903257369995117e-01
4.434285163879394531e-01,6.512179374694824219e-01
4.434285163879394531e-01,1.040396571159362793e+00
4.434285163879394531e-01,7.845531105995178223e-01
4.848878383636474609e-01,3.995006978511810303e-01
4.848878383636474609e-01,-3.307773172855377197e-01
4.848878383636474609e-01,-8.683890700340270996e-01
6.362287402153015137e-01,-1.824383586645126343e-01
8.452730178833007812e-01,-5.418678745627403259e-03
1.209208607673645020e+00,-1.198671758174896240e-01
1.441266775131225586e+00,-3.196558058261871338e-01
1.629234910011291504e+00,-6.449466943740844727e-01
1.664028525352478027e+00,-3.722819387912750244e-01
1.664028525352478027e+00,-3.041456639766693115e-01
1.664028525352478027e+00,-1.333047300577163696e-01
1.576474070549011230e+00,-1.573949605226516724e-01
1.338075280189514160e+00,-3.552006324753165245e-03
9.540630578994750977e-01,-1.066821217536926270e-01
5.108696818351745605e-01,-1.957266777753829956e-01
4.396756589412689209e-01,3.101213648915290833e-02
4.269698858261108398e-01,5.477757453918457031e-01
4.192863404750823975e-01,3.499803543090820312e-01
4.192863404750823975e-01,1.509002298116683960e-01
2.731822729110717773e-01,3.053661286830902100e-01
7.354524917900562286e-03,-6.962499618530273438e-01
-2.330611459910869598e-02,-4.668829143047332764e-01
-2.330611459910869598e-02,-3.235085606575012207e-01
-2.330611459910869598e-02,1.335602253675460815e-02
-2.330611459910869598e-02,9.770903736352920532e-02
-2.330611459910869598e-02,9.074473381042480469e-02
-2.993494458496570587e-02,-8.888001739978790283e-02
-1.244065091013908386e-01,-2.285325080156326294e-01
-2.243233919143676758e-01,-3.796405792236328125e-01
-3.451017737388610840e-01,-6.494010686874389648e-01
-5.172367691993713379e-01,-3.162513077259063721e-01
-5.846533775329589844e-01,-2.642863094806671143e-01
-6.965769529342651367e-01,1.439164299517869949e-02
-6.965769529342651367e-01,2.884976752102375031e-02
-6.965769529342651367e-01,2.087006568908691406e-01
-5.216825604438781738e-01,1.878126710653305054e-01
-3.941771984100341797e-01,2.192193120718002319e-01
-1.572501808404922485e-01,3.065142929553985596e-01
2.178214192390441895e-01,2.712471783161163330e-01
8.134840726852416992e-01,1.370343565940856934e-01
1.355134844779968262e+00,-1.035573333501815796e-01
1.848335862159729004e+00,4.320096075534820557e-01
2.063426256179809570e+00,1.382465362548828125e-01
2.241441965103149414e+00,5.908948183059692383e-01
2.241441965103149414e+00,8.832424283027648926e-01
2.241441965103149414e+00,8.744170665740966797e-01
1.995660185813903809e+00,7.007471919059753418e-01
1.792435288429260254e+00,6.176775693893432617e-01
1.726441383361816406e+00,-1.643602997064590454e-01
1.546365261077880859e+00,-1.339630782604217529e-01
1.309524178504943848e+00,-2.938327565789222717e-02
1.025128364562988281e+00,3.329520523548126221e-01
7.933338880538940430e-01,5.490466356277465820e-01
7.705284953117370605e-01,7.011477947235107422e-01
7.456443309783935547e-01,6.767569780349731445e-01
6.769215464591979980e-01,6.715446710586547852e-01
7.456443309783935547e-01,5.077183246612548828e-01
7.456443309783935547e-01,2.739221155643463135e-01
8.458248972892761230e-01,3.259719312191009521e-01
9.720425009727478027e-01,7.619279623031616211e-01
1.115196943283081055e+00,5.648644566535949707e-01
1.183944225311279297e+00,3.912259638309478760e-01
1.265538334846496582e+00,4.430223628878593445e-02
1.356306076049804688e+00,3.481872081756591797e-01
1.377075672149658203e+00,3.595434427261352539e-01
1.391504526138305664e+00,9.115235805511474609e-01
1.485007286071777344e+00,9.770879745483398438e-01
1.485007286071777344e+00,5.412186384201049805e-01
1.485007286071777344e+00,9.216995239257812500e-01
1.409649491310119629e+00,4.443926513195037842e-01
1.173838496208190918e+00,5.368192195892333984e-01
1.000047922134399414e+00,6.371748447418212891e-01
9.117636680603027344e-01,5.747544765472412109e-01
8.577641248703002930e-01,3.784464597702026367e-01
8.033169507980346680e-01,1.788855940103530884e-01
8.033169507980346680e-01,2.125815302133560181e-01
8.033169507980346680e-01,2.440266311168670654e-01
9.022833704948425293e-01,2.750852406024932861e-01
1.028838276863098145e+00,7.884936928749084473e-01
1.112253546714782715e+00,8.938403129577636719e-01
1.516759395599365234e+00,1.099885940551757812e+00
1.967176437377929688e+00,1.271256685256958008e+00
2.311973810195922852e+00,1.403432846069335938e+00
2.512580156326293945e+00,1.328671336174011230e+00
2.665276288986206055e+00,9.833171367645263672e-01
2.699996471405029297e+00,8.192006349563598633e-01
2.699996471405029297e+00,4.975928366184234619e-01
2.699996471405029297e+00,3.954523503780364990e-01
2.623706579208374023e+00,1.480739861726760864e-01
2.512764215469360352e+00,4.672023057937622070e-01
2.372902631759643555e+00,2.753328382968902588e-01
2.300199985504150391e+00,6.375056505203247070e-01
2.121939182281494141e+00,7.783052921295166016e-01
1.904138207435607910e+00,9.276573657989501953e-01
1.733094692230224609e+00,9.739801883697509766e-01
1.707769036293029785e+00,8.225283026695251465e-01
1.646766662597656250e+00,7.680274248123168945e-01
1.516845226287841797e+00,1.231378316879272461e+00
1.379497885704040527e+00,9.242395162582397461e-01
1.272240757942199707e+00,1.452124357223510742e+00
1.256193041801452637e+00,1.145175933837890625e+00
1.188304185867309570e+00,1.168393135070800781e+00
9.677438735961914062e-01,9.134913086891174316e-01
7.442768812179565430e-01,7.439033389091491699e-01
5.085272192955017090e-01,1.043782949447631836e+00
1.329098343849182129e-01,1.109972953796386719e+00
-2.676775455474853516e-01,6.054497957229614258e-01
-4.990243315696716309e-01,7.687218189239501953e-01
-4.990243315696716309e-01,6.598231792449951172e-01
-4.990243315696716309e-01,3.309010565280914307e-01
-1.724026650190353394e-01,1.164863165467977524e-02
1.224974915385246277e-01,1.879068017005920410e-01
2.222181558609008789e-01,-5.297284945845603943e-02
4.790929853916168213e-01,8.520932495594024658e-02
1.070303678512573242e+00,3.991918638348579407e-02
1.425157666206359863e+00,2.153589427471160889e-01
1.620459794998168945e+00,2.353636780753731728e-03
1.806925535202026367e+00,4.912828505039215088e-01
2.065351724624633789e+00,8.877108097076416016e-01
2.268828153610229492e+00,1.322789669036865234e+00
2.628072738647460938e+00,1.380001664161682129e+00
2.895071506500244141e+00,1.135369777679443359e+00
2.935322999954223633e+00,1.422282338142395020e+00
3.043634653091430664e+00,1.709658503532409668e+00
3.043634653091430664e+00,1.052424073219299316e+00
3.043634653091430664e+00,4.798160493373870850e-01
2.780266046524047852e+00,5.408379435539245605e-01
2.479773283004760742e+00,1.753223985433578491e-01
2.220053195953369141e+00,-5.571676418185234070e-02
1.785512208938598633e+00,-1.961350291967391968e-01
1.287981986999511719e+00,-9.155549108982086182e-02
8.593523502349853516e-01,7.473396509885787964e-02
7.897159457206726074e-01,1.052036136388778687e-01
7.897159457206726074e-01,7.160755395889282227e-01
7.897159457206726074e-01,5.331884026527404785e-01
7.897159457206726074e-01,6.750763058662414551e-01
7.897159457206726074e-01,5.236064195632934570e-01
7.829031348228454590e-01,4.657898247241973877e-01
7.829031348228454590e-01,2.983410358428955078e-01
7.829031348228454590e-01,5.042011141777038574e-01
7.845710515975952148e-01,4.470401704311370850e-01
8.355597257614135742e-01,1.147228628396987915e-01
8.711076378822326660e-01,-1.346048265695571899e-01
9.059565067291259766e-01,5.331900119781494141e-01
9.059565067291259766e-01,5.025727748870849609e-01
9.059565067291259766e-01,6.657924503087997437e-03
8.457267880439758301e-01,3.907782137393951416e-01
7.094831466674804688e-01,-8.690501749515533447e-02
6.865857839584350586e-01,6.290175765752792358e-02
6.726781129837036133e-01,3.679283857345581055e-01
6.633143424987792969e-01,3.469366729259490967e-01
6.633143424987792969e-01,7.626332640647888184e-01
6.633143424987792969e-01,5.964623093605041504e-01
6.133191585540771484e-01,8.178585171699523926e-01
4.996172189712524414e-01,1.108953475952148438e+00
2.186676561832427979e-01,9.666631221771240234e-01
-2.219809293746948242e-01,1.249227046966552734e+00
-4.880355596542358398e-01,1.230073213577270508e+00
-4.880355596542358398e-01,6.698842644691467285e-01
-4.880355596542358398e-01,5.300710797309875488e-01
-1.851513683795928955e-01,6.223310232162475586e-01
2.060661315917968750e-01,1.279254406690597534e-01
3.128142058849334717e-01,1.326349005103111267e-02
3.554018437862396240e-01,-3.447829186916351318e-01
4.420733153820037842e-01,-7.644884586334228516e-01
7.658864855766296387e-01,-9.577454328536987305e-01
9.873789548873901367e-01,-6.449466943740844727e-01
1.292090535163879395e+00,-6.449466943740844727e-01
1.387218236923217773e+00,-6.449466943740844727e-01
1.502342700958251953e+00,-5.327687263488769531e-01
1.502342700958251953e+00,-9.828563779592514038e-02
1.502342700958251953e+00,1.397326439619064331e-01
1.476949572563171387e+00,3.628387153148651123e-01
1.374573707580566406e+00,4.345156252384185791e-01
1.333053112030029297e+00,3.320648968219757080e-01
1.313945412635803223e+00,-6.449466943740844727e-01
1.243861317634582520e+00,-3.530162572860717773e-01
1.124714016914367676e+00,-3.509626984596252441e-01
1.044358611106872559e+00,-3.427321016788482666e-01
1.026777863502502441e+00,-3.259230554103851318e-01
9.880289435386657715e-01,-6.449466943740844727e-01
9.749674797058105469e-01,-6.449466943740844727e-01
9.481762051582336426e-01,-6.449466943740844727e-01
9.399039745330810547e-01,-2.719075679779052734e-01
9.122112989425659180e-01,-2.925764620304107666e-01
9.076919555664062500e-01,-1.967110186815261841e-01
8.467018008232116699e-01,-1.897608637809753418e-01
7.851536273956298828e-01,-6.449466943740844727e-01
7.196072936058044434e-01,-6.449466943740844727e-01
6.488057374954223633e-01,-6.449466943740844727e-01
6.222413778305053711e-01,-6.449466943740844727e-01
6.222413778305053711e-01,-6.449466943740844727e-01
6.222413778305053711e-01,-3.267512619495391846e-01
7.246172428131103516e-01,-3.287898600101470947e-01
7.284805178642272949e-01,-2.561465203762054443e-01
7.447490096092224121e-01,-2.571581900119781494e-01
8.396989107131958008e-01,-3.930140435695648193e-01
9.628994464874267578e-01,-2.935087680816650391e-01
1.126093745231628418e+00,-1.884242445230484009e-01
1.233265042304992676e+00,1.386483162641525269e-01
1.374978423118591309e+00,4.336248338222503662e-01
1.563559770584106445e+00,1.963391602039337158e-01
1.614910244941711426e+00,2.943572998046875000e-01
1.614910244941711426e+00,1.109182596206665039e+00
1.614910244941711426e+00,9.772530198097229004e-01
1.575750470161437988e+00,1.374774336814880371e+00
1.570654630661010742e+00,1.642428398132324219e+00
1.416689157485961914e+00,1.522359013557434082e+00
1.255401968955993652e+00,8.589732050895690918e-01
1.023503303527832031e+00,4.340619742870330811e-01
8.229827284812927246e-01,-3.392389416694641113e-01
6.497930288314819336e-01,-6.449466943740844727e-01
4.138839244842529297e-01,-3.597637116909027100e-01
2.890460789203643799e-01,-3.603478968143463135e-01
2.521122694015502930e-01,-3.118896782398223877e-01
2.436867356300354004e-01,-3.563762009143829346e-01
2.105916440486907959e-01,-3.855836689472198486e-01
1.864678412675857544e-01,-2.893562912940979004e-01
1.775088012218475342e-01,-2.315075993537902832e-01
1.081360429525375366e-01,2.443105429410934448e-01
1.081360429525375366e-01,3.117057383060455322e-01
1.506378203630447388e-01,1.628067195415496826e-01
1.506378203630447388e-01,5.139517784118652344e-02
2.594708204269409180e-01,-9.153196960687637329e-02
2.794493138790130615e-01,-3.160574734210968018e-01
2.794493138790130615e-01,-3.416148722171783447e-01
2.794493138790130615e-01,-2.489388436079025269e-01
2.494693249464035034e-01,-3.798269033432006836e-01
1.061798930168151855e-01,-3.767168521881103516e-01
-7.142492383718490601e-02,-3.325649201869964600e-01
-1.103026121854782104e-01,-3.105318844318389893e-01
-1.361066102981567383e-01,-3.104287385940551758e-01
-1.392769217491149902e-01,-5.511451363563537598e-01
-1.567596048116683960e-01,-3.631989061832427979e-01
-2.104402631521224976e-01,-4.523761570453643799e-01
-4.263095557689666748e-01,-3.515974283218383789e-01
-5.654659271240234375e-01,-3.024086058139801025e-01
-8.260139226913452148e-01,-4.809910953044891357e-01
-8.610528707504272461e-01,-6.449466943740844727e-01
-8.610528707504272461e-01,-3.938769698143005371e-01
-8.610528707504272461e-01,-3.793128430843353271e-01
-6.937255263328552246e-01,-2.010566145181655884e-01
-5.979110002517700195e-01,-2.159206867218017578e-01
-4.619924128055572510e-01,-3.426583707332611084e-01
-3.117859363555908203e-01,-1.977695524692535400e-01
-2.213554531335830688e-01,-3.368575274944305420e-01
2.883536927402019501e-02,-3.426531851291656494e-01
2.496778219938278198e-01,-3.347925841808319092e-01
4.213344752788543701e-01,-6.449466943740844727e-01
5.411991477012634277e-01,-6.449466943740844727e-01
6.917551755905151367e-01,-6.449466943740844727e-01
7.656472921371459961e-01,-6.449466943740844727e-01
8.185921311378479004e-01,-6.449466943740844727e-01
8.185921311378479004e-01,-6.449466943740844727e-01
8.185921311378479004e-01,-6.449466943740844727e-01
7.916720509529113770e-01,-6.449466943740844727e-01
7.069628834724426270e-01,-1.615445315837860107e-01
6.966854333877563477e-01,-9.764587879180908203e-02
6.109582781791687012e-01,-1.116131544113159180e-01
5.604540705680847168e-01,-2.537363469600677490e-01
5.053875446319580078e-01,-4.423102438449859619e-01
4.904742240905761719e-01,-1.018985033035278320e+00
4.904742240905761719e-01,-6.413500308990478516e-01
4.904742240905761719e-01,-6.449466943740844727e-01
5.181055665016174316e-01,-6.449466943740844727e-01
6.237621307373046875e-01,-6.449466943740844727e-01
6.414901018142700195e-01,-8.642078042030334473e-01
6.556921601295471191e-01,-1.449873805046081543e+00
7.267634868621826172e-01,-1.331048130989074707e+00
7.631638050079345703e-01,-9.339646100997924805e-01
7.631638050079345703e-01,-1.137880802154541016e+00
7.631638050079345703e-01,-2.499628812074661255e-01
7.468891143798828125e-01,-6.449466943740844727e-01
7.290937304496765137e-01,-6.449466943740844727e-01
6.554529666900634766e-01,-6.449466943740844727e-01
6.060280203819274902e-01,-6.449466943740844727e-01
6.060280203819274902e-01,-6.449466943740844727e-01
6.060280203819274902e-01,-6.449466943740844727e-01
7.873182296752929688e-01,-6.449466943740844727e-01
9.596862196922302246e-01,-6.449466943740844727e-01
1.059609293937683105e+00,-4.649749696254730225e-01
1.188819289207458496e+00,1.163443848490715027e-01
1.512748956680297852e+00,3.768313825130462646e-01
2.056215047836303711e+00,8.128921985626220703e-01
2.304725646972656250e+00,1.236090660095214844e+00
2.304725646972656250e+00,1.101982355117797852e+00
2.304725646972656250e+00,6.789330244064331055e-01
1.846747636795043945e+00,8.396258354187011719e-01
1.369827508926391602e+00,6.469817161560058594e-01
6.680299639701843262e-01,3.369907438755035400e-01
-1.948769241571426392e-01,3.086906671524047852e-01
-7.574383020401000977e-01,1.967308074235916138e-01
-1.277160644531250000e+00,-1.543302386999130249e-01
-1.564070701599121094e+00,-3.179038465023040771e-01
-1.564070701599121094e+00,3.131956607103347778e-02
-1.564070701599121094e+00,-3.418584764003753662e-01
-1.508311271667480469e+00,-7.164280861616134644e-02
-1.249793052673339844e+00,-1.163831651210784912e-01
-1.106822490692138672e+00,-2.556281387805938721e-01
-9.120354056358337402e-01,-3.375034928321838379e-01
-7.261338233947753906e-01,-6.449466943740844727e-01
-5.629333853721618652e-01,-3.067359328269958496e-01
-3.484438061714172363e-01,-3.566252887248992920e-01
-2.194974124431610107e-01,-2.142552286386489868e-01
-8.781609684228897095e-02,-2.363429218530654907e-01
-4.421053826808929443e-02,-6.449466943740844727e-01
4.095245152711868286e-02,-6.449466943740844727e-01
5.161622166633605957e-02,-3.397616744041442871e-01
2.356168478727340698e-01,-3.413303196430206299e-01
4.243821501731872559e-01,-1.497732847929000854e-01
5.986633300781250000e-01,-4.210474342107772827e-02
7.636359930038452148e-01,-1.330424249172210693e-01
8.278332352638244629e-01,-6.944158673286437988e-02
8.815690875053405762e-01,-9.303295612335205078e-02
9.023814797401428223e-01,3.786560297012329102e-01
9.023814797401428223e-01,5.342408418655395508e-01
8.815690875053405762e-01,8.235651254653930664e-01
7.947258949279785156e-01,1.044155240058898926e+00
6.545331478118896484e-01,8.308534622192382812e-01
5.133593082427978516e-01,3.595314621925354004e-01
3.028004467487335205e-01,-1.934496760368347168e-01
1.189408525824546814e-01,-3.875878155231475830e-01
1.189408525824546814e-01,-7.236663699150085449e-01
1.189408525824546814e-01,-6.449466943740844727e-01
2.280191481113433838e-01,-6.449466943740844727e-01
2.682152390480041504e-01,-6.449466943740844727e-01
3.736203908920288086e-01,-6.449466943740844727e-01
5.279844403266906738e-01,-3.559451103210449219e-01
5.965661406517028809e-01,-3.046716153621673584e-01
7.458528280258178711e-01,-2.803709208965301514e-01
8.085047602653503418e-01,-2.139369100332260132e-01
8.085047602653503418e-01,-3.416787981986999512e-01
8.085047602653503418e-01,-3.448448479175567627e-01
7.697067856788635254e-01,-7.259340584278106689e-02
6.361674666404724121e-01,8.633977174758911133e-02
4.756774008274078369e-01,-5.321922153234481812e-02
3.525381386280059814e-01,-9.010688960552215576e-02
1.146544963121414185e-01,-2.105581313371658325e-01
-6.089605763554573059e-02,-3.529844880104064941e-01
-2.525863647460937500e-01,-1.202226430177688599e-01
-4.583560526371002197e-01,1.291715055704116821e-01
-6.740291118621826172e-01,2.119523733854293823e-01
-7.629142999649047852e-01,-9.280739724636077881e-02
-7.629142999649047852e-01,-1.539490669965744019e-01
-7.629142999649047852e-01,1.918414200190454721e-04
-4.800821840763092041e-01,-1.849039942026138306e-01
-3.836608491837978363e-03,2.219169437885284424e-01
3.632938861846923828e-01,7.398845553398132324e-01
5.043082833290100098e-01,7.068127989768981934e-01
6.961334943771362305e-01,7.816870808601379395e-01
1.229420185089111328e+00,6.843862533569335938e-01
1.675753235816955566e+00,8.688363432884216309e-01
1.762314319610595703e+00,8.546079993247985840e-01
1.888035178184509277e+00,1.308944940567016602e+00
1.894639492034912109e+00,1.686771869659423828e+00
1.894639492034912109e+00,1.388765215873718262e+00
1.888035178184509277e+00,1.270946025848388672e+00
1.624378204345703125e+00,1.376671552658081055e+00
1.313313841819763184e+00,5.598099231719970703e-01
1.257419466972351074e+00,4.840517640113830566e-01
1.257419466972351074e+00,-6.137449294328689575e-03
1.257419466972351074e+00,-2.147863209247589111e-01
1.305679321289062500e+00,-7.789079844951629639e-02
1.380055904388427734e+00,8.204561471939086914e-02
1.380055904388427734e+00,5.701271295547485352e-01
1.380055904388427734e+00,7.985126972198486328e-01
1.036484956741333008e+00,7.853127717971801758e-01
7.935914397239685059e-01,7.608684301376342773e-01
3.883006870746612549e-01,2.894914150238037109e-02
1.587506234645843506e-01,-7.381154596805572510e-02
-1.473406702280044556e-01,-2.311412245035171509e-01
-3.924970030784606934e-01,-1.122856616973876953e+00
-3.924970030784606934e-01,-9.503588676452636719e-01
-3.924970030784606934e-01,-4.781910777091979980e-01
-1.516576856374740601e-01,-1.271656155586242676e-01
2.413933128118515015e-01,-5.681549757719039917e-02
8.960347771644592285e-01,-3.140623867511749268e-01
1.309045791625976562e+00,-1.898309886455535889e-01
1.675238132476806641e+00,-4.161445200443267822e-01
1.800995826721191406e+00,-2.033898085355758667e-01
1.801241040229797363e+00,-1.189282655715942383e+00
1.801241040229797363e+00,-1.774847030639648438e+00
1.864101529121398926e+00,-1.368935585021972656e+00
1.801241040229797363e+00,-1.320007681846618652e+00
1.783151268959045410e+00,-2.741287350654602051e-01
1.746665120124816895e+00,4.575479030609130859e-01
1.504311203956604004e+00,2.712948620319366455e-01
1.320046901702880859e+00,3.355486989021301270e-01
9.574295878410339355e-01,1.182883530855178833e-01
9.574295878410339355e-01,1.740446835756301880e-01
9.539036154747009277e-01,7.951183244585990906e-03
9.464408159255981445e-01,1.655796021223068237e-01
9.464408159255981445e-01,3.111071884632110596e-01
8.025320768356323242e-01,1.010685563087463379e-01
8.025320768356323242e-01,5.043022632598876953e-01
7.652916312217712402e-01,-5.289760828018188477e-01
8.025320768356323242e-01,-1.251267492771148682e-01
8.025320768356323242e-01,-9.179940819740295410e-02
7.652916312217712402e-01,-2.015701532363891602e-01
7.652916312217712402e-01,-1.637452244758605957e-01
8.556669354438781738e-01,-8.447812497615814209e-02
8.938271999359130859e-01,-5.175837278366088867e-01
1.105863928794860840e+00,-3.422839939594268799e-01
1.105863928794860840e+00,-9.841267466545104980e-01
1.105863928794860840e+00,-5.898842215538024902e-01
1.043812870979309082e+00,-2.269927412271499634e-01
8.050523996353149414e-01,-9.140068292617797852e-01
5.346316695213317871e-01,-1.168467164039611816e+00
-9.900723397731781006e-02,-7.581890225410461426e-01
-4.407568573951721191e-01,-9.003982543945312500e-01
-5.155994892120361328e-01,-7.954167723655700684e-01
-5.155994892120361328e-01,-9.193235039710998535e-01
-5.155994892120361328e-01,-1.989261358976364136e-01
-4.288114607334136963e-01,-4.877900481224060059e-01
-1.692200899124145508e-01,-6.449466943740844727e-01
3.143538907170295715e-02,-6.449466943740844727e-01
1.667101234197616577e-01,-6.449466943740844727e-01
1.811942160129547119e-01,-6.449466943740844727e-01
1.983028501272201538e-01,-6.449466943740844727e-01
1.983028501272201538e-01,-6.449466943740844727e-01
1.667101234197616577e-01,-6.449466943740844727e-01
8.138770610094070435e-02,-6.449466943740844727e-01
3.564869752153754234e-03,-6.449466943740844727e-01
-6.360032409429550171e-02,-6.449466943740844727e-01
-3.255096375942230225e-01,-1.195953726768493652e+00
-3.255096375942230225e-01,-8.810759782791137695e-01
-3.255096375942230225e-01,-2.578442692756652832e-01
-7.902263104915618896e-02,4.166267439723014832e-02
8.457641303539276123e-02,1.307827383279800415e-01
2.278045266866683960e-01,1.562263816595077515e-01
2.356904298067092896e-01,-2.405748516321182251e-01
3.117717504501342773e-01,-3.077620565891265869e-01
6.509888172149658203e-01,-7.858796715736389160e-01
9.799222350120544434e-01,-1.171863675117492676e-01
1.246970295906066895e+00,-7.579141855239868164e-02
1.530041575431823730e+00,7.454137504100799561e-02
1.865444421768188477e+00,2.714520692825317383e-02
2.139857053756713867e+00,-9.048034250736236572e-02
2.191900491714477539e+00,-3.454600572586059570e-01
2.205397367477416992e+00,-8.565840721130371094e-01
2.205397367477416992e+00,-8.690189123153686523e-01
2.191900491714477539e+00,-2.273594588041305542e-01
2.061359882354736328e+00,-7.343465834856033325e-02
1.847753286361694336e+00,3.359950184822082520e-01
1.820790290832519531e+00,8.876104950904846191e-01
1.603142619132995605e+00,6.188130378723144531e-01
1.575443863868713379e+00,5.114510059356689453e-01
1.547634601593017578e+00,4.030486345291137695e-01
1.140350937843322754e+00,2.345228493213653564e-01
7.477782964706420898e-01,2.065316960215568542e-02
4.879171252250671387e-01,1.766504496335983276e-01
1.945499926805496216e-01,-1.707733422517776489e-01
-8.398351818323135376e-02,2.279345691204071045e-01
-4.133830368518829346e-01,3.263756334781646729e-01
-9.046339392662048340e-01,3.805721402168273926e-01
-1.166721105575561523e+00,2.491579204797744751e-01
-1.454839110374450684e+00,-2.072369307279586792e-01
-1.919758677482604980e+00,-2.527694106101989746e-01
-2.025353908538818359e+00,-1.626992374658584595e-01
-2.025353908538818359e+00,-5.700246691703796387e-01
-2.025353908538818359e+00,-6.148715615272521973e-01
-1.800071716308593750e+00,-4.441608488559722900e-01
-1.604965806007385254e+00,-6.449466943740844727e-01
-1.449123978614807129e+00,-6.449466943740844727e-01
-1.361949563026428223e+00,-6.449466943740844727e-01
-1.361949563026428223e+00,-6.449466943740844727e-01
-1.361949563026428223e+00,-6.449466943740844727e-01
-1.547685623168945312e+00,-3.667151033878326416e-01
-1.547685623168945312e+00,-3.318053781986236572e-01
-1.580523133277893066e+00,-2.938508689403533936e-01
-1.600096940994262695e+00,-1.277534514665603638e-01
-1.547685623168945312e+00,-2.678133845329284668e-01
-1.542908668518066406e+00,-1.993588060140609741e-01
-1.542908668518066406e+00,-8.450196683406829834e-02
-1.313481330871582031e+00,-1.601290255784988403e-01
-1.159803986549377441e+00,1.244265884160995483e-01
-1.017642855644226074e+00,1.201155409216880798e-01
-8.440178632736206055e-01,5.149724483489990234e-01
-7.230800390243530273e-01,5.646352767944335938e-01
-4.218392372131347656e-01,3.708789348602294922e-01
-3.210270404815673828e-01,1.330615580081939697e-01
-7.861177623271942139e-02,-2.599888145923614502e-01
1.526369005441665649e-01,-7.383266687393188477e-01
2.065812200307846069e-01,-2.225048989057540894e-01
2.591764926910400391e-01,-7.136626541614532471e-02
2.591764926910400391e-01,-1.567200869321823120e-01
2.591764926910400391e-01,-6.449466943740844727e-01
2.033863812685012817e-01,-6.449466943740844727e-01
1.553656905889511108e-01,-9.666695445775985718e-02
1.313093602657318115e-01,-1.365876942873001099e-01
1.313093602657318115e-01,-2.663264572620391846e-01
9.682226926088333130e-02,-3.174208700656890869e-01
7.991599291563034058e-02,-7.577615380287170410e-01
-7.286597043275833130e-02,-1.235513448715209961e+00
-6.607770919799804688e-02,-6.449466943740844727e-01
-6.607770919799804688e-02,-6.449466943740844727e-01
-6.607770919799804688e-02,-3.685463368892669678e-01
3.561750054359436035e-02,-2.928624749183654785e-01
3.561750054359436035e-02,-2.066389173269271851e-01
3.561750054359436035e-02,-7.534375041723251343e-02
-1.288032382726669312e-01,-1.159239858388900757e-01
-2.199021279811859131e-01,-2.057964503765106201e-01
-3.357135057449340820e-01,-2.267735637724399567e-02
-4.532234668731689453e-01,-6.081732362508773804e-02
-4.919846355915069580e-01,-1.367373913526535034e-01
-5.108900070190429688e-01,1.638107374310493469e-02
-5.108900070190429688e-01,-3.490058779716491699e-01
-4.919846355915069580e-01,-3.258331120014190674e-01
-4.746368527412414551e-01,-1.542779207229614258e-01
-4.446630179882049561e-01,-3.209683299064636230e-01
-3.286186158657073975e-01,-2.872057855129241943e-01
-1.074756979942321777e-01,-3.135444223880767822e-01
1.254961043596267700e-01,-6.449466943740844727e-01
3.122439086437225342e-01,-6.449466943740844727e-01
4.864086210727691650e-01,-6.449466943740844727e-01
6.173356771469116211e-01,-6.449466943740844727e-01
6.329481005668640137e-01,-6.449466943740844727e-01
6.329481005668640137e-01,-6.449466943740844727e-01
6.329481005668640137e-01,-6.449466943740844727e-01
4.852373898029327393e-01,-2.596144676208496094e-01
3.318483233451843262e-01,-2.361049503087997437e-01
1.823838502168655396e-01,-1.931062936782836914e-01
-1.087015867233276367e-02,-2.165143936872482300e-01
-8.993781358003616333e-02,-6.449466943740844727e-01
-1.853721141815185547e-01,-6.449466943740844727e-01
-2.209875136613845825e-01,-6.449466943740844727e-01
-2.209875136613845825e-01,-6.449466943740844727e-01
-2.209875136613845825e-01,-6.449466943740844727e-01
-1.920316070318222046e-01,-6.449466943740844727e-01
-8.742977678775787354e-02,-6.449466943740844727e-01
9.219227358698844910e-04,-3.917853236198425293e-01
8.863028138875961304e-03,-3.617247641086578369e-01
8.863028138875961304e-03,-3.066410124301910400e-01
9.219227358698844910e-04,-2.720970809459686279e-01
-1.159374974668025970e-02,-6.248878240585327148e-01
-6.413995474576950073e-02,-6.297129988670349121e-01
-1.388354003429412842e-01,-7.132219076156616211e-01
-1.935217231512069702e-01,-8.926739096641540527e-01
-4.654999971389770508e-01,-7.549384236335754395e-01
-6.700370907783508301e-01,-1.189443349838256836e+00
-9.512625932693481445e-01,-1.197037696838378906e+00
-9.852346181869506836e-01,-3.055348098278045654e-01
-9.852346181869506836e-01,-2.320333868265151978e-01
-9.852346181869506836e-01,-8.075291663408279419e-02
-9.397219419479370117e-01,-1.618060618638992310e-01
-9.234779477119445801e-01,-2.986457198858261108e-02
-7.600260972976684570e-01,-5.395535752177238464e-02
-6.786466240882873535e-01,-3.073682487010955811e-01
-5.255334973335266113e-01,-3.289212882518768311e-01
-2.599633336067199707e-01,-6.449466943740844727e-01
-1.150488778948783875e-01,-8.757399320602416992e-01
-5.393609404563903809e-02,-1.246532201766967773e+00
-2.615755423903465271e-02,-1.343536257743835449e+00
1.709847524762153625e-02,-1.385681271553039551e+00
8.023486286401748657e-02,-1.523828387260437012e+00
8.023486286401748657e-02,-6.744821667671203613e-01
8.023486286401748657e-02,1.620203107595443726e-01
-9.963884204626083374e-02,4.317128956317901611e-01
-4.904025495052337646e-01,4.068087339401245117e-01
-5.431511402130126953e-01,2.600680887699127197e-01
-6.504449844360351562e-01,1.259794533252716064e-01
-6.710550189018249512e-01,-8.089955151081085205e-02
-7.065845727920532227e-01,-1.346748024225234985e-01
-7.128638625144958496e-01,-6.449466943740844727e-01
-7.494297623634338379e-01,-6.449466943740844727e-01
-7.711804509162902832e-01,-6.449466943740844727e-01
-1.109299778938293457e+00,-6.449466943740844727e-01
-1.297335386276245117e+00,-6.449466943740844727e-01
-1.624478220939636230e+00,-6.449466943740844727e-01
-1.964829802513122559e+00,-6.449466943740844727e-01
-1.976370453834533691e+00,-6.449466943740844727e-01
-2.461403369903564453e+00,-4.201631247997283936e-01
-2.671195745468139648e+00,-2.359929978847503662e-01
-2.844587802886962891e+00,-1.261707842350006104e-01
-3.160042762756347656e+00,8.826663345098495483e-02
-3.450288772583007812e+00,-7.852265238761901855e-02
-3.822797060012817383e+00,-6.449466943740844727e-01
-3.822797060012817383e+00,-6.449466943740844727e-01
-3.822797060012817383e+00,-6.449466943740844727e-01
-3.694261550903320312e+00,-6.449466943740844727e-01
-3.694261550903320312e+00,-6.449466943740844727e-01
-3.694261550903320312e+00,-6.449466943740844727e-01
-3.759814023971557617e+00,-6.449466943740844727e-01
-3.759814023971557617e+00,-3.687533438205718994e-01
-3.759814023971557617e+00,-2.673612534999847412e-01
-3.260125160217285156e+00,-2.298751026391983032e-01
-2.930701255798339844e+00,-2.617453038692474365e-01
-2.816349267959594727e+00,-3.267096281051635742e-01
-2.762656450271606445e+00,-6.449466943740844727e-01
-2.395507574081420898e+00,-6.449466943740844727e-01
-2.122897624969482422e+00,-6.449466943740844727e-01
-2.002358436584472656e+00,-6.449466943740844727e-01
-1.881819128990173340e+00,-6.449466943740844727e-01
-1.872087478637695312e+00,-3.647646605968475342e-01
-1.872087478637695312e+00,-3.359137177467346191e-01
-1.881819128990173340e+00,-3.049170672893524170e-01
-1.920856237411499023e+00,-2.313384264707565308e-01
-2.064047574996948242e+00,-3.473770320415496826e-01
-2.093168973922729492e+00,-9.767587780952453613e-01
-2.149566173553466797e+00,-8.453652858734130859e-01
-2.154478073120117188e+00,-1.727257519960403442e-01
-2.154478073120117188e+00,-5.485935211181640625e-01
-2.093168973922729492e+00,-4.952493309974670410e-01
-1.716110706329345703e+00,6.157009676098823547e-02
-1.461676359176635742e+00,-5.914334058761596680e-01
-1.146711945533752441e+00,-5.169917345046997070e-01
-8.108675479888916016e-01,-5.043807625770568848e-01
-4.974544942378997803e-01,-5.314289927482604980e-01
-2.499066293239593506e-01,3.012482225894927979e-01
-1.397920101881027222e-01,-6.360550522804260254e-01
5.427756533026695251e-02,-5.448139309883117676e-01
1.621968895196914673e-01,-6.039324998855590820e-01
3.874728679656982422e-01,-5.489516258239746094e-01
7.032590508460998535e-01,2.350000292062759399e-01
8.737260699272155762e-01,-1.884742230176925659e-01
1.260908603668212891e+00,-3.363554477691650391e-01
1.538626551628112793e+00,-3.624779582023620605e-01
1.538626551628112793e+00,-3.488232195377349854e-01
1.538626551628112793e+00,-8.237160742282867432e-02
1.245412707328796387e+00,-2.173098474740982056e-01
1.089736461639404297e+00,-1.185653433203697205e-01
8.135821819305419922e-01,-7.516478747129440308e-02
7.809776663780212402e-01,-7.481516599655151367e-01
7.809776663780212402e-01,-6.908577680587768555e-01
7.809776663780212402e-01,-1.797624863684177399e-02
1.045112967491149902e+00,2.188716381788253784e-01
1.045112967491149902e+00,2.295466214418411255e-01
1.055016279220581055e+00,-2.071727067232131958e-01
1.137027382850646973e+00,-1.979276835918426514e-01
1.198955774307250977e+00,2.873449623584747314e-01
1.533831238746643066e+00,4.593883454799652100e-01
1.694499135017395020e+00,8.955677151679992676e-01
1.694499135017395020e+00,1.270165085792541504e+00
1.694499135017395020e+00,-1.432476490736007690e-01
1.320396423339843750e+00,-2.572637423872947693e-02
9.357893466949462891e-01,-6.893177330493927002e-02
8.262817859649658203e-01,-3.767673373222351074e-01
6.779272556304931641e-01,-3.077926337718963623e-01
5.182588696479797363e-01,-9.073005914688110352e-01
2.922102510929107666e-01,-7.686228752136230469e-01
2.514929175376892090e-01,-3.533921241760253906e-01
7.104893773794174194e-02,2.056251093745231628e-02
7.104893773794174194e-02,-2.363441139459609985e-01
7.104893773794174194e-02,-5.980945825576782227e-01
8.579057455062866211e-02,-1.251977920532226562e+00
2.359050661325454712e-01,-1.336439371109008789e+00
4.553064703941345215e-01,-6.449466943740844727e-01
5.515195727348327637e-01,-1.424088239669799805e+00
5.595648884773254395e-01,-1.252298116683959961e+00
5.654762983322143555e-01,-1.498078227043151855e+00
6.203097701072692871e-01,-1.589673995971679688e+00
7.210606336593627930e-01,-6.449466943740844727e-01
7.946522831916809082e-01,-3.554037809371948242e-01
8.263431191444396973e-01,-3.296494781970977783e-01
8.263431191444396973e-01,-3.170296847820281982e-01
8.263431191444396973e-01,-4.124934971332550049e-01
6.932575702667236328e-01,-1.161099433898925781e+00
6.174644231796264648e-01,-3.202488124370574951e-01
5.622200965881347656e-01,-1.109286189079284668e+00
5.622200965881347656e-01,-9.392708539962768555e-01
5.622200965881347656e-01,-6.506180167198181152e-01
6.309673786163330078e-01,-6.025012135505676270e-01
6.396321058273315430e-01,-6.019521951675415039e-01
6.489406824111938477e-01,-7.810138463973999023e-01
6.489406824111938477e-01,-6.798356175422668457e-01
6.396321058273315430e-01,-3.035808503627777100e-01
6.323226094245910645e-01,-3.265088796615600586e-01
5.952293276786804199e-01,-6.517510414123535156e-01
5.952293276786804199e-01,-2.813208615407347679e-03
5.952293276786804199e-01,-6.380747258663177490e-02
5.952293276786804199e-01,3.224171400070190430e-01
5.659545660018920898e-01,1.772088930010795593e-02
5.385807752609252930e-01,-1.412016302347183228e-01
3.091962635517120361e-01,-2.052152305841445923e-01
3.091962635517120361e-01,-4.040721356868743896e-01
3.091962635517120361e-01,-2.161552160978317261e-01
3.476998805999755859e-01,1.048177853226661682e-02
3.583759069442749023e-01,-1.771572977304458618e-01
4.118235409259796143e-01,-2.302259355783462524e-01
4.118235409259796143e-01,-4.310973882675170898e-01
4.118235409259796143e-01,-7.587975263595581055e-01
3.543471097946166992e-01,-1.181464195251464844e+00
2.400442510843276978e-01,-1.300035595893859863e+00
2.220096588134765625e-01,-1.146455883979797363e+00
2.029019445180892944e-01,-3.497609198093414307e-01
1.770488917827606201e-01,-3.430965244770050049e-01
9.515433013439178467e-02,-2.675589919090270996e-01
7.663530111312866211e-02,-3.810408711433410645e-01
3.995291516184806824e-02,-8.802458047866821289e-01
-1.564095355570316315e-02,-9.567129611968994141e-01
-3.519017621874809265e-02,-9.092650413513183594e-01
-3.741614148020744324e-02,-6.449466943740844727e-01
-5.102333053946495056e-02,-6.449466943740844727e-01
-1.187281534075737000e-01,-6.449466943740844727e-01
-1.629101336002349854e-01,-6.449466943740844727e-01
-2.668987512588500977e-01,-6.449466943740844727e-01
-3.597146570682525635e-01,-6.449466943740844727e-01
-3.860398828983306885e-01,-6.449466943740844727e-01
-3.860398828983306885e-01,-1.252577185630798340e+00
-3.860398828983306885e-01,-1.356172561645507812e+00
-3.597146570682525635e-01,-1.291141033172607422e+00
-3.085113763809204102e-01,-1.325170874595642090e+00
-2.812908589839935303e-01,-1.154658079147338867e+00
-2.812908589839935303e-01,-1.494733810424804688e+00
-1.998807340860366821e-01,-6.449466943740844727e-01
-9.799543023109436035e-02,-6.449466943740844727e-01
-8.262831717729568481e-02,2.128790169954299927e-01
-4.002842679619789124e-02,3.006564378738403320e-01
7.044798880815505981e-02,7.744512557983398438e-01
9.304487705230712891e-02,3.615012764930725098e-01
1.313768029212951660e-01,-1.399975717067718506e-01
2.772478759288787842e-01,1.797454059123992920e-01
5.602700710296630859e-01,2.868571877479553223e-01
7.649973034858703613e-01,5.269019603729248047e-01
9.152467250823974609e-01,4.281445145606994629e-01
1.213715791702270508e+00,1.220195055007934570e+00
1.213715791702270508e+00,9.210861325263977051e-01
1.277213931083679199e+00,8.226969838142395020e-01
1.298234939575195312e+00,1.069275021553039551e+00
1.466574072837829590e+00,8.619436025619506836e-01
1.466574072837829590e+00,8.053705692291259766e-01
1.466574072837829590e+00,-8.342325091361999512e-01
1.420969367027282715e+00,-4.239539802074432373e-01
1.154142141342163086e+00,1.064099311828613281e+00
9.273392558097839355e-01,5.539191365242004395e-01
7.592269778251647949e-01,7.182860374450683594e-01
4.506337940692901611e-01,3.341778516769409180e-01
1.621968895196914673e-01,-1.161399111151695251e-01
-3.243071958422660828e-02,-7.083269953727722168e-02
-3.523315787315368652e-01,-6.462934613227844238e-01
-7.258946299552917480e-01,2.959022521972656250e-01
-1.002128601074218750e+00,-1.196962594985961914e-01
-1.002128601074218750e+00,-2.864783406257629395e-01
-1.002128601074218750e+00,3.577142655849456787e-01
-8.877276182174682617e-01,-3.767309784889221191e-01
-6.854042410850524902e-01,-3.301025331020355225e-01
-4.040805995464324951e-01,-3.180905282497406006e-01
-2.155912518501281738e-01,-6.449466943740844727e-01
1.037331745028495789e-01,-6.449466943740844727e-01
4.991327822208404541e-01,-6.449466943740844727e-01
5.029714703559875488e-01,-6.449466943740844727e-01
5.029714703559875488e-01,-6.449466943740844727e-01
5.029714703559875488e-01,-3.234612643718719482e-01
4.672273099422454834e-01,-1.976162046194076538e-01
3.334794640541076660e-01,1.799160093069076538e-01
2.057165950536727905e-01,1.453131735324859619e-01
-9.531569480895996094e-02,6.322729587554931641e-02
-3.075854182243347168e-01,1.671668142080307007e-01
-7.018138170242309570e-01,-4.192723706364631653e-02
-9.493309855461120605e-01,-5.713983178138732910e-01
-1.359932184219360352e+00,-3.857306241989135742e-01
-1.359932184219360352e+00,-3.216889202594757080e-01
-1.359932184219360352e+00,2.475951611995697021e-01
-1.137250065803527832e+00,7.402620315551757812e-01
-8.235855698585510254e-01,7.306214570999145508e-01
-2.945975661277770996e-01,6.779520511627197266e-01
8.290847390890121460e-02,8.649492859840393066e-01
2.534797489643096924e-01,-8.704099059104919434e-02
3.603995144367218018e-01,-1.603965312242507935e-01
3.603995144367218018e-01,-1.633160188794136047e-02
3.609452843666076660e-01,-4.173330366611480713e-01
3.616443276405334473e-01,-3.641767203807830811e-01
3.616443276405334473e-01,-1.208509802818298340e+00
4.475554525852203369e-01,-1.383254766464233398e+00
5.377774238586425781e-01,-1.205930948257446289e+00
5.377774238586425781e-01,-1.350593328475952148e+00
5.394760370254516602e-01,-1.503264069557189941e+00
5.394760370254516602e-01,-1.262304306030273438e+00
6.316725611686706543e-01,-7.209104299545288086e-01
7.374579310417175293e-01,-1.475345641374588013e-01
7.517703175544738770e-01,-2.134675532579421997e-01
8.195241689682006836e-01,-2.684932351112365723e-01
8.257728219032287598e-01,-7.313845157623291016e-01
8.257728219032287598e-01,-5.389640331268310547e-01
8.257728219032287598e-01,-7.373597621917724609e-01
7.949466109275817871e-01,-7.971508502960205078e-01
7.453070282936096191e-01,-1.196256950497627258e-01
5.871717333793640137e-01,-3.687929511070251465e-01
3.905695974826812744e-01,-3.616935312747955322e-01
2.986735105514526367e-01,-3.532280027866363525e-01
-2.131877001374959946e-03,-6.449466943740844727e-01
-6.618195027112960815e-02,-6.449466943740844727e-01
-1.016072556376457214e-01,-6.449466943740844727e-01
-1.099837422370910645e-01,-6.449466943740844727e-01
-1.099837422370910645e-01,-1.120204687118530273e+00
-1.099837422370910645e-01,-1.466779828071594238e+00
-3.048683516681194305e-02,-1.538188695907592773e+00
1.873202174901962280e-01,-8.409848213195800781e-01
2.076543420553207397e-01,-6.449466943740844727e-01
2.872861623764038086e-01,-6.449466943740844727e-01
3.972106873989105225e-01,-6.449466943740844727e-01
3.972106873989105225e-01,-6.449466943740844727e-01
3.972106873989105225e-01,-6.449466943740844727e-01
3.972106873989105225e-01,-6.449466943740844727e-01
4.013805389404296875e-01,-6.449466943740844727e-01
3.791883587837219238e-01,-6.449466943740844727e-01
3.791883587837219238e-01,-1.485732316970825195e+00
3.791883587837219238e-01,-1.691515922546386719e+00
2.843059599399566650e-01,-1.693836927413940430e+00
7.974429428577423096e-02,-1.633083105087280273e+00
7.049704343080520630e-02,-8.714959621429443359e-01
-7.436167448759078979e-03,-6.449466943740844727e-01
-1.001723334193229675e-01,-6.449466943740844727e-01
-1.853659898042678833e-01,-3.383693993091583252e-01
-2.272545546293258667e-01,-3.227362930774688721e-01
-2.272545546293258667e-01,-1.757572442293167114e-01
-2.291616499423980713e-01,-1.068828180432319641e-01
-2.419777959585189819e-01,-7.647906243801116943e-02
-2.427259087562561035e-01,-1.837738156318664551e-01
-3.222534656524658203e-01,-3.606928288936614990e-01
-3.322488367557525635e-01,-2.987775206565856934e-01
-3.972248733043670654e-01,-6.998888254165649414e-01
-5.280967354774475098e-01,-1.022003293037414551e+00
-7.221662998199462891e-01,-1.000558614730834961e+00
-9.867185950279235840e-01,-4.804022014141082764e-01
-1.147533655166625977e+00,-2.318252921104431152e-01
-1.421357631683349609e+00,-8.538930416107177734e-01
-1.854009985923767090e+00,-5.461886525154113770e-01
-2.154048919677734375e+00,-1.271244525909423828e+00
-2.504904747009277344e+00,-1.392822265625000000e+00
-2.918338775634765625e+00,-1.602764129638671875e+00
-3.211699724197387695e+00,-1.117357730865478516e+00
-3.211699724197387695e+00,-1.480852603912353516e+00
-3.211699724197387695e+00,-1.463288664817810059e+00
-2.939212560653686523e+00,-1.768281579017639160e+00
-2.439916372299194336e+00,-1.683323740959167480e+00
-2.179239511489868164e+00,-1.509713411331176758e+00
-1.834473013877868652e+00,-1.696237206459045410e+00
-1.542264819145202637e+00,-1.936254739761352539e+00
-1.293606996536254883e+00,-1.921412467956542969e+00
-1.191304802894592285e+00,-1.757121801376342773e+00
-9.015188217163085938e-01,-1.497379183769226074e+00
-7.439783215522766113e-01,-4.192473590373992920e-01
-6.873664855957031250e-01,-5.340084433555603027e-01
-6.873664855957031250e-01,-2.113023251295089722e-01
-6.873664855957031250e-01,-3.404869735240936279e-01
-7.044996619224548340e-01,-3.425950706005096436e-01
-8.197775483131408691e-01,-3.242093622684478760e-01
-1.009744763374328613e+00,-3.602071404457092285e-01
-1.115327715873718262e+00,-3.883464038372039795e-01
-1.137936830520629883e+00,-3.034329712390899658e-01
-1.142529845237731934e+00,-2.879268229007720947e-01
-1.142529845237731934e+00,5.582454204559326172e-01
-1.142529845237731934e+00,4.183506369590759277e-01
-1.142529845237731934e+00,9.998242855072021484e-01
-1.142529845237731934e+00,1.023330926895141602e+00
-1.117982864379882812e+00,5.974085330963134766e-01
-1.187637805938720703e+00,4.032416641712188721e-01
-1.046347379684448242e+00,-3.578380048274993896e-01
-1.046347379684448242e+00,-6.449466943740844727e-01
-1.069287657737731934e+00,-6.449466943740844727e-01
-1.069287657737731934e+00,-6.449466943740844727e-01
-9.226562380790710449e-01,-3.930222094058990479e-01
-7.975424528121948242e-01,-3.490090072154998779e-01
-6.239418983459472656e-01,-2.160990536212921143e-01
-4.698967039585113525e-01,-2.431153804063796997e-01
-1.681347042322158813e-01,-3.479287922382354736e-01
3.561750054359436035e-02,-6.539752483367919922e-01
1.074737757444381714e-01,-2.070212662220001221e-01
1.658148467540740967e-01,-2.148009389638900757e-01
5.122187137603759766e-01,-1.680272072553634644e-01
7.315710783004760742e-01,-1.468539237976074219e-02
7.404565215110778809e-01,-2.598786540329456329e-02
8.300653100013732910e-01,-5.671860575675964355e-01
8.300653100013732910e-01,-5.867501497268676758e-01
8.300653100013732910e-01,-5.232824087142944336e-01
6.784055233001708984e-01,-6.736056804656982422e-01
5.487171411514282227e-01,-5.428425669670104980e-01
4.011965692043304443e-01,-2.946951687335968018e-01
3.324247598648071289e-01,3.815621435642242432e-01
2.891625761985778809e-01,3.304555714130401611e-01
1.659926772117614746e-01,3.496464788913726807e-01
-7.298248261213302612e-02,1.019159704446792603e-01
-1.507746577262878418e-01,5.483183860778808594e-01
-1.862980723381042480e-01,-2.175390571355819702e-01
-1.862980723381042480e-01,-2.026478946208953857e-01
-1.862980723381042480e-01,-1.889659911394119263e-01
-1.834895610809326172e-01,-3.201035857200622559e-01
-1.778296083211898804e-01,-3.161622583866119385e-01
-1.705752909183502197e-01,-6.449466943740844727e-01
-1.668653637170791626e-01,-6.449466943740844727e-01
-1.367259472608566284e-01,-3.518982827663421631e-01
-1.362537741661071777e-01,-3.555950224399566650e-01
-1.174036189913749695e-01,-3.251356184482574463e-01
-9.530342370271682739e-02,-3.388343751430511475e-01
-8.554720878601074219e-02,-6.449466943740844727e-01
-8.907877840101718903e-03,-6.449466943740844727e-01
9.469442069530487061e-02,-8.286739587783813477e-01
1.904169321060180664e-01,-1.033536076545715332e+00
2.740285098552703857e-01,-9.554295539855957031e-01
3.315907716751098633e-01,-9.033018350601196289e-01
4.929638504981994629e-01,-3.806663155555725098e-01
4.944968819618225098e-01,-3.173936903476715088e-01
5.262551903724670410e-01,-2.215038537979125977e-01
5.262551903724670410e-01,-2.232127934694290161e-01
5.262551903724670410e-01,-1.779302954673767090e-01
4.548342823982238770e-01,-2.594916820526123047e-01
3.150033652782440186e-01,-3.646698594093322754e-01
1.611912101507186890e-01,-7.625096440315246582e-01
1.186777092516422272e-02,-1.386292219161987305e+00
-3.266320563852787018e-03,-6.449466943740844727e-01
-5.963897332549095154e-02,-6.449466943740844727e-01
-6.462439149618148804e-02,-6.449466943740844727e-01
-8.781609684228897095e-02,-6.449466943740844727e-01
-8.781609684228897095e-02,-6.449466943740844727e-01
-6.462439149618148804e-02,-6.449466943740844727e-01
-5.058182030916213989e-02,-6.449466943740844727e-01
1.489704195410013199e-02,-6.449466943740844727e-01
2.636412158608436584e-02,-6.449466943740844727e-01
9.647887200117111206e-02,-6.449466943740844727e-01
9.741708636283874512e-02,-6.449466943740844727e-01
9.741708636283874512e-02,-6.449466943740844727e-01
9.889493137598037720e-02,-6.449466943740844727e-01
9.889493137598037720e-02,-4.847359359264373779e-01
9.889493137598037720e-02,-3.020312190055847168e-01
1.049595996737480164e-01,-1.987670809030532837e-01
1.130478829145431519e-01,-2.209382355213165283e-01
1.261461079120635986e-01,-2.298364043235778809e-01
1.767484247684478760e-01,-3.930548429489135742e-01
1.887551248073577881e-01,-1.396058917045593262e+00
1.887551248073577881e-01,-1.606991052627563477e+00
1.939122527837753296e-01,-1.551762938499450684e+00
2.058453708887100220e-01,-1.554590225219726562e+00
2.131364643573760986e-01,-1.008667945861816406e+00
2.185511440038681030e-01,-9.236524105072021484e-01
2.305087894201278687e-01,-2.464052438735961914e-01
3.269549012184143066e-01,-2.705590426921844482e-01
3.299902975559234619e-01,-6.449466943740844727e-01
3.362818658351898193e-01,-6.449466943740844727e-01
3.362818658351898193e-01,-6.449466943740844727e-01
3.299902975559234619e-01,-3.661581575870513916e-01
1.292980164289474487e-01,-2.904443442821502686e-01
7.050317525863647461e-02,-2.045542150735855103e-01
-1.284414529800415039e-01,-1.908560544252395630e-01
-3.498848378658294678e-01,-2.743131220340728760e-01
-6.225683093070983887e-01,-6.449466943740844727e-01
-8.618193864822387695e-01,-6.449466943740844727e-01
-1.089444041252136230e+00,-6.449466943740844727e-01
-1.390598893165588379e+00,-6.449466943740844727e-01
-1.601519584655761719e+00,-6.449466943740844727e-01
-1.708200216293334961e+00,-8.718891143798828125e-01
-1.839047551155090332e+00,-1.465546369552612305e+00
-1.839047551155090332e+00,-1.355923175811767578e+00
-1.839047551155090332e+00,-2.419416755437850952e-01
-1.596564769744873047e+00,3.197560012340545654e-01
-1.189434409141540527e+00,9.502073526382446289e-01
-1.234621554613113403e-01,1.108415365219116211e+00
3.185784220695495605e-01,1.483852863311767578e+00
7.196134328842163086e-01,1.056418895721435547e+00
1.269567131996154785e+00,9.465909004211425781e-01
1.579000473022460938e+00,8.521738648414611816e-01
1.817129373550415039e+00,8.916876316070556641e-01
2.186001539230346680e+00,5.292369723320007324e-01
2.488818168640136719e+00,3.182457387447357178e-01
2.488818168640136719e+00,4.216141104698181152e-01
2.488818168640136719e+00,6.012942790985107422e-01
2.483164310455322266e+00,5.843112468719482422e-01
2.368291139602661133e+00,7.914007306098937988e-01
1.955500841140747070e+00,8.636720180511474609e-01
1.779790878295898438e+00,7.733638286590576172e-01
1.547052145004272461e+00,1.365231037139892578e+00
1.011754155158996582e+00,1.444392800331115723e+00
8.312059044837951660e-01,1.420623302459716797e+00
8.230685591697692871e-01,1.398236989974975586e+00
8.097005486488342285e-01,9.191144108772277832e-01
7.959583997726440430e-01,5.311764478683471680e-01
7.650218605995178223e-01,-2.132563441991806030e-01
7.075086236000061035e-01,-6.449466943740844727e-01
5.192093849182128906e-01,-3.148277699947357178e-01
3.718052804470062256e-01,-3.761501610279083252e-01
3.141510188579559326e-01,-3.705952763557434082e-01
3.141510188579559326e-01,-3.353743553161621094e-01
3.141510188579559326e-01,-6.449466943740844727e-01
3.529183268547058105e-01,-6.449466943740844727e-01
3.529183268547058105e-01,-6.449466943740844727e-01
3.529183268547058105e-01,-6.449466943740844727e-01
2.792960107326507568e-01,-6.449466943740844727e-01
2.760398387908935547e-01,-3.760423362255096436e-01
2.760398387908935547e-01,-3.535895049571990967e-01
2.760398387908935547e-01,-3.137294650077819824e-01
2.861149311065673828e-01,-2.977857291698455811e-01
2.861149311065673828e-01,-6.449466943740844727e-01
2.861149311065673828e-01,-6.449466943740844727e-01
2.106161713600158691e-01,-6.449466943740844727e-01
1.971009522676467896e-01,-1.099278211593627930e+00
6.710597872734069824e-02,-1.144461870193481445e+00
5.343133211135864258e-02,-1.189955234527587891e+00
-8.073962479829788208e-02,-8.175101876258850098e-01
-2.926107645034790039e-01,-1.389339208602905273e+00
-4.699028432369232178e-01,-5.822181105613708496e-01
-6.126894354820251465e-01,-7.025502324104309082e-01
-7.488778829574584961e-01,-6.900656819343566895e-01
-8.188638687133789062e-01,-6.875259876251220703e-01
-8.188638687133789062e-01,-3.193765580654144287e-01
-8.188638687133789062e-01,-2.606535851955413818e-01
-7.695553898811340332e-01,-1.932368427515029907e-01
-7.510854601860046387e-01,-2.638185322284698486e-01
-6.531798839569091797e-01,-3.676812052726745605e-01
-6.098932027816772461e-01,-6.449466943740844727e-01
-4.811430275440216064e-01,-6.449466943740844727e-01
-4.730302393436431885e-01,-3.781110346317291260e-01
-4.184297621250152588e-01,-3.656021654605865479e-01
-3.908229172229766846e-01,-3.236453235149383545e-01
-3.143614232540130615e-01,-1.634723395109176636e-01
-2.199634462594985962e-01,-3.988744318485260010e-01
-2.156341671943664551e-01,-2.201565057039260864e-01
-2.156341671943664551e-01,-1.598672270774841309e-01
-2.196813821792602539e-01,-1.787973195314407349e-01
-2.156341671943664551e-01,-2.682848274707794189e-01
-2.196813821792602539e-01,-6.449466943740844727e-01
-2.196813821792602539e-01,-6.449466943740844727e-01
-2.196813821792602539e-01,-6.449466943740844727e-01
-2.084166556596755981e-01,-4.043931365013122559e-01
-2.265677601099014282e-01,-4.229086935520172119e-01
-2.319517582654953003e-01,-4.107309579849243164e-01
-2.915683090686798096e-01,-3.963693082332611084e-01
-2.915683090686798096e-01,-4.027228355407714844e-01
-2.998773455619812012e-01,-4.111069440841674805e-01
-3.296917378902435303e-01,-3.824172914028167725e-01
-3.296917378902435303e-01,-4.050664901733398438e-01
-3.529570400714874268e-01,-6.449466943740844727e-01
-3.529570400714874268e-01,-6.449466943740844727e-01
-3.529570400714874268e-01,-6.449466943740844727e-01
-3.505839109420776367e-01,-6.449466943740844727e-01
-2.522490918636322021e-01,-6.449466943740844727e-01
-2.128133922815322876e-01,-6.449466943740844727e-01
-1.370509564876556396e-01,-6.449466943740844727e-01
-4.793887212872505188e-02,-6.449466943740844727e-01
-4.387940466403961182e-02,-6.449466943740844727e-01
-1.995184086263179779e-02,-6.449466943740844727e-01
-1.995184086263179779e-02,-6.449466943740844727e-01
-4.267137497663497925e-02,-6.449466943740844727e-01
-1.995184086263179779e-02,-6.449466943740844727e-01
-4.267137497663497925e-02,-6.449466943740844727e-01
-4.413082078099250793e-02,-6.449466943740844727e-01
-7.282917946577072144e-02,-6.449466943740844727e-01
-1.351929157972335815e-01,-6.449466943740844727e-01
-1.836489886045455933e-01,-6.449466943740844727e-01
-2.992886602878570557e-01,-6.449466943740844727e-01
-3.995244204998016357e-01,-6.449466943740844727e-01
-5.167952179908752441e-01,-6.449466943740844727e-01
-5.284278988838195801e-01,-6.449466943740844727e-01
-6.642238497734069824e-01,-6.449466943740844727e-01
-8.119161725044250488e-01,-6.449466943740844727e-01
-8.755308389663696289e-01,-6.449466943740844727e-01
-9.980201125144958496e-01,-6.449466943740844727e-01
-1.012381553649902344e+00,-6.449466943740844727e-01
-1.028079748153686523e+00,-6.449466943740844727e-01
-1.028079748153686523e+00,-6.449466943740844727e-01
-1.012381553649902344e+00,-6.449466943740844727e-01
-7.818626165390014648e-01,-6.449466943740844727e-01
-7.414702773094177246e-01,-6.449466943740844727e-01
-5.219216942787170410e-01,-6.449466943740844727e-01
-5.116319656372070312e-01,-6.449466943740844727e-01
-3.465918898582458496e-01,-6.449466943740844727e-01
-2.907834053039550781e-01,-6.449466943740844727e-01
-2.412971258163452148e-01,-6.449466943740844727e-01
-2.219870537519454956e-01,-3.579181730747222900e-01
-2.154318094253540039e-01,-3.321549594402313232e-01
-1.890145987272262573e-01,-2.967487871646881104e-01
-1.681776344776153564e-01,-6.483510136604309082e-01
-1.681776344776153564e-01,-1.052681446075439453e+00
-1.677729189395904541e-01,-2.907558381557464600e-01
6.342670321464538574e-02,-7.261554151773452759e-02
1.339400410652160645e-01,-1.112441062927246094e+00
1.339400410652160645e-01,-1.405146867036819458e-01
1.339400410652160645e-01,-3.332744836807250977e-01
1.062166914343833923e-01,-3.322574794292449951e-01
-5.825310945510864258e-02,-2.861219346523284912e-01
-9.896430373191833496e-02,-3.381155431270599365e-01
-1.235480085015296936e-01,-6.449466943740844727e-01
-1.235480085015296936e-01,-6.449466943740844727e-01
-1.235480085015296936e-01,-3.238138258457183838e-01
-2.464905008673667908e-02,1.064775884151458740e-01
2.849810197949409485e-02,1.926061958074569702e-01
3.018438220024108887e-01,2.382215708494186401e-01
6.562869548797607422e-01,1.890776604413986206e-01
1.044291257858276367e+00,-8.500100672245025635e-02
1.391013979911804199e+00,-9.283790737390518188e-02
1.759297251701354980e+00,-2.161875814199447632e-01
2.034206628799438477e+00,-7.274349033832550049e-02
2.154709100723266602e+00,-1.186056733131408691e-01
2.154709100723266602e+00,2.040967494249343872e-01
2.154709100723266602e+00,3.579659461975097656e-01
2.032630681991577148e+00,2.572993338108062744e-01
1.909233927726745605e+00,7.443003356456756592e-02
1.792625427246093750e+00,-2.164234817028045654e-01
1.487239360809326172e+00,-1.695690751075744629e-01
1.274147868156433105e+00,-3.174712359905242920e-01
9.418846964836120605e-01,-1.939137279987335205e-01
5.836886763572692871e-01,1.878707259893417358e-01
3.352700471878051758e-01,1.357765942811965942e-01
1.170521602034568787e-01,-4.435370117425918579e-02
-1.885976195335388184e-01,-2.338103502988815308e-01
-3.701883256435394287e-01,-2.785602807998657227e-01
-4.755321443080902100e-01,-3.079465329647064209e-01
-6.592139005661010742e-01,-2.288843840360641479e-01
-8.717902302742004395e-01,-1.485898941755294800e-01
-9.269180893898010254e-01,-1.815263777971267700e-01
-9.269180893898010254e-01,-2.515079975128173828e-01
-9.269180893898010254e-01,-2.324427515268325806e-01
-8.445084095001220703e-01,-2.996970713138580322e-01
-7.690771222114562988e-01,-1.514189392328262329e-01
-6.657323241233825684e-01,-1.680132448673248291e-01
-4.705651104450225830e-01,-2.938508689403533936e-01
-4.041603207588195801e-01,-3.388078212738037109e-01
-3.301884531974792480e-01,-6.449466943740844727e-01
-1.464760303497314453e-01,-6.449466943740844727e-01
1.532015856355428696e-02,-6.449466943740844727e-01
1.607374399900436401e-01,-6.449466943740844727e-01
3.640604019165039062e-01,-6.449466943740844727e-01
5.630173087120056152e-01,-6.449466943740844727e-01
5.984609723091125488e-01,-6.449466943740844727e-01
5.984609723091125488e-01,-6.449466943740844727e-01
5.984609723091125488e-01,-6.449466943740844727e-01
3.981305062770843506e-01,-6.449466943740844727e-01
1.337070167064666748e-01,-6.449466943740844727e-01
-3.412318602204322815e-02,-6.449466943740844727e-01
-1.905415058135986328e-01,-6.449466943740844727e-01
-4.233416020870208740e-01,-6.449466943740844727e-01
-5.583894252777099609e-01,-6.449466943740844727e-01
-5.606644749641418457e-01,-6.449466943740844727e-01
-7.612648010253906250e-01,-3.980482220649719238e-01
-8.058391809463500977e-01,-3.940894305706024170e-01
-8.063236474990844727e-01,-2.273023873567581177e-01
-8.058391809463500977e-01,-1.778067797422409058e-01
-7.612648010253906250e-01,-4.628269374370574951e-01
-6.807070374488830566e-01,-5.068372562527656555e-02
-3.177340924739837646e-01,-3.006985485553741455e-01
-8.417361229658126831e-02,1.379051506519317627e-01
1.974627524614334106e-01,3.942313492298126221e-01
2.322135269641876221e-01,-1.249242067337036133e+00
2.504995167255401611e-01,-1.484550833702087402e+00
2.674180567264556885e-01,-1.233493566513061523e+00
4.787679910659790039e-01,-7.944573163986206055e-01
4.787679910659790039e-01,-4.651379957795143127e-02
4.787679910659790039e-01,3.168643712997436523e-01
4.441889226436614990e-01,1.370573788881301880e-01
1.800904273986816406e-01,1.700346022844314575e-01
1.162181869149208069e-01,1.055677384138107300e-01
1.162181869149208069e-01,6.046491861343383789e-01
7.229375839233398438e-02,3.865770995616912842e-01
7.229375839233398438e-02,2.649054229259490967e-01
7.894711941480636597e-02,4.038760438561439514e-02
6.273990124464035034e-02,-1.293943673372268677e-01
3.862837702035903931e-02,-4.331016540527343750e-02
1.207013148814439774e-02,-4.871945679187774658e-01
-6.565405521541833878e-03,-5.000833272933959961e-01
-1.266687270253896713e-02,-4.490574300289154053e-01
-3.562555834650993347e-02,-6.449466943740844727e-01
-6.916829943656921387e-02,-6.449466943740844727e-01
-3.562555834650993347e-02,-6.449466943740844727e-01
-1.924051344394683838e-02,-6.449466943740844727e-01
-1.924051344394683838e-02,-6.449466943740844727e-01
1.579846441745758057e-02,-6.449466943740844727e-01
8.550236374139785767e-02,-3.814687132835388184e-01
1.602407395839691162e-01,-3.579544126987457275e-01
1.635214239358901978e-01,-3.465760946273803711e-01
1.947032958269119263e-01,-1.951518952846527100e-01
2.036929875612258911e-01,-3.352239429950714111e-01
2.041590362787246704e-01,-2.599938511848449707e-01
2.745681405067443848e-01,-3.074625730514526367e-01
5.098701119422912598e-01,-1.120926618576049805e+00
7.972645759582519531e-01,-1.180917382240295410e+00
1.025919318199157715e+00,-4.517427086830139160e-01
1.079281091690063477e+00,-1.628946512937545776e-01
1.079281091690063477e+00,-1.236322894692420959e-01
1.079281091690063477e+00,6.582088768482208252e-02
1.005505442619323730e+00,-1.507253497838973999e-01
9.781071543693542480e-01,-2.885591387748718262e-01
9.781071543693542480e-01,9.167362004518508911e-02
1.005505442619323730e+00,3.015503287315368652e-02
1.079550981521606445e+00,3.738050162792205811e-02
1.107133269309997559e+00,-2.071681246161460876e-02
1.107133269309997559e+00,-3.423396944999694824e-01
1.151333570480346680e+00,-1.970224976539611816e-01
1.164155960083007812e+00,-2.869060933589935303e-01
1.193259000778198242e+00,-4.510935246944427490e-01
1.259829401969909668e+00,-1.626165062189102173e-01
1.259829401969909668e+00,4.121185541152954102e-01
1.259829401969909668e+00,2.758616209030151367e-01
1.255598187446594238e+00,4.108615815639495850e-01
1.126191854476928711e+00,2.075479328632354736e-01
7.780587673187255859e-01,9.503246098756790161e-02
4.529088139533996582e-01,1.206123083829879761e-01
1.826352626085281372e-01,4.594403207302093506e-01
-3.411465585231781006e-01,7.203778624534606934e-01
-1.176201343536376953e+00,7.722017765045166016e-01
-1.723487615585327148e+00,6.760687828063964844e-01
-1.757704854011535645e+00,4.336020722985267639e-02
-1.790689587593078613e+00,-1.145533174276351929e-01
-1.790689587593078613e+00,-6.449466943740844727e-01
-1.790689587593078613e+00,-4.178664386272430420e-01
-1.790689587593078613e+00,-2.990893423557281494e-01
-1.790689587593078613e+00,-2.634610235691070557e-01
-1.604493618011474609e+00,4.468845948576927185e-02
-1.490104913711547852e+00,1.751285344362258911e-01
-1.230771183967590332e+00,3.124255314469337463e-02
-1.125396609306335449e+00,1.363672763109207153e-01
-9.565362334251403809e-01,1.350787095725536346e-02
-7.952429056167602539e-01,8.059729635715484619e-02
-7.230309247970581055e-01,4.078772068023681641e-01
-2.840441763401031494e-01,1.930665373802185059e-01
2.785969376564025879e-01,2.540566921234130859e-01
2.842078208923339844e-01,3.631953895092010498e-01
2.842078208923339844e-01,5.880580544471740723e-01
2.842078208923339844e-01,7.283998727798461914e-01
1.261767596006393433e-01,6.858493089675903320e-01
9.385432302951812744e-02,3.620281517505645752e-01
9.385432302951812744e-02,1.543262749910354614e-01
9.385432302951812744e-02,-1.414241343736648560e-01
1.498222500085830688e-01,-4.459350705146789551e-01
2.900027036666870117e-01,-6.288210153579711914e-01
4.052805602550506592e-01,-8.397144079208374023e-01
5.986756086349487305e-01,-2.399111986160278320e-01
7.605699300765991211e-01,-2.780443727970123291e-01
8.323464989662170410e-01,1.202125661075115204e-02
8.792143464088439941e-01,5.903582572937011719e-01
8.792143464088439941e-01,3.956682980060577393e-01
8.792143464088439941e-01,4.413197040557861328e-01
6.477142572402954102e-01,3.358458876609802246e-01
4.077640771865844727e-01,2.052984386682510376e-01
2.914810739457607269e-02,4.708788096904754639e-01
-5.888968110084533691e-01,-1.944205611944198608e-01
-1.034077048301696777e+00,-8.743361830711364746e-01
-1.401195287704467773e+00,-9.613442420959472656e-01
-1.804775118827819824e+00,-6.777327656745910645e-01
-2.148014783859252930e+00,-1.615874320268630981e-01
-2.432907342910766602e+00,-2.233766317367553711e-01
-2.687445878982543945e+00,-6.449466943740844727e-01
-3.023222684860229492e+00,-6.449466943740844727e-01
-3.023222684860229492e+00,-6.449466943740844727e-01
-3.023222684860229492e+00,-6.449466943740844727e-01
-2.950826883316040039e+00,-6.449466943740844727e-01
-2.892547130584716797e+00,-6.449466943740844727e-01
-2.833151340484619141e+00,-6.449466943740844727e-01
-2.801521778106689453e+00,-6.449466943740844727e-01
-2.726053714752197266e+00,-6.449466943740844727e-01
-2.726053714752197266e+00,-6.449466943740844727e-01
-2.726053714752197266e+00,-6.449466943740844727e-01
-2.752483129501342773e+00,-6.449466943740844727e-01
-2.752483129501342773e+00,-6.449466943740844727e-01
-2.752483129501342773e+00,-6.449466943740844727e-01
-2.512723207473754883e+00,-6.449466943740844727e-01
-2.183096647262573242e+00,-6.449466943740844727e-01
-1.872112035751342773e+00,-6.449466943740844727e-01
-1.596454501152038574e+00,-6.449466943740844727e-01
-1.392125844955444336e+00,-6.449466943740844727e-01
-1.091430783271789551e+00,-1.438132524490356445e+00
-8.694600462913513184e-01,-1.404583692550659180e+00
-7.454009652137756348e-01,-1.524746179580688477e+00
-5.266495347023010254e-01,-1.516384363174438477e+00
-4.177797734737396240e-01,-6.449466943740844727e-01
-3.676434755325317383e-01,-6.449466943740844727e-01
-3.654788434505462646e-01,-6.449466943740844727e-01
-3.115835785865783691e-01,-6.449466943740844727e-01
-3.115835785865783691e-01,-4.080607593059539795e-01
-2.359437793493270874e-01,-3.187923431396484375e-01
-2.018307447433471680e-01,-1.667697429656982422e-01
-1.087389215826988220e-01,-1.791248023509979248e-01
-3.922511637210845947e-02,-3.280313313007354736e-01
2.656034938991069794e-02,-3.703703284263610840e-01
2.315267175436019897e-01,-1.535861968994140625e+00
2.330536246299743652e-01,-1.078484535217285156e+00
3.559414744377136230e-01,-1.072340846061706543e+00
3.861238062381744385e-01,-7.459139823913574219e-01
3.861238062381744385e-01,8.681372404098510742e-01
3.861238062381744385e-01,7.075297236442565918e-01
2.316677570343017578e-01,8.393715023994445801e-01
1.303650140762329102e-01,5.907959938049316406e-01
3.170520439743995667e-02,-1.711912304162979126e-01
-7.652071863412857056e-02,-1.323695927858352661e-01
-1.739908903837203979e-01,-2.157585322856903076e-01
-1.739908903837203979e-01,-1.254168987274169922e+00
-1.739908903837203979e-01,-1.052079558372497559e+00
-8.989489078521728516e-02,-1.177307486534118652e+00
2.768186032772064209e-01,-5.015881657600402832e-01
8.158265352249145508e-01,-5.546295046806335449e-01
8.879403471946716309e-01,-2.525241672992706299e-01
8.879403471946716309e-01,-1.255626082420349121e-01
8.879403471946716309e-01,-4.499583542346954346e-01
8.402323722839355469e-01,-1.413907557725906372e-01
5.338099598884582520e-01,-5.289991945028305054e-02
5.032964944839477539e-01,-1.865834236145019531e+00
4.604942500591278076e-01,-3.083728849887847900e-01
4.533564448356628418e-01,-1.764741986989974976e-01
1.990938931703567505e-01,-1.384864896535873413e-01
8.231419138610363007e-03,-4.314526543021202087e-02
-3.607933595776557922e-02,-8.362321555614471436e-02
-3.607933595776557922e-02,-1.703626811504364014e-01
-3.607933595776557922e-02,4.015062376856803894e-02
8.189667016267776489e-02,2.674967423081398010e-02
8.189667016267776489e-02,-2.102770060300827026e-01
8.189667016267776489e-02,-6.778002977371215820e-01
3.913734480738639832e-02,-8.161715269088745117e-01
-5.976774543523788452e-02,-1.214700579643249512e+00
-5.976774543523788452e-02,-3.537603616714477539e-01
-5.976774543523788452e-02,-2.833243608474731445e-01
2.587355114519596100e-02,-1.802987307310104370e-01
2.587355114519596100e-02,-6.068913638591766357e-02
2.587355114519596100e-02,1.544861942529678345e-01
-3.112457692623138428e-02,2.141312509775161743e-01
-2.067119181156158447e-01,3.092291057109832764e-01
-6.703743934631347656e-01,-1.621164381504058838e-01
-6.703743934631347656e-01,-7.292120456695556641e-01
-6.703743934631347656e-01,-1.386880874633789062e+00
-5.952926278114318848e-01,-1.326026439666748047e+00
-2.784946262836456299e-01,-1.453142166137695312e+00
-7.119803130626678467e-02,-6.449466943740844727e-01
1.578798592090606689e-01,-6.449466943740844727e-01
2.982381284236907959e-01,-6.449466943740844727e-01
3.066330254077911377e-01,2.119546681642532349e-01
4.384553730487823486e-01,4.311364591121673584e-01
7.065274715423583984e-01,7.165431380271911621e-01
8.986838459968566895e-01,1.042062163352966309e+00
8.986838459968566895e-01,1.112155318260192871e+00
8.986838459968566895e-01,1.189284324645996094e+00
8.562985658645629883e-01,1.103090763092041016e+00
4.700174331665039062e-01,7.757620215415954590e-01
3.884294629096984863e-01,5.901463627815246582e-01
3.657957911491394043e-01,2.907564342021942139e-01
3.117656111717224121e-01,-4.122241139411926270e-01
3.117656111717224121e-01,-9.518174529075622559e-01
3.117656111717224121e-01,-7.444218397140502930e-01
3.117656111717224121e-01,-5.291365385055541992e-01
3.179590702056884766e-01,1.585880219936370850e-01
3.179590702056884766e-01,-7.762815058231353760e-02
3.532065451145172119e-01,-4.243237674236297607e-01
3.532065451145172119e-01,-9.465578794479370117e-01
3.958064317703247070e-01,-1.239011049270629883e+00
3.958064317703247070e-01,-5.585886910557746887e-02
3.958064317703247070e-01,1.610406488180160522e-01
3.620306551456451416e-01,1.227352991700172424e-01
2.940683066844940186e-01,-4.616600573062896729e-01
2.724218964576721191e-01,-2.581194937229156494e-01
2.724218964576721191e-01,-4.741825759410858154e-01
2.276205569505691528e-01,-1.726131319999694824e+00
1.666855961084365845e-01,-6.449466943740844727e-01
1.094973757863044739e-01,-6.449466943740844727e-01
6.749229878187179565e-02,-6.449466943740844727e-01
3.044811822474002838e-02,-6.449466943740844727e-01
-9.032414108514785767e-02,-6.449466943740844727e-01
-1.028888672590255737e-01,-6.449466943740844727e-01
-1.929023712873458862e-01,-6.449466943740844727e-01
-2.330494076013565063e-01,-6.449466943740844727e-01
-2.956829667091369629e-01,-6.449466943740844727e-01
-3.586721718311309814e-01,-2.645834982395172119e-01
-3.586721718311309814e-01,-2.410129159688949585e-01
-3.586721718311309814e-01,-1.471957862377166748e-01
-3.346219658851623535e-01,-1.632246226072311401e-01
-3.070457875728607178e-01,-1.525304555892944336e+00
-2.782493233680725098e-01,-1.699505090713500977e+00
-2.661874294281005859e-01,-1.730709552764892578e+00
-2.614227831363677979e-01,-1.670935153961181641e+00
-2.614227831363677979e-01,-6.449466943740844727e-01
-2.614227831363677979e-01,-6.449466943740844727e-01
-3.015330135822296143e-01,-6.449466943740844727e-01
-3.080821335315704346e-01,-6.449466943740844727e-01
-4.109976291656494141e-01,-6.449466943740844727e-01
-4.956026077270507812e-01,-3.832575976848602295e-01
-6.512298583984375000e-01,-1.810927689075469971e-01
-8.333601951599121094e-01,-1.540454775094985962e-01
-9.640235900878906250e-01,-1.729948073625564575e-01
-1.080773115158081055e+00,-2.542392909526824951e-01
-1.300376892089843750e+00,-6.449466943740844727e-01
-1.468483090400695801e+00,-2.568427622318267822e-01
-1.526701450347900391e+00,-1.673550456762313843e-01
-1.526701450347900391e+00,-3.446952402591705322e-01
-1.526701450347900391e+00,-4.832780659198760986e-01
-1.444518685340881348e+00,-1.029101490974426270e+00
-1.408375978469848633e+00,-1.090568661689758301e+00
-1.372570514678955078e+00,-6.449466943740844727e-01
-1.326972007751464844e+00,-6.449466943740844727e-01
-1.326972007751464844e+00,-6.449466943740844727e-01
-1.104283690452575684e+00,-6.449466943740844727e-01
-1.057759284973144531e+00,-6.449466943740844727e-01
-8.317044973373413086e-01,-6.449466943740844727e-01
-8.126458525657653809e-01,-6.388384103775024414e-01
-7.990018725395202637e-01,-1.180229544639587402e+00
-7.828559875488281250e-01,-1.450128674507141113e+00
-7.728115916252136230e-01,-1.285267114639282227e+00
-7.274951338768005371e-01,-6.449466943740844727e-01
-6.833990216255187988e-01,-2.749466896057128906e-01
-5.970892906188964844e-01,-2.929266393184661865e-01
-5.289245843887329102e-01,-1.957531571388244629e-01
-4.264199435710906982e-01,-1.951246559619903564e-01
-3.976725041866302490e-01,-6.449466943740844727e-01
-3.239827454090118408e-01,-6.449466943740844727e-01
-2.859512865543365479e-01,-3.890544772148132324e-01
-2.289408892393112183e-01,-3.604284822940826416e-01
-1.659761965274810791e-01,-3.403289020061492920e-01
-1.513449400663375854e-01,-3.695720732212066650e-01
-6.760460883378982544e-02,-6.449466943740844727e-01
-2.485140971839427948e-02,-6.449466943740844727e-01
-1.042251382023096085e-02,-3.005447387695312500e-01
1.240793382748961449e-03,-2.940465509891510010e-01
5.392244085669517517e-03,-2.221268862485885620e-01
4.737279191613197327e-02,-2.478138506412506104e-01
6.554228812456130981e-02,-6.449466943740844727e-01
1.032548695802688599e-01,-6.449466943740844727e-01
1.202347353100776672e-01,-6.449466943740844727e-01
1.403910368680953979e-01,-2.961083948612213135e-01
1.403910368680953979e-01,-3.085310161113739014e-01
1.583765745162963867e-01,-1.349562257528305054e-01
1.561322063207626343e-01,-1.153367608785629272e-01
1.651403009891510010e-01,-6.222022697329521179e-02
1.561322063207626343e-01,9.657906368374824524e-03
1.561322063207626343e-01,-2.306767851114273071e-01
-7.888772338628768921e-02,-2.069340497255325317e-01
-1.119030937552452087e-01,-3.974720537662506104e-01
-1.180106997489929199e-01,-6.449466943740844727e-01
-1.457830965518951416e-01,-6.449466943740844727e-01
-2.531750500202178955e-01,-3.698275983333587646e-01
-3.842676877975463867e-01,-2.713715732097625732e-01
-3.968753516674041748e-01,-2.242254465818405151e-01
-5.959916710853576660e-01,-2.000747323036193848e-01
-6.843801736831665039e-01,-6.449466943740844727e-01
-7.845852375030517578e-01,-6.449466943740844727e-01
-7.845852375030517578e-01,-6.449466943740844727e-01
-8.499353528022766113e-01,-6.449466943740844727e-01
-9.713760018348693848e-01,-6.449466943740844727e-01
-1.007659792900085449e+00,-6.830516457557678223e-01
-1.007659792900085449e+00,-1.289301753044128418e+00
-1.007659792900085449e+00,-9.557239413261413574e-01
-7.573463320732116699e-01,-4.468381702899932861e-01
-4.380955100059509277e-01,1.142298877239227295e-01
-1.702380329370498657e-01,7.666812092065811157e-02
1.260479837656021118e-01,2.447739988565444946e-02
2.973612546920776367e-01,3.297383710741996765e-02
5.616866350173950195e-01,4.070570170879364014e-01
7.901758551597595215e-01,6.199339404702186584e-02
1.015917897224426270e+00,3.049631416797637939e-01
1.336094617843627930e+00,1.791239529848098755e-01
1.577350974082946777e+00,7.716213585808873177e-04
1.577350974082946777e+00,7.258893549442291260e-02
1.577350974082946777e+00,-2.840810269117355347e-02
1.507420182228088379e+00,-4.640497863292694092e-01
1.265286922454833984e+00,-4.488121867179870605e-01
1.056095600128173828e+00,-2.086873948574066162e-01
9.693565964698791504e-01,-2.919036746025085449e-01
9.400941133499145508e-01,-1.007048264145851135e-01
8.531711697578430176e-01,1.525795608758926392e-01
7.914206385612487793e-01,3.975690901279449463e-01
5.078588128089904785e-01,-8.413331210613250732e-02
1.375641226768493652e-01,1.909049749374389648e-01
-1.689012199640274048e-01,5.329945087432861328e-01
-3.991319537162780762e-01,5.084707140922546387e-01
-7.316772341728210449e-01,3.584952652454376221e-01
-7.316772341728210449e-01,-4.108430147171020508e-01
-7.316772341728210449e-01,-8.409436345100402832e-01
-3.555754721164703369e-01,-1.805763483047485352e+00
-6.581402570009231567e-02,-6.449466943740844727e-01
2.365428060293197632e-01,-3.519922792911529541e-01
4.689259231090545654e-01,-3.955568373203277588e-01
6.397363543510437012e-01,5.386384129524230957e-01
7.521995902061462402e-01,7.390693426132202148e-01
8.104731440544128418e-01,3.911117613315582275e-01
8.489767909049987793e-01,5.669242143630981445e-01
8.489767909049987793e-01,3.939977586269378662e-01
8.489767909049987793e-01,-2.610474526882171631e-01
6.756277084350585938e-01,-3.296177685260772705e-01
5.262674689292907715e-01,-2.943451106548309326e-01
2.716799080371856689e-01,3.204996585845947266e-01
3.199954703450202942e-02,5.885348320007324219e-01
3.199954703450202942e-02,6.623016595840454102e-01
3.199954703450202942e-02,7.425346970558166504e-01
4.305204153060913086e-01,5.437017083168029785e-01
7.922975420951843262e-01,8.673892617225646973e-01
1.110763430595397949e+00,1.118045568466186523e+00
1.327503561973571777e+00,8.842264413833618164e-01
1.541171431541442871e+00,7.215098142623901367e-01
1.750595808029174805e+00,1.096299409866333008e+00
1.893173933029174805e+00,6.986211538314819336e-01
2.005115985870361328e+00,4.722299277782440186e-01
2.368101119995117188e+00,7.649466991424560547e-01
2.541572809219360352e+00,5.419608950614929199e-01
2.541572809219360352e+00,-1.866582185029983521e-01
2.541572809219360352e+00,-4.549079835414886475e-01
2.326727628707885742e+00,3.713362812995910645e-01
2.242625474929809570e+00,6.669186353683471680e-01
2.242625474929809570e+00,1.276871442794799805e+00
2.242625474929809570e+00,1.272440195083618164e+00
2.427607297897338867e+00,1.176876306533813477e+00
2.427607297897338867e+00,1.552899718284606934e+00
2.427607297897338867e+00,1.457468032836914062e+00
2.245237827301025391e+00,1.180071830749511719e+00
2.123098134994506836e+00,1.020799398422241211e+00
2.123098134994506836e+00,9.281374812126159668e-01
2.081191062927246094e+00,9.458104372024536133e-01
2.081191062927246094e+00,6.555052399635314941e-01
2.017331123352050781e+00,6.505548357963562012e-01
1.903923511505126953e+00,9.458310008049011230e-01
1.598604917526245117e+00,1.370606422424316406e+00
8.572368025779724121e-01,7.957191467285156250e-01
3.733628392219543457e-01,7.680954933166503906e-01
2.969687879085540771e-01,9.494454860687255859e-01
1.273112148046493530e-01,3.733438849449157715e-01
-1.248418837785720825e-01,2.233133018016815186e-01
-3.828020989894866943e-01,-2.048365958034992218e-02
-7.179597020149230957e-01,1.317256540060043335e-01
-1.011216402053833008e+00,-2.132116407155990601e-01
-1.037192106246948242e+00,-3.212989270687103271e-01
-1.037192106246948242e+00,-1.287680715322494507e-01
-1.037192106246948242e+00,-2.325202822685241699e-01
-9.405988454818725586e-01,-2.543043196201324463e-01
-7.589897513389587402e-01,-2.502100467681884766e-01
-5.677716135978698730e-01,-3.581384122371673584e-01
-4.930516183376312256e-01,-3.152867853641510010e-01
-3.488975763320922852e-01,-2.509801685810089111e-01
-1.606964319944381714e-01,-3.002454936504364014e-01
-1.207578927278518677e-01,-4.419859349727630615e-01
-9.236613661050796509e-02,-6.449466943740844727e-01
-5.111531540751457214e-02,-6.449466943740844727e-01
-2.199997194111347198e-02,-6.449466943740844727e-01
-4.866805858910083771e-03,-6.449466943740844727e-01
-4.866805858910083771e-03,-6.449466943740844727e-01
-2.199997194111347198e-02,-6.449466943740844727e-01
-1.147116124629974365e-01,-6.449466943740844727e-01
-1.329301595687866211e-01,-6.449466943740844727e-01
-1.732243746519088745e-01,-4.147978425025939941e-01
-1.798838675022125244e-01,-3.910914659500122070e-01
-1.998807340860366821e-01,-3.696042597293853760e-01
-2.148921787738800049e-01,-3.593900203704833984e-01
-2.152110487222671509e-01,-6.449466943740844727e-01
-2.587307691574096680e-01,-6.449466943740844727e-01
-3.057457804679870605e-01,-6.449466943740844727e-01
-3.206775188446044922e-01,-6.449466943740844727e-01
-3.316846787929534912e-01,-6.449466943740844727e-01
-4.160566329956054688e-01,-6.449466943740844727e-01
-4.535239338874816895e-01,-6.449466943740844727e-01
-5.839788317680358887e-01,-6.449466943740844727e-01
-6.232182979583740234e-01,-6.449466943740844727e-01
-6.232182979583740234e-01,-6.449466943740844727e-01
-6.241013407707214355e-01,-6.449466943740844727e-01
-6.232182979583740234e-01,-6.449466943740844727e-01
-6.232182979583740234e-01,-6.449466943740844727e-01
-6.534067988395690918e-01,-6.449466943740844727e-01
-6.560190916061401367e-01,-6.449466943740844727e-01
-6.748263239860534668e-01,-6.449466943740844727e-01
-6.748263239860534668e-01,-6.449466943740844727e-01
-6.748263239860534668e-01,-6.449466943740844727e-01
-6.748263239860534668e-01,-6.449466943740844727e-01
-6.820376515388488770e-01,-6.449466943740844727e-01
-6.988520026206970215e-01,-6.449466943740844727e-01
-7.602958679199218750e-01,-6.449466943740844727e-01
-9.470559954643249512e-01,-6.449466943740844727e-01
-1.040926575660705566e+00,-6.449466943740844727e-01
-1.069759845733642578e+00,-6.449466943740844727e-01
-1.069759845733642578e+00,-8.365893363952636719e-01
-1.069759845733642578e+00,-8.380638957023620605e-01
-9.586027860641479492e-01,-8.027725815773010254e-01
-7.549425363540649414e-01,-2.845172584056854248e-01
-7.522566914558410645e-01,-5.009203404188156128e-02
-7.522566914558410645e-01,-7.077588140964508057e-02
-7.522566914558410645e-01,-2.250275313854217529e-01
-7.522566914558410645e-01,-1.553735733032226562e+00
-7.522566914558410645e-01,-1.145090818405151367e+00
-4.779420793056488037e-01,-1.153424978256225586e+00
-3.357625603675842285e-01,-6.449466943740844727e-01
1.389750558882951736e-02,-6.449466943740844727e-01
2.448518276214599609e-01,-6.449466943740844727e-01
3.549726009368896484e-01,-6.449466943740844727e-01
5.321788191795349121e-01,-6.449466943740844727e-01
5.386481881141662598e-01,-6.449466943740844727e-01
5.386481881141662598e-01,-6.449466943740844727e-01
5.386481881141662598e-01,-6.449466943740844727e-01
4.990162551403045654e-01,-1.224093198776245117e+00
4.178636968135833740e-01,-1.332936048507690430e+00
2.566377818584442139e-01,-1.591416954994201660e+00
1.765154004096984863e-01,-1.314662933349609375e+00
1.765154004096984863e-01,-9.522908926010131836e-01
1.765154004096984863e-01,-9.980826973915100098e-01
1.240611821413040161e-01,-4.720657765865325928e-01
9.893785417079925537e-02,-3.294214606285095215e-01
9.893785417079925537e-02,-3.801044523715972900e-01
-4.210132465232163668e-04,-5.416305065155029297e-01
-2.369739711284637451e-01,-1.426382511854171753e-01
-4.637645781040191650e-01,-6.449466943740844727e-01
-7.272130846977233887e-01,-6.449466943740844727e-01
-8.735256195068359375e-01,-6.449466943740844727e-01
-9.249373674392700195e-01,-6.449466943740844727e-01
-9.249373674392700195e-01,-6.449466943740844727e-01
-9.309346079826354980e-01,-6.449466943740844727e-01
-9.309346079826354980e-01,-6.449466943740844727e-01
-8.450602889060974121e-01,-6.449466943740844727e-01
-8.204581737518310547e-01,-6.449466943740844727e-01
-7.202776074409484863e-01,-6.449466943740844727e-01
-7.093685865402221680e-01,-6.449466943740844727e-01
-6.595020890235900879e-01,-6.449466943740844727e-01
-5.938883423805236816e-01,-6.449466943740844727e-01
-5.938883423805236816e-01,-4.183065593242645264e-01
-5.815321207046508789e-01,-3.755420148372650146e-01
-5.775830149650573730e-01,-3.350403308868408203e-01
-5.442487597465515137e-01,-3.199082016944885254e-01
-5.269868373870849609e-01,-6.449466943740844727e-01
-5.269868373870849609e-01,-6.449466943740844727e-01
-5.269868373870849609e-01,-3.532129526138305664e-01
-5.536370277404785156e-01,-3.450266420841217041e-01
-5.951761007308959961e-01,-3.041981160640716553e-01
-5.951761007308959961e-01,-3.147705793380737305e-01
-5.951761007308959961e-01,-6.449466943740844727e-01
-5.747683644294738770e-01,-6.449466943740844727e-01
-5.405510663986206055e-01,-6.449466943740844727e-01
-5.268887281417846680e-01,-6.449466943740844727e-01
-4.899610280990600586e-01,-6.449466943740844727e-01
-4.727113544940948486e-01,-3.641837537288665771e-01
-4.591041803359985352e-01,-3.154661953449249268e-01
-4.028970897197723389e-01,-1.557946652173995972e-01
-3.630382716655731201e-01,-1.741189956665039062e-01
-3.510744869709014893e-01,-2.874751389026641846e-01
-3.297837376594543457e-01,-3.327308297157287598e-01
-3.244058489799499512e-01,-3.201720118522644043e-01
-3.219652771949768066e-01,-2.828355133533477783e-01
-2.955909967422485352e-01,-2.839585840702056885e-01
-2.798068821430206299e-01,-3.389159142971038818e-01
-2.582463324069976807e-01,-6.449466943740844727e-01
-2.493976652622222900e-01,-6.449466943740844727e-01
-2.325833737850189209e-01,-6.449466943740844727e-01
-2.325833737850189209e-01,-6.449466943740844727e-01
-2.201228886842727661e-01,-6.449466943740844727e-01
-2.144936025142669678e-01,-6.449466943740844727e-01
-2.201228886842727661e-01,-6.449466943740844727e-01
-2.230417877435684204e-01,-6.449466943740844727e-01
-2.230417877435684204e-01,-6.449466943740844727e-01
-2.624161839485168457e-01,-6.449466943740844727e-01
-2.661445140838623047e-01,-6.449466943740844727e-01
-2.661445140838623047e-01,-6.449466943740844727e-01
-2.695723772048950195e-01,-6.449466943740844727e-01
-2.780469655990600586e-01,-6.449466943740844727e-01
-2.695723772048950195e-01,-6.449466943740844727e-01
-2.620666325092315674e-01,-6.449466943740844727e-01
-2.567684948444366455e-01,-6.449466943740844727e-01
-2.567684948444366455e-01,-6.449466943740844727e-01
-2.567684948444366455e-01,-6.449466943740844727e-01
-3.040655851364135742e-01,-6.449466943740844727e-01
-3.329908251762390137e-01,-6.449466943740844727e-01
-4.015970826148986816e-01,-6.449466943740844727e-01
-4.697556793689727783e-01,-6.449466943740844727e-01
-4.862940311431884766e-01,-6.449466943740844727e-01
-5.203457474708557129e-01,-6.449466943740844727e-01
-5.882651805877685547e-01,-6.449466943740844727e-01
-5.886760354042053223e-01,-6.449466943740844727e-01
-5.886760354042053223e-01,-6.449466943740844727e-01
-5.882651805877685547e-01,-6.449466943740844727e-01
-5.797967314720153809e-01,-6.449466943740844727e-01
-4.515800476074218750e-01,-6.449466943740844727e-01
-4.402662813663482666e-01,-6.449466943740844727e-01
-4.059018194675445557e-01,-6.449466943740844727e-01
-3.046419918537139893e-01,-6.449466943740844727e-01
-2.834554910659790039e-01,-5.100737810134887695e-01
-2.484287917613983154e-01,-5.037574768066406250e-01
-1.805583983659744263e-01,-5.907425284385681152e-01
-1.681040525436401367e-01,-4.928783476352691650e-01
-1.659639328718185425e-01,-6.449466943740844727e-01
-1.659639328718185425e-01,-6.449466943740844727e-01
-1.645658165216445923e-01,-6.449466943740844727e-01
-1.645658165216445923e-01,-6.449466943740844727e-01
-1.668776273727416992e-01,-6.449466943740844727e-01
-1.831522881984710693e-01,-6.449466943740844727e-01
-1.853169351816177368e-01,-6.449466943740844727e-01
-1.916207522153854370e-01,-6.449466943740844727e-01
-1.916207522153854370e-01,-5.004613995552062988e-01
-1.916207522153854370e-01,-3.202520906925201416e-01
-1.002336591482162476e-01,-5.523687005043029785e-01
-7.138812541961669922e-02,-5.584715008735656738e-01
-7.138812541961669922e-02,-7.717496156692504883e-01
-7.138812541961669922e-02,-9.579110145568847656e-01
-1.604940742254257202e-01,-4.355998933315277100e-01
-3.368234038352966309e-01,-4.780925214290618896e-01
-4.959459900856018066e-01,-4.262468516826629639e-01
-5.658522248268127441e-01,-3.264404535293579102e-01
-6.707668304443359375e-01,-4.932944476604461670e-01
-8.084883093833923340e-01,-5.869612693786621094e-01
-9.164321422576904297e-01,-6.204988956451416016e-01
-1.048070549964904785e+00,-5.044804811477661133e-01
-1.170835733413696289e+00,-6.449466943740844727e-01
-1.232659816741943359e+00,-6.449466943740844727e-01
-1.349084377288818359e+00,-6.449466943740844727e-01
-1.352205634117126465e+00,-6.449466943740844727e-01
-1.352205634117126465e+00,-6.449466943740844727e-01
-1.349084377288818359e+00,-6.449466943740844727e-01
-1.248848676681518555e+00,-6.449466943740844727e-01
-1.215146422386169434e+00,-6.449466943740844727e-01
-1.155284643173217773e+00,-6.449466943740844727e-01
-1.078326463699340820e+00,-6.449466943740844727e-01
-9.622023105621337891e-01,-6.449466943740844727e-01
-8.241926431655883789e-01,-6.449466943740844727e-01
-6.130450963973999023e-01,-6.449466943740844727e-01
-4.889430999755859375e-01,-6.449466943740844727e-01
-3.715680539608001709e-01,-9.177668094635009766e-01
-2.779427170753479004e-01,-1.225350379943847656e+00
-1.814046353101730347e-01,-1.279367685317993164e+00
-1.280919164419174194e-01,-1.138126850128173828e+00
-5.296721681952476501e-02,-6.449466943740844727e-01
-2.735331840813159943e-02,-6.449466943740844727e-01
-2.724293991923332214e-02,-6.449466943740844727e-01
9.926898777484893799e-02,-6.449466943740844727e-01
1.578553318977355957e-01,-6.449466943740844727e-01
1.648520976305007935e-01,-6.449466943740844727e-01
1.775517314672470093e-01,-6.449466943740844727e-01
1.775517314672470093e-01,-4.066967666149139404e-01
1.775517314672470093e-01,-2.984986826777458191e-02
1.606454551219940186e-01,-9.312686324119567871e-02
-2.726746909320354462e-02,8.871459960937500000e-02
-1.092478856444358826e-01,-3.736518323421478271e-01
-2.047803103923797607e-01,-3.445800244808197021e-01
-3.333342373371124268e-01,-3.516185283660888672e-01
-3.729477822780609131e-01,-6.449466943740844727e-01
-4.574117064476013184e-01,-6.449466943740844727e-01
-4.809836149215698242e-01,-6.449466943740844727e-01
-4.995271563529968262e-01,-6.449466943740844727e-01
-4.995271563529968262e-01,-6.449466943740844727e-01
-4.809836149215698242e-01,-6.449466943740844727e-01
-3.592056930065155029e-01,-6.449466943740844727e-01
-2.717492580413818359e-01,-6.449466943740844727e-01
-2.418183535337448120e-01,-6.449466943740844727e-01
-2.418183535337448120e-01,-6.449466943740844727e-01
-2.418183535337448120e-01,-6.449466943740844727e-01
-2.744228839874267578e-01,-6.449466943740844727e-01
-3.089345097541809082e-01,-6.449466943740844727e-01
-4.069565534591674805e-01,-6.449466943740844727e-01
-4.710618257522583008e-01,-8.783080577850341797e-01
-5.783679485321044922e-01,-5.861244201660156250e-01
-7.158073186874389648e-01,-6.766380071640014648e-01
-7.257965207099914551e-01,-2.593755722045898438e-01
-7.636869549751281738e-01,6.217116117477416992e-02
-7.636869549751281738e-01,-2.285080701112747192e-01
-7.636869549751281738e-01,-9.596537947654724121e-01
-4.844298660755157471e-01,-1.036612033843994141e+00
-2.066260725259780884e-01,-6.449466943740844727e-01
5.111338943243026733e-02,-6.449466943740844727e-01
3.091962635517120361e-01,-1.335475206375122070e+00
5.618153810501098633e-01,-1.142996311187744141e+00
9.260024428367614746e-01,-1.326391577720642090e+00
1.071297049522399902e+00,-6.149147748947143555e-01
1.071297049522399902e+00,-1.153600215911865234e-01
1.071297049522399902e+00,-1.709968745708465576e-01
9.953077435493469238e-01,-3.841879069805145264e-01
7.915862202644348145e-01,-1.307394742965698242e+00
5.417203903198242188e-01,-1.245859742164611816e+00
2.264861166477203369e-01,-6.449466943740844727e-01
-3.345478698611259460e-02,-6.449466943740844727e-01
-3.438017666339874268e-01,-6.449466943740844727e-01
-6.232796311378479004e-01,-6.449466943740844727e-01
-8.703123927116394043e-01,-6.449466943740844727e-01
-1.089462399482727051e+00,-6.449466943740844727e-01
-1.089462399482727051e+00,-6.449466943740844727e-01
-1.089462399482727051e+00,-6.449466943740844727e-01
-1.021824955940246582e+00,-6.449466943740844727e-01
-9.035914540290832520e-01,-6.449466943740844727e-01
-8.645972609519958496e-01,-6.449466943740844727e-01
-7.991245388984680176e-01,-6.449466943740844727e-01
-7.061123847961425781e-01,-6.449466943740844727e-01
-6.051530838012695312e-01,-6.449466943740844727e-01
-5.360684990882873535e-01,-3.583623468875885010e-01
-5.166357755661010742e-01,-2.647536695003509521e-01
-3.628726899623870850e-01,-1.878343969583511353e-01
-2.115685641765594482e-01,-7.003556936979293823e-03
1.746267080307006836e-01,-2.160166651010513306e-01
3.111523985862731934e-01,1.654809564352035522e-01
4.484016895294189453e-01,7.878069579601287842e-02
4.484016895294189453e-01,5.155766606330871582e-01
4.484016895294189453e-01,3.666551113128662109e-01
3.130840063095092773e-01,8.445271849632263184e-02
7.938863337039947510e-02,-3.302612602710723877e-01
-1.833239942789077759e-01,-8.665127754211425781e-01
-3.352903723716735840e-01,-7.503296732902526855e-01
-3.699675500392913818e-01,-3.458948433399200439e-01
-5.450459718704223633e-01,-3.236877024173736572e-01
-6.682403683662414551e-01,-2.944149374961853027e-01
-6.682403683662414551e-01,-2.929414212703704834e-01
-6.682403683662414551e-01,-6.449466943740844727e-01
-6.388981342315673828e-01,-6.449466943740844727e-01
-6.061893701553344727e-01,-6.449466943740844727e-01
-4.695165157318115234e-01,-3.288184702396392822e-01
-4.616673886775970459e-01,-2.754257619380950928e-01
-4.133094549179077148e-01,-2.290946692228317261e-01
-2.660279870033264160e-01,-2.026301622390747070e-01
-2.658808231353759766e-01,-6.449466943740844727e-01
-2.637774944305419922e-01,-6.449466943740844727e-01
-2.341470718383789062e-01,-6.449466943740844727e-01
-2.341470718383789062e-01,-6.449466943740844727e-01
-2.341470718383789062e-01,-6.449466943740844727e-01
-2.341470718383789062e-01,-6.449466943740844727e-01
-2.341470718383789062e-01,-6.449466943740844727e-01
-2.296460866928100586e-01,-6.449466943740844727e-01
-2.296460866928100586e-01,-6.449466943740844727e-01
-2.134266048669815063e-01,-6.449466943740844727e-01
-2.296460866928100586e-01,-6.449466943740844727e-01
-2.544566690921783447e-01,-6.449466943740844727e-01
-2.852031588554382324e-01,-6.449466943740844727e-01
-3.149930238723754883e-01,-6.449466943740844727e-01
-3.573414981365203857e-01,-6.449466943740844727e-01
-3.729968369007110596e-01,-6.449466943740844727e-01
-4.211892187595367432e-01,-6.449466943740844727e-01
-4.744038283824920654e-01,-6.449466943740844727e-01
-4.819770157337188721e-01,-6.449466943740844727e-01
-5.029979348182678223e-01,-6.449466943740844727e-01
-5.094612240791320801e-01,-6.449466943740844727e-01
-5.097739696502685547e-01,-6.449466943740844727e-01
-5.097739696502685547e-01,-6.449466943740844727e-01
-5.097739696502685547e-01,-6.449466943740844727e-01
-4.316935539245605469e-01,-6.449466943740844727e-01
-4.179821312427520752e-01,-6.449466943740844727e-01
-4.115679264068603516e-01,-6.449466943740844727e-01
-4.179821312427520752e-01,-6.449466943740844727e-01
-4.179821312427520752e-01,-6.449466943740844727e-01
-4.271374046802520752e-01,-6.449466943740844727e-01
-5.659933090209960938e-01,-6.449466943740844727e-01
-6.728149652481079102e-01,-6.449466943740844727e-01
-6.769725680351257324e-01,-6.449466943740844727e-01
-7.770243287086486816e-01,-6.449466943740844727e-01
-8.929277062416076660e-01,-3.303634822368621826e-01
-9.404332637786865234e-01,-3.205192983150482178e-01
-9.606018662452697754e-01,-2.492936551570892334e-01
-9.606018662452697754e-01,-2.575837671756744385e-01
-9.404332637786865234e-01,-6.449466943740844727e-01
-9.230057597160339355e-01,-6.449466943740844727e-01
-8.449376821517944336e-01,-6.449466943740844727e-01
-7.639751434326171875e-01,-6.449466943740844727e-01
-6.703069210052490234e-01,-6.449466943740844727e-01
-6.285164952278137207e-01,-6.449466943740844727e-01
-6.038776040077209473e-01,-6.449466943740844727e-01
-5.780306458473205566e-01,-6.449466943740844727e-01
-5.780306458473205566e-01,-5.004613995552062988e-01
-5.598734021186828613e-01,-3.738876879215240479e-01
-5.657112002372741699e-01,-3.519601821899414062e-01
-5.780306458473205566e-01,-3.172521889209747314e-01
-5.984874367713928223e-01,-3.557671308517456055e-01
-6.024978756904602051e-01,-6.449466943740844727e-01
-6.024978756904602051e-01,-4.482500851154327393e-01
-6.024978756904602051e-01,-3.979564607143402100e-01
-5.766447782516479492e-01,-3.884509801864624023e-01
-5.581135153770446777e-01,-3.991937339305877686e-01
-4.926775693893432617e-01,-6.449466943740844727e-01
-3.916078507900238037e-01,-6.449466943740844727e-01
-2.578293383121490479e-01,-6.449466943740844727e-01
-2.544811964035034180e-01,-9.536912441253662109e-01
-2.544811964035034180e-01,-1.421552181243896484e+00
-2.544811964035034180e-01,-1.617459297180175781e+00
-2.829710543155670166e-01,-1.255216956138610840e+00
-3.181756138801574707e-01,-3.511590063571929932e-01
-3.309549689292907715e-01,-2.700503468513488770e-01
-3.640868663787841797e-01,-2.659637033939361572e-01
-4.646169543266296387e-01,-6.449466943740844727e-01
-4.694184064865112305e-01,-6.449466943740844727e-01
-5.223019123077392578e-01,-6.449466943740844727e-01
-5.379388332366943359e-01,-6.449466943740844727e-01
-5.379388332366943359e-01,-6.449466943740844727e-01
-5.223019123077392578e-01,-6.449466943740844727e-01
-5.203089118003845215e-01,-6.449466943740844727e-01
-4.378072917461395264e-01,-6.449466943740844727e-01
-4.243901968002319336e-01,-6.449466943740844727e-01
-3.898847103118896484e-01,-6.449466943740844727e-01
-3.147845566272735596e-01,-6.449466943740844727e-01
-2.578845322132110596e-01,-6.449466943740844727e-01
-2.253290712833404541e-01,-3.278492689132690430e-01
-1.649092137813568115e-01,-2.968840301036834717e-01
-1.649092137813568115e-01,-2.098189443349838257e-01
-1.485609561204910278e-01,-2.364001125097274780e-01
-1.485609561204910278e-01,-6.449466943740844727e-01
-1.715257763862609863e-01,-6.449466943740844727e-01
-2.459636777639389038e-01,-6.449466943740844727e-01
-2.701487839221954346e-01,-6.449466943740844727e-01
-2.717553973197937012e-01,-6.449466943740844727e-01
-3.026551902294158936e-01,-6.449466943740844727e-01
-3.681892454624176025e-01,-6.449466943740844727e-01
-4.109731018543243408e-01,-6.449466943740844727e-01
-4.189693927764892578e-01,-6.449466943740844727e-01
-4.484833180904388428e-01,-6.449466943740844727e-01
-4.460856616497039795e-01,-6.449466943740844727e-01
-4.460856616497039795e-01,-6.449466943740844727e-01
-4.460856616497039795e-01,-6.449466943740844727e-01
-4.042400121688842773e-01,-6.449466943740844727e-01
-3.834153115749359131e-01,-6.449466943740844727e-01
-3.736345767974853516e-01,-6.449466943740844727e-01
-3.531839251518249512e-01,-6.449466943740844727e-01
-3.531839251518249512e-01,-6.449466943740844727e-01
-3.658345043659210205e-01,-6.449466943740844727e-01
-3.658345043659210205e-01,-6.449466943740844727e-01
-5.110923647880554199e-01,-6.449466943740844727e-01
-6.076917648315429688e-01,-6.449466943740844727e-01
-6.199866533279418945e-01,-6.449466943740844727e-01
-7.801885008811950684e-01,-6.449466943740844727e-01
-9.891591668128967285e-01,-6.449466943740844727e-01
-1.091197729110717773e+00,-6.449466943740844727e-01
-1.249314665794372559e+00,-6.449466943740844727e-01
-1.471702456474304199e+00,-6.449466943740844727e-01
-1.689417481422424316e+00,-6.449466943740844727e-01
-1.924296379089355469e+00,-4.252612590789794922e-01
-2.220202207565307617e+00,-4.001835584640502930e-01
-2.379557847976684570e+00,-4.388588666915893555e-01
-2.539011478424072266e+00,-3.209739625453948975e-01
-2.607617855072021484e+00,-3.798269033432006836e-01
-2.739532232284545898e+00,-6.449466943740844727e-01
-2.768230438232421875e+00,-6.449466943740844727e-01
-2.829895257949829102e+00,-6.449466943740844727e-01
-2.951997995376586914e+00,-6.449466943740844727e-01
-3.021285057067871094e+00,-6.449466943740844727e-01
-3.022818088531494141e+00,-6.449466943740844727e-01
-3.028619050979614258e+00,-6.449466943740844727e-01
-3.042686223983764648e+00,-6.449466943740844727e-01
-3.150286674499511719e+00,-6.449466943740844727e-01
-3.221498966217041016e+00,-6.449466943740844727e-01
-3.255581378936767578e+00,-6.449466943740844727e-01
-3.257243156433105469e+00,-6.449466943740844727e-01
-3.302847862243652344e+00,-6.449466943740844727e-01
-3.303381204605102539e+00,-6.449466943740844727e-01
-3.304620027542114258e+00,-6.449466943740844727e-01
-3.304620027542114258e+00,-6.449466943740844727e-01
-3.302847862243652344e+00,-6.449466943740844727e-01
-3.282305240631103516e+00,-6.449466943740844727e-01
-3.248928070068359375e+00,-6.449466943740844727e-01
-3.079282760620117188e+00,-6.449466943740844727e-01
-3.079282760620117188e+00,-6.449466943740844727e-01
-3.024903059005737305e+00,-6.449466943740844727e-01
-3.013196706771850586e+00,-6.449466943740844727e-01
-3.013196706771850586e+00,-6.449466943740844727e-01
-3.000294685363769531e+00,-6.449466943740844727e-01
-2.925482749938964844e+00,-6.449466943740844727e-01
-2.891057014465332031e+00,-6.449466943740844727e-01
-2.823303222656250000e+00,-6.449466943740844727e-01
-2.808187484741210938e+00,-6.449466943740844727e-01
-2.783039569854736328e+00,-6.449466943740844727e-01
-2.783039569854736328e+00,-6.449466943740844727e-01
-2.736564159393310547e+00,-6.449466943740844727e-01
-2.725170612335205078e+00,-6.449466943740844727e-01
-2.725170612335205078e+00,-6.449466943740844727e-01
-2.730389118194580078e+00,-6.449466943740844727e-01
-2.730389118194580078e+00,-6.449466943740844727e-01
-2.730389118194580078e+00,-6.449466943740844727e-01
-2.730389118194580078e+00,-6.449466943740844727e-01
-2.730389118194580078e+00,-6.449466943740844727e-01
-2.703493595123291016e+00,-6.449466943740844727e-01
-2.694227933883666992e+00,-6.449466943740844727e-01
-2.703493595123291016e+00,-6.449466943740844727e-01
-2.734399557113647461e+00,-6.449466943740844727e-01
-2.734399557113647461e+00,-6.449466943740844727e-01
-2.840043783187866211e+00,-6.449466943740844727e-01
-2.906516075134277344e+00,-6.449466943740844727e-01
-2.906516075134277344e+00,-6.449466943740844727e-01
-2.924145936965942383e+00,-6.449466943740844727e-01
-2.924145936965942383e+00,-6.449466943740844727e-01
-2.889358520507812500e+00,-6.449466943740844727e-01
-2.879565477371215820e+00,-6.449466943740844727e-01
-2.889358520507812500e+00,-6.449466943740844727e-01
-2.889358520507812500e+00,-6.449466943740844727e-01
-2.917652130126953125e+00,-6.449466943740844727e-01
-2.917652130126953125e+00,-6.449466943740844727e-01
-2.917652130126953125e+00,-6.449466943740844727e-01
-2.837768793106079102e+00,-6.449466943740844727e-01
-2.825314521789550781e+00,-6.449466943740844727e-01
-2.757683277130126953e+00,-6.449466943740844727e-01
-2.707050323486328125e+00,-6.449466943740844727e-01
-2.634212732315063477e+00,-6.449466943740844727e-01
-2.518358469009399414e+00,-6.449466943740844727e-01
-2.518358469009399414e+00,-6.449466943740844727e-01
-2.479051589965820312e+00,-6.449466943740844727e-01
-2.448329687118530273e+00,-6.449466943740844727e-01
-2.448329687118530273e+00,-6.449466943740844727e-01
-2.448329687118530273e+00,-6.449466943740844727e-01
-2.436586618423461914e+00,-6.449466943740844727e-01
-2.412235975265502930e+00,-6.449466943740844727e-01
-2.287864208221435547e+00,-6.449466943740844727e-01
-2.263973236083984375e+00,-6.449466943740844727e-01
-2.025556325912475586e+00,-6.449466943740844727e-01
-1.858161449432373047e+00,-6.449466943740844727e-01
-1.758072853088378906e+00,-6.449466943740844727e-01
-1.706029415130615234e+00,-6.449466943740844727e-01
-1.447186231613159180e+00,-6.449466943740844727e-01
-1.423228025436401367e+00,-6.449466943740844727e-01
-1.423228025436401367e+00,-6.449466943740844727e-01
-1.409884452819824219e+00,-6.449466943740844727e-01
-1.409884452819824219e+00,-6.449466943740844727e-01
-1.394259810447692871e+00,-6.449466943740844727e-01
-1.409884452819824219e+00,-6.449466943740844727e-01
-1.409884452819824219e+00,-6.449466943740844727e-01
-1.412214636802673340e+00,-6.449466943740844727e-01
-1.527884960174560547e+00,-6.449466943740844727e-01
-1.647774219512939453e+00,-6.449466943740844727e-01
-1.687308073043823242e+00,-6.449466943740844727e-01
-1.973328948020935059e+00,-6.449466943740844727e-01
-2.125129699707031250e+00,-6.449466943740844727e-01
-2.139209032058715820e+00,-6.449466943740844727e-01
-2.201468467712402344e+00,-6.449466943740844727e-01
-2.289121150970458984e+00,-6.449466943740844727e-01
-2.385033845901489258e+00,-6.449466943740844727e-01
-2.535350561141967773e+00,-6.449466943740844727e-01
-2.652560234069824219e+00,-6.449466943740844727e-01
-2.693823337554931641e+00,-6.449466943740844727e-01
-2.700881242752075195e+00,-6.449466943740844727e-01
-2.886273860931396484e+00,-6.449466943740844727e-01
-3.115259885787963867e+00,-6.449466943740844727e-01
-3.166021585464477539e+00,-6.449466943740844727e-01
-3.182467937469482422e+00,-6.449466943740844727e-01
-3.226398468017578125e+00,-6.449466943740844727e-01
-3.226398468017578125e+00,-6.449466943740844727e-01
-3.226398468017578125e+00,-6.449466943740844727e-01
-3.179083108901977539e+00,-6.449466943740844727e-01
-3.075572729110717773e+00,-6.449466943740844727e-01
-2.984872341156005859e+00,-6.449466943740844727e-01
-2.934644222259521484e+00,-6.449466943740844727e-01
-2.857501983642578125e+00,-6.449466943740844727e-01
-2.857501983642578125e+00,-6.449466943740844727e-01
-2.857501983642578125e+00,-6.449466943740844727e-01
-2.857501983642578125e+00,-6.449466943740844727e-01
-2.857501983642578125e+00,-6.449466943740844727e-01
-2.767059326171875000e+00,-6.449466943740844727e-01
-2.718431472778320312e+00,-6.449466943740844727e-01
-2.703315734863281250e+00,-6.449466943740844727e-01
-2.564318895339965820e+00,-3.367315828800201416e-01
-2.561589956283569336e+00,-3.502138257026672363e-01
-2.561589956283569336e+00,-3.230904638767242432e-01
-2.561222076416015625e+00,-3.439629673957824707e-01
-2.561222076416015625e+00,-6.449466943740844727e-01
-2.589362382888793945e+00,-6.449466943740844727e-01
-2.600590467453002930e+00,-6.449466943740844727e-01
-2.699054002761840820e+00,-6.449466943740844727e-01
-2.709846496582031250e+00,-6.449466943740844727e-01
-2.776655912399291992e+00,-6.449466943740844727e-01
-2.830312252044677734e+00,-6.449466943740844727e-01
-2.880626201629638672e+00,-6.449466943740844727e-01
-2.908864736557006836e+00,-6.449466943740844727e-01
-2.958025932312011719e+00,-6.449466943740844727e-01
-3.022247791290283203e+00,-6.449466943740844727e-01
-3.156099796295166016e+00,-6.449466943740844727e-01
-3.184773683547973633e+00,-6.449466943740844727e-01
-3.184773683547973633e+00,-6.449466943740844727e-01
-3.184773683547973633e+00,-6.449466943740844727e-01
-3.071611404418945312e+00,-6.449466943740844727e-01
-3.059794664382934570e+00,-6.449466943740844727e-01
-3.035738468170166016e+00,-6.449466943740844727e-01
-3.035738468170166016e+00,-6.449466943740844727e-01
-3.026693582534790039e+00,-6.449466943740844727e-01
-3.010014057159423828e+00,-6.449466943740844727e-01
-3.010014057159423828e+00,-6.449466943740844727e-01
-2.969707727432250977e+00,-6.449466943740844727e-01
-2.835493803024291992e+00,-6.449466943740844727e-01
-2.714040756225585938e+00,-6.449466943740844727e-01
-2.703806400299072266e+00,-6.449466943740844727e-01
-2.592974185943603516e+00,-6.449466943740844727e-01
-2.443331956863403320e+00,-6.449466943740844727e-01
-2.388768196105957031e+00,-6.449466943740844727e-01
-2.358585834503173828e+00,-6.449466943740844727e-01
-2.225494146347045898e+00,-6.449466943740844727e-01
-2.143936872482299805e+00,-6.449466943740844727e-01
-1.962407588958740234e+00,-6.449466943740844727e-01
-1.839532017707824707e+00,-6.449466943740844727e-01
-1.838281035423278809e+00,-4.064701497554779053e-01
-1.542890310287475586e+00,-4.043955504894256592e-01
-1.321722865104675293e+00,-2.736545503139495850e-01
-1.145694017410278320e+00,-3.476393222808837891e-01
-1.116915941238403320e+00,-6.449466943740844727e-01
-9.956224560737609863e-01,-6.449466943740844727e-01
-8.703675866127014160e-01,-6.449466943740844727e-01
-8.081387281417846680e-01,-6.449466943740844727e-01
-7.723823189735412598e-01,-6.449466943740844727e-01
-7.193700671195983887e-01,-3.758558928966522217e-01
-7.138450145721435547e-01,-3.687929511070251465e-01
-6.803820133209228516e-01,-3.616935312747955322e-01
-6.767088770866394043e-01,-3.532280027866363525e-01
-6.767088770866394043e-01,-6.449466943740844727e-01
-6.767088770866394043e-01,-6.449466943740844727e-01
-7.031260728836059570e-01,-4.145885407924652100e-01
-7.141823172569274902e-01,-3.853529095649719238e-01
-7.173526287078857422e-01,-3.275631368160247803e-01
-7.987198233604431152e-01,-2.984114885330200195e-01
-8.325507640838623047e-01,-4.475937187671661377e-01
-8.346172571182250977e-01,-6.027384400367736816e-01
-8.325507640838623047e-01,-4.170078337192535400e-01
-8.268172144889831543e-01,-6.173456907272338867e-01
-8.268172144889831543e-01,-6.099110245704650879e-01
-8.210407495498657227e-01,-3.394125998020172119e-01
-8.210407495498657227e-01,-3.110681772232055664e-01
-8.210407495498657227e-01,-2.952426075935363770e-01
-8.177171349525451660e-01,-6.449466943740844727e-01
-8.106713294982910156e-01,-6.449466943740844727e-01
-7.954514026641845703e-01,-6.449466943740844727e-01
-6.687923073768615723e-01,-6.449466943740844727e-01
-6.626172065734863281e-01,-6.449466943740844727e-01
-5.248405933380126953e-01,-6.449466943740844727e-01
-4.820015430450439453e-01,-6.449466943740844727e-01
-4.512673020362854004e-01,-6.449466943740844727e-01
-4.373657703399658203e-01,-6.449466943740844727e-01
-4.373657703399658203e-01,-6.449466943740844727e-01
-4.200302660465240479e-01,-6.449466943740844727e-01
-4.132174551486968994e-01,-6.449466943740844727e-01
-4.095259308815002441e-01,-6.449466943740844727e-01
-4.095259308815002441e-01,-6.449466943740844727e-01
-4.049697518348693848e-01,-6.449466943740844727e-01
-3.990154564380645752e-01,-6.449466943740844727e-01
-3.771298825740814209e-01,-6.449466943740844727e-01
-3.731685280799865723e-01,-6.449466943740844727e-01
-3.758482635021209717e-01,-6.449466943740844727e-01
-3.731685280799865723e-01,-6.449466943740844727e-01
-3.577155768871307373e-01,-6.449466943740844727e-01
-3.451140522956848145e-01,-6.449466943740844727e-01
-3.451140522956848145e-01,-5.287382006645202637e-01
-3.242096304893493652e-01,-4.032009243965148926e-01
-3.220388591289520264e-01,-6.787452697753906250e-01
-3.242096304893493652e-01,-4.623430967330932617e-01
-3.465428352355957031e-01,-1.865560710430145264e-01
-3.892714977264404297e-01,-2.482900470495223999e-01
-4.067051410675048828e-01,-2.882542014122009277e-01
-4.608947634696960449e-01,-6.449466943740844727e-01
-4.993861317634582520e-01,-6.449466943740844727e-01
-5.986591577529907227e-01,-6.449466943740844727e-01
-6.213725209236145020e-01,-3.282500505447387695e-01
-6.501444578170776367e-01,-2.567626237869262695e-01
-6.556388735771179199e-01,-2.230649441480636597e-01
-7.068421244621276855e-01,-2.805237174034118652e-01
-7.068421244621276855e-01,-6.449466943740844727e-01
-6.571903228759765625e-01,-6.449466943740844727e-01
-6.556388735771179199e-01,-6.449466943740844727e-01
-6.124932169914245605e-01,-6.449466943740844727e-01
-5.696112513542175293e-01,-6.449466943740844727e-01
-5.071678161621093750e-01,-6.449466943740844727e-01
-3.020603656768798828e-01,-6.449466943740844727e-01
-2.426584511995315552e-01,-6.449466943740844727e-01
-2.380470931529998779e-01,-6.449466943740844727e-01
-2.289224863052368164e-01,-6.449466943740844727e-01
-2.380470931529998779e-01,-6.449466943740844727e-01
-2.397273033857345581e-01,-6.449466943740844727e-01
-2.397273033857345581e-01,-6.449466943740844727e-01
-3.527546823024749756e-01,-6.449466943740844727e-01
-4.763293266296386719e-01,-6.449466943740844727e-01
-6.290438175201416016e-01,-6.449466943740844727e-01
-6.489303112030029297e-01,-6.449466943740844727e-01
-7.241470217704772949e-01,-6.449466943740844727e-01
-7.251833081245422363e-01,-6.449466943740844727e-01
-7.367178797721862793e-01,-6.449466943740844727e-01
-7.400966882705688477e-01,-6.449466943740844727e-01
-7.400966882705688477e-01,-6.449466943740844727e-01
-7.746266722679138184e-01,-6.449466943740844727e-01
-7.746266722679138184e-01,-6.449466943740844727e-01
-7.746266722679138184e-01,-6.449466943740844727e-01
-7.495278716087341309e-01,-6.449466943740844727e-01
-6.277070045471191406e-01,-6.449466943740844727e-01
-6.050794720649719238e-01,-6.449466943740844727e-01
-5.790117979049682617e-01,-6.449466943740844727e-01
-4.889676272869110107e-01,-6.449466943740844727e-01
-4.512243866920471191e-01,-6.449466943740844727e-01
-4.318039417266845703e-01,-6.449466943740844727e-01
-3.921842575073242188e-01,-6.449466943740844727e-01
-3.432069718837738037e-01,-6.449466943740844727e-01
-2.985160052776336670e-01,-6.449466943740844727e-01
-2.944504022598266602e-01,-6.449466943740844727e-01
-2.944504022598266602e-01,-6.449466943740844727e-01
-2.985160052776336670e-01,-6.449466943740844727e-01
-3.528405427932739258e-01,-3.252665102481842041e-01
-3.535702526569366455e-01,-3.722232282161712646e-01
-4.368077516555786133e-01,-3.358260691165924072e-01
-4.993064105510711670e-01,-3.645560741424560547e-01
-5.335543155670166016e-01,-6.449466943740844727e-01
-5.465421676635742188e-01,-6.449466943740844727e-01
-5.465421676635742188e-01,-6.449466943740844727e-01
-5.408760905265808105e-01,-6.449466943740844727e-01
-5.408760905265808105e-01,-6.449466943740844727e-01
-4.887407422065734863e-01,-6.449466943740844727e-01
-4.641570448875427246e-01,-6.449466943740844727e-01
-4.583253860473632812e-01,-6.449466943740844727e-01
-4.185646772384643555e-01,-6.449466943740844727e-01
-4.185646772384643555e-01,-6.449466943740844727e-01
-4.164736270904541016e-01,-6.449466943740844727e-01
-4.164736270904541016e-01,-6.449466943740844727e-01
-4.246109426021575928e-01,-6.449466943740844727e-01
-5.020719766616821289e-01,-6.449466943740844727e-01
-5.128645300865173340e-01,-6.449466943740844727e-01
-5.470879673957824707e-01,-3.900579810142517090e-01
-5.786377191543579102e-01,-3.560716807842254639e-01
-5.963596105575561523e-01,-3.265327513217926025e-01
-6.427798271179199219e-01,-3.444220721721649170e-01
-6.523029804229736328e-01,-6.449466943740844727e-01
-6.886481046676635742e-01,-6.449466943740844727e-01
-6.954731941223144531e-01,-6.449466943740844727e-01
-6.523029804229736328e-01,-6.449466943740844727e-01
-6.523029804229736328e-01,-6.449466943740844727e-01
-5.574451088905334473e-01,-6.449466943740844727e-01
-4.964365661144256592e-01,-6.449466943740844727e-01
-4.310926198959350586e-01,-1.301559358835220337e-01
-3.316417634487152100e-01,-1.681938618421554565e-01
-2.525127828121185303e-01,-1.646846234798431396e-01
-2.525127828121185303e-01,-1.859664469957351685e-01
-2.525127828121185303e-01,-6.449466943740844727e-01
-2.930584251880645752e-01,-6.449466943740844727e-01
-3.554282784461975098e-01,-6.449466943740844727e-01
-4.113103747367858887e-01,-6.449466943740844727e-01
-4.265241920948028564e-01,-6.449466943740844727e-01
-4.965898692607879639e-01,-6.449466943740844727e-01
-5.882345438003540039e-01,-1.000159263610839844e+00
-5.882345438003540039e-01,-6.919420957565307617e-01
-5.882345438003540039e-01,-4.113687574863433838e-01
-5.009068846702575684e-01,3.178872400894761086e-03
-3.605547547340393066e-01,-2.282460629940032959e-01
-2.267639786005020142e-01,-2.362682670354843140e-01
6.262952834367752075e-02,1.128133088350296021e-01
2.505608499050140381e-01,2.873308584094047546e-02
4.364869594573974609e-01,1.450511962175369263e-01
5.959590673446655273e-01,2.484982460737228394e-01
7.657515406608581543e-01,3.087560236454010010e-01
8.163599967956542969e-01,-3.704752624034881592e-01
8.163599967956542969e-01,-5.229226350784301758e-01
8.195548653602600098e-01,-3.624104559421539307e-01
8.326285481452941895e-01,-4.875613749027252197e-01
8.326285481452941895e-01,-6.449466943740844727e-01
8.378040790557861328e-01,-6.449466943740844727e-01
8.782024979591369629e-01,-6.449466943740844727e-01
8.831633925437927246e-01,-6.449466943740844727e-01
9.050551056861877441e-01,-1.375454813241958618e-01
9.246901869773864746e-01,-1.234500855207443237e-01
9.258062243461608887e-01,-1.438114196062088013e-01
1.002378106117248535e+00,-3.432029113173484802e-02
1.013679623603820801e+00,-3.747843801975250244e-01
1.122537136077880859e+00,-3.263283669948577881e-01
1.155019044876098633e+00,8.438464999198913574e-02
1.158422350883483887e+00,-3.969825431704521179e-02
1.201696753501892090e+00,1.750869303941726685e-01
1.201696753501892090e+00,8.411990404129028320e-01
1.201696753501892090e+00,4.501903951168060303e-01
1.196226954460144043e+00,2.725309133529663086e-01
1.122954130172729492e+00,2.013559788465499878e-01
1.108028531074523926e+00,-1.376067548990249634e-01
9.560928344726562500e-01,-1.276276260614395142e-01
8.919937014579772949e-01,-4.572037607431411743e-02
6.342664957046508789e-01,5.325517654418945312e-01
3.992097675800323486e-01,5.161005258560180664e-01
3.182104825973510742e-01,1.069301217794418335e-01
7.210979610681533813e-02,6.612664461135864258e-02
-1.289442777633666992e-01,-2.906785011291503906e-01
-2.846328616142272949e-01,-6.449466943740844727e-01
-4.729689061641693115e-01,-3.565514981746673584e-01
-5.808330178260803223e-01,-3.436646759510040283e-01
-5.871184468269348145e-01,-2.208439111709594727e-01
-5.871184468269348145e-01,-2.061836719512939453e-01
-5.808330178260803223e-01,-3.419573009014129639e-01
-4.919723868370056152e-01,-3.780230507254600525e-02
-4.618758857250213623e-01,-3.169649243354797363e-01
-3.899399042129516602e-01,-2.150898575782775879e-01
-3.714208900928497314e-01,-1.924744248390197754e-01
-3.211558163166046143e-01,-6.449466943740844727e-01
-3.207327127456665039e-01,-6.449466943740844727e-01
-2.939721047878265381e-01,-6.449466943740844727e-01
-2.592765390872955322e-01,-6.449466943740844727e-01
-2.513170242309570312e-01,-6.449466943740844727e-01
-2.513170242309570312e-01,-6.449466943740844727e-01
-2.513170242309570312e-01,-6.449466943740844727e-01
-2.513170242309570312e-01,-6.449466943740844727e-01
-2.541684508323669434e-01,-6.449466943740844727e-01
-2.740610837936401367e-01,-6.449466943740844727e-01
-2.808800041675567627e-01,-6.449466943740844727e-01
-3.076958060264587402e-01,-6.449466943740844727e-01
-3.296488225460052490e-01,-6.449466943740844727e-01
-3.081005215644836426e-01,-6.449466943740844727e-01
-3.296488225460052490e-01,-6.449466943740844727e-01
-3.304214775562286377e-01,-6.449466943740844727e-01
-3.304214775562286377e-01,-3.388446271419525146e-01
-3.580650985240936279e-01,-2.772538959980010986e-01
-3.794662356376647949e-01,-2.557974755764007568e-01
-3.814898431301116943e-01,-2.435894757509231567e-01
-3.950234353542327881e-01,-6.449466943740844727e-01
-4.358204901218414307e-01,-6.449466943740844727e-01
-4.377337098121643066e-01,-6.449466943740844727e-01
-4.377337098121643066e-01,-6.449466943740844727e-01
-4.377337098121643066e-01,-6.449466943740844727e-01
-4.395304322242736816e-01,-6.449466943740844727e-01
-4.395304322242736816e-01,-3.501050770282745361e-01
-4.288482666015625000e-01,-3.621140420436859131e-01
-4.288482666015625000e-01,-3.076799213886260986e-01
-4.424554407596588135e-01,-3.616192042827606201e-01
-4.424554407596588135e-01,-6.449466943740844727e-01
-4.964120388031005859e-01,-6.449466943740844727e-01
-5.370067358016967773e-01,-6.449466943740844727e-01
-5.642762780189514160e-01,-6.449466943740844727e-01
-5.642762780189514160e-01,-6.449466943740844727e-01
-5.642762780189514160e-01,-6.449466943740844727e-01
-5.685565471649169922e-01,-6.449466943740844727e-01
-5.761113166809082031e-01,-6.449466943740844727e-01
-5.899208784103393555e-01,-6.449466943740844727e-01
-5.979048609733581543e-01,-6.449466943740844727e-01
-5.979048609733581543e-01,-6.449466943740844727e-01
-5.973898172378540039e-01,-6.449466943740844727e-01
-5.973898172378540039e-01,-6.449466943740844727e-01
-5.905647277832031250e-01,-6.449466943740844727e-01
-5.905647277832031250e-01,-6.449466943740844727e-01
-5.973898172378540039e-01,-6.449466943740844727e-01
-6.199805736541748047e-01,-6.449466943740844727e-01
-6.331646442413330078e-01,-6.449466943740844727e-01
-6.331646442413330078e-01,-3.414864540100097656e-01
-6.628808975219726562e-01,-3.453616201877593994e-01
-6.877405643463134766e-01,-3.033393621444702148e-01
-6.877405643463134766e-01,-3.002007901668548584e-01
-6.877405643463134766e-01,-6.449466943740844727e-01
-6.978769898414611816e-01,-3.932765424251556396e-01
-7.431811094284057617e-01,-3.878334462642669678e-01
-7.431811094284057617e-01,-3.421291410923004150e-01
-7.431811094284057617e-01,-3.633039295673370361e-01
-6.699941754341125488e-01,-6.449466943740844727e-01
-6.587907671928405762e-01,-6.449466943740844727e-01
-6.531246900558471680e-01,-6.449466943740844727e-01
-5.973407030105590820e-01,-6.449466943740844727e-01
-5.645522475242614746e-01,-6.449466943740844727e-01
-5.559427142143249512e-01,-6.449466943740844727e-01
-5.257726907730102539e-01,-6.449466943740844727e-01
-5.012871026992797852e-01,-4.742906093597412109e-01
-4.885629117488861084e-01,-5.740376710891723633e-01
-4.885629117488861084e-01,-5.120227336883544922e-01
-4.885629117488861084e-01,-6.254374384880065918e-01
-4.885629117488861084e-01,-6.449466943740844727e-01
-4.901818037033081055e-01,-6.449466943740844727e-01
-4.901818037033081055e-01,-6.449466943740844727e-01
-4.901818037033081055e-01,-6.449466943740844727e-01
-4.792175590991973877e-01,-6.449466943740844727e-01
-4.765010178089141846e-01,-6.449466943740844727e-01
-4.428295195102691650e-01,-3.657655417919158936e-01
-4.409224092960357666e-01,-3.353550434112548828e-01
-4.177920222282409668e-01,-2.389444410800933838e-01
-4.177920222282409668e-01,-1.945171207189559937e-01
-4.002725481986999512e-01,-6.449466943740844727e-01
-4.002725481986999512e-01,-6.449466943740844727e-01
-3.998678326606750488e-01,-6.449466943740844727e-01
-3.666378259658813477e-01,-6.449466943740844727e-01
-3.617873191833496094e-01,-6.449466943740844727e-01
-3.399691879749298096e-01,-6.449466943740844727e-01
-3.336653709411621094e-01,-3.656684756278991699e-01
-2.773172557353973389e-01,-3.490208089351654053e-01
-2.600736916065216064e-01,-3.242888748645782471e-01
-2.578845322132110596e-01,-3.314578533172607422e-01
-1.941165328025817871e-01,-6.449466943740844727e-01
-1.462614089250564575e-01,-6.449466943740844727e-01
-1.462614089250564575e-01,-6.449466943740844727e-01
-1.462614089250564575e-01,-6.449466943740844727e-01
-1.730588078498840332e-01,-6.449466943740844727e-01
-2.111699879169464111e-01,-2.853594422340393066e-01
-2.915560305118560791e-01,-3.596148788928985596e-01
-3.762468695640563965e-01,-3.848522007465362549e-01
-5.041568875312805176e-01,-3.381373882293701172e-01
-6.005355715751647949e-01,-6.449466943740844727e-01
-7.179903388023376465e-01,-3.873892724514007568e-01
-7.761045098304748535e-01,-3.042319118976593018e-01
-8.853177428245544434e-01,-2.087649703025817871e-01
-8.853177428245544434e-01,-3.097192943096160889e-01
-8.853177428245544434e-01,-3.550308048725128174e-01
-8.281417489051818848e-01,-6.449466943740844727e-01
-7.431627511978149414e-01,-3.906393945217132568e-01
-5.448251962661743164e-01,-3.566600680351257324e-01
-4.462205767631530762e-01,-1.484085172414779663e-01
-4.360902905464172363e-01,3.474789559841156006e-01
-3.785464167594909668e-01,1.382143795490264893e-01
-3.692930340766906738e-01,2.593536972999572754e-01
-3.062547445297241211e-01,7.078974246978759766e-01
-3.027471899986267090e-01,3.167856633663177490e-01
-3.027471899986267090e-01,-2.803899161517620087e-02
-3.062547445297241211e-01,-1.552485078573226929e-01
-3.330950736999511719e-01,-4.219594001770019531e-01
-4.954063594341278076e-01,-7.278088331222534180e-01
-4.954063594341278076e-01,-1.176693677902221680e+00
-4.954063594341278076e-01,-1.082466840744018555e+00
-1.908787637948989868e-01,-1.075191020965576172e+00
1.476085484027862549e-01,-3.320935070514678955e-01
4.921421408653259277e-01,-3.809435665607452393e-01
8.521961569786071777e-01,-2.635688781738281250e-01
1.190395236015319824e+00,5.219823122024536133e-02
1.449814915657043457e+00,4.202396273612976074e-01
1.493825197219848633e+00,-2.231668382883071899e-01
1.591166615486145020e+00,-2.182562500238418579e-01
1.591166615486145020e+00,-2.470566332340240479e-01
1.591166615486145020e+00,-1.562243252992630005e-01
1.538221836090087891e+00,-3.067367672920227051e-01
1.393356442451477051e+00,-7.829324007034301758e-01
1.154136061668395996e+00,-3.293296992778778076e-01
8.627127408981323242e-01,-1.594825834035873413e-01
5.222263932228088379e-01,-3.187249600887298584e-01
2.574411034584045410e-01,-1.529427766799926758e-01
3.001886978745460510e-02,-1.733140051364898682e-01
-1.967349499464035034e-01,-6.449466943740844727e-01
-3.894309401512145996e-01,-1.073175907135009766e+00
-5.524474382400512695e-01,-8.353823423385620117e-01
-6.616421937942504883e-01,-7.878649234771728516e-01
-6.616421937942504883e-01,-9.152643382549285889e-02
-6.616421937942504883e-01,-5.666230246424674988e-02
-3.277969062328338623e-01,-4.668171703815460205e-01
-9.680526331067085266e-03,-4.591450393199920654e-01
3.325105905532836914e-01,-5.492902398109436035e-01
6.743338108062744141e-01,-3.645104467868804932e-01
7.811186909675598145e-01,-3.568415343761444092e-01
8.386502861976623535e-01,-1.553673148155212402e-01
8.485352993011474609e-01,-2.531957924365997314e-01
1.006370186805725098e+00,-4.128545224666595459e-01
1.092980265617370605e+00,-1.444780230522155762e-01
1.193492054939270020e+00,-3.365480601787567139e-01
1.193492054939270020e+00,-1.353323936462402344e+00
1.193492054939270020e+00,-6.909953355789184570e-01
8.761544227600097656e-01,-2.451691329479217529e-01
5.304802060127258301e-01,-2.365301996469497681e-01
2.218808829784393311e-01,-2.598291337490081787e-01
-1.979307234287261963e-01,-3.122643530368804932e-01
-2.719700336456298828e-01,-6.449466943740844727e-01
-2.842772006988525391e-01,-4.244115650653839111e-01
-3.219652771949768066e-01,-5.978153944015502930e-01
-4.091702699661254883e-01,-5.493551492691040039e-01
-5.998058319091796875e-01,-8.213286995887756348e-01
-7.837328910827636719e-01,-7.932326793670654297e-01
-1.024780750274658203e+00,-3.102373778820037842e-01
-1.205923795700073242e+00,-3.269597589969635010e-01
-1.305546283721923828e+00,-2.649976611137390137e-01
-1.482470512390136719e+00,-2.510621249675750732e-01
-1.759268522262573242e+00,-6.449466943740844727e-01
-1.984133720397949219e+00,-8.234599828720092773e-01
-2.288943290710449219e+00,-7.299310564994812012e-01
-2.743315696716308594e+00,-5.705156326293945312e-01
-2.743315696716308594e+00,-6.180337667465209961e-01
-2.743315696716308594e+00,-6.077079772949218750e-01
-2.574964284896850586e+00,-6.449466943740844727e-01
-2.438555002212524414e+00,-6.449466943740844727e-01
-2.438555002212524414e+00,-6.449466943740844727e-01
-2.438555002212524414e+00,-6.449466943740844727e-01
-2.406189680099487305e+00,-6.449466943740844727e-01
-2.459999084472656250e+00,-6.449466943740844727e-01
-2.479211091995239258e+00,-6.449466943740844727e-01
-2.491015434265136719e+00,-6.449466943740844727e-01
-2.602521896362304688e+00,-6.449466943740844727e-01
-2.759645462036132812e+00,-2.730235159397125244e-01
-2.759645462036132812e+00,-3.429162204265594482e-01
-2.759645462036132812e+00,-2.568591237068176270e-01
-2.393391847610473633e+00,-2.858281135559082031e-01
-1.811360955238342285e+00,-6.722352504730224609e-01
-1.186748623847961426e+00,-4.267340004444122314e-01
-8.505547046661376953e-01,-5.727418661117553711e-01
-3.838568329811096191e-01,-5.749578028917312622e-02
-2.656232714653015137e-01,-1.601399481296539307e-01
-1.525463070720434189e-02,-5.996636748313903809e-01
3.544580191373825073e-02,-6.248250603675842285e-01
1.433099359273910522e-01,-7.391743659973144531e-01
1.433099359273910522e-01,-1.275609970092773438e+00
1.433099359273910522e-01,-1.597950696945190430e+00
1.379136592149734497e-01,-1.627784371376037598e+00
-2.186879664659500122e-01,-9.977621436119079590e-01
-4.760963022708892822e-01,-1.356148958206176758e+00
-6.553016304969787598e-01,-9.125797152519226074e-01
-6.553016304969787598e-01,-6.449466943740844727e-01
-6.553016304969787598e-01,-3.339063525199890137e-01
-6.076672077178955078e-01,-1.449795514345169067e-01
-3.858681619167327881e-01,-5.442077293992042542e-03
-2.046208679676055908e-01,2.785591641440987587e-03
-6.970179080963134766e-02,-3.656045794486999512e-01
-6.970179080963134766e-02,-6.449466943740844727e-01
-6.970179080963134766e-02,-6.449466943740844727e-01
-9.413832426071166992e-02,-6.449466943740844727e-01
-2.073006033897399902e-01,-6.449466943740844727e-01
-3.424220383167266846e-01,-6.449466943740844727e-01
-3.424220383167266846e-01,-1.361709833145141602e+00
-3.424220383167266846e-01,-1.577677249908447266e+00
-2.643048763275146484e-01,-1.324296593666076660e+00
-2.419900596141815186e-01,-1.239008545875549316e+00
-1.435571461915969849e-01,-7.026108503341674805e-01
-1.248050928115844727e-01,-4.048781692981719971e-01
-9.566522389650344849e-02,-1.240852832794189453e+00
2.572024799883365631e-02,-8.982870578765869141e-01
6.374557316303253174e-02,-8.921900987625122070e-01
6.374557316303253174e-02,-9.822018146514892578e-01
6.374557316303253174e-02,-8.042200803756713867e-01
5.004639923572540283e-02,-7.670495510101318359e-01
5.004639923572540283e-02,-6.728881597518920898e-01
5.004639923572540283e-02,-5.463994741439819336e-01
2.660260796546936035e-01,-3.528862297534942627e-01
6.305688023567199707e-01,-5.558565855026245117e-01
8.499088883399963379e-01,-6.077422499656677246e-01
9.849506020545959473e-01,-1.258268594741821289e+00
9.849506020545959473e-01,-1.229787588119506836e+00
9.849506020545959473e-01,-1.193070173263549805e+00
8.150967955589294434e-01,-1.048530578613281250e+00
7.491089701652526855e-01,-1.152522802352905273e+00
7.450863122940063477e-01,-7.739410996437072754e-01
7.450863122940063477e-01,-5.264476686716079712e-02
5.295788049697875977e-01,-1.840817034244537354e-01
4.484446048736572266e-01,-1.661521792411804199e-01
4.484446048736572266e-01,-3.058285415172576904e-01
4.484446048736572266e-01,-2.763600647449493408e-01
7.051171064376831055e-01,-2.207602411508560181e-01
7.051171064376831055e-01,-2.214255183935165405e-01
7.465580105781555176e-01,1.124842986464500427e-01
7.051171064376831055e-01,6.474498659372329712e-02
6.833786964416503906e-01,-2.299103736877441406e-01
6.730521917343139648e-01,-1.993687897920608521e-01
6.730521917343139648e-01,-8.415915071964263916e-02
5.018125176429748535e-01,-3.096907138824462891e-01
3.729770332574844360e-02,-5.400315523147583008e-01
-2.049826681613922119e-01,-2.684174478054046631e-01
-5.355350375175476074e-01,-1.752534806728363037e-01
-7.951570153236389160e-01,-2.810265123844146729e-01
-7.951570153236389160e-01,-9.369471073150634766e-01
-7.951570153236389160e-01,-1.002930998802185059e+00
-7.282493710517883301e-01,-2.439800351858139038e-01
-7.248092889785766602e-01,-2.770937383174896240e-01
-6.718031764030456543e-01,-3.954569809138774872e-03
-6.555284857749938965e-01,-3.550184071063995361e-01
-6.506166458129882812e-01,-2.987341284751892090e-01
-6.255546212196350098e-01,-2.978013455867767334e-01
-5.215844511985778809e-01,-6.449466943740844727e-01
-4.439946115016937256e-01,-6.449466943740844727e-01
-4.205698966979980469e-01,-6.449466943740844727e-01
-3.406559824943542480e-01,-6.449466943740844727e-01
-2.874720394611358643e-01,-6.449466943740844727e-01
-2.384334206581115723e-01,-4.354684948921203613e-01
-1.378481239080429077e-01,-3.435535132884979248e-01
-1.277055889368057251e-01,-3.453471064567565918e-01
-8.356039971113204956e-02,-3.193349838256835938e-01
1.374420244246721268e-02,-3.833330869674682617e-01
4.856855422258377075e-02,-6.449466943740844727e-01
1.094973757863044739e-01,-3.320894837379455566e-01
1.218474805355072021e-01,-3.008860945701599121e-01
1.218474805355072021e-01,2.463435987010598183e-03
1.094973757863044739e-01,4.992983490228652954e-02
6.439557671546936035e-02,-1.898609250783920288e-01
-1.014656759798526764e-02,-2.924899458885192871e-01
-6.650082021951675415e-02,-6.449466943740844727e-01
-1.312806159257888794e-01,-6.449466943740844727e-01
-2.269602119922637939e-01,-6.449466943740844727e-01
-2.793224453926086426e-01,-6.449466943740844727e-01
-4.680264294147491455e-01,-6.449466943740844727e-01
-5.173593759536743164e-01,-6.449466943740844727e-01
-5.458737611770629883e-01,-6.449466943740844727e-01
-5.458737611770629883e-01,-6.449466943740844727e-01
-5.458737611770629883e-01,-6.449466943740844727e-01
-5.458737611770629883e-01,-6.449466943740844727e-01
-5.458737611770629883e-01,-6.449466943740844727e-01
-5.860392451286315918e-01,-6.449466943740844727e-01
-5.930359959602355957e-01,-6.449466943740844727e-01
-6.338023543357849121e-01,-6.449466943740844727e-01
-6.575459837913513184e-01,-6.449466943740844727e-01
-7.150653004646301270e-01,-3.543182909488677979e-01
-7.194620370864868164e-01,-3.348257243633270264e-01
-7.194620370864868164e-01,-2.779806554317474365e-01
-7.150653004646301270e-01,-3.138460218906402588e-01
-6.399712562561035156e-01,-6.449466943740844727e-01
-5.832797884941101074e-01,-6.449466943740844727e-01
-4.522300660610198975e-01,-6.449466943740844727e-01
-3.816553950309753418e-01,-6.449466943740844727e-01
-3.165506124496459961e-01,-6.449466943740844727e-01
-2.401320189237594604e-01,-6.449466943740844727e-01
-2.033208608627319336e-01,-6.449466943740844727e-01
-1.534114629030227661e-01,-6.449466943740844727e-01
-1.352113187313079834e-01,-6.449466943740844727e-01
-1.249032095074653625e-01,-6.449466943740844727e-01
-1.003808304667472839e-01,-6.449466943740844727e-01
-9.733316302299499512e-02,-6.449466943740844727e-01
-9.733316302299499512e-02,-6.449466943740844727e-01
-9.733316302299499512e-02,-6.449466943740844727e-01
-9.396662563085556030e-02,-6.449466943740844727e-01
-9.396662563085556030e-02,-6.449466943740844727e-01
-1.234989538788795471e-01,-6.449466943740844727e-01
-1.324334591627120972e-01,-6.449466943740844727e-01
-1.871381700038909912e-01,-6.449466943740844727e-01
-2.767285704612731934e-01,-6.449466943740844727e-01
-3.106760084629058838e-01,-3.536718189716339111e-01
-4.750599563121795654e-01,-3.136117160320281982e-01
-5.147716403007507324e-01,-2.623001635074615479e-01
-5.627800822257995605e-01,-2.877204120159149170e-01
-5.742226243019104004e-01,-6.449466943740844727e-01
-5.742226243019104004e-01,-6.449466943740844727e-01
-5.752098560333251953e-01,-6.449466943740844727e-01
-5.653616786003112793e-01,-6.449466943740844727e-01
-5.752098560333251953e-01,-3.813811242580413818e-01
-5.653616786003112793e-01,-3.478007316589355469e-01
-5.606031417846679688e-01,-3.505444824695587158e-01
-4.630225896835327148e-01,-2.968449592590332031e-01
-4.060735404491424561e-01,-5.085771679878234863e-01
-4.048716425895690918e-01,-6.449466943740844727e-01
-4.048716425895690918e-01,-6.449466943740844727e-01
-4.060735404491424561e-01,-6.449466943740844727e-01
-4.413271248340606689e-01,-6.449466943740844727e-01
-5.065729618072509766e-01,-6.449466943740844727e-01
-5.137291550636291504e-01,-6.449466943740844727e-01
-5.568870902061462402e-01,-6.449466943740844727e-01
-5.800971984863281250e-01,-6.449466943740844727e-01
-6.921188831329345703e-01,-6.449466943740844727e-01
-7.434632182121276855e-01,-5.749864578247070312e-01
-8.885861635208129883e-01,-6.462113857269287109e-01
-8.885861635208129883e-01,-6.547665596008300781e-01
-8.885861635208129883e-01,-6.838378906250000000e-01
-7.289975285530090332e-01,-1.556719839572906494e-01
-5.383680462837219238e-01,-1.905526071786880493e-01
-1.019506528973579407e-01,-3.001295626163482666e-01
2.291167974472045898e-01,-2.114582210779190063e-01
4.065253734588623047e-01,-3.900377750396728516e-01
5.705107450485229492e-01,-3.459273576736450195e-01
5.825174450874328613e-01,-5.160639882087707520e-01
5.825174450874328613e-01,-3.635334074497222900e-01
5.767164826393127441e-01,-9.142943620681762695e-01
5.705107450485229492e-01,-2.310270220041275024e-01
3.878775835037231445e-01,-9.073863178491592407e-02
1.422061473131179810e-01,-3.217758834362030029e-01
-1.294409781694412231e-01,-2.793849408626556396e-01
-3.824709653854370117e-01,-8.782469630241394043e-01
-8.455999493598937988e-01,-1.558803558349609375e+00
-9.065042138099670410e-01,-1.547522783279418945e+00
-9.962356686592102051e-01,-1.286946535110473633e+00
-9.962356686592102051e-01,-3.233028650283813477e-01
-9.962356686592102051e-01,-3.546373546123504639e-01
-8.457716107368469238e-01,-6.449466943740844727e-01
-7.092826962471008301e-01,-3.850961625576019287e-01
-5.530667901039123535e-01,-5.080531239509582520e-01
-4.880723357200622559e-01,-4.464777410030364990e-01
-2.020331174135208130e-01,-4.550804197788238525e-01
9.203921258449554443e-02,-1.229628026485443115e-01
3.307200074195861816e-01,-5.664839148521423340e-01
5.959161520004272461e-01,-7.364441752433776855e-01
7.684006690979003906e-01,-6.111511588096618652e-01
9.641258716583251953e-01,-1.278128623962402344e+00
1.055175781250000000e+00,-1.316137433052062988e+00
1.055175781250000000e+00,-1.509126663208007812e+00
1.055175781250000000e+00,-1.598379850387573242e+00
1.021105647087097168e+00,-1.602060079574584961e+00
9.624089002609252930e-01,-3.921216428279876709e-01
8.850275874137878418e-01,-3.350158631801605225e-01
7.665058374404907227e-01,-2.198192328214645386e-01
6.320098638534545898e-01,-1.849100440740585327e-01
6.303419470787048340e-01,-2.453446239233016968e-01
4.834100008010864258e-01,-2.236131131649017334e-01
4.118174016475677490e-01,-1.366325169801712036e-01
4.118174016475677490e-01,1.699316948652267456e-01
4.118174016475677490e-01,5.404181480407714844e-01
5.253782868385314941e-01,6.015054583549499512e-01
6.757196784019470215e-01,4.830555319786071777e-01
7.342876195907592773e-01,2.224959880113601685e-01
8.796926140785217285e-01,-1.054289489984512329e-01
1.009706020355224609e+00,-8.327500820159912109e-01
1.020474076271057129e+00,-9.023835062980651855e-01
1.090153336524963379e+00,-8.100230097770690918e-01
1.291771650314331055e+00,-2.899025082588195801e-01
1.291771650314331055e+00,1.142101883888244629e+00
1.291771650314331055e+00,9.399507641792297363e-01
1.239366412162780762e+00,5.032074451446533203e-01
8.599410653114318848e-01,4.119225442409515381e-01
5.960633158683776855e-01,-2.293676882982254028e-01
5.066753029823303223e-01,-1.947837769985198975e-01
3.851978480815887451e-01,9.421110898256301880e-02
2.252290248870849609e-01,1.353836208581924438e-01
8.052307367324829102e-02,-3.685626387596130371e-02
-3.798642754554748535e-02,-8.987736701965332031e-02
-1.277546435594558716e-01,-7.364007830619812012e-02
-2.590741515159606934e-01,-1.898839622735977173e-01
-3.707770109176635742e-01,3.432906791567802429e-02
-3.930488824844360352e-01,1.794612258672714233e-01
-4.142538011074066162e-01,-2.317431718111038208e-01
-6.198885440826416016e-01,-3.871693313121795654e-01
-6.329132318496704102e-01,-5.989534854888916016e-01
-6.424425244331359863e-01,-5.756967663764953613e-01
-6.329132318496704102e-01,-4.626180827617645264e-01
-6.329132318496704102e-01,-3.836997747421264648e-01
-5.395638346672058105e-01,-4.243341386318206787e-01
-3.119760453701019287e-01,-1.059409976005554199e-01
-4.667565226554870605e-02,-6.990708410739898682e-02
2.575392127037048340e-01,-1.304274648427963257e-01
3.442781567573547363e-01,-3.035033643245697021e-01
3.695241212844848633e-01,-2.974399030208587646e-01
4.340893030166625977e-01,-6.449466943740844727e-01
4.340893030166625977e-01,-6.449466943740844727e-01
4.340893030166625977e-01,-3.810110688209533691e-01
3.952606618404388428e-01,-3.138178586959838867e-01
3.333813548088073730e-01,-2.807857990264892578e-01
1.325664371252059937e-01,-2.995233833789825439e-01
-7.792497426271438599e-02,-4.566206634044647217e-01
-4.014499187469482422e-01,-6.449466943740844727e-01
-5.985732674598693848e-01,-6.449466943740844727e-01
-7.354668974876403809e-01,-6.449466943740844727e-01
-7.354668974876403809e-01,-6.449466943740844727e-01
-7.354668974876403809e-01,-3.793287575244903564e-01
-6.430189609527587891e-01,-3.292575478553771973e-01
-6.408665776252746582e-01,-3.484351336956024170e-01
-5.685442686080932617e-01,-1.862770505249500275e-02
-4.890657365322113037e-01,-2.326817214488983154e-01
-3.843228816986083984e-01,-8.434170484542846680e-02
-1.926080286502838135e-01,-4.396498575806617737e-02
-1.170356869697570801e-01,-6.449466943740844727e-01
4.223406687378883362e-02,-6.449466943740844727e-01
1.722229123115539551e-01,-6.449466943740844727e-01
3.183208703994750977e-01,-6.449466943740844727e-01
3.453451395034790039e-01,-6.449466943740844727e-01
4.006569385528564453e-01,-6.449466943740844727e-01
4.272458553314208984e-01,-6.449466943740844727e-01
4.698641300201416016e-01,-6.449466943740844727e-01
4.988874793052673340e-01,-6.449466943740844727e-01
5.674140453338623047e-01,-3.120103180408477783e-01
7.013028860092163086e-01,-3.005044460296630859e-01
9.399101138114929199e-01,-2.754919230937957764e-01
1.148040652275085449e+00,-1.057073920965194702e-01
1.340896129608154297e+00,-2.760088741779327393e-01
1.340896129608154297e+00,5.732429027557373047e-01
1.340896129608154297e+00,6.498563289642333984e-01
1.275993704795837402e+00,6.869296431541442871e-01
1.164548397064208984e+00,7.353655099868774414e-01
9.854289293289184570e-01,7.783749103546142578e-01
7.206497788429260254e-01,5.644903779029846191e-01
4.764623045921325684e-01,7.131891250610351562e-01
2.874333262443542480e-01,6.159416437149047852e-01
-9.786052256822586060e-02,-2.812027931213378906e-01
-4.703688919544219971e-01,-1.920203417539596558e-01
-6.943141818046569824e-01,-3.450266420841217041e-01
-7.185544967651367188e-01,-1.046798974275588989e-01
-7.185544967651367188e-01,5.211212858557701111e-02
-7.185544967651367188e-01,-1.385510712862014771e-01
-5.265759825706481934e-01,-7.654332369565963745e-02
-7.487730681896209717e-02,1.249682009220123291e-01
1.256923228502273560e-01,-6.586521267890930176e-01
3.985658884048461914e-01,-8.646541833877563477e-01
5.214353203773498535e-01,3.245334625244140625e-01
5.598224401473999023e-01,-9.042381048202514648e-01
6.769399642944335938e-01,-5.494086146354675293e-01
8.215293884277343750e-01,1.882140785455703735e-01
9.802778959274291992e-01,2.740192115306854248e-01
1.289754152297973633e+00,6.105958223342895508e-01
1.801866531372070312e+00,7.556353807449340820e-01
1.814829826354980469e+00,2.667419612407684326e-01
1.814829826354980469e+00,5.480042099952697754e-01
1.814829826354980469e+00,7.176120281219482422e-01
1.382275700569152832e+00,6.439249515533447266e-01
9.146580100059509277e-01,7.536112666130065918e-01
5.852769017219543457e-01,8.420363664627075195e-01
5.852769017219543457e-01,4.594029188156127930e-01
5.852769017219543457e-01,2.874516844749450684e-01
5.852769017219543457e-01,4.490040242671966553e-01
6.203526854515075684e-01,5.055084228515625000e-01
6.203526854515075684e-01,3.334964215755462646e-01
6.203526854515075684e-01,5.657857656478881836e-01
5.738037228584289551e-01,4.052413403987884521e-01
5.738037228584289551e-01,4.510550498962402344e-01
5.738037228584289551e-01,7.408085465431213379e-01
6.245163679122924805e-01,7.013804912567138672e-01
7.163879275321960449e-01,7.946360111236572266e-01
1.235098481178283691e+00,7.636009454727172852e-01
1.506291866302490234e+00,5.623226761817932129e-01
1.506291866302490234e+00,5.548083186149597168e-01
1.506291866302490234e+00,5.852814316749572754e-01
1.380086541175842285e+00,7.180826663970947266e-01
1.121347546577453613e+00,6.475400924682617188e-01
8.548084497451782227e-01,2.267014235258102417e-01
5.616988539695739746e-01,3.620035052299499512e-01
2.247021906077861786e-02,2.364194095134735107e-01
-3.844516575336456299e-01,2.864594757556915283e-01
-3.844516575336456299e-01,1.274980753660202026e-01
-3.844516575336456299e-01,-9.872212260961532593e-02
-1.563548892736434937e-01,-2.098633646965026855e-01
1.506071686744689941e-01,-6.449466943740844727e-01
6.399080157279968262e-01,-6.449466943740844727e-01
9.059872031211853027e-01,-6.449466943740844727e-01
1.078729271888732910e+00,-6.449466943740844727e-01
1.242493867874145508e+00,-3.450993895530700684e-01
1.273657321929931641e+00,-2.025595158338546753e-01
1.273657321929931641e+00,-5.199342593550682068e-02
1.273657321929931641e+00,1.098000407218933105e-01
1.160311102867126465e+00,1.350998282432556152e-01
9.876855611801147461e-01,1.630482524633407593e-01
5.790098905563354492e-01,-1.585732549428939819e-01
2.158897966146469116e-01,-2.323373556137084961e-01
-9.166707843542098999e-02,-5.852484703063964844e-02
-4.431361258029937744e-01,3.929481282830238342e-02
-5.853095054626464844e-01,2.306917607784271240e-01
-5.853095054626464844e-01,1.869779080152511597e-01
-5.853095054626464844e-01,-5.881519243121147156e-02
-5.182301402091979980e-01,-6.449466943740844727e-01
-3.454881012439727783e-01,-6.449466943740844727e-01
-2.495571076869964600e-01,-6.449466943740844727e-01
-1.008284762501716614e-01,-6.449466943740844727e-01
-4.234023764729499817e-02,-3.569974601268768311e-01
6.530313193798065186e-02,-5.540654063224792480e-01
1.085468977689743042e-01,-7.027711868286132812e-01
2.356352508068084717e-01,-4.300241172313690186e-01
3.663721978664398193e-01,-7.156239748001098633e-01
4.361251592636108398e-01,-2.345019131898880005e-01
4.361251592636108398e-01,-4.300801455974578857e-01
4.361251592636108398e-01,-6.449466943740844727e-01
2.417735010385513306e-01,-6.449466943740844727e-01
1.066398099064826965e-01,-3.236129283905029297e-01
4.076235741376876831e-02,-3.351283371448516846e-01
2.219427376985549927e-02,-2.302453368902206421e-01
-6.852442771196365356e-02,-2.341166287660598755e-01
-1.231310218572616577e-01,-3.243287503719329834e-01
-2.219134718179702759e-01,-6.449466943740844727e-01
-3.544962108135223389e-01,-6.449466943740844727e-01
-5.156301259994506836e-01,-3.764656484127044678e-01
-6.728640198707580566e-01,-3.619932830333709717e-01
-6.745932698249816895e-01,-3.330312073230743408e-01
-7.176223993301391602e-01,-2.943449616432189941e-01
-7.176223993301391602e-01,-4.853495955467224121e-01
-7.352522611618041992e-01,-6.449466943740844727e-01
-7.352522611618041992e-01,-6.449466943740844727e-01
-7.491967678070068359e-01,-6.449466943740844727e-01
-7.491967678070068359e-01,-1.655434846878051758e+00
-7.491967678070068359e-01,-1.458699226379394531e+00
-6.662413477897644043e-01,-1.533485889434814453e+00
-4.785307645797729492e-01,-8.054501414299011230e-01
-3.062179684638977051e-01,-3.803981840610504150e-01
-2.098270505666732788e-01,-3.148226141929626465e-01
-1.014539524912834167e-01,-5.130867362022399902e-01
-1.412631850689649582e-02,-9.683278948068618774e-02
1.713582873344421387e-01,1.298623383045196533e-01
3.842902779579162598e-01,3.492091000080108643e-01
6.090511679649353027e-01,4.288815557956695557e-01
7.339932918548583984e-01,3.042833507061004639e-01
8.673179745674133301e-01,-2.802887558937072754e-01
8.673179745674133301e-01,-4.808758795261383057e-01
8.673179745674133301e-01,-2.921773493289947510e-01
7.133341431617736816e-01,-2.060985416173934937e-01
6.242220401763916016e-01,-2.053072601556777954e-01
6.183842420578002930e-01,-1.771806627511978149e-01
5.844674706459045410e-01,-1.052329093217849731e-01
5.656725168228149414e-01,-1.097700446844100952e-01
4.435695707798004150e-01,-2.983824312686920166e-01
3.859275579452514648e-01,-2.954894602298736572e-01
3.051919639110565186e-01,-3.555801808834075928e-01
3.051919639110565186e-01,-6.449466943740844727e-01
2.998754084110260010e-01,-6.449466943740844727e-01
2.998754084110260010e-01,-3.384311199188232422e-01
3.151015043258666992e-01,-3.798128366470336914e-01
3.400285840034484863e-01,-3.110347688198089600e-01
3.507598042488098145e-01,-2.982977628707885742e-01
3.676783442497253418e-01,-6.449466943740844727e-01
3.943653702735900879e-01,-3.603062033653259277e-01
3.975295424461364746e-01,-3.435789048671722412e-01
4.603225290775299072e-01,-3.402483463287353516e-01
4.638362526893615723e-01,-3.704950809478759766e-01
5.011256933212280273e-01,-6.449466943740844727e-01
5.011256933212280273e-01,-3.110800087451934814e-01
4.856604933738708496e-01,-3.424543440341949463e-01
4.638362526893615723e-01,-3.266265690326690674e-01
4.143561124801635742e-01,2.665114104747772217e-01
4.143561124801635742e-01,3.526789247989654541e-01
4.680919349193572998e-01,4.167342185974121094e-01
4.680919349193572998e-01,7.852972745895385742e-01
4.680919349193572998e-01,9.325500726699829102e-01
4.680919349193572998e-01,6.598191857337951660e-01
4.959686100482940674e-01,5.207453966140747070e-01
4.016380906105041504e-01,2.376527786254882812e-01
3.501711189746856689e-01,3.187347650527954102e-01
3.458295762538909912e-01,2.319040745496749878e-01
2.200596481561660767e-01,4.903874695301055908e-01
4.723788425326347351e-02,5.602942705154418945e-01
-8.626466989517211914e-02,3.784939050674438477e-01
-1.922952979803085327e-01,1.231768503785133362e-01
-4.420936405658721924e-01,-5.265773534774780273e-01
-4.472078382968902588e-01,-2.947068810462951660e-01
-4.623542129993438721e-01,-3.483300209045410156e-01
-4.623542129993438721e-01,-3.200378417968750000e-01
-4.623542129993438721e-01,-3.235837221145629883e-01
-4.421120584011077881e-01,-6.449466943740844727e-01
-3.730888068675994873e-01,-6.449466943740844727e-01
-3.264907896518707275e-01,-6.449466943740844727e-01
-3.228544294834136963e-01,-6.449466943740844727e-01
-2.841116487979888916e-01,-6.449466943740844727e-01
-2.561920583248138428e-01,-6.449466943740844727e-01
-1.971703320741653442e-01,-6.449466943740844727e-01
-1.911485791206359863e-01,-6.449466943740844727e-01
-1.893089413642883301e-01,-6.449466943740844727e-01
-1.021591424942016602e-01,-6.449466943740844727e-01
-4.987662285566329956e-02,-6.449466943740844727e-01
1.351731363683938980e-02,-6.449466943740844727e-01
1.031076982617378235e-01,-6.449466943740844727e-01
1.291140615940093994e-01,-6.449466943740844727e-01
1.988976746797561646e-01,-6.449466943740844727e-01
2.620217800140380859e-01,-6.449466943740844727e-01
2.805653512477874756e-01,-6.449466943740844727e-01
3.771218359470367432e-01,-6.449466943740844727e-01
3.776246607303619385e-01,-6.449466943740844727e-01
3.776246607303619385e-01,-6.449466943740844727e-01
3.771218359470367432e-01,-6.449466943740844727e-01
2.644930481910705566e-01,-6.449466943740844727e-01
2.337649464607238770e-01,-6.449466943740844727e-01
2.262592166662216187e-01,-6.449466943740844727e-01
2.180237770080566406e-01,-6.449466943740844727e-01
1.666610687971115112e-01,-4.406592547893524170e-01
1.248767524957656860e-01,-4.410928189754486084e-01
9.464536607265472412e-02,-4.437008798122406006e-01
9.057363122701644897e-02,-3.859232664108276367e-01
2.983490563929080963e-02,-4.787558615207672119e-01
-8.723967522382736206e-02,-6.449466943740844727e-01
-1.162753030657768250e-01,-6.449466943740844727e-01
-2.672666907310485840e-01,-6.449466943740844727e-01
-3.217629194259643555e-01,-6.449466943740844727e-01
-3.225110173225402832e-01,-3.602971136569976807e-01
-3.319361209869384766e-01,-3.719806969165802002e-01
-3.558391332626342773e-01,-3.275253474712371826e-01
-5.006002783775329590e-01,-3.084701895713806152e-01
-5.350076556205749512e-01,-6.449466943740844727e-01
-6.057111024856567383e-01,-6.449466943740844727e-01
-6.770951747894287109e-01,-6.449466943740844727e-01
-7.211667895317077637e-01,-6.449466943740844727e-01
-7.422183752059936523e-01,-6.449466943740844727e-01
-7.452108860015869141e-01,-6.449466943740844727e-01
-7.593086361885070801e-01,-6.449466943740844727e-01
-7.593086361885070801e-01,-6.449466943740844727e-01
-7.915207147598266602e-01,-6.449466943740844727e-01
-7.915207147598266602e-01,-6.449466943740844727e-01
-7.915207147598266602e-01,-6.449466943740844727e-01
-7.915207147598266602e-01,-6.449466943740844727e-01
-7.674950361251831055e-01,-6.449466943740844727e-01
-7.674950361251831055e-01,-6.449466943740844727e-01
-8.013566136360168457e-01,-6.449466943740844727e-01
-8.201884031295776367e-01,-6.449466943740844727e-01
-8.013566136360168457e-01,-6.449466943740844727e-01
-8.480588793754577637e-01,-6.449466943740844727e-01
-8.480588793754577637e-01,-6.449466943740844727e-01
-8.696562647819519043e-01,-4.883433878421783447e-01
-8.908120989799499512e-01,-3.391081988811492920e-01
-8.908120989799499512e-01,-1.911289244890213013e-01
-8.233218789100646973e-01,-2.627169340848922729e-02
-8.233218789100646973e-01,-1.362374275922775269e-01
-7.030831575393676758e-01,-3.663067519664764404e-01
-5.527356266975402832e-01,-6.449466943740844727e-01
-4.834057986736297607e-01,-6.449466943740844727e-01
-3.646203577518463135e-01,-6.449466943740844727e-01
-3.601500391960144043e-01,-6.449466943740844727e-01
-2.992150783538818359e-01,-6.449466943740844727e-01
-2.719209790229797363e-01,-6.449466943740844727e-01
-2.126662284135818481e-01,-6.449466943740844727e-01
-1.729484349489212036e-01,-6.449466943740844727e-01
-1.729484349489212036e-01,-6.449466943740844727e-01
-1.729484349489212036e-01,-6.449466943740844727e-01
-2.214228957891464233e-01,-6.449466943740844727e-01
-2.887107431888580322e-01,-6.449466943740844727e-01
-4.247151911258697510e-01,-6.449466943740844727e-01
-4.824369251728057861e-01,-6.449466943740844727e-01
-6.277131438255310059e-01,-6.449466943740844727e-01
-6.408175230026245117e-01,-3.110577762126922607e-01
-6.471581459045410156e-01,-3.293684720993041992e-01
-7.210931777954101562e-01,-2.881338596343994141e-01
-8.560184240341186523e-01,-2.923882901668548584e-01
-8.635854721069335938e-01,-5.438007116317749023e-01
-9.222944378852844238e-01,-3.151920139789581299e-01
-9.311553835868835449e-01,-2.636496126651763916e-01
-9.311553835868835449e-01,-1.863447874784469604e-01
-9.222944378852844238e-01,-1.747684925794601440e-01
-8.084392547607421875e-01,-4.220465421676635742e-01
-8.009457588195800781e-01,-4.035950005054473877e-01
-6.660267114639282227e-01,1.364505439996719360e-01
-4.670023620128631592e-01,5.083727464079856873e-02
7.897777855396270752e-02,1.306245326995849609e-01
5.862151384353637695e-01,3.521166741847991943e-01
9.494823813438415527e-01,6.714117527008056641e-02
1.038588285446166992e+00,-3.514119610190391541e-02
1.038588285446166992e+00,-5.200043320655822754e-01
1.038588285446166992e+00,-7.300682067871093750e-01
9.557432532310485840e-01,-7.698728442192077637e-01
8.648774027824401855e-01,-3.712241649627685547e-01
5.070861577987670898e-01,-6.991998553276062012e-01
2.094020098447799683e-01,-5.328779220581054688e-01
-2.357230186462402344e-01,-2.914290130138397217e-01
-9.280647635459899902e-01,-7.695718854665756226e-02
-1.558484315872192383e+00,-1.465172618627548218e-01
-1.854187726974487305e+00,-3.448048830032348633e-01
-2.057964563369750977e+00,-3.357450366020202637e-01
-2.131249666213989258e+00,-8.840999603271484375e-01
-2.131249666213989258e+00,-2.492981776595115662e-02
-2.057964563369750977e+00,8.121658861637115479e-02
-1.959323167800903320e+00,7.931724190711975098e-01
-1.913583517074584961e+00,1.103895306587219238e+00
-1.803750991821289062e+00,1.192199230194091797e+00
-1.638612866401672363e+00,-1.250173449516296387e-01
-1.400600433349609375e+00,-1.312106102705001831e-01
-1.198644876480102539e+00,-1.127190440893173218e-01
-1.000994205474853516e+00,-2.442587465047836304e-01
-9.279727935791015625e-01,-2.551238834857940674e-01
-8.039504885673522949e-01,-2.995499074459075928e-01
-7.603204250335693359e-01,-6.449466943740844727e-01
-6.797932982444763184e-01,-6.449466943740844727e-01
-6.525973081588745117e-01,-6.449466943740844727e-01
-6.334528326988220215e-01,-6.449466943740844727e-01
-6.334528326988220215e-01,-6.449466943740844727e-01
-6.525973081588745117e-01,-6.449466943740844727e-01
-7.509321570396423340e-01,-6.449466943740844727e-01
-7.738356590270996094e-01,-6.449466943740844727e-01
-7.738356590270996094e-01,-6.449466943740844727e-01
-7.738601565361022949e-01,-6.449466943740844727e-01
-7.738356590270996094e-01,-6.449466943740844727e-01
-7.723761796951293945e-01,-6.449466943740844727e-01
-7.616878747940063477e-01,-6.449466943740844727e-01
-7.616878747940063477e-01,-6.449466943740844727e-01
-7.341730594635009766e-01,-6.449466943740844727e-01
-7.252936959266662598e-01,-6.449466943740844727e-01
-7.245455980300903320e-01,-6.449466943740844727e-01
-6.795664429664611816e-01,-6.449466943740844727e-01
-6.096724271774291992e-01,-6.449466943740844727e-01
-6.096724271774291992e-01,-3.792945742607116699e-01
-6.262598633766174316e-01,-3.505768775939941406e-01
-6.262598633766174316e-01,-3.341411054134368896e-01
-6.226725578308105469e-01,-3.323009312152862549e-01
-6.262598633766174316e-01,-6.449466943740844727e-01
-6.226725578308105469e-01,-6.449466943740844727e-01
-5.606276988983154297e-01,-6.449466943740844727e-01
-5.563167929649353027e-01,-6.449466943740844727e-01
-5.339161157608032227e-01,-6.449466943740844727e-01
-5.339161157608032227e-01,-6.449466943740844727e-01
-5.280722379684448242e-01,-6.449466943740844727e-01
-5.280722379684448242e-01,-3.875232636928558350e-01
-3.035198152065277100e-01,-2.500888705253601074e-01
-3.035198152065277100e-01,-1.778266280889511108e-01
-3.035198152065277100e-01,-1.919857710599899292e-01
-3.172496557235717773e-01,-1.319639086723327637e-01
-3.242770731449127197e-01,-4.217842221260070801e-01
-3.391290903091430664e-01,-4.321975111961364746e-01
-3.468555808067321777e-01,-2.760031223297119141e-01
-3.391290903091430664e-01,-2.817939221858978271e-01
-3.242770731449127197e-01,-1.608420461416244507e-01
-3.150236904621124268e-01,-1.984760612249374390e-01
-3.150236904621124268e-01,-2.778486311435699463e-01
-3.130368888378143311e-01,-6.449466943740844727e-01
-2.984547019004821777e-01,-6.449466943740844727e-01
-2.961060702800750732e-01,-6.449466943740844727e-01
-2.694251835346221924e-01,-6.449466943740844727e-01
-2.665185630321502686e-01,-6.449466943740844727e-01
-2.655680775642395020e-01,-6.449466943740844727e-01
-2.577373683452606201e-01,-6.449466943740844727e-01
-2.383353114128112793e-01,-6.449466943740844727e-01
-1.940490752458572388e-01,-6.449466943740844727e-01
-1.925589740276336670e-01,-6.449466943740844727e-01
-1.925589740276336670e-01,-6.449466943740844727e-01
-1.884504556655883789e-01,-6.449466943740844727e-01
-1.925589740276336670e-01,-6.449466943740844727e-01
-1.884504556655883789e-01,-6.449466943740844727e-01
-1.605921983718872070e-01,-6.449466943740844727e-01
-1.448939442634582520e-01,-6.449466943740844727e-01
-1.251914203166961670e-01,-6.449466943740844727e-01
-8.946564048528671265e-02,-6.449466943740844727e-01
-8.946564048528671265e-02,-6.449466943740844727e-01
-8.946564048528671265e-02,-2.893362939357757568e-01
-1.243083924055099487e-01,-2.967278659343719482e-01
-1.276749223470687866e-01,-2.591368556022644043e-01
-1.479354798793792725e-01,-2.553734183311462402e-01
-1.812574565410614014e-01,-6.449466943740844727e-01
-1.812574565410614014e-01,-6.449466943740844727e-01
-1.812574565410614014e-01,-6.449466943740844727e-01
-1.738927811384201050e-01,-6.449466943740844727e-01
-1.656879931688308716e-01,-6.345115602016448975e-02
-7.351597398519515991e-02,-1.937491819262504578e-02
-4.609256517142057419e-03,1.070453450083732605e-01
1.094728484749794006e-01,-4.527210071682929993e-02
1.656431406736373901e-01,-4.164724051952362061e-01
2.237511873245239258e-01,-6.449466943740844727e-01
2.244931757450103760e-01,-6.449466943740844727e-01
3.823954761028289795e-01,-2.179105728864669800e-01
3.823954761028289795e-01,-2.991302907466888428e-01
3.823954761028289795e-01,-3.803367018699645996e-01
3.507904708385467529e-01,-6.639022827148437500e-01
1.954514086246490479e-01,-1.661375284194946289e+00
5.287330970168113708e-02,-1.222433567047119141e+00
-1.472118943929672241e-01,2.872429490089416504e-01
-3.832620084285736084e-01,3.483590185642242432e-01
-6.748017668724060059e-01,1.369218677282333374e-01
-8.445329070091247559e-01,8.841192722320556641e-02
-9.279543757438659668e-01,-3.379297554492950439e-01
-9.279543757438659668e-01,-1.046075448393821716e-01
-9.279543757438659668e-01,2.248080521821975708e-01
-7.657166719436645508e-01,3.522611856460571289e-01
-4.022041559219360352e-01,1.481330245733261108e-01
-1.477944403886795044e-01,6.908891201019287109e-01
-2.044241130352020264e-02,1.937506496906280518e-01
2.224389016628265381e-01,3.673850595951080322e-01
5.377038717269897461e-01,4.935677647590637207e-01
8.097802400588989258e-01,5.289059877395629883e-01
8.924965262413024902e-01,6.036972999572753906e-01
8.924965262413024902e-01,7.955701351165771484e-01
8.924965262413024902e-01,4.226555526256561279e-01
8.924965262413024902e-01,9.291034936904907227e-02
8.924965262413024902e-01,3.039244189858436584e-02
9.124688506126403809e-01,3.549747765064239502e-01
9.838958978652954102e-01,6.279244422912597656e-01
9.838958978652954102e-01,6.969057917594909668e-01
9.838958978652954102e-01,3.108221590518951416e-01
6.919391155242919922e-01,2.961952984333038330e-01
5.173206925392150879e-01,4.293002188205718994e-01
1.885405033826828003e-01,2.372924685478210449e-01
1.885405033826828003e-01,-9.262198209762573242e-02
1.885405033826828003e-01,-3.114130720496177673e-02
4.178882241249084473e-01,-3.793606534600257874e-02
6.666747927665710449e-01,-1.799003630876541138e-01
8.189539313316345215e-01,-1.457954496145248413e-01
8.496881127357482910e-01,-3.297403156757354736e-01
8.664411306381225586e-01,-3.187944591045379639e-01
8.800666928291320801e-01,-1.657581776380538940e-01
8.664411306381225586e-01,2.864597439765930176e-01
8.496881127357482910e-01,2.554595172405242920e-01
8.422805070877075195e-01,1.815042942762374878e-01
8.422805070877075195e-01,2.477753311395645142e-01
8.422805070877075195e-01,-4.573089256882667542e-02
8.422805070877075195e-01,9.320650249719619751e-03
8.422805070877075195e-01,5.466187000274658203e-02
7.599076628684997559e-01,-2.751709520816802979e-01
5.683031678199768066e-01,-3.219719231128692627e-01
4.218618273735046387e-01,-5.196713209152221680e-01
2.666270136833190918e-01,-4.938333928585052490e-01
1.602100729942321777e-01,-2.402078807353973389e-01
1.403665095567703247e-01,-8.460308611392974854e-02
-7.734856009483337402e-02,-3.961817622184753418e-01
-2.346866875886917114e-01,-5.482180044054985046e-02
-2.728591859340667725e-01,-1.293505579233169556e-01
-2.728591859340667725e-01,-1.384704262018203735e-01
-2.346866875886917114e-01,-6.427769064903259277e-01
-2.087784558534622192e-01,-1.192746877670288086e+00
1.986523866653442383e-01,2.417147532105445862e-02
8.943238854408264160e-01,3.027210235595703125e-01
1.621189475059509277e+00,-6.917088478803634644e-02
2.093596458435058594e+00,3.715672791004180908e-01
2.463498592376708984e+00,5.704816579818725586e-01
2.900032520294189453e+00,5.879403948783874512e-01
3.024441242218017578e+00,7.280266284942626953e-01
3.024441242218017578e+00,9.158132672309875488e-01
3.024441242218017578e+00,6.549586653709411621e-01
2.542970895767211914e+00,1.257282018661499023e+00
1.922847270965576172e+00,9.650326967239379883e-01
1.171416401863098145e+00,6.673734188079833984e-01
8.992418646812438965e-01,7.689129710197448730e-01
5.301000475883483887e-01,5.570214241743087769e-03
1.513491570949554443e-01,-2.236916869878768921e-01
-4.681429266929626465e-01,-4.575227499008178711e-01
-6.226848363876342773e-01,-5.734723210334777832e-01
-6.226848363876342773e-01,-3.426355123519897461e-01
-6.226848363876342773e-01,-1.432621598243713379e+00
-4.226425290107727051e-01,-1.021612405776977539e+00
-2.747846841812133789e-01,-2.590000629425048828e-01
-2.052402198314666748e-01,-2.205109894275665283e-01
1.630369871854782104e-01,3.498513400554656982e-01
1.805871427059173584e-01,3.443482220172882080e-01
2.589802443981170654e-01,-1.701413989067077637e-01
2.589802443981170654e-01,-2.791941463947296143e-01
2.589802443981170654e-01,-6.257897615432739258e-01
2.589802443981170654e-01,-4.781076610088348389e-01
5.223556980490684509e-02,-1.174974441528320312e+00
5.223556980490684509e-02,-4.513582289218902588e-01
1.357863470911979675e-02,1.677980870008468628e-01
-2.575283311307430267e-02,4.442550837993621826e-01
1.357863470911979675e-02,2.366140335798263550e-01
5.858232080936431885e-02,5.311027765274047852e-01
1.316650211811065674e-01,2.775566279888153076e-01
2.684421241283416748e-01,1.705990433692932129e-01
2.684421241283416748e-01,-1.360712796449661255e-01
2.684421241283416748e-01,-1.417581886053085327e-01
2.751874625682830811e-01,1.578848436474800110e-02
2.751874625682830811e-01,-9.397184848785400391e-02
3.688679933547973633e-01,-9.220070391893386841e-02
7.798799872398376465e-01,-6.948421597480773926e-01
9.112608432769775391e-01,-9.951938390731811523e-01
9.112608432769775391e-01,-2.816233932971954346e-01
9.112608432769775391e-01,-9.551448822021484375e-01
7.196502089500427246e-01,-5.159568786621093750e-01
3.854247331619262695e-01,1.295798644423484802e-02
1.996089965105056763e-01,4.347125291824340820e-01
2.246462274342775345e-03,1.259494781494140625e+00
-2.589576542377471924e-01,1.127586603164672852e+00
-8.314224481582641602e-01,8.089340329170227051e-01
-1.144804835319519043e+00,7.619349360466003418e-01
-1.144804835319519043e+00,2.775048911571502686e-01
-1.144804835319519043e+00,-4.638372361660003662e-01
-1.089922308921813965e+00,-4.678642451763153076e-01
-8.138477802276611328e-01,-4.160897731781005859e-01
-4.263218045234680176e-01,-4.594713747501373291e-01
-4.258435070514678955e-01,-6.449466943740844727e-01
-4.258435070514678955e-01,-6.449466943740844727e-01
-3.062363564968109131e-01,-3.198034465312957764e-01
-2.289408892393112183e-01,-3.115245401859283447e-01
-2.180870175361633301e-01,-2.580385208129882812e-01
-3.075664862990379333e-02,-3.102525770664215088e-01
1.408448219299316406e-01,-6.449466943740844727e-01
1.619883924722671509e-01,-3.615877330303192139e-01
1.808814704418182373e-01,-2.388818860054016113e-01
2.359050661325454712e-01,-1.172588169574737549e-01
2.610222697257995605e-01,-1.141749322414398193e-01
2.687364816665649414e-01,-2.897380590438842773e-01
3.861851096153259277e-01,-6.449466943740844727e-01
5.843264460563659668e-01,-6.449466943740844727e-01
5.843264460563659668e-01,-9.178359061479568481e-02
5.843264460563659668e-01,8.170856162905693054e-03
5.579643845558166504e-01,4.771120846271514893e-02
5.540459752082824707e-01,-1.011871322989463806e-01
4.705938696861267090e-01,-3.077407181262969971e-01
4.633089005947113037e-01,-6.449466943740844727e-01
4.491007626056671143e-01,-6.449466943740844727e-01
2.579071223735809326e-01,-6.449466943740844727e-01
2.430735230445861816e-01,-6.449466943740844727e-01
2.157855480909347534e-01,-6.449466943740844727e-01
1.053397953510284424e-01,-5.300276353955268860e-02
-1.390500217676162720e-01,-1.007525622844696045e-01
-2.425542175769805908e-01,-6.906646490097045898e-02
-3.769765794277191162e-01,-1.079539209604263306e-01
-3.798648118972778320e-01,-6.449466943740844727e-01
-3.798648118972778320e-01,-6.449466943740844727e-01
-3.769765794277191162e-01,-6.449466943740844727e-01
-2.855772078037261963e-01,-6.449466943740844727e-01
-2.804078459739685059e-01,-6.449466943740844727e-01
-2.454976290464401245e-01,-6.449466943740844727e-01
-1.811164170503616333e-01,-6.449466943740844727e-01
-1.639219373464584351e-01,-6.449466943740844727e-01
-1.010001748800277710e-01,-6.449466943740844727e-01
-9.341473132371902466e-02,-6.449466943740844727e-01
1.455977465957403183e-02,-6.449466943740844727e-01
6.027478724718093872e-02,-6.449466943740844727e-01
7.642681151628494263e-02,-6.449466943740844727e-01
1.226569265127182007e-01,-6.449466943740844727e-01
1.238220259547233582e-01,-6.449466943740844727e-01
1.482708156108856201e-01,-6.449466943740844727e-01
2.080161422491073608e-01,-6.449466943740844727e-01
2.542033195495605469e-01,-6.449466943740844727e-01
2.883654236793518066e-01,-6.449466943740844727e-01
3.346568346023559570e-01,-6.449466943740844727e-01
4.271293282508850098e-01,-6.449466943740844727e-01
5.415916442871093750e-01,-3.186615109443664551e-01
5.628885030746459961e-01,-3.325029313564300537e-01
5.733315348625183105e-01,-2.941431701183319092e-01
5.733315348625183105e-01,-3.220755159854888916e-01
5.733315348625183105e-01,-6.449466943740844727e-01
5.602394342422485352e-01,-6.449466943740844727e-01
5.595710277557373047e-01,-6.449466943740844727e-01
5.357967615127563477e-01,-6.449466943740844727e-01
4.011904299259185791e-01,-6.449466943740844727e-01
3.787897825241088867e-01,-6.449466943740844727e-01
2.952395379543304443e-01,-6.449466943740844727e-01
1.665261685848236084e-01,-6.449466943740844727e-01
1.354056149721145630e-01,-6.449466943740844727e-01
1.242083534598350525e-01,-6.449466943740844727e-01
1.242083534598350525e-01,-6.449466943740844727e-01
1.287767887115478516e-01,-6.449466943740844727e-01
1.287767887115478516e-01,-6.449466943740844727e-01
1.406608521938323975e-01,-6.449466943740844727e-01
1.463759988546371460e-01,-6.449466943740844727e-01
1.463759988546371460e-01,-6.449466943740844727e-01
1.544274836778640747e-01,-6.449466943740844727e-01
1.544274836778640747e-01,-6.449466943740844727e-01
1.544274836778640747e-01,-6.449466943740844727e-01
1.019242033362388611e-01,-6.449466943740844727e-01
8.809625357389450073e-02,-6.449466943740844727e-01
8.070703595876693726e-02,-6.449466943740844727e-01
6.356774270534515381e-02,-6.449466943740844727e-01
6.356774270534515381e-02,-6.449466943740844727e-01
5.635022744536399841e-02,-6.449466943740844727e-01
4.936573281884193420e-02,-6.449466943740844727e-01
2.721648663282394409e-02,-6.449466943740844727e-01
7.808302063494920731e-03,-6.449466943740844727e-01
-4.830680042505264282e-02,-6.449466943740844727e-01
-6.349608302116394043e-02,-6.449466943740844727e-01
-6.995321065187454224e-02,-6.449466943740844727e-01
-7.420890778303146362e-02,-6.449466943740844727e-01
-7.420890778303146362e-02,-6.449466943740844727e-01
-6.995321065187454224e-02,-6.449466943740844727e-01
-5.878047272562980652e-02,-6.449466943740844727e-01
-5.545686185359954834e-02,-3.512746989727020264e-01
1.299786865711212158e-01,-8.047306537628173828e-02
2.610529065132141113e-01,1.959341168403625488e-01
6.838447451591491699e-01,1.662929952144622803e-01
9.556083679199218750e-01,-6.651820987462997437e-02
1.158649206161499023e+00,-2.125377357006072998e-01
1.285798907279968262e+00,-6.449466943740844727e-01
1.371342062950134277e+00,-1.888599842786788940e-01
1.381766676902770996e+00,-2.413824759423732758e-02
1.381766676902770996e+00,5.031540393829345703e-01
1.371342062950134277e+00,1.326243996620178223e+00
1.103110551834106445e+00,1.074140310287475586e+00
8.558631539344787598e-01,1.349360346794128418e+00
7.806097269058227539e-01,9.926411509513854980e-01
7.728464603424072266e-01,6.935820579528808594e-01
7.290385365486145020e-01,7.815509438514709473e-01
6.835749149322509766e-01,3.440200090408325195e-01
5.102748274803161621e-01,6.857140064239501953e-01
3.581367731094360352e-01,4.302424788475036621e-01
2.287120819091796875e-01,4.087413549423217773e-01
2.095246464014053345e-01,4.718208312988281250e-01
2.023255228996276855e-01,3.746035397052764893e-01
4.925535246729850769e-02,8.439268171787261963e-02
3.323210403323173523e-02,-8.516006171703338623e-03
3.323210403323173523e-02,-3.557841777801513672e-01
3.323210403323173523e-02,-1.401515305042266846e-02
4.028405249118804932e-02,-1.270528078079223633e+00
1.529864221811294556e-01,-5.834529399871826172e-01
2.460537254810333252e-01,4.221799671649932861e-01
4.869543612003326416e-01,2.044963389635086060e-01
6.546373963356018066e-01,-2.880043387413024902e-01
6.957471966743469238e-01,-1.285874098539352417e-01
7.676709294319152832e-01,-1.276991963386535645e-01
7.676709294319152832e-01,-3.172391951084136963e-01
6.957471966743469238e-01,-2.687902748584747314e-01
6.511788964271545410e-01,4.610842838883399963e-02
5.727857947349548340e-01,6.009023189544677734e-01
3.482149839401245117e-01,2.050000578165054321e-01
2.840611897408962250e-02,-9.617611020803451538e-02
-2.032840698957443237e-01,-1.872370988130569458e-01
-3.429003655910491943e-01,-5.686166286468505859e-01
-3.429003655910491943e-01,-2.432392388582229614e-01
-3.429003655910491943e-01,3.351563215255737305e-01
-3.425140380859375000e-01,2.081722021102905273e-01
-3.013184070587158203e-01,2.884406149387359619e-01
-2.636978030204772949e-01,7.325154542922973633e-01
-2.636978030204772949e-01,2.097734808921813965e-01
-2.636978030204772949e-01,3.102546930313110352e-01
-3.740086257457733154e-01,2.336236387491226196e-01
-3.740086257457733154e-01,2.305959612131118774e-01
-3.740086257457733154e-01,1.715510487556457520e-01
-3.642462790012359619e-01,-2.006687968969345093e-01
-9.568975120782852173e-02,-1.222993656992912292e-01
1.081917714327573776e-02,-4.031965434551239014e-01
8.069477230310440063e-02,-1.717839092016220093e-01
9.573075175285339355e-02,-7.681670784950256348e-02
1.554392725229263306e-01,-5.191765353083610535e-02
1.609152704477310181e-01,-1.060364693403244019e-01
2.234200537204742432e-01,-3.117749691009521484e-01
2.884328663349151611e-01,-6.449466943740844727e-01
2.969933152198791504e-01,-6.449466943740844727e-01
3.122745752334594727e-01,-6.449466943740844727e-01
3.122745752334594727e-01,-6.449466943740844727e-01
3.122745752334594727e-01,-6.449466943740844727e-01
2.173983007669448853e-01,-6.449466943740844727e-01
1.659190803766250610e-01,-6.449466943740844727e-01
1.110058799386024475e-01,-6.449466943740844727e-01
1.025067493319511414e-01,-6.449466943740844727e-01
8.735426515340805054e-02,-6.449466943740844727e-01
6.039743125438690186e-02,-6.449466943740844727e-01
-2.392545901238918304e-02,-6.449466943740844727e-01
-6.141728907823562622e-02,-6.449466943740844727e-01
-1.241796165704727173e-01,-6.449466943740844727e-01
-2.638511061668395996e-01,-6.449466943740844727e-01
-2.685544192790985107e-01,-6.449466943740844727e-01
-3.195246756076812744e-01,-6.449466943740844727e-01
-3.500994741916656494e-01,-6.449466943740844727e-01
-4.089127182960510254e-01,-6.449466943740844727e-01
-4.653344154357910156e-01,-6.449466943740844727e-01
-4.837921261787414551e-01,-6.449466943740844727e-01
-5.063951611518859863e-01,-6.449466943740844727e-01
-5.314449071884155273e-01,-6.449466943740844727e-01
-5.314449071884155273e-01,-6.449466943740844727e-01
-5.081857442855834961e-01,-6.449466943740844727e-01
-5.081857442855834961e-01,-6.449466943740844727e-01
-5.081857442855834961e-01,-6.449466943740844727e-01
-5.081857442855834961e-01,-6.449466943740844727e-01
-5.033658742904663086e-01,-6.449466943740844727e-01
-5.057758092880249023e-01,-6.449466943740844727e-01
-5.057758092880249023e-01,-6.449466943740844727e-01
-5.008210539817810059e-01,-6.449466943740844727e-01
-4.751887321472167969e-01,-6.449466943740844727e-01
-4.757958352565765381e-01,-6.449466943740844727e-01
-4.751887321472167969e-01,-6.449466943740844727e-01
-4.572952091693878174e-01,-6.449466943740844727e-01
-4.572952091693878174e-01,-6.449466943740844727e-01
-4.373105764389038086e-01,-6.449466943740844727e-01
-4.048225879669189453e-01,-6.449466943740844727e-01
-4.048225879669189453e-01,-6.449466943740844727e-01
-4.048225879669189453e-01,-6.449466943740844727e-01
-4.191840291023254395e-01,-4.276671707630157471e-01
-4.354218840599060059e-01,-1.558908075094223022e-01
-4.471403956413269043e-01,-1.588760316371917725e-01
-4.471403956413269043e-01,-1.734699010848999023e-01
-4.471403956413269043e-01,-2.355298101902008057e-01
-4.763599932193756104e-01,-6.449466943740844727e-01
-4.783406555652618408e-01,-6.449466943740844727e-01
-5.905156731605529785e-01,-6.449466943740844727e-01
-5.954152345657348633e-01,-6.449466943740844727e-01
-6.056742668151855469e-01,-6.449466943740844727e-01
-6.339802145957946777e-01,-6.449466943740844727e-01
-6.567364931106567383e-01,-6.449466943740844727e-01
-6.601704955101013184e-01,-6.449466943740844727e-01
-6.783706545829772949e-01,-6.449466943740844727e-01
-6.783706545829772949e-01,-6.449466943740844727e-01
-6.681606769561767578e-01,-6.449466943740844727e-01
-6.681606769561767578e-01,-6.449466943740844727e-01
-6.671488881111145020e-01,-6.449466943740844727e-01
-6.671488881111145020e-01,-6.449466943740844727e-01
-6.559454798698425293e-01,-6.449466943740844727e-01
-6.534006595611572266e-01,-6.449466943740844727e-01
-6.559454798698425293e-01,-6.449466943740844727e-01
-6.559454798698425293e-01,-6.449466943740844727e-01
-6.255178451538085938e-01,-6.449466943740844727e-01
-6.073974370956420898e-01,-6.449466943740844727e-01
-6.073974370956420898e-01,-6.449466943740844727e-01
-5.746948122978210449e-01,-6.449466943740844727e-01
-5.577026605606079102e-01,-6.449466943740844727e-01
-5.511290431022644043e-01,-6.449466943740844727e-01
-5.392081737518310547e-01,-6.449466943740844727e-01
-5.392081737518310547e-01,-6.449466943740844727e-01
-5.392081737518310547e-01,-6.449466943740844727e-01
-5.437704324722290039e-01,-6.449466943740844727e-01
-5.520181655883789062e-01,-6.449466943740844727e-01
-6.455760598182678223e-01,-6.449466943740844727e-01
-6.469250917434692383e-01,-6.449466943740844727e-01
-6.493043899536132812e-01,-6.449466943740844727e-01
-7.264465689659118652e-01,-3.894961476325988770e-01
-7.410717010498046875e-01,-3.383613526821136475e-01
-7.675685882568359375e-01,-3.264528810977935791e-01
-7.741299867630004883e-01,-3.492788374423980713e-01
-7.741299867630004883e-01,-6.449466943740844727e-01
-7.741299867630004883e-01,-6.449466943740844727e-01
-7.768036127090454102e-01,-6.449466943740844727e-01
-7.582784295082092285e-01,-6.449466943740844727e-01
-7.181559205055236816e-01,-6.449466943740844727e-01
-6.984472274780273438e-01,-6.449466943740844727e-01
-6.618629693984985352e-01,-6.449466943740844727e-01
-6.341335177421569824e-01,-6.449466943740844727e-01
-5.782514214515686035e-01,-6.449466943740844727e-01
-5.560408234596252441e-01,-6.449466943740844727e-01
-5.438746809959411621e-01,-6.449466943740844727e-01
-5.163598656654357910e-01,-6.449466943740844727e-01
-5.163598656654357910e-01,-6.449466943740844727e-01
-5.438746809959411621e-01,-6.449466943740844727e-01
-5.837274193763732910e-01,-6.449466943740844727e-01
-5.930114388465881348e-01,-6.449466943740844727e-01
-6.149828433990478516e-01,-6.449466943740844727e-01
-6.523520350456237793e-01,-6.449466943740844727e-01
-6.838527917861938477e-01,-6.449466943740844727e-01
-6.945410966873168945e-01,-6.449466943740844727e-01
-6.979137659072875977e-01,-6.449466943740844727e-01
-6.945410966873168945e-01,-6.449466943740844727e-01
-6.945410966873168945e-01,-6.449466943740844727e-01
-6.946330666542053223e-01,-6.449466943740844727e-01
-6.870905756950378418e-01,-6.449466943740844727e-01
-6.870905756950378418e-01,-6.449466943740844727e-01
-6.870905756950378418e-01,-6.449466943740844727e-01
-6.870905756950378418e-01,-6.449466943740844727e-01
-6.362000107765197754e-01,-6.449466943740844727e-01
-6.024917364120483398e-01,-6.449466943740844727e-01
-5.953845977783203125e-01,-6.449466943740844727e-01
-5.728673934936523438e-01,-6.449466943740844727e-01
-5.373010635375976562e-01,-4.147978425025939941e-01
-5.266618132591247559e-01,-3.910914659500122070e-01
-5.259504914283752441e-01,-3.696042597293853760e-01
-5.259504914283752441e-01,-3.593900203704833984e-01
-5.259504914283752441e-01,-6.449466943740844727e-01
-5.366081595420837402e-01,-6.449466943740844727e-01
-5.366203784942626953e-01,-6.449466943740844727e-01
-5.371845364570617676e-01,-6.449466943740844727e-01
-5.366203784942626953e-01,-6.449466943740844727e-01
-5.366081595420837402e-01,-6.449466943740844727e-01
-5.414770245552062988e-01,-6.449466943740844727e-01
-5.414770245552062988e-01,-6.449466943740844727e-01
-5.336402058601379395e-01,-6.449466943740844727e-01
-5.414770245552062988e-01,-6.449466943740844727e-01
-5.736891031265258789e-01,-6.449466943740844727e-01
-5.874863862991333008e-01,-6.449466943740844727e-01
-5.942195057868957520e-01,-6.449466943740844727e-01
-5.946180820465087891e-01,-6.449466943740844727e-01
-5.942195057868957520e-01,-6.449466943740844727e-01
-5.874863862991333008e-01,-6.449466943740844727e-01
-5.942195057868957520e-01,-6.449466943740844727e-01
-5.827708244323730469e-01,-6.449466943740844727e-01
-5.827708244323730469e-01,-6.449466943740844727e-01
-6.041412353515625000e-01,-6.449466943740844727e-01
-6.041412353515625000e-01,-6.449466943740844727e-01
-5.763565897941589355e-01,-5.605572462081909180e-01
-5.763565897941589355e-01,-3.132165074348449707e-01
-5.060272216796875000e-01,-2.216585576534271240e-01
-4.939653277397155762e-01,-2.183880209922790527e-01
-4.925549328327178955e-01,-2.343795746564865112e-01
-4.328341484069824219e-01,-6.449466943740844727e-01
-4.301973283290863037e-01,-6.449466943740844727e-01
-4.226118922233581543e-01,-6.449466943740844727e-01
-3.882412910461425781e-01,-6.449466943740844727e-01
-3.882412910461425781e-01,-6.449466943740844727e-01
-3.882412910461425781e-01,-6.449466943740844727e-01
-3.780987560749053955e-01,-6.449466943740844727e-01
-3.882412910461425781e-01,-6.449466943740844727e-01
-3.915710449218750000e-01,-6.449466943740844727e-01
-3.957838118076324463e-01,-6.449466943740844727e-01
-4.057914614677429199e-01,-6.449466943740844727e-01
-4.057914614677429199e-01,-6.449466943740844727e-01
-4.061838984489440918e-01,-6.449466943740844727e-01
-4.057914614677429199e-01,-6.449466943740844727e-01
-4.043933153152465820e-01,-6.449466943740844727e-01
-3.662208318710327148e-01,-6.449466943740844727e-01
-3.471315205097198486e-01,-6.449466943740844727e-01
-3.289191126823425293e-01,-6.449466943740844727e-01
-3.178076744079589844e-01,-6.449466943740844727e-01
-3.072297573089599609e-01,-4.054022431373596191e-01
-2.970626950263977051e-01,-3.515248894691467285e-01
-2.970626950263977051e-01,-3.803221285343170166e-01
-3.072297573089599609e-01,-3.112392425537109375e-01
-3.653378188610076904e-01,-1.984219998121261597e-01
-3.653378188610076904e-01,-3.171268999576568604e-01
-3.731317520141601562e-01,-2.792775630950927734e-01
-4.044055938720703125e-01,-3.226015269756317139e-01
-3.783685863018035889e-01,-6.449466943740844727e-01
-4.044055938720703125e-01,-6.449466943740844727e-01
-4.326317906379699707e-01,-6.449466943740844727e-01
-4.576263427734375000e-01,-6.449466943740844727e-01
-4.990427196025848389e-01,-6.449466943740844727e-01
-4.990427196025848389e-01,-6.449466943740844727e-01
-4.990427196025848389e-01,-6.449466943740844727e-01
-4.403153359889984131e-01,-6.449466943740844727e-01
-4.394874870777130127e-01,-6.449466943740844727e-01
-4.394874870777130127e-01,-6.449466943740844727e-01
-4.403153359889984131e-01,-6.449466943740844727e-01
-4.480724632740020752e-01,-6.449466943740844727e-01
-4.526102542877197266e-01,-6.449466943740844727e-01
-4.945294857025146484e-01,-6.449466943740844727e-01
-5.735542178153991699e-01,-6.449466943740844727e-01
-5.786745548248291016e-01,-6.449466943740844727e-01
-6.481515169143676758e-01,-6.449466943740844727e-01
-7.788394689559936523e-01,-3.381596803665161133e-01
-8.446494340896606445e-01,-3.108338713645935059e-01
-9.491899609565734863e-01,-2.464052438735961914e-01
-1.081883072853088379e+00,-2.705590426921844482e-01
-1.132387280464172363e+00,-3.481763601303100586e-01
-1.347434878349304199e+00,-3.140266835689544678e-01
-1.381658315658569336e+00,-2.399994879961013794e-01
-1.439662098884582520e+00,-2.288573607802391052e-02
-1.439662098884582520e+00,-2.206277251243591309e-01
-1.439662098884582520e+00,-6.186658143997192383e-01
-1.400907039642333984e+00,-2.285448461771011353e-01
-1.201809048652648926e+00,-6.463651061058044434e-01
-8.462744355201721191e-01,5.409248471260070801e-01
-1.657983660697937012e-01,2.136671245098114014e-01
5.915500521659851074e-01,3.036139905452728271e-01
1.194926977157592773e+00,2.215997129678726196e-01
1.515115976333618164e+00,2.149736732244491577e-01
1.781967759132385254e+00,2.170155793428421021e-01
2.106265306472778320e+00,3.594011068344116211e-01
2.237695217132568359e+00,4.578469395637512207e-01
2.253528356552124023e+00,3.866119682788848877e-01
2.253528356552124023e+00,-9.313105046749114990e-02
2.237695217132568359e+00,-1.310395956039428711e+00
2.194500446319580078e+00,-9.755010604858398438e-01
2.001712560653686523e+00,-1.152279138565063477e+00
1.889525294303894043e+00,-8.912657499313354492e-01
1.865291118621826172e+00,-5.588861107826232910e-01
1.820649266242980957e+00,8.109929412603378296e-02
1.735811233520507812e+00,-1.711195334792137146e-02
1.424470901489257812e+00,-2.369378507137298584e-01
1.220559239387512207e+00,2.348722964525222778e-01
1.176046133041381836e+00,4.849511682987213135e-01
1.081703305244445801e+00,3.831510245800018311e-01
1.026820778846740723e+00,3.810598850250244141e-01
1.026820778846740723e+00,3.732293546199798584e-01
6.002822518348693848e-01,-3.921772167086601257e-02
1.594742238521575928e-01,3.541183173656463623e-01
-9.124395996332168579e-02,9.591396898031234741e-02
-3.100566864013671875e-01,-2.251212596893310547e-01
-3.746034502983093262e-01,1.541162026114761829e-03
-3.746034502983093262e-01,-1.799491792917251587e-01
-3.746034502983093262e-01,-4.289847314357757568e-01
-3.263987898826599121e-01,-4.736214578151702881e-01
-2.613553106784820557e-01,-1.470788717269897461e+00
-2.434924244880676270e-01,-1.311886787414550781e+00
-1.623459756374359131e-01,-1.361889958381652832e+00
3.678873926401138306e-02,-1.722561955451965332e+00
9.336987882852554321e-02,-6.449466943740844727e-01
1.551326662302017212e-01,-1.990176886320114136e-01
2.186431139707565308e-01,-1.956456452608108521e-01
2.523514330387115479e-01,-1.494890749454498291e-01
5.381637811660766602e-01,-1.573544293642044067e-01
8.344681859016418457e-01,-2.471108138561248779e-01
1.141013264656066895e+00,-5.978006124496459961e-01
1.189874053001403809e+00,-5.034914612770080566e-01
1.213145494461059570e+00,-1.908247619867324829e-01
1.213145494461059570e+00,-2.420064508914947510e-01
1.213145494461059570e+00,-4.036147519946098328e-02
1.146575093269348145e+00,1.154205799102783203e-01
1.083328366279602051e+00,-4.438496008515357971e-02
9.054843783378601074e-01,1.902267485857009888e-01
7.283517122268676758e-01,-3.252201974391937256e-01
3.376615941524505615e-01,-3.640640377998352051e-01
-1.124427244067192078e-01,-2.969087287783622742e-02
-6.548784971237182617e-01,-2.146416530013084412e-02
-9.128938913345336914e-01,-3.327920734882354736e-01
-1.006096124649047852e+00,3.648148104548454285e-02
-1.006096124649047852e+00,1.235607862472534180e-01
-1.006096124649047852e+00,5.316161364316940308e-02
-8.918729424476623535e-01,-7.787664234638214111e-02
-7.144398689270019531e-01,-2.909931242465972900e-01
-6.143083572387695312e-01,-2.361585050821304321e-01
-4.328832030296325684e-01,-3.474083840847015381e-01
-1.784366816282272339e-01,-6.449466943740844727e-01
-1.370816081762313843e-01,-3.538050353527069092e-01
-6.486967951059341431e-02,-2.987501323223114014e-01
1.266795992851257324e-01,-2.106239944696426392e-01
1.389867812395095825e-01,-2.284215390682220459e-01
3.311186134815216064e-01,-1.789329200983047485e-01
4.003380537033081055e-01,-3.126004934310913086e-01
4.003380537033081055e-01,-2.653993666172027588e-01
3.775510787963867188e-01,-2.831666171550750732e-01
3.775510787963867188e-01,-3.021872341632843018e-01
3.642198443412780762e-01,-6.449466943740844727e-01
1.476576030254364014e-01,-6.449466943740844727e-01
-5.933796055614948273e-03,-6.449466943740844727e-01
-8.633825927972793579e-02,-6.449466943740844727e-01
-2.332333773374557495e-01,-6.449466943740844727e-01
-4.494644701480865479e-01,-6.449466943740844727e-01
-7.330263257026672363e-01,-6.449466943740844727e-01
-1.074499964714050293e+00,-3.614647388458251953e-01
-1.269109249114990234e+00,-3.619266450405120850e-01
-1.639802455902099609e+00,-2.553359568119049072e-01
-1.944783806800842285e+00,-2.076566219329833984e-01
-2.227057933807373047e+00,-1.786555051803588867e-01
-2.227057933807373047e+00,-9.082961082458496094e-02
-2.227057933807373047e+00,-3.140411674976348877e-01
-1.913939237594604492e+00,1.359269320964813232e-01
-1.849177837371826172e+00,2.498329132795333862e-01
-1.849177837371826172e+00,2.907026112079620361e-01
-1.716454029083251953e+00,2.960471063852310181e-02
-1.681016445159912109e+00,3.407162800431251526e-02
-1.622663140296936035e+00,-1.163165941834449768e-01
-9.891223907470703125e-01,1.639974489808082581e-02
-3.829615414142608643e-01,2.268471866846084595e-01
1.132931634783744812e-01,1.869437843561172485e-01
4.863472878932952881e-01,3.309490382671356201e-01
6.115285754203796387e-01,2.099876254796981812e-01
8.696604967117309570e-01,4.921218454837799072e-01
8.696604967117309570e-01,7.266662120819091797e-01
8.696604967117309570e-01,2.494452334940433502e-02
8.696604967117309570e-01,-2.210759073495864868e-01
8.472291231155395508e-01,-4.097567200660705566e-01
8.359705805778503418e-01,-4.732358157634735107e-01
8.359705805778503418e-01,-2.005172073841094971e-01
5.683399438858032227e-01,-9.917863607406616211e-01
3.823893368244171143e-01,-9.462921619415283203e-01
3.823893368244171143e-01,-1.034436225891113281e+00
3.823893368244171143e-01,-1.334007263183593750e+00
5.001139044761657715e-01,-1.849202066659927368e-01
7.623543739318847656e-01,-3.760633766651153564e-01
1.311541557312011719e+00,-2.840417623519897461e-01
1.489318132400512695e+00,-2.832427620887756348e-01
1.608538985252380371e+00,-3.300926983356475830e-01
1.620324850082397461e+00,-1.696300655603408813e-01
1.620324850082397461e+00,4.922315776348114014e-01
1.620324850082397461e+00,4.569126665592193604e-01
1.413016080856323242e+00,2.725391685962677002e-01
1.162193655967712402e+00,1.062704324722290039e-01
9.244019985198974609e-01,-4.191752523183822632e-02
5.473987460136413574e-01,-1.824231296777725220e-01
2.075991630554199219e-01,6.266364455223083496e-02
-3.160416185855865479e-01,8.453278243541717529e-02
-6.110398769378662109e-01,-5.101825296878814697e-02
-6.110398769378662109e-01,1.590965315699577332e-02
-6.110398769378662109e-01,-1.296342760324478149e-01
-5.530790090560913086e-01,-3.112904727458953857e-01
-4.783345162868499756e-01,-3.067006170749664307e-01
-3.067024052143096924e-01,-3.933318257331848145e-01
-1.125960275530815125e-01,-4.030637443065643311e-01
-5.863943323493003845e-02,-3.735616207122802734e-01
1.079275533556938171e-01,-3.205299377441406250e-01
1.268206387758255005e-01,-2.765108048915863037e-01
2.419084161520004272e-01,-3.026087880134582520e-01
2.652963399887084961e-01,-6.449466943740844727e-01
2.652963399887084961e-01,-2.785439193248748779e-01
2.792714536190032959e-01,-1.997303217649459839e-01
3.017763793468475342e-01,-1.099989339709281921e-01
3.450998663902282715e-01,-1.756854951381683350e-01
3.645632266998291016e-01,-3.557709157466888428e-01
3.651396632194519043e-01,-4.066309928894042969e-01
3.651396632194519043e-01,-6.449466943740844727e-01
3.450998663902282715e-01,-6.449466943740844727e-01
2.614147067070007324e-01,-6.449466943740844727e-01
2.513825595378875732e-01,-6.449466943740844727e-01
2.222058922052383423e-01,-6.449466943740844727e-01
2.200228422880172729e-01,-3.498824238777160645e-01
2.200228422880172729e-01,-2.605213224887847900e-01
2.222058922052383423e-01,-1.711836308240890503e-01
3.258817791938781738e-01,-1.832072436809539795e-01
3.268935680389404297e-01,-1.650368422269821167e-01
4.378299117088317871e-01,-9.288818389177322388e-02
6.227135658264160156e-01,-2.010074108839035034e-01
7.569826245307922363e-01,2.871673787012696266e-03
7.569826245307922363e-01,-1.171116009354591370e-01
7.569826245307922363e-01,-1.861459463834762573e-01
7.508689165115356445e-01,-2.021348327398300171e-01
7.448532581329345703e-01,-6.449466943740844727e-01
6.205734610557556152e-01,-6.449466943740844727e-01
5.721603035926818848e-01,-3.510991036891937256e-01
4.158339500427246094e-01,-3.879612088203430176e-01
2.079977542161941528e-01,-3.297828733921051025e-01
5.823278799653053284e-02,-3.112191557884216309e-01
-1.143191531300544739e-01,-6.449466943740844727e-01
-3.628297746181488037e-01,-6.449466943740844727e-01
-4.884954690933227539e-01,-3.708965480327606201e-01
-5.650366544723510742e-01,-3.427771627902984619e-01
-5.821636915206909180e-01,-2.631522119045257568e-01
-5.821636915206909180e-01,-1.691897809505462646e-01
-5.821636915206909180e-01,-2.401692122220993042e-01
-3.600580394268035889e-01,-2.786785662174224854e-01
-1.612483263015747070e-01,-6.449466943740844727e-01
5.872949212789535522e-02,-6.449466943740844727e-01
2.086906731128692627e-01,-1.090862989425659180e+00
2.493160218000411987e-01,-1.075559735298156738e+00
2.785724103450775146e-01,-1.059534668922424316e+00
3.513239622116088867e-01,-5.082095265388488770e-01
3.513239622116088867e-01,-2.483158558607101440e-01
3.891653418540954590e-01,-1.643448919057846069e-01
3.891653418540954590e-01,-9.951002895832061768e-02
3.615707457065582275e-01,-3.240279853343963623e-01
3.373672366142272949e-01,-2.916238605976104736e-01
1.978000253438949585e-01,-2.626017034053802490e-01
1.278140395879745483e-01,-5.790371894836425781e-01
-8.377502858638763428e-02,-6.956250667572021484e-01
-8.487880975008010864e-02,-7.671647071838378906e-01
-1.243329197168350220e-01,-9.072422981262207031e-01
-2.127643376588821411e-01,-3.688993752002716064e-01
-2.636548578739166260e-01,-6.449466943740844727e-01
-2.637959122657775879e-01,-6.449466943740844727e-01
-3.109765052795410156e-01,-3.403067290782928467e-01
-3.218794167041778564e-01,-6.189966201782226562e-01
-4.580617249011993408e-01,-3.142966330051422119e-01
-5.198919773101806641e-01,-8.343676477670669556e-02
-5.198919773101806641e-01,3.176882490515708923e-02
-5.198919773101806641e-01,6.001004204154014587e-02
-4.393280744552612305e-01,6.069971248507499695e-02
-2.428546845912933350e-01,-4.671036601066589355e-01
1.482524275779724121e-01,-4.296219348907470703e-01
5.951312184333801270e-01,-9.319342374801635742e-01
1.107157826423645020e+00,-9.076766967773437500e-01
1.477808117866516113e+00,-4.145539700984954834e-01
1.764724254608154297e+00,5.182840228080749512e-01
1.958720207214355469e+00,5.756388306617736816e-01
1.986241221427917480e+00,1.417809873819351196e-01
1.986241221427917480e+00,4.908643662929534912e-01
1.986241221427917480e+00,4.337778985500335693e-01
1.681811690330505371e+00,1.888002604246139526e-01
1.328129053115844727e+00,9.379838407039642334e-02
9.629485011100769043e-01,-4.694603383541107178e-01
7.008613944053649902e-01,-1.252597570419311523e+00
4.296802878379821777e-01,-1.366474866867065430e+00
1.685068458318710327e-01,-1.498430371284484863e+00
-6.252666935324668884e-03,-1.195115447044372559e+00
-1.704955846071243286e-01,-1.561091303825378418e+00
-4.860610067844390869e-01,-1.685911655426025391e+00
-5.425317883491516113e-01,-1.380186438560485840e+00
-5.623201727867126465e-01,-6.085405349731445312e-01
-5.723768472671508789e-01,-4.136755466461181641e-01
-5.723768472671508789e-01,-2.203698158264160156e-01
-6.534987688064575195e-01,-3.351455926895141602e-01
-6.534987688064575195e-01,-5.492253899574279785e-01
-6.534987688064575195e-01,-6.294440031051635742e-01
-3.623269200325012207e-01,-7.625293731689453125e-01
-3.100014925003051758e-01,-1.403347998857498169e-01
-2.974490225315093994e-01,-1.482437103986740112e-01
-1.776149719953536987e-01,-1.708170026540756226e-01
1.487736552953720093e-01,-2.758613526821136475e-01
1.730752736330032349e-01,-4.776089489459991455e-01
3.309530317783355713e-01,-7.288810610771179199e-01
3.309530317783355713e-01,-3.234193921089172363e-01
4.521545469760894775e-01,-2.472260147333145142e-01
4.615980386734008789e-01,-1.323196142911911011e-01
4.615980386734008789e-01,-7.066395282745361328e-01
4.521545469760894775e-01,-1.207396760582923889e-02
1.770366281270980835e-01,-5.659713745117187500e-01
1.770366281270980835e-01,1.100300922989845276e-01
1.770366281270980835e-01,1.533310711383819580e-01
1.972603946924209595e-01,-9.067376703023910522e-02
1.972603946924209595e-01,5.145404487848281860e-02
1.972603946924209595e-01,-2.609920501708984375e-01
3.769016265869140625e-02,1.383544653654098511e-01
-1.959991008043289185e-01,4.346893727779388428e-01
-1.959991008043289185e-01,-1.254096478223800659e-01
-2.155973762273788452e-01,1.319871842861175537e-02
-2.232012152671813965e-01,-7.977752014994621277e-03
-1.959991008043289185e-01,-4.596576392650604248e-01
-3.073401451110839844e-01,-6.449466943740844727e-01
-4.268369078636169434e-01,-6.449466943740844727e-01
-4.268369078636169434e-01,-6.449466943740844727e-01
-5.840708017349243164e-01,-6.449466943740844727e-01
-6.275353431701660156e-01,-3.310934603214263916e-01
-8.224756717681884766e-01,-2.925248742103576660e-01
-8.224756717681884766e-01,-9.996501207351684570e-01
-8.224756717681884766e-01,-6.708717346191406250e-01
-7.448674440383911133e-01,-8.056167364120483398e-01
-5.382883548736572266e-01,6.906282156705856323e-02
-3.419559895992279053e-01,-4.975051060318946838e-02
-1.825270475819706917e-03,-6.586293131113052368e-02
1.886263489723205566e-01,-3.596445918083190918e-01
5.241212248802185059e-01,-1.145129203796386719e-01
6.528468132019042969e-01,-9.771066904067993164e-02
6.628605723381042480e-01,-1.960099190473556519e-01
7.418362498283386230e-01,-1.276035904884338379e-01
7.418362498283386230e-01,-2.105524539947509766e-01
7.418362498283386230e-01,-7.901506125926971436e-02
6.733097434043884277e-01,5.647460743784904480e-02
6.733097434043884277e-01,-4.249924421310424805e-01
6.733097434043884277e-01,-2.386942058801651001e-01
6.989175081253051758e-01,-6.449466943740844727e-01
7.227469682693481445e-01,-6.449466943740844727e-01
7.689402699470520020e-01,-6.449466943740844727e-01
7.689402699470520020e-01,-6.449466943740844727e-01
7.689402699470520020e-01,-4.080245494842529297e-01
7.411310672760009766e-01,-1.284532308578491211e+00
6.262211203575134277e-01,-1.312610507011413574e+00
5.736197233200073242e-01,-1.269127845764160156e+00
5.160145163536071777e-01,-1.171455860137939453e+00
5.160145163536071777e-01,-5.852094665169715881e-02
5.160145163536071777e-01,4.605087935924530029e-01
7.194294929504394531e-01,4.767714440822601318e-01
1.086461901664733887e+00,1.084762692451477051e+00
1.086461901664733887e+00,1.331365108489990234e+00
1.122880578041076660e+00,1.494589567184448242e+00
1.126345157623291016e+00,1.456182956695556641e+00
1.126345157623291016e+00,1.018033862113952637e+00
1.312240719795227051e+00,6.264439821243286133e-01
1.312240719795227051e+00,2.227838635444641113e-01
1.312240719795227051e+00,8.337306976318359375e-02
1.255604386329650879e+00,2.163226008415222168e-01
9.521682262420654297e-01,-1.049005746841430664e+00
5.974001288414001465e-01,-1.798032671213150024e-01
8.733586966991424561e-02,-5.161381363868713379e-01
-2.980622351169586182e-01,-1.353680729866027832e+00
-2.980622351169586182e-01,-8.316682577133178711e-01
-2.980622351169586182e-01,-4.401812851428985596e-01
-2.980622351169586182e-01,-7.252407670021057129e-01
-2.980622351169586182e-01,-7.170457839965820312e-01
-2.777035832405090332e-01,-7.110747694969177246e-01
-2.777035832405090332e-01,-8.848124742507934570e-01
-2.777035832405090332e-01,-4.085606932640075684e-01
-2.659605443477630615e-01,-6.449466943740844727e-01
-2.659605443477630615e-01,-6.449466943740844727e-01
-2.655926048755645752e-01,-6.449466943740844727e-01
-2.512556910514831543e-01,-6.449466943740844727e-01
-1.884136497974395752e-01,-3.465395867824554443e-01
-1.541289240121841431e-01,-3.148370683193206787e-01
-1.342179030179977417e-01,-3.139645159244537354e-01
-1.168946474790573120e-01,-3.003110289573669434e-01
-4.032276943325996399e-02,-4.300801455974578857e-01
-3.614678978919982910e-02,-6.449466943740844727e-01
-3.336893767118453979e-02,-3.150107264518737793e-01
2.436558250337839127e-03,-8.300380706787109375e-01
6.925276014953851700e-03,-1.052635669708251953e+00
4.420248046517372131e-02,-1.020809888839721680e+00
7.071167230606079102e-02,-1.080870985984802246e+00
8.275517076253890991e-02,-4.584288299083709717e-01
9.126656502485275269e-02,-3.837396204471588135e-01
9.126656502485275269e-02,-6.186117231845855713e-02
9.228449314832687378e-02,-3.790180757641792297e-02
9.038353711366653442e-02,-1.238583251833915710e-01
1.069648116827011108e-01,-6.449466943740844727e-01
1.073695272207260132e-01,-6.449466943740844727e-01
1.077865138649940491e-01,-6.449466943740844727e-01
1.523793488740921021e-01,-6.449466943740844727e-01
1.523793488740921021e-01,-6.449466943740844727e-01
1.077865138649940491e-01,-6.449466943740844727e-01
4.974592477083206177e-02,-6.449466943740844727e-01
-2.287073247134685516e-02,-6.449466943740844727e-01
-1.200894862413406372e-01,-6.449466943740844727e-01
-1.755668520927429199e-01,-6.449466943740844727e-01
-3.225355446338653564e-01,-3.828938901424407959e-01
-3.828266263008117676e-01,-3.332426548004150391e-01
-5.250613689422607422e-01,-3.180893957614898682e-01
-6.120639443397521973e-01,-3.698189556598663330e-01
-7.193210124969482422e-01,-6.449466943740844727e-01
-8.008353710174560547e-01,-6.449466943740844727e-01
-8.983300924301147461e-01,-6.449466943740844727e-01
-9.549541473388671875e-01,-6.449466943740844727e-01
-9.549541473388671875e-01,-6.449466943740844727e-01
-9.549541473388671875e-01,-6.449466943740844727e-01
-9.455474615097045898e-01,-6.449466943740844727e-01
-8.960121273994445801e-01,-6.449466943740844727e-01
-7.701747417449951172e-01,-6.449466943740844727e-01
-6.699083447456359863e-01,-6.449466943740844727e-01
-5.055795907974243164e-01,-6.449466943740844727e-01
-4.338949918746948242e-01,-6.449466943740844727e-01
-3.417475223541259766e-01,-6.449466943740844727e-01
-1.888674348592758179e-01,-6.449466943740844727e-01
-4.492799565196037292e-02,-6.449466943740844727e-01
5.423464253544807434e-02,-6.449466943740844727e-01
1.763007789850234985e-01,-6.449466943740844727e-01
2.839257419109344482e-01,-6.449466943740844727e-01
3.894903361797332764e-01,-6.449466943740844727e-01
3.894903361797332764e-01,-6.449466943740844727e-01
3.894903361797332764e-01,-6.449466943740844727e-01
2.532467246055603027e-01,-6.449466943740844727e-01
1.072100922465324402e-01,-6.449466943740844727e-01
-4.034729674458503723e-02,-6.449466943740844727e-01
-2.042468041181564331e-01,-6.449466943740844727e-01
-3.581019043922424316e-01,-6.449466943740844727e-01
-5.636630654335021973e-01,-3.834178447723388672e-01
-6.593794822692871094e-01,-3.541344106197357178e-01
-8.138232231140136719e-01,-1.577946990728378296e-01
-9.048301577568054199e-01,-8.016321063041687012e-02
-9.960393905639648438e-01,-1.768423020839691162e-01
-9.960393905639648438e-01,-2.205870747566223145e-01
-9.960393905639648438e-01,-1.693348139524459839e-01
-8.801115155220031738e-01,-2.251270413398742676e-01
-8.055877685546875000e-01,-2.838424444198608398e-01
-5.936307907104492188e-01,-3.166226446628570557e-01
-4.996988475322723389e-01,-6.449466943740844727e-01
-3.734444677829742432e-01,-6.449466943740844727e-01
-1.962014585733413696e-01,-6.449466943740844727e-01
-1.194824054837226868e-01,-6.449466943740844727e-01
-2.671504160389304161e-03,-6.449466943740844727e-01
8.526320755481719971e-02,-6.449466943740844727e-01
1.493868678808212280e-01,-6.449466943740844727e-01
2.463787347078323364e-01,-6.449466943740844727e-01
2.611081004142761230e-01,-6.449466943740844727e-01
2.646218240261077881e-01,-6.449466943740844727e-01
2.791856229305267334e-01,-6.449466943740844727e-01
4.143683910369873047e-01,-3.812729418277740479e-01
4.228061735630035400e-01,-3.597611486911773682e-01
4.268472492694854736e-01,-3.305668234825134277e-01
4.497875571250915527e-01,-3.390527069568634033e-01
5.826032757759094238e-01,-3.775280714035034180e-01
5.988227725028991699e-01,-3.223492205142974854e-01
6.037713885307312012e-01,-2.430495321750640869e-01
6.065431237220764160e-01,-2.109355777502059937e-01
6.065431237220764160e-01,-2.680207788944244385e-01
6.065431237220764160e-01,-6.449466943740844727e-01
5.618215203285217285e-01,-6.449466943740844727e-01
5.508021116256713867e-01,-6.449466943740844727e-01
3.342827856540679932e-01,-6.449466943740844727e-01
3.079698383808135986e-01,-6.449466943740844727e-01
2.008967399597167969e-01,-4.716396033763885498e-01
1.454132497310638428e-01,-5.999567508697509766e-01
1.454132497310638428e-01,-4.897773861885070801e-01
1.454132497310638428e-01,-3.069155514240264893e-01
1.638770848512649536e-01,-3.176622688770294189e-01
3.098830580711364746e-01,-2.059391289949417114e-01
4.937181174755096436e-01,-2.448773980140686035e-01
6.234248876571655273e-01,3.140988051891326904e-01
6.740394830703735352e-01,1.920884996652603149e-01
6.958146691322326660e-01,6.651486456394195557e-02
7.275974750518798828e-01,5.861781239509582520e-01
7.653346061706542969e-01,1.005988121032714844e+00
7.653346061706542969e-01,1.206875205039978027e+00
7.653346061706542969e-01,1.131907701492309570e+00
6.517246365547180176e-01,9.597138166427612305e-01
4.079664349555969238e-01,8.211842775344848633e-01
-8.191699534654617310e-02,1.621745377779006958e-01
-6.645917892456054688e-01,1.516077481210231781e-02
-1.099065303802490234e+00,-3.931768238544464111e-01
-1.214245080947875977e+00,-1.063938498497009277e+00
-1.226503133773803711e+00,-3.125904798507690430e-01
-1.226503133773803711e+00,-2.964053452014923096e-01
-1.226503133773803711e+00,1.623407565057277679e-02
-9.815185666084289551e-01,3.001277521252632141e-02
-9.157391786575317383e-01,-2.873905599117279053e-01
-8.726119399070739746e-01,-2.878366708755493164e-01
-8.472862839698791504e-01,-6.449466943740844727e-01
-7.806239128112792969e-01,-6.449466943740844727e-01
-6.840245127677917480e-01,-6.449466943740844727e-01
-5.397232770919799805e-01,-6.449466943740844727e-01
-4.153085052967071533e-01,-6.449466943740844727e-01
-3.137788772583007812e-01,-6.449466943740844727e-01
-1.521175950765609741e-01,-6.449466943740844727e-01
-7.095275074243545532e-02,-6.449466943740844727e-01
-2.460612542927265167e-02,-6.449466943740844727e-01
-2.460612542927265167e-02,-6.449466943740844727e-01
-2.460612542927265167e-02,-6.449466943740844727e-01
-7.595042884349822998e-02,-3.868294060230255127e-01
-1.210215687751770020e-01,-3.433031737804412842e-01
-2.188719362020492554e-01,-2.377947866916656494e-01
-3.385710716247558594e-01,-1.583016365766525269e-01
-4.922054111957550049e-01,-3.455281555652618408e-01
-5.802688598632812500e-01,-3.864285647869110107e-01
-6.112422943115234375e-01,-6.449466943740844727e-01
-7.419179081916809082e-01,-6.449466943740844727e-01
-7.744549512863159180e-01,-6.449466943740844727e-01
-9.534149765968322754e-01,-6.449466943740844727e-01
-1.106521964073181152e+00,-4.132609665393829346e-01
-1.310384511947631836e+00,-3.790607452392578125e-01
-1.519533038139343262e+00,-3.703626990318298340e-02
-1.674675822257995605e+00,-2.053399011492729187e-02
-1.752517104148864746e+00,-2.596883475780487061e-01
-1.752517104148864746e+00,-3.157841265201568604e-01
-1.752517104148864746e+00,-6.449466943740844727e-01
-1.699897289276123047e+00,-6.449466943740844727e-01
-1.633461833000183105e+00,-6.449466943740844727e-01
-1.633461833000183105e+00,-6.449466943740844727e-01
-1.633461833000183105e+00,-6.449466943740844727e-01
-1.611754059791564941e+00,-3.546146750450134277e-01
-1.611754059791564941e+00,-3.630056083202362061e-01
-1.395044684410095215e+00,-3.549810051918029785e-01
-1.215342760086059570e+00,-2.960560321807861328e-01
-1.165856480598449707e+00,-6.449466943740844727e-01
-1.165856480598449707e+00,-6.449466943740844727e-01
-1.165856480598449707e+00,-6.449466943740844727e-01
-1.280655980110168457e+00,-6.449466943740844727e-01
-1.371773242950439453e+00,-6.449466943740844727e-01
-1.411558508872985840e+00,-6.449466943740844727e-01
-1.411558508872985840e+00,-6.449466943740844727e-01
-1.499346017837524414e+00,-6.449466943740844727e-01
-1.543644547462463379e+00,-6.449466943740844727e-01
-1.793222188949584961e+00,-6.449466943740844727e-01
-1.793222188949584961e+00,-6.449466943740844727e-01
-1.793222188949584961e+00,-6.449466943740844727e-01
-1.683904767036437988e+00,-6.449466943740844727e-01
-1.630242466926574707e+00,-6.449466943740844727e-01
-1.630242466926574707e+00,-6.449466943740844727e-01
-1.630242466926574707e+00,-6.449466943740844727e-01
-1.642752051353454590e+00,-6.449466943740844727e-01
-1.660946011543273926e+00,-6.449466943740844727e-01
-1.660946011543273926e+00,-6.449466943740844727e-01
-1.642752051353454590e+00,-6.449466943740844727e-01
-1.642752051353454590e+00,-6.449466943740844727e-01
-1.660946011543273926e+00,-6.449466943740844727e-01
-1.626293420791625977e+00,-6.449466943740844727e-01
-1.626293420791625977e+00,-6.449466943740844727e-01
-1.626293420791625977e+00,-6.449466943740844727e-01
-1.556362628936767578e+00,-6.449466943740844727e-01
-1.448388099670410156e+00,-6.449466943740844727e-01
-1.380045533180236816e+00,-6.449466943740844727e-01
-1.327223420143127441e+00,-6.449466943740844727e-01
-1.326456904411315918e+00,-6.449466943740844727e-01
-1.146718025207519531e+00,-3.467447161674499512e-01
-1.085145354270935059e+00,-3.552929461002349854e-01
-8.411111831665039062e-01,-2.792655825614929199e-01
-6.681239008903503418e-01,-2.882542014122009277e-01
-5.202108025550842285e-01,-6.449466943740844727e-01
-4.851105213165283203e-01,-6.449466943740844727e-01
-4.692344367504119873e-01,-6.449466943740844727e-01
-4.670207500457763672e-01,-6.449466943740844727e-01
-4.130825400352478027e-01,-6.449466943740844727e-01
-3.624127805233001709e-01,-3.069781661033630371e-01
-3.450588583946228027e-01,-2.946600615978240967e-01
-3.325063884258270264e-01,-1.918322890996932983e-01
-3.314087390899658203e-01,-2.487456649541854858e-01
-3.311144113540649414e-01,-6.449466943740844727e-01
-2.971546649932861328e-01,-6.449466943740844727e-01
-2.814932167530059814e-01,-6.449466943740844727e-01
-2.814932167530059814e-01,-6.449466943740844727e-01
-2.803281247615814209e-01,-6.449466943740844727e-01
-2.656171321868896484e-01,-6.449466943740844727e-01
-2.803281247615814209e-01,-6.449466943740844727e-01
-2.803281247615814209e-01,-6.449466943740844727e-01
-2.803281247615814209e-01,-6.449466943740844727e-01
-2.817569077014923096e-01,-6.449466943740844727e-01
-2.817569077014923096e-01,-6.449466943740844727e-01
-2.817569077014923096e-01,-6.449466943740844727e-01
-2.897593379020690918e-01,-6.449466943740844727e-01
-2.947876751422882080e-01,-3.632191419601440430e-01
-3.354682028293609619e-01,-3.185377418994903564e-01
-3.403984308242797852e-01,-2.832145988941192627e-01
-3.719666302204132080e-01,-3.304911553859710693e-01
-4.062758982181549072e-01,-6.449466943740844727e-01
-4.723004996776580811e-01,-6.449466943740844727e-01
-5.056960582733154297e-01,-6.449466943740844727e-01
-5.137659311294555664e-01,-6.449466943740844727e-01
-5.229089856147766113e-01,-6.449466943740844727e-01
-5.229089856147766113e-01,-6.449466943740844727e-01
-5.137659311294555664e-01,-6.449466943740844727e-01
-4.265977740287780762e-01,-6.449466943740844727e-01
-3.551032841205596924e-01,-6.449466943740844727e-01
-2.303880751132965088e-01,-6.449466943740844727e-01
-5.399128049612045288e-02,-6.449466943740844727e-01
2.119529694318771362e-01,-5.339186191558837891e-01
4.980228543281555176e-01,-5.204259157180786133e-01
7.145421504974365234e-01,-5.383577346801757812e-01
1.051698803901672363e+00,-6.588498950004577637e-01
1.266519546508789062e+00,-3.231758177280426025e-01
1.485350608825683594e+00,3.090423718094825745e-02
1.525516033172607422e+00,5.166298747062683105e-01
1.525516033172607422e+00,5.926752090454101562e-01
1.525516033172607422e+00,4.221350550651550293e-01
1.447619676589965820e+00,7.736257314682006836e-01
1.213347792625427246e+00,4.694917798042297363e-01
1.016923546791076660e+00,1.088785007596015930e-01
7.492316365242004395e-01,1.495841145515441895e-01
5.003714561462402344e-01,-6.449466943740844727e-01
2.159817814826965332e-01,-6.449466943740844727e-01
7.770843058824539185e-02,-3.385287821292877197e-01
-4.372610151767730713e-02,-3.484154641628265381e-01
-9.785439074039459229e-02,-2.933371365070343018e-01
-2.115624397993087769e-01,-2.753910422325134277e-01
-3.287167251110076904e-01,-6.449466943740844727e-01
-3.380498290061950684e-01,-6.449466943740844727e-01
-3.501791954040527344e-01,-6.449466943740844727e-01
-4.277628660202026367e-01,-6.449466943740844727e-01
-4.561852812767028809e-01,-6.449466943740844727e-01
-4.975280761718750000e-01,-6.449466943740844727e-01
-4.975280761718750000e-01,-6.449466943740844727e-01
-4.975280761718750000e-01,-6.449466943740844727e-01
-4.975280761718750000e-01,-6.449466943740844727e-01
-4.975280761718750000e-01,-6.449466943740844727e-01
-5.039116144180297852e-01,-6.449466943740844727e-01
-5.049540996551513672e-01,-6.449466943740844727e-01
-5.364487171173095703e-01,-3.188796639442443848e-01
-5.709787011146545410e-01,-3.234433233737945557e-01
-5.709787011146545410e-01,-2.737569510936737061e-01
-5.709787011146545410e-01,-3.002549111843109131e-01
-4.980983734130859375e-01,-6.449466943740844727e-01
-4.980983734130859375e-01,-6.449466943740844727e-01
-4.980983734130859375e-01,-6.449466943740844727e-01
-5.381902456283569336e-01,-6.449466943740844727e-01
-6.018356084823608398e-01,-6.449466943740844727e-01
-6.810013651847839355e-01,-6.449466943740844727e-01
-8.186615109443664551e-01,-6.449466943740844727e-01
-1.017140030860900879e+00,-6.449466943740844727e-01
-1.108729481697082520e+00,-6.449466943740844727e-01
-1.188704729080200195e+00,-6.449466943740844727e-01
-1.206935524940490723e+00,-6.449466943740844727e-01
-1.257807731628417969e+00,-6.449466943740844727e-01
-1.375041723251342773e+00,-6.449466943740844727e-01
-1.460609436035156250e+00,-6.449466943740844727e-01
-1.513548135757446289e+00,-6.449466943740844727e-01
-1.542503952980041504e+00,-6.449466943740844727e-01
-1.633694887161254883e+00,-6.449466943740844727e-01
-1.633694887161254883e+00,-6.449466943740844727e-01
-1.687706589698791504e+00,-6.449466943740844727e-01
-1.719133853912353516e+00,-6.449466943740844727e-01
-1.721789002418518066e+00,-6.449466943740844727e-01
-1.721789002418518066e+00,-6.449466943740844727e-01
-1.721789002418518066e+00,-6.449466943740844727e-01
-1.600317716598510742e+00,-6.449466943740844727e-01
-1.524267077445983887e+00,-6.449466943740844727e-01
-1.412318944931030273e+00,-6.449466943740844727e-01
-1.407247662544250488e+00,-6.449466943740844727e-01
-1.361741065979003906e+00,-6.449466943740844727e-01
-1.302670359611511230e+00,-6.449466943740844727e-01
-7.914593815803527832e-01,-6.449466943740844727e-01
-7.031935453414916992e-01,-6.449466943740844727e-01
-6.349122524261474609e-01,-6.449466943740844727e-01
-5.389383435249328613e-01,-6.449466943740844727e-01
-5.389383435249328613e-01,-6.449466943740844727e-01
-5.389383435249328613e-01,-6.449466943740844727e-01
-5.389383435249328613e-01,-6.449466943740844727e-01
-5.376628637313842773e-01,-6.449466943740844727e-01
-5.443407297134399414e-01,-3.105945587158203125e-01
-5.462662577629089355e-01,-2.823980748653411865e-01
-5.707027912139892578e-01,-2.237123399972915649e-01
-5.707027912139892578e-01,-2.056337594985961914e-01
-5.707027912139892578e-01,-6.449466943740844727e-01
-5.480445623397827148e-01,-6.449466943740844727e-01
-4.177920222282409668e-01,-6.449466943740844727e-01
-4.166514575481414795e-01,-6.449466943740844727e-01
-4.026518166065216064e-01,-6.449466943740844727e-01
-4.166514575481414795e-01,-6.449466943740844727e-01
-4.177920222282409668e-01,-6.449466943740844727e-01
-4.838779568672180176e-01,-6.449466943740844727e-01
-4.880048930644989014e-01,-6.449466943740844727e-01
-5.133673548698425293e-01,-6.449466943740844727e-01
-5.287283658981323242e-01,-6.449466943740844727e-01
-6.310674548149108887e-01,-6.449466943740844727e-01
-6.640582680702209473e-01,-6.449466943740844727e-01
-6.866613030433654785e-01,-6.449466943740844727e-01
-7.515698671340942383e-01,-6.449466943740844727e-01
-7.970948219299316406e-01,-3.602971136569976807e-01
-9.128816127777099609e-01,-3.719806969165802002e-01
-9.942427277565002441e-01,-3.275253474712371826e-01
-1.038387894630432129e+00,-3.084701895713806152e-01
-1.079614162445068359e+00,-6.449466943740844727e-01
-1.110661149024963379e+00,-6.449466943740844727e-01
-1.110661149024963379e+00,-6.449466943740844727e-01
-1.110661149024963379e+00,-6.449466943740844727e-01
-1.096367120742797852e+00,-6.449466943740844727e-01
-1.019850492477416992e+00,-6.449466943740844727e-01
-9.914035201072692871e-01,-6.449466943740844727e-01
-9.851732850074768066e-01,-6.449466943740844727e-01
-9.047994613647460938e-01,-6.449466943740844727e-01
-7.389438152313232422e-01,-6.449466943740844727e-01
-6.852079629898071289e-01,-6.449466943740844727e-01
-6.182083487510681152e-01,-6.449466943740844727e-01
-5.167461633682250977e-01,-6.449466943740844727e-01
-4.102863073348999023e-01,-6.449466943740844727e-01
-3.781539499759674072e-01,-6.449466943740844727e-01
-3.158024847507476807e-01,-6.449466943740844727e-01
-2.925004065036773682e-01,-6.449466943740844727e-01
-2.495509684085845947e-01,-3.930222094058990479e-01
-2.451481074094772339e-01,-3.490090072154998779e-01
-2.451481074094772339e-01,-3.247092068195343018e-01
-2.451481074094772339e-01,-2.161436825990676880e-01
-2.428792119026184082e-01,-3.847065269947052002e-01
-2.428792119026184082e-01,-3.919231593608856201e-01
-2.375749200582504272e-01,-2.620816528797149658e-01
-2.162167280912399292e-01,-3.320832848548889160e-01
-2.080180644989013672e-01,-3.106708228588104248e-01
-1.890452653169631958e-01,-2.992911040782928467e-01
-1.802395284175872803e-01,-3.848179876804351807e-01
-1.293183416128158569e-01,-3.613827228546142578e-01
-1.201201453804969788e-01,-3.276884257793426514e-01
-1.201201453804969788e-01,-3.164523541927337646e-01
-1.220517680048942566e-01,-6.449466943740844727e-01
-1.220517680048942566e-01,-6.449466943740844727e-01
-1.229531913995742798e-01,-6.449466943740844727e-01
-1.272150129079818726e-01,-6.449466943740844727e-01
-1.272150129079818726e-01,-6.449466943740844727e-01
-1.272150129079818726e-01,-6.449466943740844727e-01
-1.272150129079818726e-01,-6.449466943740844727e-01
-1.479967981576919556e-01,-6.449466943740844727e-01
-1.628917455673217773e-01,-6.449466943740844727e-01
-2.260526567697525024e-01,-6.449466943740844727e-01
-2.314979881048202515e-01,-6.449466943740844727e-01
-2.315347790718078613e-01,-6.449466943740844727e-01
-2.807328402996063232e-01,-6.449466943740844727e-01
-2.807328402996063232e-01,-6.449466943740844727e-01
-2.848291099071502686e-01,-6.449466943740844727e-01
-3.080085515975952148e-01,-6.449466943740844727e-01
-3.271959722042083740e-01,-6.449466943740844727e-01
-3.298757076263427734e-01,-6.449466943740844727e-01
-3.298757076263427734e-01,-6.449466943740844727e-01
-3.503570258617401123e-01,-6.449466943740844727e-01
-3.503570258617401123e-01,-6.449466943740844727e-01
-3.503570258617401123e-01,-6.449466943740844727e-01
-3.292931616306304932e-01,-6.449466943740844727e-01
-3.292931616306304932e-01,-3.572476506233215332e-01
-3.179425895214080811e-01,-3.845987319946289062e-01
-3.292931616306304932e-01,-3.357410728931427002e-01
-3.292931616306304932e-01,-3.193154335021972656e-01
-3.366394639015197754e-01,-6.449466943740844727e-01
-3.366394639015197754e-01,-6.449466943740844727e-01
-3.368785977363586426e-01,-6.449466943740844727e-01
-3.719666302204132080e-01,-6.449466943740844727e-01
-3.719666302204132080e-01,-6.449466943740844727e-01
-3.901484012603759766e-01,-6.449466943740844727e-01
-4.009409546852111816e-01,-6.449466943740844727e-01
-4.009409546852111816e-01,-6.449466943740844727e-01
-3.901484012603759766e-01,-4.631379544734954834e-01
-4.009409546852111816e-01,-4.221197664737701416e-01
-4.009409546852111816e-01,-4.110015928745269775e-01
-4.134872853755950928e-01,-3.868711292743682861e-01
-4.134872853755950928e-01,-4.256065785884857178e-01
-4.178410768508911133e-01,-6.449466943740844727e-01
-4.178410768508911133e-01,-6.449466943740844727e-01
-4.411799609661102295e-01,-6.449466943740844727e-01
-4.504026770591735840e-01,-6.449466943740844727e-01
-4.504026770591735840e-01,-6.449466943740844727e-01
-4.504026770591735840e-01,-6.449466943740844727e-01
-4.222500920295715332e-01,-6.449466943740844727e-01
-4.088513851165771484e-01,-6.449466943740844727e-01
-3.995121419429779053e-01,-6.449466943740844727e-01
-3.995121419429779053e-01,-6.449466943740844727e-01
-3.995121419429779053e-01,-6.449466943740844727e-01
-4.088513851165771484e-01,-6.449466943740844727e-01
-3.462914228439331055e-01,-6.449466943740844727e-01
-3.931163549423217773e-01,-6.449466943740844727e-01
-3.931163549423217773e-01,-6.449466943740844727e-01
-3.931163549423217773e-01,-6.449466943740844727e-01
-3.729355037212371826e-01,-6.449466943740844727e-01
-3.729355037212371826e-01,-6.449466943740844727e-01
-3.503202199935913086e-01,-6.449466943740844727e-01
-3.463220894336700439e-01,-6.449466943740844727e-01
-3.458131253719329834e-01,-6.449466943740844727e-01
-2.471471726894378662e-01,-6.449466943740844727e-01
-2.394820153713226318e-01,-6.449466943740844727e-01
-2.077911794185638428e-01,-6.449466943740844727e-01
-2.077911794185638428e-01,-6.449466943740844727e-01
-1.889532804489135742e-01,-6.449466943740844727e-01
-2.077911794185638428e-01,-6.449466943740844727e-01
-2.302102446556091309e-01,-6.449466943740844727e-01
-2.535123229026794434e-01,-6.449466943740844727e-01
-2.977311015129089355e-01,-6.449466943740844727e-01
-3.346587717533111572e-01,-6.449466943740844727e-01
-4.217840433120727539e-01,-6.449466943740844727e-01
-4.923280477523803711e-01,-6.449466943740844727e-01
-5.542686581611633301e-01,-6.449466943740844727e-01
-6.309202909469604492e-01,-2.651412598788738251e-02
-6.460114121437072754e-01,-1.135015743784606457e-03
-6.647450923919677734e-01,-4.549026191234588623e-01
-6.676884889602661133e-01,-3.283426761627197266e-01
-7.320697307586669922e-01,-8.590800762176513672e-01
-7.860814929008483887e-01,-1.075612425804138184e+00
-8.439503908157348633e-01,-1.034022927284240723e+00
-8.513579964637756348e-01,-6.449466943740844727e-01
-8.513579964637756348e-01,-8.804343640804290771e-02
-8.513579964637756348e-01,-5.673363432288169861e-02
-6.997166275978088379e-01,-5.143716558814048767e-02
-5.730268359184265137e-01,-9.221667796373367310e-02
-3.299002349376678467e-01,-6.449466943740844727e-01
-2.647279798984527588e-01,-6.449466943740844727e-01
7.961605675518512726e-03,-6.449466943740844727e-01
1.099020987749099731e-01,-6.449466943740844727e-01
3.457989096641540527e-01,-6.449466943740844727e-01
4.268104732036590576e-01,-6.449466943740844727e-01
5.282297134399414062e-01,-6.449466943740844727e-01
6.785036325454711914e-01,-6.449466943740844727e-01
6.785036325454711914e-01,-1.639485061168670654e-01
6.785036325454711914e-01,-7.519524544477462769e-02
6.682323217391967773e-01,4.142041131854057312e-02
6.547845602035522461e-01,-3.130072727799415588e-02
6.298145651817321777e-01,2.572785913944244385e-01
5.863807201385498047e-01,1.921851001679897308e-02
5.834924578666687012e-01,1.048729568719863892e-01
5.834924578666687012e-01,4.483714327216148376e-02
5.834924578666687012e-01,-2.615473568439483643e-01
6.240625977516174316e-01,-2.718607485294342041e-01
6.721937060356140137e-01,1.710783094167709351e-01
6.957410573959350586e-01,2.475876510143280029e-01
7.733799219131469727e-01,7.391461133956909180e-01
8.325304388999938965e-01,5.254988670349121094e-01
8.563598990440368652e-01,-2.382861524820327759e-01
8.662019371986389160e-01,-2.112468630075454712e-01
8.671585321426391602e-01,-6.449466943740844727e-01
8.671585321426391602e-01,-6.449466943740844727e-01
8.671585321426391602e-01,-6.449466943740844727e-01
8.565254807472229004e-01,-6.449466943740844727e-01
8.467447161674499512e-01,-6.449466943740844727e-01
8.467447161674499512e-01,-6.449466943740844727e-01
8.565254807472229004e-01,-3.894624486565589905e-02
8.705741763114929199e-01,3.904808312654495239e-02
8.755472898483276367e-01,1.934401504695415497e-02
9.371567964553833008e-01,1.510529369115829468e-01
1.141093015670776367e+00,1.059874296188354492e-01
1.197183489799499512e+00,1.503758579492568970e-01
1.320126533508300781e+00,1.342225521802902222e-01
1.507407903671264648e+00,1.454036980867385864e-01
1.507407903671264648e+00,4.670780524611473083e-02
1.507407903671264648e+00,1.382361203432083130e-01
1.475085496902465820e+00,3.106105923652648926e-01
1.454843282699584961e+00,3.944327533245086670e-01
1.441015362739562988e+00,3.815063536167144775e-01
1.142080307006835938e+00,-1.173074543476104736e-01
8.728982210159301758e-01,-5.472031235694885254e-01
4.827661216259002686e-01,-5.454549193382263184e-01
-4.337656870484352112e-02,-3.592390716075897217e-01
-2.631888091564178467e-01,-6.449466943740844727e-01
-2.965843975543975830e-01,-6.449466943740844727e-01
-4.621641039848327637e-01,-6.449466943740844727e-01
-5.539191365242004395e-01,-6.449466943740844727e-01
-6.845641136169433594e-01,-6.449466943740844727e-01
-8.350771665573120117e-01,-8.181715607643127441e-01
-1.212245941162109375e+00,-5.864720344543457031e-01
-1.212245941162109375e+00,-3.811235129833221436e-01
-1.212245941162109375e+00,-3.171996399760246277e-02
-1.173398971557617188e+00,1.767842620611190796e-01
-9.317563176155090332e-01,2.420611307024955750e-02
-8.102543354034423828e-01,-4.122955799102783203e-01
-7.690464258193969727e-01,-1.368021488189697266e+00
-7.136610746383666992e-01,-1.483717799186706543e+00
-6.996430158615112305e-01,-9.690693020820617676e-01
-5.342717766761779785e-01,-1.598971486091613770e-01
-5.342717766761779785e-01,2.589498460292816162e-01
-5.305066704750061035e-01,4.781036376953125000e-01
-6.996430158615112305e-01,6.060324907302856445e-01
-5.963841080665588379e-01,6.497801542282104492e-01
-5.963841080665588379e-01,5.721017122268676758e-01
-5.963841080665588379e-01,1.980256885290145874e-01
-8.588944077491760254e-01,2.067928016185760498e-01
-9.604914784431457520e-01,-3.651795983314514160e-01
-1.045844554901123047e+00,-2.169481366872787476e-01
-1.045844554901123047e+00,-2.764457464218139648e-01
-1.085519433021545410e+00,3.788234293460845947e-01
-1.108128547668457031e+00,-7.153035402297973633e-01
-1.108128547668457031e+00,-9.939048290252685547e-01
-1.085519433021545410e+00,-1.069411277770996094e+00
-1.085519433021545410e+00,-1.188527345657348633e+00
-8.657807707786560059e-01,1.525108143687248230e-02
-4.213057458400726318e-01,-1.613278836011886597e-01
-1.929207742214202881e-01,2.496644556522369385e-01
7.806409150362014771e-02,2.391096949577331543e-01
3.791515529155731201e-01,-3.298614919185638428e-01
5.994237065315246582e-01,-3.511913120746612549e-01
7.821120619773864746e-01,-6.449466943740844727e-01
9.673391580581665039e-01,-7.058615982532501221e-02
1.118606448173522949e+00,-1.610703021287918091e-01
1.432939291000366211e+00,1.391087025403976440e-01
1.453917384147644043e+00,3.273118138313293457e-01
1.453917384147644043e+00,1.088461577892303467e-01
1.453917384147644043e+00,-1.090066507458686829e-01
1.334905028343200684e+00,1.036759018898010254e-01
1.216561079025268555e+00,9.845992177724838257e-02
1.205241203308105469e+00,-5.984467267990112305e-02
1.194111347198486328e+00,1.141009256243705750e-01
1.112695097923278809e+00,-1.251055747270584106e-01
1.085995793342590332e+00,-3.148915991187095642e-02
1.041525602340698242e+00,3.105929195880889893e-01
1.017542839050292969e+00,6.645848155021667480e-01
9.328643083572387695e-01,5.310901403427124023e-01
7.702770829200744629e-01,2.566144168376922607e-01
7.082383632659912109e-01,4.595948755741119385e-01
6.647615432739257812e-01,1.720243841409683228e-01
5.029653310775756836e-01,-4.799823462963104248e-02
4.192127585411071777e-01,-6.098123788833618164e-01
3.069641590118408203e-01,2.686601364985108376e-03
1.257168501615524292e-01,-1.079834252595901489e-01
1.109445616602897644e-01,1.637687236070632935e-01
1.109445616602897644e-01,5.100568532943725586e-01
1.109445616602897644e-01,4.028135240077972412e-01
6.545270085334777832e-01,3.693360090255737305e-01
1.095273733139038086e+00,8.921301364898681641e-01
1.280592799186706543e+00,7.632930874824523926e-01
1.280592799186706543e+00,6.305653452873229980e-01
1.280592799186706543e+00,8.153100609779357910e-01
1.225734710693359375e+00,6.510394811630249023e-01
1.179443359375000000e+00,-7.925776243209838867e-01
9.390761852264404297e-01,-1.085563540458679199e+00
6.347570419311523438e-01,-1.662678956985473633e+00
5.052465200424194336e-01,-1.381235003471374512e+00
2.289267033338546753e-01,6.489132344722747803e-02
-7.078717648983001709e-02,-1.425655633211135864e-01
-3.879776298999786377e-01,-1.111788377165794373e-01
-3.879776298999786377e-01,-7.005510479211807251e-02
-3.879776298999786377e-01,1.844263523817062378e-01
-2.144506722688674927e-01,-1.067379787564277649e-01
1.277895122766494751e-01,4.197000339627265930e-02
2.583179771900177002e-01,3.603231534361839294e-02
4.055197238922119141e-01,-2.981372177600860596e-01
5.385991334915161133e-01,-4.956063628196716309e-02
6.414778828620910645e-01,-3.112191855907440186e-01
7.283639907836914062e-01,1.143930107355117798e-01
8.693231940269470215e-01,3.421956598758697510e-01
1.067807912826538086e+00,-6.449236869812011719e-01
1.136628746986389160e+00,-6.144899129867553711e-01
1.136628746986389160e+00,-9.978221058845520020e-01
1.136628746986389160e+00,-1.081262826919555664e+00
9.071890711784362793e-01,-3.586027622222900391e-01
6.520680189132690430e-01,-3.484829068183898926e-01
5.692168474197387695e-01,-4.142466783523559570e-01
4.966185986995697021e-01,-3.631593883037567139e-01
3.319893777370452881e-01,-7.794995307922363281e-01
1.893928647041320801e-01,-6.210585832595825195e-01
4.388974234461784363e-02,-6.449466943740844727e-01
-1.706611514091491699e-01,-6.449466943740844727e-01
-3.882719576358795166e-01,-6.449466943740844727e-01
-5.652819871902465820e-01,-3.512609004974365234e-01
-5.652819871902465820e-01,-3.326919376850128174e-01
-5.652819871902465820e-01,-1.830286383628845215e-01
-5.112763047218322754e-01,-1.710029989480972290e-01
-4.502493739128112793e-01,-1.458580940961837769e-01
-3.322181701660156250e-01,-1.925075799226760864e-01
-1.641488224267959595e-01,-3.960156142711639404e-01
-5.530969053506851196e-02,-3.050545454025268555e-01
8.292740210890769958e-03,-4.139047563076019287e-01
1.324192732572555542e-01,-6.449466943740844727e-01
1.325480490922927856e-01,-6.449466943740844727e-01
1.746021807193756104e-01,-6.449466943740844727e-01
2.025156319141387939e-01,-6.449466943740844727e-01
2.734766006469726562e-01,-6.449466943740844727e-01
3.243671357631683350e-01,-6.449466943740844727e-01
3.243671357631683350e-01,-6.449466943740844727e-01
3.243671357631683350e-01,-6.449466943740844727e-01
2.707907259464263916e-01,-6.449466943740844727e-01
2.603170573711395264e-01,-6.449466943740844727e-01
2.550434172153472900e-01,-6.449466943740844727e-01
2.550434172153472900e-01,-6.449466943740844727e-01
2.418286949396133423e-01,-6.449466943740844727e-01
2.418286949396133423e-01,-6.449466943740844727e-01
2.500334978103637695e-01,-6.449466943740844727e-01
2.500334978103637695e-01,-6.449466943740844727e-01
2.205440849065780640e-01,-6.449466943740844727e-01
2.205440849065780640e-01,-6.449466943740844727e-01
1.372513920068740845e-01,-6.449466943740844727e-01
-2.267450466752052307e-02,-6.449466943740844727e-01
-1.054275706410408020e-01,-3.603116273880004883e-01
-2.935490012168884277e-01,-3.437748849391937256e-01
-5.704881548881530762e-01,-3.455037772655487061e-01
-7.443094253540039062e-01,-3.716863691806793213e-01
-8.736850619316101074e-01,-6.449466943740844727e-01
-1.056986689567565918e+00,-6.449466943740844727e-01
-1.216035604476928711e+00,-6.449466943740844727e-01
-1.323568582534790039e+00,-1.935626417398452759e-01
-1.423620462417602539e+00,5.682139098644256592e-02
-1.423620462417602539e+00,1.234510987997055054e-01
-1.423620462417602539e+00,1.525577753782272339e-01
-1.406910419464111328e+00,-2.040365785360336304e-01
-1.327021002769470215e+00,-6.449466943740844727e-01
-1.327021002769470215e+00,-3.921216428279876709e-01
-1.406910419464111328e+00,-3.668033480644226074e-01
-1.558245182037353516e+00,-1.328636288642883301e+00
-1.660706877708435059e+00,-8.312494158744812012e-01
-1.738259911537170410e+00,-9.326195716857910156e-01
-1.747206687927246094e+00,-8.491904735565185547e-01
-1.791830182075500488e+00,-2.865726351737976074e-01
-2.016615629196166992e+00,1.310798674821853638e-01
-2.016615629196166992e+00,3.946017622947692871e-01
-2.016615629196166992e+00,7.983508706092834473e-02
-1.849459886550903320e+00,6.988160610198974609e-01
-1.591542601585388184e+00,3.881658017635345459e-01
-1.505153179168701172e+00,-6.204782724380493164e-01
-1.393309354782104492e+00,-8.667877912521362305e-01
-8.403324484825134277e-01,-3.720524609088897705e-01
-5.436049103736877441e-01,-6.449466943740844727e-01
-4.797387719154357910e-01,-6.449466943740844727e-01
-2.888824343681335449e-01,-3.662524521350860596e-01
-1.695083081722259521e-01,-2.771430909633636475e-01
-5.371533706784248352e-02,2.621569857001304626e-02
-5.371533706784248352e-02,-2.838100073859095573e-03
-5.371533706784248352e-02,-1.479874998331069946e-01
-1.295820176601409912e-01,-2.019462436437606812e-01
-3.962008059024810791e-01,-3.178665339946746826e-01
-4.107400774955749512e-01,-3.069344162940979004e-01
-4.107400774955749512e-01,-6.449466943740844727e-01
-4.107400774955749512e-01,-6.192673444747924805e-01
-3.540117740631103516e-01,-4.271677136421203613e-01
1.238286960870027542e-02,-1.215711236000061035e-02
3.852714300155639648e-01,1.089523807168006897e-01
4.832137823104858398e-01,8.018956333398818970e-02
5.661692023277282715e-01,6.509675830602645874e-02
6.754744052886962891e-01,-1.565796434879302979e-01
6.817168593406677246e-01,-4.646941274404525757e-02
7.455707192420959473e-01,-3.653080165386199951e-01
8.137109279632568359e-01,-3.113444149494171143e-01
8.364243507385253906e-01,5.720691680908203125e-01
1.284738063812255859e+00,-1.329999975860118866e-02
1.441892266273498535e+00,-1.325980275869369507e-01
1.441892266273498535e+00,2.194049507379531860e-01
1.441892266273498535e+00,3.417125046253204346e-01
1.057297468185424805e+00,-3.329013288021087646e-01
1.057297468185424805e+00,1.764086335897445679e-01
1.057297468185424805e+00,4.207594096660614014e-01
1.125848531723022461e+00,6.791087985038757324e-01
1.428223729133605957e+00,7.186065316200256348e-01
1.595453023910522461e+00,1.600283831357955933e-01
1.666726708412170410e+00,2.599353194236755371e-01
1.666726708412170410e+00,4.094133973121643066e-01
1.666726708412170410e+00,4.194749593734741211e-01
1.298265576362609863e+00,1.679930835962295532e-01
9.396035075187683105e-01,1.110522150993347168e-01
6.666195988655090332e-01,1.564996242523193359e-01
6.515345573425292969e-01,3.574839830398559570e-01
6.508048176765441895e-01,5.146585106849670410e-01
5.559346675872802734e-01,7.024947404861450195e-01
4.207948446273803711e-01,5.243122577667236328e-01
2.287795245647430420e-01,3.174774944782257080e-01
2.287795245647430420e-01,8.908091485500335693e-02
2.287795245647430420e-01,-3.244850635528564453e-01
2.693190276622772217e-01,-7.683453559875488281e-01
8.394842743873596191e-01,-6.449466943740844727e-01
8.394842743873596191e-01,-6.449466943740844727e-01
8.394842743873596191e-01,2.553892880678176880e-02
8.060703277587890625e-01,5.338897705078125000e-01
3.938257396221160889e-01,6.459710597991943359e-01
3.938257396221160889e-01,7.975592017173767090e-01
3.938257396221160889e-01,6.934385299682617188e-01
5.374830961227416992e-01,5.940470695495605469e-01
6.495354771614074707e-01,2.941024005413055420e-01
6.495354771614074707e-01,1.602143496274948120e-01
6.495354771614074707e-01,5.308203697204589844e-01
4.998870193958282471e-01,4.906147718429565430e-01
6.380075961351394653e-02,6.484171748161315918e-01
-2.190191000699996948e-01,5.484434366226196289e-01
-2.190191000699996948e-01,3.535842597484588623e-01
-2.190191000699996948e-01,2.126491069793701172e-01
-4.569451138377189636e-02,-2.068108618259429932e-01
4.439871013164520264e-02,4.612925946712493896e-01
2.670992016792297363e-01,1.958619803190231323e-01
2.670992016792297363e-01,1.107470631599426270e+00
2.670992016792297363e-01,6.902343034744262695e-01
2.879116237163543701e-01,2.545536160469055176e-01
2.881385385990142822e-01,3.399944603443145752e-01
2.879116237163543701e-01,1.246219500899314880e-01
2.879116237163543701e-01,1.606599837541580200e-01
5.203320831060409546e-02,7.469390034675598145e-01
-1.033242493867874146e-01,6.089643239974975586e-01
-1.033242493867874146e-01,-1.047595888376235962e-01
-1.033242493867874146e-01,-7.256602644920349121e-01
3.007155060768127441e-01,-1.063102960586547852e+00
6.734384894371032715e-01,-7.272941470146179199e-01
9.603423476219177246e-01,-9.958461523056030273e-01
1.269653081893920898e+00,6.665767729282379150e-02
1.269653081893920898e+00,2.387457937002182007e-01
1.269653081893920898e+00,-2.377609461545944214e-01
1.142215132713317871e+00,-1.475088745355606079e-01
1.066017389297485352e+00,-7.189371585845947266e-01
1.048712491989135742e+00,-6.546162366867065430e-01
9.880350828170776367e-01,-1.414587974548339844e+00
6.726903915405273438e-01,-9.003714323043823242e-01
5.580747723579406738e-01,-6.873557567596435547e-01
5.082267522811889648e-01,-9.384482353925704956e-02
4.771245718002319336e-01,-2.619506716728210449e-01
4.771245718002319336e-01,1.052786186337471008e-01
4.771245718002319336e-01,9.772143512964248657e-02
5.694743990898132324e-01,-3.642530441284179688e-01
6.756767630577087402e-01,7.116664946079254150e-02
8.323035240173339844e-01,-2.623438537120819092e-01
8.565928936004638672e-01,-2.534705996513366699e-01
8.565928936004638672e-01,-1.605040282011032104e-01
9.875199794769287109e-01,-2.268669158220291138e-01
1.003021955490112305e+00,-7.418114691972732544e-02
1.041715741157531738e+00,-1.293296456336975098e+00
1.097708225250244141e+00,-8.534581661224365234e-01
1.041715741157531738e+00,-4.393304884433746338e-01
1.041715741157531738e+00,4.413323402404785156e-01
8.789812922477722168e-01,-2.825898528099060059e-01
8.789812922477722168e-01,-2.424809187650680542e-01
8.226178288459777832e-01,-1.315999746322631836e+00
7.662544250488281250e-01,-1.480281829833984375e+00
