1.2800122499465942	0.3665307462215423
1.2617464065551756	0.4032359421253204
1.2434804439544676	0.2160332947969437
1.2434804439544676	0.1584201604127884
0.7782864570617675	0.28100284934043884
0.46199902892112726	0.015745777636766434
0.4335397481918335	-0.25945034623146057
0.4335397481918335	0.013791102916002272
0.4335397481918335	0.37037345767021174
0.4335397481918335	0.580141544342041
0.4335397481918335	0.6664305329322815
0.044254764914512634	0.32835933566093445
-0.06293227523565292	0.252727746963501
-0.095831461250782	0.49314334988594055
-0.095831461250782	0.3432178199291229
-0.06293227523565292	0.34911298751831055
0.11251462250947952	0.26647475361824036
0.3925084173679352	0.4024234414100647
0.9567440152168274	0.7768393754959108
1.363848328590393	0.8510260581970215
1.47426438331604	0.9183287024497984
1.47426438331604	0.735004961490631
1.47426438331604	0.7857269644737244
1.162714600563049	0.25083282589912415
0.9854018092155457	0.3635580837726593
0.9146208763122559	0.24486643075942993
0.8581457138061523	0.6316928863525391
0.6714699864387512	0.6240622401237488
0.4306547939777374	0.2544831931591034
0.2128862589597702	0.4670373797416687
0.11991231143474577	0.3964457213878631
0.04966076463460922	-0.05271506682038307
-0.11914277076721191	0.16512152552604675
-0.11914277076721191	0.12487060576677322
-0.16347594559192655	0.29780715703964233
-0.16347594559192655	0.43338996171951294
-0.1147359237074852	0.490248829126358
-0.048798590898513794	0.486028105020523
0.32943621277809143	0.5655026435852051
0.528756856918335	0.30962201952934265
0.528756856918335	0.06062282249331474
0.528756856918335	-0.01736755296587944
0.21242307126522064	0.33992999792099
0.21015349030494687	0.24960945546627045
0.21015349030494687	0.4922086894512177
0.21015349030494687	0.9036170244216919
0.614908754825592	1.0640966892242432
1.1325019598007202	0.6000707745552063
1.4759384393692017	0.924926519393921
1.54860520362854	0.78239905834198
1.54860520362854	0.6061868667602539
1.54860520362854	0.7520110607147216
1.5206356048583984	0.9868775010108949
1.2198052406311035	1.036133050918579
0.7556103467941285	0.7226552963256835
0.27734801173210144	0.6091045141220093
0.27734801173210144	0.7773105502128601
0.27734801173210144	0.5962532162666321
0.349405974149704	0.9616889357566832
0.4894988238811493	1.0971975326538084
0.5804082751274109	0.8678295016288757
0.6066905856132507	0.8854240775108337
0.6459817290306091	0.4354535639286042
0.6620938181877136	0.26689010858535767
0.8229372501373291	0.2125587910413742
1.167650818824768	0.1815878301858902
1.4275623559951782	0.31654027104377747
1.518643856048584	-0.14841346442699432
1.518643856048584	-0.06178668141365051
1.518643856048584	-0.07560768723487854
1.366289973258972	-0.10104241222143172
1.112128496170044	0.3197822868824005
0.9802340269088744	0.20655514299869537
0.9771108627319337	0.3052811324596405
0.9524298310279846	0.43743661046028137
0.9524298310279846	0.4347245395183563
0.9524298310279846	0.22683729231357577
0.7806288599967957	0.158536359667778
0.6148690581321716	0.5071939826011658
0.5562434196472168	0.4254120886325836
0.4609667658805847	0.48495301604270935
0.375297874212265	0.5606481432914734
0.012864228338003159	0.051905397325754166
-0.21437308192253113	-0.2859422564506531
-0.21437308192253113	-0.35629987716674805
-0.21437308192253113	-0.577206015586853
-0.14775420725345612	-0.6011699438095093
-0.026512896642088887	-0.2158618122339249
-0.026512896642088887	0.35998204350471497
-0.026512896642088887	0.030998945236206055
-0.14350616931915283	-0.02336296997964382
-0.14350616931915283	-0.22590829432010648
-0.14350616931915283	-0.0784546658396721
0.10685056447982788	0.225734606385231
0.4078066647052765	0.6641573309898376
0.6128641366958618	0.722900152206421
0.7914342284202576	0.620121419429779
0.8194104433059692	0.4635260403156281
0.8980852961540222	0.2700467109680176
0.9044308662414551	0.3167251646518707
1.0056097507476807	0.4613993763923645
1.1722959280014038	0.6908639669418335
1.1722959280014038	0.8637100458145143
1.1722959280014038	0.5501207709312439
0.6960384845733643	0.5583029985427856
0.2940225899219513	0.10424685478210448
0.26158657670021057	0.06417529284954071
0.26158657670021057	0.04431372508406639
0.26158657670021057	0.2018621414899826
0.28931137919425964	0.5386829972267151
0.35735946893692017	-0.025663886219263077
0.35735946893692017	-0.06572584807872772
0.35735946893692017	-0.012352894991636276
0.38667893409729	0.0647360235452652
0.4356174767017365	0.03775566816329956
0.46107926964759827	0.128255695104599
0.46107926964759827	-0.43388521671295166
0.46620735526084894	-0.19368839263916016
0.4785941839218139	-0.15545223653316495
0.5070005059242249	0.04596469551324844
0.5653284192085266	0.3048957884311676
0.5789923071861267	0.2837153971195221
0.5789923071861267	0.4583293497562408
0.5789923071861267	0.39850127696990967
0.4699525237083435	0.25270214676856995
0.4145956039428711	0.13015063107013702
0.19293633103370664	0.11844807863235472
-0.004491880070418119	-0.26720646023750305
-0.009547186084091663	-0.1044369637966156
-0.028398711234331128	0.2807975709438324
-0.07993768155574799	0.34457769989967346
-0.186780646443367	0.4357317984104157
-0.186780646443367	0.685009241104126
-0.186780646443367	0.8179525136947632
-0.09636081010103224	0.6352970600128174
-0.009798627346754074	0.6264992356300354
0.36984556913375854	0.6884059309959412
0.8272580504417419	0.764530062675476
1.1701983213424683	0.45513030886650085
1.2261574268341064	0.5011933445930481
1.306281328201294	0.49005952477455134
1.3970519304275513	0.2221407741308212
1.3970519304275513	0.3012179434299469
1.3970519304275513	0.4082977771759034
1.1884212493896484	0.41638621687889094
0.7508462071418761	0.1834329217672348
0.297536164522171	0.6915743350982666
-0.23224531114101407	0.556029200553894
-0.9410666227340697	1.059438705444336
-0.990746259689331	0.9519147276878357
-1.0140774250030515	0.7164833545684814
-0.990746259689331	0.2810926139354706
-0.9410666227340697	0.3021005690097809
-0.9154328107833862	0.10737846791744232
-0.5765950083732605	-0.023157309740781784
-0.1570708006620407	-0.2432336062192917
0.36591511964797974	-0.11033880710601807
0.6118980646133423	-0.13603350520133972
0.8801270723342896	-0.04493080452084541
1.0784088373184204	0.09468668699264526
1.0784088373184204	-0.04185819253325462
1.0784088373184204	0.19415448606014252
0.9954925775527954	-0.10177689045667648
0.8231621980667113	-0.19775864481925964
0.5296633839607239	0.06821493804454803
0.14716728031635284	0.10364826023578644
-0.2784907817840576	0.05540930852293968
-0.6441733241081238	0.31427261233329773
-0.6441733241081238	0.5270721912384033
-0.6441733241081238	0.6186474561691284
-0.3054876923561096	0.6222776174545288
-0.30105435848236084	0.46623468399047846
-0.30105435848236084	0.12233254313468932
-0.09211938083171844	0.00883299857378006
-0.09211938083171844	0.2667061388492584
-0.09211938083171844	0.0714230090379715
0.6043548583984375	0.19162975251674652
1.28922963142395	0.3983301818370819
1.722834587097168	0.46012333035469055
1.9239946603775024	0.8417885303497316
1.9239946603775024	0.35385626554489136
1.9239946603775024	0.9430615305900573
1.6643147468566895	1.295668125152588
1.3607847690582275	1.0609042644500732
1.3380358219146729	1.0592920780181885
1.3100000619888303	0.932693600654602
1.2549210786819458	1.0680365562438965
0.8756540417671204	0.45687639713287354
0.19908341765403748	0.24853260815143585
-0.523639976978302	0.556359052658081
-0.5369135141372681	0.6600245237350464
-0.6643614768981934	0.6519421935081482
-1.0145936012268066	0.6400854587554932
-1.204915165901184	0.26119330525398254
-1.204915165901184	0.07860875129699707
-1.204915165901184	-0.20126505196094513
-0.9508728981018068	0.208772212266922
-0.8767240047454834	0.3281437158584595
-0.8767240047454834	0.22589051723480225
-0.8767240047454834	0.18247838318347928
-0.9006572961807251	0.16648317873477936
-1.1521058082580566	0.10715697705745696
-1.410912275314331	0.2883233428001404
-1.7935274839401243	-0.14882530272006989
-1.7935274839401243	-0.06808348000049591
-1.7935274839401243	-0.169216126203537
-1.6921037435531616	0.04417972266674042
-0.528099775314331	0.1722884327173233
0.5813214182853699	0.5406486988067627
1.4977742433547971	0.7833144068717957
2.237450122833252	1.392206788063049
2.584764242172241	1.2619345188140867
2.866034984588623	1.5748581886291504
2.866034984588623	1.1082640886306763
2.866034984588623	0.8149523735046387
2.7048740386962886	0.7313950657844543
2.206496238708496	0.6610754132270813
1.7570571899414062	1.1254591941833496
1.4270925521850584	0.7890561819076538
0.8083866834640503	0.28268396854400635
0.5571300983428955	0.2544470429420471
0.22500841319561005	-0.40652057528495794
-0.19515101611614227	-0.3238588273525238
-0.5703089237213135	-0.21861402690410617
-0.8125665783882141	0.12671905755996704
-1.2052658796310425	-0.1788838803768158
-1.5507537126541135	-0.37780407071113586
-1.9159201383590696	-0.14833278954029083
-2.3209071159362793	0.029638994485139847
-2.3209071159362793	0.3173733353614807
-2.3209071159362793	-0.026461046189069748
-2.1470415592193604	-0.24639998376369476
-1.6958489418029783	-0.4085606932640075
-1.475632071495056	-0.6449466943740845
-1.09179949760437	-0.6449466943740845
-0.830663800239563	-0.6449466943740845
-0.5087983012199402	-0.6449466943740845
-0.26155152916908264	-0.6449466943740845
-0.06297197192907333	-0.6449466943740845
0.0046989829279482365	-0.6449466943740845
0.044797349721193314	-0.6449466943740845
0.044797349721193314	-0.6449466943740845
0.044797349721193314	-0.6449466943740845
-0.053794343024492264	-0.6449466943740845
-0.188044473528862	-0.6449466943740845
-0.2112697660923004	-0.6449466943740845
-0.21962027251720428	-0.6449466943740845
-0.21962027251720428	-0.6449466943740845
-0.21962027251720428	-0.6449466943740845
0.06530971825122833	-0.6449466943740845
0.3455284833908081	-0.3788995444774627
0.5018724203109741	-0.37021368741989136
0.5018724203109741	-0.3589567542076111
0.5018724203109741	-0.39911261200904846
0.3565191328525543	-0.40440505743026733
0.16897656023502347	-0.3876119256019592
0.1437595933675766	-0.33487239480018616
0.1437595933675766	-0.3125784993171692
0.16897656023502347	-0.6449466943740845
0.319378525018692	-0.6449466943740845
0.4348631501197815	-0.6449466943740845
0.46307095885276794	-0.6449466943740845
0.5012769103050232	-0.6449466943740845
0.5347385406494141	-0.6449466943740845
0.575577974319458	-0.6449466943740845
0.575577974319458	-0.6449466943740845
0.575577974319458	-0.6449466943740845
0.5466687679290771	-0.6449466943740845
0.4023609757423401	-0.6449466943740845
0.20983587205410004	-0.6449466943740845
0.07489759474992752	-0.6449466943740845
-0.15044066309928894	-0.6449466943740845
-0.2571115791797638	-0.38912013173103327
-0.33840009570121765	-0.29130890965461725
-0.43686607480049133	-0.2523946464061737
-0.6287559270858765	-0.316621333360672
-0.8020920753479003	-0.3313092887401581
-0.8650848865509033	-0.6449466943740845
-0.8650848865509033	-0.6449466943740845
-0.8650848865509033	-0.6449466943740845
-0.840562641620636	-0.6449466943740845
-0.7107260227203369	-0.6449466943740845
-0.5862358212471008	-0.6436741948127747
-0.3618437647819519	-0.0537845753133297
-0.16802175343036652	-0.18901260197162628
-0.06965503096580505	-0.08976941555738449
0.016218991950154305	-0.09538230299949645
0.16898317635059357	-0.3221622109413147
0.21627411246299744	-0.6449466943740845
0.21627411246299744	-0.33116564154624933
0.21627411246299744	-0.3151956796646118
0.18194566667079923	-0.27294567227363586
0.07420943677425385	-0.27604562044143677
-0.04436527192592621	-0.6449466943740845
-0.23264893889427185	-0.09758642315864563
-0.40085032582283026	-0.060880228877067566
-0.5884987711906433	-0.0747951865196228
-0.8234381675720215	-0.05587058141827583
-1.04324471950531	-0.6449466943740845
-1.3209093809127808	-0.6449466943740845
-1.5002734661102295	-0.6449466943740845
-1.5007829666137695	-0.13504032790660858
-1.5007829666137695	-0.35399365425109863
-1.5007829666137695	0.10957968235015868
-1.3664004802703855	0.11526426672935484
-1.237695336341858	-0.2503414750099182
-1.1059662103652954	-0.4301081597805023
-0.9228900671005248	-0.05005117878317833
-0.5935606956481934	0.2065490037202835
-0.350125253200531	0.10302032530307768
-0.0825844407081604	0.31073734164237976
0.4342146813869476	0.21345217525959015
0.8822246193885803	0.38504514098167414
1.1259511709213257	0.23394563794136047
1.3639012575149536	0.21416209638118744
1.3639012575149536	0.24510960280895233
1.3639012575149536	-0.6449466943740845
1.3373939990997314	-0.22724874317646024
1.3341517448425293	-0.09977371990680695
1.2275336980819702	0.552191436290741
1.0368812084197998	0.5677164793014526
1.0224696397781372	0.7658762931823732
0.9891469478607176	0.6177688837051392
0.7653438448905946	0.18596306443214417
0.5408723950386047	-0.21025562286376953
0.41125407814979553	-0.1833767145872116
0.24390624463558197	-0.33836135268211365
0.1873847544193268	-0.02163904160261154
-0.07762177288532257	-0.05108785256743431
-0.2078819125890732	-0.29913416504859924
-0.5551562905311584	-0.2676168084144592
-0.8890975713729857	-0.3076684772968292
-1.243564486503601	-0.20303231477737424
-1.641702890396118	-0.1677745282649994
-1.881849765777588	-0.08754581212997437
-1.881849765777588	0.010100360959768295
-1.881849765777588	0.009887479245662687
-1.8502408266067505	-0.06951586902141571
-1.6519458293914795	-0.22192125022411344
-1.470093846321106	-0.26548585295677185
-1.1150578260421753	-0.6449466943740845
-0.8514143824577332	-0.6449466943740845
-0.5898486375808716	-0.6449466943740845
-0.333788126707077	-0.6449466943740845
-0.1459279507398605	-0.6449466943740845
0.027447858825325962	-0.6449466943740845
0.1079423502087593	-0.36383375525474543
0.2376400530338287	-0.3367120623588562
0.2376400530338287	-0.32289841771125793
0.2376400530338287	-0.3196767270565033
0.02625681832432747	-0.6449466943740845
-0.08873153477907181	-0.6449466943740845
-0.38023871183395386	-0.6449466943740845
-0.5154615044593811	-0.6449466943740845
-0.6138348579406738	-0.34754958748817444
-0.7439295649528505	-0.35309168696403503
-0.8281890749931335	-0.18142728507518768
-0.925033926963806	-0.13922040164470673
-1.0387650728225708	-0.21615982055664065
-1.0387650728225708	0.1684727668762207
-1.0387650728225708	0.4901677072048187
-0.7945818901062012	0.8811348676681519
-0.22485424578189847	0.9389623403549193
0.14969493448734283	1.4095149040222168
0.40488201379776	1.0662095546722412
0.40488201379776	0.7863675951957703
0.40488201379776	0.6307178735733032
0.31740668416023254	0.412044882774353
0.08321502804756165	0.5913940072059631
-0.1240525022149086	0.45483091473579407
-0.1240525022149086	0.24870546162128448
-0.1240525022149086	0.40169304609298706
0.09511881321668623	-0.21282298862934113
0.17244382202625275	-0.2904098927974701
0.20667299628257751	-0.32539084553718567
0.30703800916671753	-0.6449466943740845
0.3422068059444427	-0.6449466943740845
0.3422068059444427	-0.34688833355903625
0.3422068059444427	-0.31296446919441223
0.32719308137893677	-0.24053829908370972
0.17573240399360657	-0.12464304268360137
-0.014384133741259573	-0.2767324149608612
-0.15552906692028043	-0.20161707699298856
-0.276949018239975	0.17600204050540924
-0.276949018239975	-0.11681816726922988
-0.276949018239975	-0.38769081234931946
-0.27548670768737793	-0.236253559589386
-0.2450754642486572	-0.30720457434654236
-0.22691209614276883	-0.4265523850917816
-0.2024362087249756	-0.16951361298561096
-0.04603934660553932	-0.1313517540693283
-0.04418661445379258	-0.18465517461299896
-0.04418661445379258	-0.20471514761447904
-0.04418661445379258	-0.06964288651943207
-0.12687130272388458	-0.36432331800460815
-0.16488534212112427	-0.08192737400531767
-0.19840651750564575	0.308612585067749
-0.2653297781944275	0.57917720079422
-0.2653297781944275	0.6080164313316345
-0.32369738817214966	0.588027834892273
-0.32369738817214966	0.6550940275192261
-0.2653297781944275	0.2523687481880188
-0.2572373151779175	0.8973519802093506
-0.2195673435926437	1.2000846862792969
-0.2195673435926437	1.2814381122589111
-0.2195673435926437	1.6035053730010986
-0.28158748149871826	1.4368517398834229
-0.28158748149871826	1.273819923400879
-0.28158748149871826	0.9920172691345215
-0.28158748149871826	1.1864017248153687
-0.28158748149871826	0.5565098524093628
-0.23179535567760468	0.2803611755371094
-0.23179535567760468	0.3384995460510254
-0.19172346591949463	0.1974247694015503
0.031020980328321457	0.45527383685112
0.34976330399513245	0.6758428812026978
0.4634547233581543	0.8161692619323732
0.6982551217079163	0.7862034440040588
0.8262589573860168	0.7818648815155029
0.9832645654678344	-0.21053855121135712
0.9906092882156371	-0.304838627576828
1.1167404651641843	-0.0744854062795639
1.174532413482666	-0.09707468003034592
1.174532413482666	0.08036904036998749
1.174532413482666	0.044976923614740365
1.1300206184387207	-0.6031947135925293
0.9779180884361267	-0.5751573443412781
0.8974897861480714	-0.5793356895446777
0.8531897068023682	-0.6449466943740845
0.7800531983375549	-0.6449466943740845
0.7449439167976379	-0.6449466943740845
0.7366463541984558	-0.27906182408332825
0.6849684119224548	0.15480531752109528
0.6849684119224548	0.5751488208770752
0.6849684119224548	0.9314649701118469
0.685603678226471	0.7984972596168518
0.7103375792503357	0.5605709552764893
0.7375727295875549	0.4498758018016815
0.7375727295875549	0.08957921713590622
0.7375727295875549	0.0011028797598555684
0.7001211047172546	0.07874344289302826
0.5474363565444946	0.003461346263065934
0.35305851697921753	-0.49172896146774286
-0.10568401217460632	-0.6449466943740845
-0.5038422346115112	-0.6449466943740845
-1.0479955673217771	-0.6449466943740845
-1.775648593902588	-0.6449466943740845
-1.9788268804550169	-0.6449466943740845
-1.9788268804550169	-0.6449466943740845
-1.9788268804550169	-0.6449466943740845
-1.8296291828155515	-0.6449466943740845
-1.6598132848739624	-0.38658556342124933
-1.4575680494308472	-0.3691059648990631
-1.169825792312622	-0.34695956110954285
-0.9296194314956664	-0.3084697425365448
-0.6922582387924194	-0.6449466943740845
-0.5771177411079407	-0.6449466943740845
-0.3498208522796631	-0.6449466943740845
-0.32593387365341187	-0.6449466943740845
-0.15644219517707825	-0.724621057510376
-0.10125069320201872	-0.7716219425201416
0.0005965098971500993	-0.6911083459854126
0.1092260256409645	-0.25319087505340576
0.1092260256409645	0.13679055869579315
0.1092260256409645	-0.11157625913619997
0.09005688875913619	-0.16702738404273987
-0.04277060180902481	-0.31952035427093506
-0.08846686035394669	-0.30514267086982727
-0.08846686035394669	-0.265438437461853
-0.1448361575603485	-0.285595178604126
-0.16436922550201416	-0.6449466943740845
-0.16451479494571683	-0.6449466943740845
-0.19526350498199463	-0.6449466943740845
-0.20528146624565125	-0.6449466943740845
-0.24500267207622528	-0.6449466943740845
-0.24541291594505313	-0.6449466943740845
-0.24541291594505313	-0.6449466943740845
-0.24500267207622528	-0.6449466943740845
-0.22165165841579437	-0.6449466943740845
-0.22165165841579437	-0.6449466943740845
-0.20238327980041504	-0.6449466943740845
-0.20238327980041504	-0.6449466943740845
-0.22165165841579437	-0.4859584867954254
-0.22028858959674835	-0.5377232432365417
-0.22028858959674835	-0.5164272785186768
-0.2281957715749741	-0.6166314482688904
-0.2512357831001282	-0.6449466943740845
-0.3107547461986542	-0.6449466943740845
-0.3843345642089844	-0.6449466943740845
-0.485228955745697	-0.6449466943740845
-0.6882815361022949	-0.6449466943740845
-0.7003176212310791	-0.6449466943740845
-0.9156246781349182	-0.6449466943740845
-0.9926850199699402	-0.6449466943740845
-1.1342600584030151	-0.6449466943740845
-1.228848576545715	-0.6449466943740845
-1.3129888772964475	-0.6449466943740845
-1.374929666519165	-0.6449466943740845
-1.4752615690231323	-0.6449466943740845
-1.4752615690231323	-0.6449466943740845
-1.4752615690231323	-0.2686826288700104
-1.4503291845321655	-0.24297091364860535
-1.2671802043914795	-0.08959861844778061
-0.9106222987174989	-0.04932544752955437
-0.6159787178039551	0.230464905500412
-0.38423532247543335	0.24045841395854947
-0.38423532247543335	0.06440688669681549
-0.38423532247543335	0.20439183712005615
-0.4165455996990204	0.13926143944263458
-0.4165455996990204	-0.0020587833132594824
-0.4165455996990204	0.10278920084238052
-0.15032818913459775	-0.08830338716506958
0.08010508865118027	-0.19565190374851224
0.1810656189918518	-0.21020367741584775
0.2401081621646881	-0.417792946100235
0.2401081621646881	-0.1818937063217163
0.2401081621646881	0.27828991413116455
0.2401081621646881	0.16365696489810944
0.2401081621646881	0.11867322027683258
0.37129464745521545	0.46561285853385925
0.4481432437896729	0.19995242357254028
0.4481432437896729	-0.3420202434062958
0.4804270565509796	0.17766346037387848
0.4804270565509796	-0.2020495980978012
0.5200556516647339	-0.2116723358631134
0.5200556516647339	0.05962428078055382
0.5200556516647339	0.021734576672315598
0.5478200912475586	-0.10722576826810835
0.5478200912475586	-0.07120485603809357
0.5460070967674255	0.028453104197978973
0.5460070967674255	0.19989849627017975
0.5460070967674255	0.21550606191158295
0.500846803188324	0.41364386677742
0.29519379138946533	0.6552130579948425
-0.08761327713727951	0.7139636278152466
-0.5210329294204712	0.2455381602048874
-1.1948641538619995	-0.03621775656938553
-1.2429094314575195	-0.31429022550582886
-1.2429094314575195	-0.8501912355422973
-1.2429094314575195	-0.6064637303352356
-1.1016188859939575	-0.1908602863550186
-0.9758516550064087	-0.2679874002933502
-0.9758516550064087	-0.28274521231651306
-0.9758516550064087	-0.3044995367527008
-1.0013002157211304	-0.27419808506965637
-1.024340271949768	-0.16872413456439972
-1.193772315979004	-0.16465629637241364
-1.5099869966506958	-0.6449466943740845
-1.6409287452697752	-0.6449466943740845
-1.665755271911621	-0.6449466943740845
-1.6978869438171387	-0.3969707190990448
-1.6978869438171387	-0.4105469286441803
-1.665755271911621	-0.10900957882404327
-1.613660454750061	-0.0003581827913876623
-1.5658997297286987	-0.24461685121059415
-1.5552730560302734	-0.2254611700773239
-1.4846906661987305	-0.2333955019712448
-1.461663842201233	-0.20687325298786163
-1.3221863508224487	-0.19130088388919833
-0.9868687987327576	0.01982669159770012
-0.6461451649665833	0.19577233493328097
-0.391633003950119	-0.015301402658224104
-0.19301375746726987	-0.01232672482728958
0.07295884191989899	-0.22589522600173953
0.19697925448417664	-0.1245601177215576
0.35651251673698425	-0.136910542845726
0.391992300748825	-0.12397856265306471
0.5670884847640991	0.13355374336242676
0.6804755330085754	0.1401628851890564
0.8354101181030273	-0.313729465007782
0.8438730835914611	-0.1426733285188675
0.8469697833061217	0.05673081427812576
0.851045787334442	0.605434775352478
0.8784000277519226	0.9766378402709962
0.9712615013122559	0.9344432353973389
0.9742258787155152	1.311630129814148
1.052708864212036	1.2365550994873047
1.052708864212036	1.1427888870239256
1.052708864212036	1.5307533740997314
1.0057884454727173	1.6294430494308472
0.9415781497955321	1.311062216758728
0.8828532099723816	1.217812180519104
0.8822180032730103	0.8765642046928407
0.7482656240463258	0.5144768357276917
0.5836373567581177	0.592842698097229
0.5327931642532349	-0.26878175139427185
0.44828882813453674	0.223569318652153
0.3595827519893646	-0.3681658804416656
0.2800014019012451	-0.3400460481643677
0.15321512520313263	-0.3082737624645233
0.14360739290714264	0.1765654981136322
-0.02968900464475155	0.38758984208106995
-0.09375375509262085	0.7320425510406494
-0.19106176495552063	0.9492810964584351
-0.19106176495552063	0.8867380619049072
-0.19106176495552063	1.091066598892212
-0.11563581973314284	1.1934773921966553
-0.0030493976082652807	1.2606117725372314
0.055893879383802414	1.3031405210494995
0.13603106141090393	1.1348224878311155
0.13603106141090393	0.6871758103370667
0.13603106141090393	-0.004988729953765869
0.12264508754014967	0.14489853382110596
0.08984515070915222	0.01677224598824978
0.015788894146680832	0.1699001044034958
-0.0003563225909601897	0.4852341115474701
-0.0868920385837555	0.4648991525173187
-0.2619749903678894	0.554466187953949
-0.36875179409980774	0.2509499192237854
-0.6574269533157349	-0.08271755278110504
-0.7967588305473328	-0.6291184425354004
-1.0253857374191284	-0.736328125
-1.0253857374191284	-0.6724875569343567
-1.0253857374191284	-0.3150847852230072
-0.9780153632164	-0.32104209065437317
-0.8771077394485474	-0.15535376965999603
-0.8016024231910706	-0.09373748302459717
-0.670998215675354	0.3647812902927398
-0.4808154702186584	0.5379619002342224
-0.3056729733943939	0.6792528033256531
0.0004178537928964942	0.7668983340263367
0.2865256667137146	0.8715167045593263
0.6081595420837402	1.372114658355713
0.846605896949768	0.8640216588973998
0.9847069978713989	1.3371537923812866
0.9847069978713989	0.9798228740692139
0.9847069978713989	1.1845066547393799
0.9657694697380066	0.8738207817077637
0.9583255052566528	0.6144770979881287
0.8867968916893004	0.5475034117698669
0.8793396353721619	0.7911602258682251
0.808479368686676	0.5114490985870361
0.7221884727478027	0.39309993386268616
0.5600084066390991	0.797720432281494
0.4095072150230408	-0.09764246642589568
0.35438188910484314	-0.22004015743732452
0.24173590540885925	1.0656816959381104
0.24071690440177915	0.7569396495819091
0.23466907441616056	0.8210321664810181
0.15851525962352753	1.1406141519546509
0.014180989004671572	0.23570200800895688
-0.09647329896688461	0.4136406481266022
-0.32576847076416016	0.4482780694961548
-0.48604944348335266	0.3350147306919098
-0.7042877674102783	0.31993627548217773
-0.7042877674102783	0.1504601240158081
-0.7042877674102783	-0.0002483500575181097
-0.6578636765480042	-0.2602413296699524
-0.6578636765480042	-0.3919917643070221
-0.6578636765480042	-0.1491587907075882
-0.6794347167015076	-0.010491358116269112
-0.7341630458831787	0.003123305970802903
-0.7886994481086731	0.13179253041744232
-0.9354224205017088	-0.1069827452301979
-1.0924413204193115	0.05154552310705185
-1.4294991493225095	0.14709755778312683
-1.5408217906951904	-0.19394686818122864
-1.5408217906951904	0.1039365828037262
-1.5408217906951904	-0.20474253594875336
-1.4222933053970337	-0.27831998467445374
-1.2475676536560059	-0.3309231102466583
-1.0211906433105469	-0.6449466943740845
-0.8176814317703246	-0.6449466943740845
-0.6140134930610657	-0.6449466943740845
-0.3573707342147827	-0.6449466943740845
-0.16933850944042203	-0.5004613995552063
0.004202716052532196	-0.373887687921524
0.1915864795446396	-0.3519601821899414
0.2817813456058502	-0.31725218892097473
0.2817813456058502	-0.3557671308517456
0.2817813456058502	-0.6449466943740845
0.15323497354984283	-0.34385377168655396
-0.04448437690734863	-0.31217139959335327
-0.24829788506031036	-0.23498786985874176
-0.46866023540496826	-0.09354206919670105
-0.6873617768287659	-0.18778154253959656
-0.918641984462738	-0.09357164055109024
-1.071763515472412	-0.16179843246936798
-1.2873286008834839	-0.1584232598543167
-1.490817904472351	-0.11603237688541412
-1.7164539098739624	-0.1939861923456192
-1.8690990209579468	-0.2492375671863556
-2.15205717086792	-0.16341648995876312
-2.15205717086792	-0.2534097731113434
-2.15205717086792	-0.36959332227706915
-1.9576396942138672	-0.08466943353414536
-1.4444466829299927	0.048779699951410294
-0.9598188996315001	-0.05589240416884422
-0.4444688856601715	-0.15251637995243073
-0.10073457658290864	0.09185585379600525
0.23134076595306396	0.4392378032207489
0.6361159086227417	0.42827481031417847
1.195574164390564	0.2537086009979248
1.8309744596481323	0.6436569690704346
2.3803749084472656	0.4346032440662384
2.6478629112243652	0.6399430632591248
2.6478629112243652	1.3115029335021973
2.6478629112243652	1.5393240451812744
2.541218519210815	1.6733433008193968
2.159708261489868	1.4824087619781494
1.6537145376205444	1.2690720558166504
1.1077349185943604	1.2675933837890625
0.615914523601532	0.7641473412513733
0.18571068346500397	0.4519251585006714
-0.14685431122779846	0.6454708576202393
-0.5632420778274536	0.41170692443847656
-0.5632420778274536	0.021340256556868553
-0.5632420778274536	-0.23137778043746948
-0.5493598580360413	-0.33884093165397644
-0.43107628822326655	-0.5936157703399658
-0.4291971027851105	-0.5740059614181519
-0.37552750110626226	-0.4602910578250885
-0.37552750110626226	-0.23889099061489105
-0.37552750110626226	-0.044072624295949936
-0.4554463028907776	0.2745538353919983
-0.6322364211082458	0.1616460084915161
-0.8682146668434142	0.015405520796775816
-0.9121508002281189	-0.01025194488465786
-0.9753686189651488	-0.05922715738415718
-1.0058923959732056	-0.2188740074634552
-1.0058923959732056	-0.06299281120300293
-1.0058923959732056	0.056176070123910904
-0.654594898223877	0.2722771167755127
-0.4571931660175323	0.23824453353881836
-0.22245892882347104	-0.21962587535381317
-0.16057774424552915	-0.05126311257481575
-0.16057774424552915	-0.17928524315357208
-0.16057774424552915	0.11566715687513351
-0.2612868547439575	0.15185870230197906
-0.2612868547439575	0.26243916153907776
-0.2612868547439575	0.683020830154419
0.015405114740133284	0.20896963775157928
0.19838203489780423	0.6815202236175537
0.2621622681617737	0.7748711109161378
0.28332969546318054	0.44702810049057007
0.3318050503730774	0.7226621508598328
0.3523571193218231	0.459105908870697
0.35518914461135864	0.7326008081436157
0.5235626101493835	0.7156258225440979
0.6992874145507812	0.17605800926685333
0.7309889197349548	-0.30895546078681946
0.774084746837616	-0.4181131720542908
0.774084746837616	-0.12786519527435303
0.774084746837616	-0.012033404782414436
0.731419026851654	0.33351340889930725
0.678722083568573	0.028506625443696976
0.6383126974105835	0.7168304920196533
0.5340172648429871	1.0758793354034424
0.4742336571216583	0.9066870212554933
0.3748148381710053	1.1582720279693604
0.20348365604877472	-0.15300817787647247
0.11765594780445097	-0.04696621373295784
-0.0493147075176239	-0.03995094075798988
-0.089042529463768	-0.25915682315826416
-0.089042529463768	0.19822293519973752
-0.089042529463768	0.17594483494758603
0.11136990040540697	0.3286913335323334
0.337581604719162	0.4246203005313874
0.4875534474849701	-0.004945204593241215
0.6995851397514343	-0.11659383028745653
0.753545880317688	0.16540953516960144
0.753545880317688	-0.009659577161073685
0.753545880317688	0.1332816183567047
0.6797410845756531	0.30968037247657776
0.5753463506698608	0.5315752029418945
0.39724612236022955	0.01750616170465946
0.08839605003595352	0.27535292506217957
-0.18584103882312775	0.47295477986335754
-0.5629575848579407	0.2158328741788864
-0.7667049169540405	0.3988347351551056
-0.9232605695724488	0.44925716519355774
-0.9407622814178467	0.6164612770080566
-0.9407622814178467	0.5714600086212158
-0.9407622814178467	0.7504521012306212
-0.700622022151947	0.5003609657287598
-0.5305745005607605	0.13513727486133575
-0.4234800934791565	0.3793100416660309
-0.10551197081804276	0.30732616782188416
0.0683402493596077	0.6021952629089355
0.3110544681549072	0.6359894275665283
0.3129866123199463	0.5883837938308716
0.3129866123199463	0.9383425712585448
0.3110544681549072	0.7769388556480408
0.07860305160284041	0.5514029264450073
-0.3307245075702667	0.2961936891078949
-0.9889531135559082	-0.37174221873283386
-0.9889531135559082	-0.6536045670509338
-0.9889531135559082	-0.6187108755111694
-0.9559348225593567	-0.6929450035095215
-0.5490091443061829	-0.01758633926510811
-0.08116181194782257	0.08199533075094223
0.1547105461359024	0.3414808213710785
0.3719034194946289	0.4471067190170288
0.5182756781578064	0.42248961329460144
0.5272085070610046	0.4165513217449188
0.7524871826171875	0.6484564542770386
0.9288869500160216	0.6532672047615051
1.0351210832595823	0.6704397201538086
1.0351210832595823	0.9361018538475037
1.0351210832595823	0.7197531461715698
0.9795259833335876	0.850081980228424
0.9795259833335876	0.8667964935302734
0.9795259833335876	1.120755672454834
0.9276561737060547	1.0180383920669556
0.8966692686080933	0.9997017979621888
0.8073081374168395	0.9466793537139893
0.5922393202781677	0.9950988292694093
0.023305684328079224	0.6958147883415222
-0.4110668301582336	0.5376933813095093
-0.6188703179359436	0.4461747109889984
-0.6188703179359436	0.7174421548843384
-0.6188703179359436	0.7644036412239075
-0.4289191961288452	0.9593992233276368
-0.4289191961288452	1.2771689891815183
-0.4289191961288452	0.8680229783058167
-0.4594561457633972	0.7993271350860596
-0.5050531625747681	0.840367078781128
-0.6769599914550781	0.6431776881217957
-0.6769599914550781	0.5191816687583923
-0.6769599914550781	0.505781352519989
-0.6281273365020752	0.27576011419296265
-0.3669321537017822	0.2512929141521454
-0.23162993788719177	0.2838551104068756
-0.17424163222312927	0.16004347801208496
-0.17424163222312927	0.0873219221830368
-0.17424163222312927	-0.07684296369552612
-0.24713993072509763	0.037106487900018685
-0.24713993072509763	-0.09143004566431044
-0.24713993072509763	-0.22889044880867004
-0.2020855098962784	0.07328351587057114
-0.09047839045524597	0.2387937605381012
0.018673859536647797	0.13547806441783905
0.0376775749027729	0.48579657077789307
0.19646313786506653	0.43105432391166687
0.418989211320877	0.7824329137802125
0.8086116909980774	0.5058795213699341
1.1393901109695435	0.8666191697120668
1.1393901109695435	0.25663161277770996
1.1393901109695435	0.14107973873615265
1.1374447345733643	0.48613759875297546
0.8608586788177489	0.18603874742984772
0.5852518677711487	0.2233941555023193
0.28066307306289673	0.24739563465118408
-0.020458441227674484	0.44132235646247864
-0.4281317889690399	0.3394361734390259
-1.0923552513122559	0.3452516496181488
-1.386350393295288	0.518567681312561
-1.6254054307937622	0.09610216319561005
-1.9409518241882324	0.059266019612550735
-2.102126121520996	-0.2145535498857498
-2.102126121520996	-0.4890680015087128
-2.102126121520996	-0.5638426542282104
-2.0804953575134277	-0.4717303216457367
-2.0761878490448	-0.4281112253665924
-1.9340966939926147	-0.4166336953639984
-1.6759452819824219	-0.6283714771270752
-1.4870529174804688	-0.6449466943740845
-1.230952739715576	-0.534086287021637
-0.9819855093955993	-0.5644863843917847
-0.5944672226905823	-0.6133166551589966
-0.3293349742889404	-0.5103635787963867
-0.026837125420570374	-0.2672000527381897
0.19912974536418912	-0.2354516237974167
0.4885195195674896	-0.21273456513881683
0.6015757322311401	-0.6449466943740845
0.6015757322311401	-0.6449466943740845
0.6015757322311401	-0.6449466943740845
0.39223712682724	-0.4439126253128052
0.25150907039642334	-0.4017235934734344
-0.06211177632212638	-0.23331540822982788
-0.3041444718837738	-0.08930253982543945
-0.6478655338287354	-0.14190445840358734
-0.8771209716796875	0.3105347156524658
-1.074780821800232	-0.2926797568798065
-1.3033679723739624	0.10092130303382872
-1.4786692857742307	-0.13352300226688385
-1.4786692857742307	0.374900758266449
-1.4786692857742307	0.2566298842430115
-1.288962960243225	0.19420938193798065
-0.798095464706421	0.006893061101436615
-0.30129918456077576	-0.17321664094924927
0.08778730034828186	-0.2721382677555084
0.31174924969673157	-0.17800909280776975
0.4422277510166168	-0.15220649540424347
0.5877596735954285	-0.11546629667282104
0.5877596735954285	-0.05192677304148673
0.5877596735954285	-0.4087980687618256
0.5181235074996948	-0.34452953934669495
0.26596036553382874	-0.11568543314933775
0.06994815915822983	-0.10106020420789719
-0.18060708045959473	-0.2956676185131073
-0.4993692338466644	-0.4193613827228546
-0.5327117443084717	-0.16538932919502258
-0.5327117443084717	-0.10113174468278883
-0.5327117443084717	0.04056913033127785
-0.3462146520614624	0.1399099975824356
-0.23312535881996152	-0.1342318207025528
-0.09237082302570344	-0.23322923481464383
-0.009560419246554375	-0.28538987040519714
0.1801127940416336	-0.5085771679878235
0.29094573855400085	-0.40362694859504694
0.39806661009788513	-0.3356612026691437
0.5118705034255981	-0.2685048282146454
0.5224310755729675	-0.23379699885845184
0.5224310755729675	-0.00906130950897932
0.5224310755729675	-0.13421319425106049
0.5224310755729675	-0.09153440594673157
0.5224310755729675	0.34689095616340637
0.5624169707298279	0.5054540634155273
0.5624169707298279	0.7512780427932739
0.5624169707298279	0.803075611591339
0.4059340953826904	0.8909937739372252
0.3220914602279663	0.9527078866958617
0.06013530492782593	0.914994478225708
-0.1248796135187149	0.7784447073936462
-0.31893983483314514	0.6051185131072998
-0.4463811814785003	1.0233305692672727
-0.5330161452293396	0.44306305050849915
-0.5330161452293396	-0.07438462972640993
-0.5330161452293396	0.31510496139526367
-0.5820274353027344	0.36508971452713007
-0.491799533367157	0.2674344480037689
-0.44391307234764094	0.1954268217086792
-0.44391307234764094	0.6848957538604736
-0.288078635931015	0.8258522152900696
-0.288078635931015	0.6067655682563782
-0.288078635931015	0.5382384061813354
-0.35713252425193787	0.7844932675361633
-0.49665632843971247	0.7336891293525696
-0.8803500533103943	0.4934159219264984
-1.1539320945739746	0.13617937266826627
-1.1539320945739746	0.3404538631439209
-1.1539320945739746	0.1597089320421219
-1.0791678428649902	-0.07555783540010452
-0.905282497406006	-0.3036690056324005
-0.8301873803138733	-0.4265671670436859
-0.694355845451355	-0.6449466943740845
-0.5447677373886108	-0.6449466943740845
-0.3781147003173828	-0.345535546541214
-0.23991428315639496	-0.33838024735450745
-0.1881304830312729	-0.284492164850235
-0.047316405922174454	-0.09547151625156403
-0.047316405922174454	-0.3804157376289368
-0.047316405922174454	-0.11897893995046616
-0.15791113674640656	-0.09804324060678482
-0.5242950916290283	-0.2103223353624344
-0.5619716644287109	-0.08080033957958221
-0.5706794857978821	0.0005318234907463193
-0.5824178457260132	-0.3211836516857147
-0.5824178457260132	-0.2687021493911743
-0.5824178457260132	-0.430105596780777
-0.5619981288909912	-0.22062376141548157
-0.3845992386341095	-0.10128901898860931
-0.3704060018062591	-0.3251737058162689
-0.2552853226661682	-0.12367556989192963
-0.19194842875003815	-0.13138799369335175
-0.13548649847507477	-0.15744313597679138
-0.012498320080339909	-0.18121744692325592
0.039259009063243866	-0.08492767810821533
0.16645552217960355	-0.09284871071577072
0.19715790450572968	0.04605888947844505
0.2825952172279358	0.053361181169748306
0.2946180999279022	0.05776752158999443
0.2968215346336365	0.01762251928448677
0.33649641275405884	-0.2487948387861252
0.4354983568191528	-0.09416893124580385
0.47811776399612427	-0.17632369697093964
0.5526769161224365	-0.0020236147101968527
0.5565941333770752	0.38191866874694824
0.6279308199882507	0.6690683364868164
0.6279308199882507	0.5502088665962219
0.6279308199882507	0.011750849895179272
0.5885868072509766	0.2900940477848053
0.5101104378700256	0.02789941616356373
0.43282514810562134	0.21600866317749023
0.2877497673034668	0.27728158235549927
0.23805029690265656	0.18664380908012393
0.23805029690265656	0.5270759463310242
0.20953150093555448	0.8227183818817139
0.18080756068229675	1.2580955028533936
0.02301453985273838	1.6862061023712158
-0.3402131497859955	1.2703683376312256
-0.5387860536575317	0.47557953000068665
-0.5387860536575317	0.3281024992465973
-0.5387860536575317	0.20981520414352417
-0.08492682129144669	0.5787593126296997
0.4132920801639557	0.5460400581359863
0.4463699162006378	0.5833920240402222
0.5092105269432068	0.4371608197689056
0.7989907264709472	0.34495827555656433
0.7989907264709472	0.21902973949909207
0.7989907264709472	0.16177809238433835
0.7989907264709472	0.04997718706727028
0.7989907264709472	0.2832378149032593
0.7834873199462892	0.20905776321887967
0.8166512250900269	0.33140334486961365
0.8196619153022766	0.3934840261936188
0.8196619153022766	1.3530443906784055
0.8166512250900269	1.6240335702896118
0.8166512250900269	1.2945713996887207
0.49880215525627136	0.6598329544067383
0.012844377197325228	0.39787963032722473
-0.09059087932109831	0.08720459043979645
-0.09611598402261734	-0.120506152510643
-0.09827970713376999	0.5266847610473633
-0.09827970713376999	0.6544595956802368
-0.09059087932109831	0.5177335143089294
-0.10729853063821793	0.3856619894504547
-0.12474727630615234	0.24978080391883847
-0.03521411120891571	0.03590620309114456
-0.03521411120891571	0.06928211450576782
-0.008289976045489311	0.44742369651794434
-0.008289976045489311	0.28555944561958313
-0.008289976045489311	0.2183346003293991
-0.3656683266162872	0.9537290334701538
-0.5380251407623291	0.41109499335289
-0.5648698806762695	-0.06875744462013245
-0.7064911723136902	-0.8336081504821777
-0.7064911723136902	-0.12549716234207153
-1.1579684019088743	-0.06310146301984787
-1.2086868286132812	0.06302061676979065
-1.234565496444702	0.03328482434153557
-1.3476548194885252	-0.6449466943740845
-1.5218775272369385	-1.1327043771743774
-1.8317400217056272	-1.181392192840576
-1.8604573011398315	-1.2585983276367188
-1.9818376302719116	-1.3522405624389648
-2.054100751876831	-0.855491816997528
-2.441532850265503	-0.35559502243995667
-2.441532850265503	-0.32513561844825745
-2.4500555992126465	-0.1717950850725174
-2.4609534740448	-0.30523669719696045
-2.4609534740448	-1.1240724325180051
-2.649395942687988	-1.5294880867004395
-2.9332804679870605	-1.7989259958267212
-3.1762330532073975	-1.6761353015899658
-3.412489175796509	-1.7926583290100095
-3.412489175796509	-1.753596305847168
-3.412489175796509	-1.0361350774765015
-3.231166362762451	-1.1388063430786133
-3.210515022277832	-0.9280683398246765
-3.210515022277832	-0.06731285899877548
-3.210515022277832	-0.4489926993846894
-3.2734880447387695	-0.7554808855056763
-3.528496503829956	-1.1004371643066406
-3.528496503829956	-1.7672599554061887
-3.528496503829956	-1.93314528465271
-3.562824964523315	-0.6449466943740845
-3.562824964523315	-0.6449466943740845
-3.562824964523315	-1.8370230197906496
-3.562824964523315	-1.9248898029327393
-3.562824964523315	-2.007228374481201
-3.507037878036499	-2.0002574920654297
-3.1358830928802486	-1.8978281021118164
-2.870419979095459	-0.2471773326396942
-2.7505748271942134	-0.6449466943740845
-2.7021987438201904	-0.6449466943740845
-2.6992874145507812	-0.6449466943740845
-2.6644229888916016	-0.6449466943740845
-2.6007156372070312	-0.16173654794692993
-2.55047345161438	-0.09953962266445161
-2.520002603530884	0.11558199673891068
-2.4903855323791504	-0.04411347210407257
-2.3492867946624756	-0.2564021050930023
-2.1792328357696533	-0.3240503668785095
-1.701943039894104	0.08040633052587509
-1.4769026041030884	0.2352105975151062
-1.443288803100586	0.6503831744194031
-1.1597880125045776	1.113366961479187
-1.0374020338058472	0.9572107195854189
-1.0374020338058472	0.8417612910270691
-1.0374020338058472	0.5076406002044678
-1.0374020338058472	0.14955519139766693
-1.0374020338058472	-0.149928480386734
-0.9249214529991149	0.0806281715631485
-0.6931647658348083	0.4219149649143219
0.07838469743728636	0.5926448106765747
0.6986852288246155	0.8558094501495361
1.1299477815628052	0.7082041501998901
1.1299477815628052	0.13278596103191376
1.1299477815628052	-0.25765398144721985
1.1122145652770996	-0.30514898896217346
1.0813930034637451	0.0023452548775821924
0.9330555796623229	0.4819405972957611
0.8873725533485413	0.6967694759368896
0.6612270474433899	0.8041659593582153
0.2518729865550995	0.585120677947998
0.2518729865550995	0.1314495950937271
0.2518729865550995	0.19028683006763455
0.34918761253356934	0.4788249731063842
0.47636428475379944	0.32147350907325745
0.7818000316619873	0.4897867739200592
1.0551702976226807	0.9221668243408205
1.2491378784179688	0.7073150873184204
1.3994803428649902	0.8033479452133179
1.4333852529525757	0.5691320300102234
1.4336498975753784	0.466521829366684
1.4336498975753784	0.5542454123497009
1.4336498975753784	0.5504626035690308
1.1913723945617676	0.5352447032928467
1.0036710500717163	0.40116050839424133
0.8901450037956239	0.5368651151657104
0.8901450037956239	0.8844735026359558
0.8901450037956239	0.9298599958419802
1.1446505784988403	0.7158476114273071
1.1446505784988403	0.659632682800293
1.1446505784988403	0.37430423498153687
0.8472675681114197	0.727144181728363
0.23032838106155396	0.9107996225357056
0.23032838106155396	0.7780925631523132
0.2010155618190765	0.8490623831748964
0.05660850182175636	0.8451073169708251
0.05660850182175636	0.8423908948898315
-0.21349965035915375	1.2040470838546753
-0.21349965035915375	0.5890829563140869
-0.21349965035915375	0.11378765851259232
-0.18825620412826535	-0.3911283314228058
-0.14217616617679596	-0.5069214105606079
0.03512345254421234	-0.5834836959838867
0.5683854222297668	0.22955249249935153
0.922223687171936	0.6598587036132812
1.1202937364578247	0.7970515489578246
1.320653200149536	0.8868966698646545
1.418490648269653	0.48547607660293574
1.418490648269653	0.33671632409095764
1.418490648269653	0.5343318581581116
1.3560073375701904	0.155680313706398
1.33877694606781	0.78182053565979
1.1759617328643799	0.11756764352321623
0.9968026876449586	0.05369851365685463
0.6746659278869629	0.21985243260860443
0.21691595017910004	0.3022383749485016
-0.1150667667388916	0.23890209197998047
-0.5443045496940613	0.19104093313217163
-0.9789086580276488	0.3297978937625885
-1.1776072978973389	-0.0038714257534593344
-1.1776072978973389	0.06949514150619507
-1.1776072978973389	-0.008684568107128143
-1.000440001487732	0.275004118680954
-0.6428234577178955	0.20055507123470304
-0.2606450021266937	0.393456518650055
0.34984931349754333	0.365551084280014
0.8767061233520507	0.2663154900074005
1.289507508277893	0.6469981074333191
1.5346699953079224	1.1414977312088013
1.5346699953079224	0.9715222120285033
1.5346699953079224	1.0410101413726807
1.2388817071914673	0.8069463968276978
0.5754258036613464	0.8448505997657776
0.02763313055038452	0.7029679417610168
-0.0020502470433712006	0.8758362531661987
-0.0020502470433712006	0.6613330841064453
-0.0020502470433712006	0.5257116556167603
0.058758992701768875	0.7722227573394777
0.16724294424057007	0.8758050203323364
0.4929594397544861	0.9332360625267029
0.6964421272277832	0.6552547812461853
1.078170657157898	0.9948325753211976
1.5576438903808592	0.9584425091743469
1.7754454612731931	0.9778915643692015
1.9636564254760744	0.6021803617477417
1.9636564254760744	0.722704291343689
1.9636564254760744	0.30996453762054443
1.679566740989685	0.3780412077903747
1.3189526796340942	0.3787871301174164
0.8438400030136108	0.38608488440513605
0.34521088004112244	-0.07207971066236496
-0.2417273074388504	-0.7944480180740356
-0.6107116937637329	-0.45107927918434143
-0.6311777234077454	-0.03196944668889046
-0.6795405745506287	0.11242274940013884
-0.6795405745506287	-0.0099661685526371
-0.6311777234077454	-0.003462321823462844
-0.5519139766693115	0.26825812458992004
-0.25378990173339844	0.3406163156032562
0.4131928086280822	0.4554009437561035
1.1214120388031004	0.7072575092315674
1.5383423566818235	0.8246301412582396
1.8251317739486697	0.7057228684425354
1.9995529651641843	0.744953989982605
1.9995529651641843	0.8040060400962828
1.9995529651641843	0.2636808753013611
1.9476103782653809	0.14469504356384277
1.8821362257003784	0.11718786507844924
1.8821362257003784	0.16437186300754547
1.7830549478530884	0.041071221232414246
1.7830549478530884	0.07583735138177872
1.7830549478530884	0.8277831077575684
1.6002302169799805	0.352015882730484
1.3033301830291748	0.5312477350234985
0.9256181716918944	0.4551166296005249
0.5386887788772583	0.6326886415481567
0.1692677140235901	0.6775874495506287
-0.40112823247909546	0.26081541180610657
-0.40112823247909546	-0.08109190315008163
-0.40112823247909546	0.003993231803178787
-0.3111914396286011	0.4701862335205078
0.1258542835712433	0.3756427466869354
0.662437915802002	0.2481652796268463
0.9632748961448668	0.3126610517501831
1.0848206281661987	-0.09687916934490205
1.1567131280899048	-0.26149290800094604
1.2914463281631468	-0.2334250807762146
1.3512828350067139	0.13239659368991852
1.3512828350067139	0.36445993185043335
1.3512828350067139	0.4358455836772918
1.3351640701293943	0.40237733721733093
1.3090009689331055	0.08043652772903441
1.2861990928649902	-0.3550633490085602
1.2635164260864256	-0.42133972048759455
0.9560029506683348	-0.2207870781421661
0.63747239112854	0.14903447031974792
0.2516413927078247	-0.016273880377411842
0.11156179010868073	0.12779702246189115
0.11156179010868073	0.224543496966362
0.11156179010868073	0.2551824748516083
0.2392082512378693	0.19543902575969696
0.2392082512378693	-0.04634532704949379
0.2392082512378693	-0.2594834864139557
-0.1168467104434967	0.0627153292298317
-0.1168467104434967	-0.04873352125287056
-0.1168467104434967	-0.1754402220249176
0.1721460521221161	0.26250848174095154
0.5115132331848145	0.15260721743106842
0.7786570191383362	-0.08146752417087555
1.0892671346664429	0.2847384214401245
1.2348453998565672	0.22681103646755216
1.3511704206466675	0.15499429404735565
1.5405855178833008	0.12233056873083115
1.5581334829330444	-0.05382649973034859
1.5829402208328247	0.09690114855766296
1.5829402208328247	0.39993295073509216
1.5485059022903442	0.518494725227356
1.5485059022903442	0.6246635913848877
1.4100276231765747	0.40219214558601374
1.144002079963684	0.2905512750148773
0.819086194038391	0.5877808332443237
0.3089701533317566	0.5795208811759949
-0.2061350494623184	0.4936331808567047
-0.6240910291671753	0.098907008767128
-0.6240910291671753	-0.2529202997684479
-0.6240910291671753	-0.4469423294067382
-0.324332594871521	-0.05422710254788399
0.13199475407600403	0.03925861418247223
0.41976338624954224	0.4159179925918579
0.41976338624954224	0.5356249809265137
0.41976338624954224	0.6571520566940308
0.12040195614099503	0.6891016960144043
0.12040195614099503	0.39800015091896057
0.12040195614099503	0.35341429710388184
0.2554064095020294	-0.3860142230987549
0.6190046072006226	-0.5532292127609253
0.885327935218811	-0.646120011806488
1.0857270956039429	-0.6506974697113037
1.2222931385040283	-0.6705235838890076
1.2222931385040283	0.22443805634975433
1.2222931385040283	0.1089402437210083
1.1054917573928833	0.10827679187059402
0.9950095415115356	0.3180965483188629
0.8158042430877684	0.09840006381273268
0.404570996761322	0.089214026927948
-0.17813237011432648	0.16345979273319244
-0.17813237011432648	0.029958173632621765
-0.17813237011432648	0.4496888816356659
-0.10434740036725997	0.6076615452766418
-0.00974569283425808	0.5887531638145447
0.24700957536697388	0.6080492734909058
0.6393515467643738	0.5560211539268494
0.9606347680091858	0.5924166440963745
1.4095710515975952	0.5207514762878418
1.7736324071884155	0.21290867030620575
1.8713176250457764	0.3729389011859894
1.8713176250457764	-0.00025141224614344537
1.8713176250457764	0.2387956380844116
1.782300591468811	0.09936760365962982
1.636358380317688	0.41849538683891296
1.5437219142913818	0.546310305595398
1.4179414510726929	0.7426143288612367
1.0415725708007812	0.6836727261543274
0.2599257528781891	0.5228077173233032
-0.28391000628471375	0.29741838574409485
-0.5113193392753601	0.2551552951335907
-0.5113193392753601	0.6290324926376343
-0.5113193392753601	0.7086216807365417
-0.4583445191383362	0.982574462890625
-0.4583445191383362	1.0393364429473877
-0.4583445191383362	0.6456778049468994
-0.609514057636261	0.32461413741111755
-0.647322952747345	-0.2439221143722534
-0.6514055728912354	0.7305801510810851
-0.647322952747345	-0.1959583610296249
-0.609514057636261	-0.29421621561050415
-0.36591315269470215	0.12084830552339552
0.2032255977392197	0.613752543926239
0.6357916593551636	0.475263386964798
1.3846783638000488	0.7426685094833374
1.953803777694702	1.110884666442871
1.953803777694702	1.3316311836242676
1.953803777694702	0.9406368732452391
1.539209246635437	0.37883761525154114
1.343196988105774	0.08851020038127899
1.3401002883911133	-0.042476627975702286
1.2649059295654297	0.3498898446559906
1.037542939186096	-0.0014722420601174235
0.47250664234161377	-0.07323934137821196
-0.3408549726009369	-0.02920832484960556
-0.3408549726009369	0.042159028351306915
-0.3408549726009369	0.38341137766838074
-0.16716155409812927	0.2901715934276581
0.1742766946554184	0.2132624238729477
0.4410896301269531	0.203609362244606
0.8975360989570618	0.1195567026734352
1.2242584228515625	0.11600971966981888
1.4544335603713987	0.24110673367977145
1.5990391969680786	0.8929517269134521
1.603505492210388	0.832302451133728
1.603505492210388	0.9912546873092652
1.603505492210388	0.963935375213623
1.4717168807983398	0.29319313168525696
1.1735001802444458	0.45174288749694824
1.1255145072937012	0.24714228510856628
1.0961090326309204	0.3131113648414612
1.049751043319702	0.06429599225521088
0.6507326364517212	-0.3317495882511139
0.6507326364517212	-0.2151188999414444
0.6507326364517212	0.3614868223667145
0.6907317638397217	0.44532674551010126
1.1702115535736084	0.5593175888061523
1.1702115535736084	1.3194304704666135
1.1702115535736084	1.2079044580459595
1.1244226694107056	1.0608561038970947
0.82048237323761	0.818861424922943
0.416865199804306	0.7289286255836487
0.05058712884783745	0.32904887199401855
0.015299243852496147	0.5718770027160645
-0.12387384474277496	0.7075997591018677
-0.29386842250823975	0.6112834811210632
-0.5497965812683105	0.3383345901966095
-0.8074980378150939	0.10198366641998292
-1.0841370820999143	-0.0622577928006649
-1.1815707683563232	-0.14242371916770935
-1.1815707683563232	0.04637864604592323
-1.1815707683563232	0.08970370888710022
-1.1622958183288574	0.011746048927307127
-1.100996971130371	-0.38616326451301575
-1.0588473081588743	-0.10534341633319853
-1.030176281929016	0.11157245934009552
-1.030176281929016	0.18176843225955963
-0.8828644752502441	0.045430880039930344
-0.6069466471672058	0.38870248198509216
-0.08120150864124298	0.19643457233905792
0.4698929786682129	0.38728079199790955
0.7134805917739868	0.14484024047851562
0.8006118535995483	-0.02818717062473297
0.993037700653076	0.29927000403404236
1.331498384475708	0.27925461530685425
1.5052050352096555	0.7255317568778992
1.5052050352096555	1.2716270685195923
1.5052050352096555	1.3406625986099243
1.3585349321365356	0.7813384532928467
0.8207404613494873	0.47880953550338745
0.569311797618866	0.29818195104599
0.3401621878147125	0.40659818053245544
-0.028173737227916718	0.49722403287887573
-0.6378740072250366	0.566720724105835
-1.506691813468933	0.26379817724227905
-1.9529548883438113	0.027269097045063972
-1.9529548883438113	-0.021289315074682236
-1.9529548883438113	0.4192890524864197
-1.8707929849624632	0.24024350941181183
-1.6650737524032593	0.39956274628639227
-1.4937491416931152	0.217494860291481
-1.3499244451522827	0.08254387229681015
-1.1947780847549438	0.11474530398845673
-1.075707197189331	0.22502028942108152
-0.7609217762947084	0.21235373616218567
-0.37775737047195435	0.6948792934417725
-0.036749228835105896	0.6887632012367249
0.21055050194263455	0.6609717011451721
0.2914750874042511	0.4640055298805237
0.3088047206401825	0.03698129951953888
0.3149716854095459	-0.23086462914943695
0.3149716854095459	-0.19280357658863068
0.3149716854095459	-0.21690838038921356
0.36731791496276855	-0.6449466943740845
0.4144103229045868	-0.3534902334213257
0.4991330206394195	-0.3350522816181183
0.4991330206394195	-0.298268586397171
0.4991330206394195	-0.2995449900627136
0.45033344626426697	-0.6449466943740845
0.45033344626426697	-0.6449466943740845
0.45033344626426697	-0.42352345585823054
0.4618402123451233	-0.3658641278743744
0.4618402123451233	-0.12964162230491638
0.4618402123451233	0.615352988243103
0.45532917976379395	0.953985035419464
0.40613260865211487	0.874348759651184
0.11813898384571075	1.2525444030761719
-0.33860522508621216	0.9178804159164429
-0.592197597026825	0.41680976748466486
-0.592197597026825	0.18430471420288083
-0.592197597026825	-0.08488363027572632
-0.5633612275123596	-0.2206120193004608
-0.4679654836654663	-0.6449466943740845
-0.40237221121788025	-0.6449466943740845
-0.3159622251987457	-0.6449466943740845
-0.2384585738182068	-0.6449466943740845
-0.15929406881332395	-0.3486033082008362
-0.10071472823619843	-0.193713441491127
-0.021093662828207016	-0.16748663783073425
-0.021093662828207016	-0.1501205563545227
-0.021093662828207016	-0.050099778920412064
-0.041275184601545334	-0.13211628794670105
-0.1838030368089676	0.005019764415919781
-0.18466985225677487	-0.039695169776678085
-0.18466985225677487	0.03967801481485366
-0.1838030368089676	-0.014969052746891975
-0.1080263927578926	-0.05028534308075905
-0.01046693418174982	-0.15996943414211273
0.1345488727092743	-0.021858027204871178
0.18386457860469815	-0.17168870568275452
0.18386457860469815	-0.30291610956192017
0.18386457860469815	-0.00812772661447525
0.16095688939094543	0.19570861756801605
0.14560569822788239	0.07814463973045349
0.11933664232492446	0.29731374979019165
0.028155865147709846	0.10854241251945496
-0.06968150287866592	0.013072299771010876
-0.11900381743907928	-0.006649044342339038
-0.21008533239364624	-0.19279755651950836
-0.3585088551044464	0.05670192465186119
-0.5934813022613525	0.21396435797214508
-0.6356110572814941	0.3154136836528778
-0.6356110572814941	0.3412955701351166
-0.6356110572814941	0.5185067653656006
-0.5896302461624146	0.19165416061878204
-0.5682973861694336	0.13249030709266663
-0.5682973861694336	0.23088660836219788
-0.5682973861694336	0.1784660667181015
-0.6578769087791443	0.35692298412323
-0.7102892994880676	0.5424395799636841
-0.7102892994880676	0.3748508989810944
-0.7102892994880676	1.0875072479248047
-0.41218507289886475	1.0561585426330566
0.485680878162384	1.366546392440796
0.629664421081543	1.0084800720214844
0.629664421081543	0.7481688261032104
0.629664421081543	0.7419168949127197
0.6228688955307007	0.7171158790588379
0.6228688955307007	0.4725235998630523
0.6228688955307007	0.4283317029476166
0.952873170375824	0.5499058961868286
1.2154644727706907	0.7373158931732178
1.2154644727706907	0.6298478841781616
1.2154644727706907	0.9324911236763
1.0460654497146606	0.9864869117736816
0.725635826587677	0.3271019458770752
0.095522440969944	0.6215492486953735
-0.18996337056159973	0.1775799989700317
-0.19327181577682495	0.04564376547932625
-0.2618294358253479	0.14951409399509427
-0.2618294358253479	0.2536711096763611
-0.2618294358253479	0.7661243081092836
-0.2182373404502869	0.5324999094009399
-0.19927994906902313	0.5297049283981323
-0.13743185997009277	0.7936170697212219
-0.13743185997009277	1.1671887636184692
-0.13743185997009277	0.6171697974205017
-0.546997606754303	0.7661378979682921
-0.847960352897644	0.6939436793327332
-1.2123394012451172	0.4789866507053375
-1.6590590476989746	0.4766256511211395
-1.6590590476989746	0.34835121035575867
-1.6590590476989746	-0.14476998150348663
-1.6218323707580566	-0.2714323103427887
-1.4950461387634275	-0.14459089934825897
-1.2734133005142212	-0.3386755883693695
-1.1769323348999023	-0.059692595154047005
-1.0732920169830322	0.004248615354299545
-0.980854034423828	-0.04902074113488197
-0.8013774156570436	-0.2517840564250946
-0.7188714146614075	-0.6449466943740845
-0.611538827419281	-0.34505459666252136
-0.5513780117034912	-0.09701070934534074
-0.5136088132858276	0.03993423655629159
-0.45064243674278254	0.16460512578487396
-0.4470825493335724	0.21409903466701508
-0.4470825493335724	0.14083994925022125
-0.4081950783729554	0.08336276561021805
-0.3581846058368683	-0.05394638702273369
-0.3463602364063263	-0.2081245630979538
-0.33802294731140137	-0.29002213478088373
-0.2591231167316437	-0.37915265560150146
-0.1579442322254181	-0.6449466943740845
-0.1216505691409111	-0.4254631698131562
-0.11038200557231904	-0.2637546956539154
-0.05671900883316994	-0.1748303323984146
-0.05609702318906784	0.0489560104906559
-0.04118254780769348	-0.03758334740996361
-0.02938462793827057	-0.22236086428165436
-0.02938462793827057	0.020038817077875137
-0.02938462793827057	-0.013432027772068976
-0.02938462793827057	0.13568778336048126
-0.17303073406219482	0.37042173743247986
-0.2533929049968719	0.17555396258831024
-0.49429407715797424	-0.19596344232559204
-0.5429282188415527	-0.3634614646434784
-0.6169050931930542	-0.5457589626312256
-0.6169050931930542	-0.6449466943740845
-0.6169050931930542	-0.6449466943740845
-0.5026710629463196	-0.6449466943740845
-0.4906614124774933	-0.46020081639289856
-0.4527730941772461	-0.3847065269947052
-0.41516929864883423	-0.3919231593608856
-0.3056133985519409	-0.4101893007755279
-0.23483251035213473	-0.36055654287338257
-0.15724283456802368	-0.3766030669212342
-0.09235759079456328	-0.30715957283973694
-0.061436854302883155	-0.3025446832180023
-0.061436854302883155	-0.6449466943740845
-0.061436854302883155	-0.6449466943740845
-0.09055779874324799	-0.6449466943740845
-0.1348777413368225	-0.6449466943740845
-0.13617464900016785	-0.6449466943740845
-0.2119314521551132	-0.6449466943740845
-0.2357257902622223	-0.6449466943740845
-0.354677677154541	-0.6449466943740845
-0.46254622936248774	-0.6449466943740845
-0.562077522277832	-0.6449466943740845
-0.6641430854797363	-0.3060556948184967
-0.8514606952667236	-0.26437947154045105
-1.0414648056030271	0.002192856976762414
-1.1676687002182007	0.11333154886960985
-1.2207230329513548	0.06311126798391342
-1.3231326341629028	-0.08514855802059172
-1.3690009117126465	0.09740544855594636
-1.4902091026306152	0.10937073081731796
-1.6490278244018555	0.08338254690170288
-1.8413543701171875	0.17608673870563507
-2.0640060901641846	0.17015418410301208
-2.0640060901641846	0.4952462315559387
-2.0640060901641846	0.309108704328537
-1.8997418880462649	0.33277544379234314
-1.3163371086120603	0.24234242737293243
-0.9808209538459776	-0.34633204340934753
-0.7011646032333374	-0.05673374608159066
-0.2672155797481537	-0.0977123975753784
-0.07682112604379654	-0.4936748445034027
0.17683742940425873	0.07208356261253357
0.1813964694738388	0.5511563420295715
0.21662481129169464	0.21092550456523895
0.219867080450058	0.48802897334098816
0.24315854907035828	0.8430111408233644
0.43407574295997614	1.1598678827285767
1.0560040473937988	1.6516960859298706
2.028481960296631	1.763960599899292
2.496349334716797	1.4965505599975584
2.5034029483795166	1.424028754234314
2.5034029483795166	1.571762442588806
2.496349334716797	1.4637097120285034
2.3792831897735596	1.299517035484314
2.171400308609009	1.5785342454910278
1.898208737373352	1.6585006713867188
1.590787887573242	1.255512237548828
1.089882493019104	0.9981627464294432
0.4502010941505432	0.9886417984962464
-0.41235712170600886	0.7149606943130493
-1.1254265308380127	0.6522479057312012
-1.1254265308380127	0.6082628965377808
-1.1254265308380127	0.5792681574821472
-1.016241192817688	-0.047904886305332184
-1.0150831937789917	-0.0029227787163108587
-0.9607585072517395	-0.3201858699321747
-0.5402748584747314	0.2778685688972473
-0.1701987087726593	0.31865552067756653
-0.08793750405311584	0.3158796429634094
-0.036200027912855155	0.5487022399902344
-0.02137818932533264	-0.07925691455602646
0.012414279393851755	-0.06121847778558731
0.01795261725783348	0.08204830437898636
0.30914220213890076	-0.017520546913146973
0.49311825633049006	0.035683128982782364
0.5046713352203369	0.04507305845618248
0.6461537480354309	0.20067735016345975
0.9800751805305482	0.13001807034015656
1.0471969842910767	0.6471676826477051
1.0471969842910767	0.6801440119743347
1.0471969842910767	0.6847940683364868
0.8203831315040588	1.0266778469085691
0.5157414078712463	1.0974452495574951
0.34135982394218445	0.8731491565704346
0.20920065045356753	0.9778131246566772
0.20920065045356753	1.015411376953125
0.20920065045356753	0.7777936458587646
0.20928005874156952	0.42302945256233215
0.20928005874156952	0.5115200281143188
0.20928005874156952	0.24831078946590424
0.0913207158446312	0.2707517445087433
-0.32676100730895996	-0.1392001062631607
-0.32676100730895996	-0.2287282794713974
-0.32676100730895996	-0.01409933716058731
-0.1482041627168655	0.270615667104721
-0.06646569073200226	0.15245287120342255
0.15561044216156003	0.15988267958164215
0.15561044216156003	0.4285590946674347
0.15561044216156003	0.4907559156417846
0.1460953503847122	0.11268599331378935
-0.17283223569393155	0.28568199276924133
-0.17283223569393155	0.13469436764717102
-0.17283223569393155	0.18517641723155975
-0.0866207480430603	0.6256354451179504
0.058798693120479584	0.5346728563308716
0.058798693120479584	0.47314772009849554
0.058798693120479584	0.5949028730392456
0.04346073791384697	0.6609687805175781
0.04346073791384697	0.6755610108375549
0.04346073791384697	0.7796562910079955
0.23510578274726868	0.8815602064132692
0.5299478769302368	0.7788830399513245
0.7148304581642151	0.6610894203186035
0.7148304581642151	0.5122894644737244
0.7148304581642151	0.11617836356163024
0.6743946075439453	0.5174914598464966
0.6743946075439453	0.5136300325393677
0.6743946075439453	0.4434391260147094
0.7180926203727722	0.2147700637578964
0.7352369427680969	0.13440628349781036
0.7352369427680969	0.06465330719947815
0.7352369427680969	-0.027404934167861935
0.626442015171051	0.07504040002822875
0.6041761636734009	0.32892903685569763
0.30730268359184265	0.27963244915008545
-0.11060697585344315	0.6669992208480835
-0.5347100496292114	0.6201319694519043
-1.1816370487213135	0.020368337631225582
-1.1816370487213135	0.15218643844127655
-1.1816370487213135	-0.016881484538316727
-0.7278174161911011	0.28996407985687256
-0.2964820861816406	0.45967841148376465
-0.1163107380270958	0.4015231728553772
-0.1163107380270958	0.3166247010231018
-0.1163107380270958	0.3453884720802307
-0.3513692021369934	0.33782026171684265
-0.3513692021369934	0.35870346426963806
-0.3513692021369934	0.33833998441696167
0.15859466791152954	0.23408393561840057
0.6544248461723328	0.38666787743568415
0.8239033222198486	0.10211647301912308
0.8596477508544922	0.3219956159591675
0.8754621148109437	-0.0022975874599069357
0.9631822705268861	0.7880077958106996
1.0722419023513792	0.465773731470108
1.1752933263778687	0.564716637134552
1.2008610963821411	0.5475504398345947
1.2008610963821411	0.41422566771507263
1.2008610963821411	0.4067180156707763
1.0975184440612793	0.43689003586769104
1.0054311752319336	0.28960952162742615
0.8675152659416199	0.4136190712451934
0.8009294867515563	0.0627499595284462
0.35069626569747925	-0.12984921038150787
0.09673333913087845	-0.16988568007946014
0.09136703610420227	0.24923633038997647
0.09136703610420227	0.23268188536167145
0.09136703610420227	0.36021384596824646
0.2583509385585785	0.28582635521888733
0.43665632605552673	-0.046509698033332825
0.43665632605552673	0.7008346915245056
0.43665632605552673	0.45365071296691895
0.35959598422050476	0.578479528427124
0.11457909643650054	0.20877781510353088
-0.28113090991973877	0.10857726633548737
-0.3329014778137207	0.38718536496162415
-0.3329014778137207	0.3153184950351715
-0.3329014778137207	-0.05039599910378456
-0.06933742016553879	0.06719422340393066
0.19570219516754153	-0.23185579478740692
0.46158215403556824	0.052602458745241165
0.709351658821106	-0.044215839356184006
0.9015062451362608	0.009591434150934221
0.9015062451362608	0.16221286356449127
0.9015062451362608	0.16826200485229492
0.8562003374099731	0.5225192308425903
0.7576351165771484	0.39030092954635615
0.5801039338111877	0.3841862380504608
0.2900524437427521	0.5110123157501221
-0.053423795849084854	0.188860222697258
-0.5190346240997314	0.31842541694641113
-0.9734695553779602	0.21615509688854215
-1.4192694425582884	0.07397150993347168
-1.6244195699691772	0.19930912554264069
-1.6244195699691772	0.06648336350917816
-1.6244195699691772	0.27830225229263306
-0.8697431683540344	0.5354779958724976
-0.3558025360107422	0.28832492232322693
0.26186448335647583	0.5076546669006348
0.8238173127174377	0.34962937235832214
1.1621191501617432	0.4382081925868988
1.3567219972610471	0.6653333902359009
1.3710012435913084	1.0023447275161743
1.6513589620590208	1.4885058403015137
2.137197494506836	1.5323085784912107
2.137197494506836	1.519128680229187
2.137197494506836	1.5954905748367307
1.6477527618408203	1.4067367315292358
1.227229356765747	1.596933364868164
0.6648200154304504	1.5329854488372803
-0.19739413261413577	1.2408796548843384
-1.2334406375885008	0.7841552495956421
-2.1519315242767334	0.2600664496421814
-2.1519315242767334	0.45509016513824463
-2.1519315242767334	0.36269173026084894
-2.01906418800354	0.4674811065196991
-1.6381826400756836	0.8807084560394286
-1.2874476909637451	0.579958438873291
-0.9735952615737917	0.3069644868373871
-0.5657432675361633	0.4943627417087555
-0.1350166946649551	0.17747347056865692
0.04594207182526589	0.3475835621356964
0.42800143361091614	0.49829429388046265
0.926776111125946	0.5363832712173462
1.2593213319778442	0.7679021954536438
1.5707651376724243	0.9812867641448975
1.8399006128311155	0.7814306020736694
1.8399006128311155	1.4527440071105957
1.8399006128311155	1.0475419759750366
1.7036654949188232	1.0730679035186768
1.5073025226593015	0.6273762583732605
1.251493453979492	0.6641576290130615
1.1052998304367063	0.25482043623924255
1.0947856903076172	0.20196932554244995
0.9540509581565858	0.2861678898334503
0.9540509581565858	0.14028437435626984
0.9540509581565858	0.16188128292560575
0.9958167672157288	0.3537210524082184
1.0889428853988647	0.20828022062778473
1.2016220092773435	0.5938229560852051
1.222584247589111	0.6083798408508301
1.222584247589111	0.6530786752700806
1.222584247589111	0.7815963029861449
1.1289420127868652	0.9055236577987671
0.9730547070503235	0.8564857244491577
0.7526724934577942	0.8201436996459962
0.5152252912521362	0.7971199750900269
0.19208936393260956	0.7534024715423584
-0.14909744262695312	0.4609571099281311
-0.443152129650116	0.6594297289848328
-0.8520628213882446	0.1040561944246292
-0.8520628213882446	-0.053304120898246765
-0.8520628213882446	-0.01073293387889862
-0.32369738817214966	0.274044394493103
0.3813854157924652	0.39360383152961725
1.065340518951416	0.8533085584640503
1.7361080646514893	1.218754768371582
2.027158737182617	1.644221544265747
2.027158737182617	1.4840716123580933
2.027158737182617	1.540346622467041
1.8899044990539553	1.5381709337234497
1.6299731731414795	1.536267876625061
0.88422292470932	1.011104106903076
0.15866082906723022	0.5657369494438171
-0.16147764027118683	0.35129162669181824
-0.2826329469680786	-0.006451264023780823
-0.3114561140537262	-0.1230309009552002
-0.3114561140537262	0.11933832615613936
-0.3114561140537262	0.1023213192820549
-0.1326213777065277	0.13967174291610715
-0.031257208436727524	0.03439844027161598
-0.015760447829961777	0.6840239763259888
-0.007198188919574022	0.5322111248970032
-0.007198188919574022	0.7498542666435242
-0.007198188919574022	0.653366208076477
-0.5166988968849182	0.5967923402786255
-0.9040120244026184	0.27288785576820374
-1.125558853149414	0.09507783502340317
-1.125558853149414	-0.1604354828596115
-1.125558853149414	-0.14613987505435944
-0.46771404147148127	0.03808090463280678
0.19643667340278623	0.3218158483505249
0.558982789516449	0.3047347962856293
0.7875699400901796	0.23215417563915253
0.7875699400901796	0.29369112849235535
0.7875699400901796	0.03133523091673851
0.6046195030212402	0.08478407561779022
0.38183537125587463	0.33636704087257385
0.38183537125587463	0.7998086810112
0.38183537125587463	0.9191828966140749
0.42843151092529297	0.4120253026485443
0.8402801156044006	0.7833855748176575
1.72151780128479	0.7985917925834656
2.0735762119293213	1.1230232715606687
2.3496859073638916	0.9326255321502684
2.4670629501342773	1.5035662651062012
2.4670629501342773	1.3450853824615479
2.4670629501342773	0.8882536888122559
2.12197208404541	0.9300808310508728
1.606125831604004	0.8517141938209533
0.9631491899490356	0.5358008146286011
0.19734980165958405	0.6205959320068359
-0.402087688446045	0.4768588840961456
-0.7942047119140626	0.48188444972038275
-0.7942047119140626	0.4588090181350708
-0.7942047119140626	0.3160991370677948
-0.15211474895477295	0.5845919847488403
-0.15211474895477295	0.9048490524291992
-0.15211474895477295	0.5022435188293457
-0.23963637650012967	0.483282059431076
-0.4038279354572296	0.4701023697853088
-0.43274375796318054	0.2890356779098511
-0.43274375796318054	0.39297398924827576
-0.4038279354572296	0.1076282188296318
0.0688563659787178	0.12037573754787444
0.902631103992462	-0.10963185131549837
1.4969140291213987	0.3680548965930938
1.9427667856216433	0.2979848086833954
2.2310979366302486	0.5101505517959595
2.4293863773345947	0.8319988250732422
2.4293863773345947	0.9048588275909424
2.4293863773345947	0.9555906653404237
2.3861382007598877	1.0757311582565308
2.1277818679809566	1.0626368522644043
1.6453111171722412	0.9703952670097352
1.1630785465240479	1.1505169868469238
1.1329915523529053	1.1889927387237549
1.083536982536316	1.2539092302322388
0.8121451139450073	1.0448384284973145
0.06059187278151512	0.8815295100212097
-0.5046958327293396	0.41487646102905273
-0.6907297372817993	0.2749355733394623
-0.724489152431488	0.7074544429779053
-0.777172863483429	0.29039448499679565
-0.8163183927536011	0.09264518320560455
-1.019066572189331	-0.2109557539224625
-1.019066572189331	0.04547576606273651
-1.019066572189331	0.7581260800361633
-0.9118067622184752	0.9619261026382446
-0.3844139873981476	0.7870054244995117
-0.18239364027976987	0.7485034465789795
-0.18239364027976987	0.8036587238311768
-0.18239364027976987	0.452841579914093
-0.5981594324111938	-0.017414797097444534
-1.089033603668213	-0.20011985301971436
-1.089033603668213	-0.5510886311531067
-1.089033603668213	-0.5172983407974243
-0.5623686909675598	0.10342805087566376
-0.0406201109290123	0.26816412806510925
0.28661829233169556	0.3320445120334625
0.5623177289962769	0.47269245982170105
0.6213602423667908	0.33476462960243225
0.6474572420120239	0.1903977245092392
0.6474572420120239	0.2522135078907013
0.6474572420120239	0.2445386499166489
0.5785357356071472	0.25832751393318176
0.47534528374671936	0.2626221477985382
0.23973761498928073	0.2183997482061386
-0.14672859013080597	0.5362961888313293
-0.19082356989383695	0.6207275986671448
-0.19082356989383695	0.6755515336990356
-0.19082356989383695	0.8133301734924316
0.5061402916908264	0.6249964237213135
1.0853763818740845	1.0832496881484983
1.3065129518508911	1.1929304599761963
1.3065129518508911	1.3200619220733643
1.3065129518508911	0.7603802680969238
1.0827627182006836	0.8039675951004028
0.7113499641418457	1.1333690881729124
0.3016386330127716	1.381765842437744
-0.3455662131309509	1.1350023746490479
-0.9659593701362608	1.111829400062561
-1.22526216506958	0.810383915901184
-1.22526216506958	0.3814679086208343
-1.22526216506958	-0.12054222822189332
-1.0443828105926511	0.17805920541286469
-0.8782988190650939	0.24959394335746765
-0.674419105052948	0.11373548954725264
-0.492401659488678	0.1367973834276199
-0.2842474579811096	-0.008079029619693756
-0.14904449880123138	-0.10032439976930618
-0.14904449880123138	-0.18649478256702423
-0.14904449880123138	-0.3026459813117981
-0.15615104138851163	-0.6449466943740845
-0.24841037392616272	-0.3245028257369995
-0.4351986348628998	-0.3006351590156555
-0.6124982237815857	0.15529336035251615
-0.8000937700271606	0.4677271842956543
-0.863728404045105	0.33800265192985535
-0.918714761734009	0.3889813721179962
-0.918714761734009	0.11718679219484328
-0.918714761734009	-0.02874074876308441
-0.589577317237854	0.5684715509414673
-0.589577317237854	0.42962104082107544
-0.589577317237854	0.4622491896152496
-0.6210604906082153	0.8060327172279358
-0.7088401913642883	0.427013486623764
-0.7328396439552307	0.1325906068086624
-0.7381596565246582	-0.0782727301120758
-0.7381596565246582	-0.18636119365692136
-0.7939400672912599	-0.2847045958042145
-0.861611008644104	0.0314425453543663
-0.861611008644104	0.3691727221012115
-0.861611008644104	0.5664784908294678
-0.7708338499069214	0.39985749125480646
-0.6639975309371948	-0.08994592726230621
-0.42913755774497986	-0.20394490659236908
-0.3129184544086456	-0.3233621120452881
-0.2058240622282028	-0.28201794624328613
-0.16250325739383695	-0.3962654769420624
-0.15099649131298065	-0.6449466943740845
-0.15099649131298065	-0.6449466943740845
-0.15099649131298065	-0.6449466943740845
-0.2547692060470581	-0.6449466943740845
-0.26984909176826477	-0.6449466943740845
-0.34338924288749695	-0.6449466943740845
-0.34338924288749695	-0.6449466943740845
-0.34338924288749695	-0.37477961182594294
-0.2923068404197693	-0.3428632915019989
-0.20488445460796356	-0.15908493101596832
-0.11592034250497817	-0.13372589647769928
0.01371780689805746	-0.26236942410469055
0.08184532821178436	-0.3086134195327759
0.21891425549983975	-0.34045711159706116
0.29885292053222656	-0.44458234310150146
0.37771305441856384	-0.20780695974826813
0.5309337973594666	0.13077767193317413
0.5309337973594666	0.30100709199905396
0.5309337973594666	0.31250980496406555
0.5074703097343445	-0.07005912065505981
0.41267669200897217	0.2581448554992676
0.267442524433136	0.30210211873054504
0.07326983660459518	0.4598985016345978
-0.09573882073163986	0.5314197540283203
-0.2663421630859375	0.6765854954719543
-0.3052164018154144	0.5076258778572083
-0.3331463038921356	0.4650785028934478
-0.33321908116340637	0.4766180217266082
-0.33321908116340637	0.15241739153862
-0.46803164482116694	0.35163185000419617
-0.5283446311950684	0.22923976182937625
-0.7035400867462158	0.24015383422374725
-0.7983534932136536	0.24228784441947937
-0.8410589098930359	0.14423303306102753
-0.8476824164390563	0.535828709602356
-0.9580456018447877	0.39317250251770014
-1.1375287771224976	0.7829877734184265
-1.475360870361328	0.3365288972854614
-1.475360870361328	0.028430150821805
-1.475360870361328	0.4654473960399627
-0.6826637983322144	0.6512635946273804
0.35083523392677307	0.9002580642700195
1.327971577644348	1.0981490612030027
2.006580114364624	1.6054048538208008
2.3412492275238037	1.658991456031799
2.5150883197784424	1.6466174125671387
2.606560230255127	1.6849300861358643
2.729323387145996	1.7122361660003662
2.729323387145996	1.7638278007507324
2.729323387145996	1.4661545753479004
2.3761866092681885	1.537438154220581
1.785966396331787	1.657500982284546
0.9423655271530152	1.6582794189453125
0.04879395291209221	1.5597844123840332
-0.46771404147148127	1.6841192245483398
-0.4858112335205078	1.8530046939849851
-0.5920586585998535	1.707481026649475
-0.5920586585998535	1.725317358970642
-0.8296183347702025	1.7621786594390867
-1.0281978845596311	1.5560721158981323
-1.0281978845596311	1.2551937103271484
-1.0281978845596311	0.5583006143569946
-1.0281978845596311	0.3257488012313843
-1.0281978845596311	-0.14623945951461792
-1.0489550828933716	0.03558402881026268
-1.0489550828933716	0.06893385201692581
-1.0489550828933716	0.00879310816526413
-0.8083847165107726	0.07408716529607773
-0.4545530378818512	-0.6449466943740845
-0.08134046196937561	-0.6449466943740845
0.3741399347782135	-0.6449466943740845
0.6130626797676086	-0.6449466943740845
0.6130626797676086	-0.6449466943740845
0.6130626797676086	-0.6449466943740845
0.5310859680175781	-0.34703871607780457
0.37818947434425354	-0.3159679174423218
0.25250160694122314	-0.29291144013404846
0.08548461645841599	-0.3257061541080475
-0.224066823720932	-0.6449466943740845
-0.4823638200759888	-0.14663948118686676
-0.8221213817596436	0.1994376927614212
-1.1415055990219116	0.5032703876495361
-1.4523605108261108	0.6416937112808228
-1.6151889562606812	0.2994738817214966
-1.6151889562606812	-0.24519671499729156
-1.6151889562606812	-0.6449466943740845
-1.5065065622329712	-0.6449466943740845
-1.4905201196670532	-0.6449466943740845
-1.3589299917221067	-0.6449466943740845
-1.224448323249817	-0.6449466943740845
-1.1657829284667969	-0.6449466943740845
-1.1109089851379395	-0.6449466943740845
-0.9973697662353517	-0.3471970558166504
-0.9679378271102904	-0.30470824241638184
-0.8627821803092957	-0.2929135859012604
-0.7281945943832396	-0.3324710726737976
-0.48930495977401733	-0.3314086198806762
-0.14480969309806824	-0.33376654982566833
0.11487023532390594	-0.2786111533641815
0.3486317992210388	-0.16775336861610413
0.5059285759925842	-0.42160844802856445
0.5195461511611938	-0.2682453393936157
0.5195461511611938	-0.17525331676006317
0.5195461511611938	-0.2722075879573822
0.4332221448421478	-0.1689071953296661
0.3852827548980713	-0.18232564628124237
0.22080005705356595	-0.2199888974428177
0.022458720952272415	-0.6449466943740845
-0.15971092879772186	-0.6449466943740845
-0.24606800079345703	-0.6449466943740845
-0.3650860488414765	-0.6449466943740845
-0.37031337618827814	-0.37929457426071167
-0.5120935440063477	-0.35057687759399414
-0.5405527949333191	-0.3341411054134369
-0.5427694320678711	-0.16773225367069244
-0.6367359161376953	-0.34855291247367853
-0.6367359161376953	-0.24935872852802277
-0.6367359161376953	-0.2222741991281509
-0.5871489644050598	-0.4280790388584137
-0.48411068320274353	-0.42659464478492737
-0.42909786105155945	-0.4049376845359802
-0.3809070289134979	-0.39003470540046686
-0.32765427231788635	-0.6449466943740845
-0.23196078836917877	-0.6449466943740845
-0.16905398666858673	-0.38923394680023193
-0.13590335845947263	-0.3290279507637024
-0.059114325791597366	-0.32539933919906616
-0.009580270387232304	-0.22472034394741056
-0.005021231714636087	-0.3668822050094605
0.04847634211182594	-0.3661220073699951
0.04847634211182594	-0.3572882413864136
0.04847634211182594	-0.6449466943740845
0.03232450783252716	-0.3202286958694458
-0.04253239184617996	-0.1992728561162949
-0.1243634968996048	-0.1724044531583786
-0.2714570164680481	-0.17024023830890656
-0.42166706919670105	-0.36697477102279663
-0.5765023827552795	-0.2940095365047455
-0.8239873647689819	-0.30082184076309204
-1.0688652992248535	-0.2554157078266144
-1.2751601934432983	-0.24220548570156095
-1.5284481048583984	-0.323006808757782
-1.6982773542404175	-0.28239715099334717
-1.8733537197113037	-0.2368561625480652
-1.8733537197113037	-0.21847714483737943
-1.8792691230773924	-0.6449466943740845
-1.9078938961029053	-0.6449466943740845
-1.8792691230773924	-1.0159456729888916
-1.8697606325149536	-0.662217378616333
-1.8697606325149536	-0.35817813873291016
-1.4751756191253662	-0.009076394140720367
-0.9219306111335753	0.38355252146720886
-0.8205994963645934	0.3425869643688202
-0.8205994963645934	0.5066275000572205
-0.8205994963645934	0.22709508240222928
-1.0579606294631958	0.26398640871047974
-1.0633336305618286	0.0822397843003273
-1.0633336305618286	-0.28673255443573
-1.0633336305618286	0.03957166150212288
-0.9156709909439087	-0.4906334578990936
-0.6770791411399841	-0.5561180114746094
-0.3894361853599548	-0.38460618257522583
-0.05484642833471298	-0.15492244064807892
0.20104864239692688	-0.14512738585472107
0.3946324288845062	-0.09045705199241638
0.6728065609931946	-0.2166765183210373
0.7360442280769349	-0.15656991302967072
0.7360442280769349	-0.15720069408416748
0.7360442280769349	-0.04866278544068336
0.6230673789978027	-0.0868285149335861
0.411201149225235	-0.024265900254249573
0.2342257350683212	-0.15132170915603635
0.013691339641809464	-0.2432134598493576
-0.16833274066448212	0.13168080151081085
-0.306129515171051	0.21862442791461945
-0.358058899641037	0.2676827907562256
-0.4493322968482971	0.12696246802806854
-0.4493322968482971	-0.07990816235542297
-0.4493322968482971	0.13649821281433103
-0.24983300268650055	0.1433493047952652
-0.02661215141415596	0.3005840480327606
0.0008347179973497987	0.44627782702445984
0.014015567488968372	0.4668762385845184
0.014015567488968372	0.44801661372184753
0.014015567488968372	-0.0193441454321146
-0.020180530846118927	0.12468895316123962
-0.11881854385137557	0.5477480888366699
-0.35653701424598694	-0.04799516499042511
-0.35653701424598694	-0.30850762128829956
-0.35653701424598694	-0.16695126891136167
-0.26724204421043396	0.20405417680740356
0.3727834522724152	0.8375082015991211
0.3727834522724152	1.3263254165649414
0.3727834522724152	1.2156256437301636
0.18182656168937683	0.9198012351989746
0.16748113930225372	0.6260843276977539
0.10391928255558013	0.5773136615753174
-0.046165067702531815	0.40647348761558527
-0.05698368698358536	0.5107415914535522
-0.05698368698358536	0.6787222623825073
-0.05698368698358536	1.0954524278640747
0.07168839871883392	0.9703686833381653
0.3527342677116394	0.7281779050827025
0.6193487048149109	0.6474610567092896
0.739895224571228	0.7917353510856628
0.911206603050232	0.5691420435905457
1.1173624992370603	0.9156587719917296
1.2726212739944458	0.508200466632843
1.4008036851882935	0.26621958613395685
1.5340877771377563	0.2274925261735916
1.5340877771377563	0.20631541311740875
1.5340877771377563	0.20566283166408536
1.2931733131408691	0.18087728321552277
0.9618589282035829	0.2393193393945694
0.666685938835144	0.05082938820123672
0.3276827335357666	0.1344231814146042
0.0813424438238144	0.13991236686706543
-0.25908342003822327	0.02589849568903446
-0.5923365950584412	0.15053752064704895
-0.8562777638435363	0.2879840135574341
-1.2780185937881468	0.21948109567165375
-1.61406409740448	0.234477624297142
-1.6782546043395996	0.0154341422021389
-1.6782546043395996	-0.18013551831245422
-1.6782546043395996	-0.3054389953613281
-1.0542221069335935	0.03981456160545349
-0.5367149710655212	0.3399809002876282
-0.03328859433531761	0.2166103720664978
0.44582733511924744	0.20368267595767975
0.7473392486572266	0.37756785750389094
0.8923153877258301	0.3871922791004181
0.8923153877258301	0.7888327836990356
0.8923153877258301	0.8103166818618774
0.839016318321228	0.5646339654922485
0.835370361804962	0.8297852873802185
0.7928171753883362	0.7407129406929016
0.7928171753883362	0.8283802270889281
0.583160936832428	0.6122457981109619
0.4081441164016723	0.5599067211151123
0.1685795485973358	-0.14176215231418607
-0.06997264176607132	-0.1834019124507904
-0.1091446429491043	-0.039559122174978256
-0.1707346737384796	-0.3140402138233185
-0.17565102875232697	-0.1426919549703598
-0.18005788326263428	-0.18082214891910553
-0.28867417573928833	-0.03284826502203941
-0.3537049889564514	-0.1845315098762512
-0.46592748165130615	0.04328450933098793
-0.46592748165130615	0.21875454485416412
-0.46592748165130615	0.445166140794754
0.15998420119285583	0.17298778891563416
0.9652335047721863	0.4698458015918731
1.4456464052200315	0.8995974659919739
1.4456464052200315	0.49674656987190247
1.4456464052200315	0.7396436929702759
1.291843295097351	0.5101473331451416
0.9236066341400148	0.15688511729240415
0.6797543168067932	-0.2119467854499817
0.5698609948158264	0.15647025406360626
0.5337592363357544	0.5281190872192383
0.5197314023971558	0.405390590429306
0.39435452222824097	0.17792530357837677
0.1044023111462593	0.1688610315322876
-0.20794807374477384	0.0989079177379608
-0.21397607028484344	-0.27330535650253296
-0.21397607028484344	0.0998452752828598
-0.21397607028484344	0.21191202104091644
-0.17465849220752716	0.127203032374382
-0.17465849220752716	0.1894678026437759
-0.17465849220752716	0.25060224533081055
-0.2935838997364044	0.040618445724248886
-0.5155276656150818	-0.0220348984003067
-0.6106587648391724	-0.17302925884723663
-0.8879263997077942	-0.35798704624176025
-1.0442173480987549	-0.022700361907482147
-1.1037694215774536	-0.1455814242362976
-1.1037694215774536	-0.10196201503276824
-1.1037694215774536	-0.042216528207063675
-0.9315317273139953	-0.2223568856716156
-0.6100831031799316	-0.0716664046049118
-0.32681393623352045	0.08156590163707733
-0.32681393623352045	0.030987801030278202
-0.32681393623352045	0.1731349527835846
-0.3554915487766266	0.30941149592399597
-0.5648368000984192	-0.038963433355093
-0.7102363705635071	0.19058261811733243
-0.7304840683937072	0.21039758622646332
-0.7461065053939819	0.01896071992814541
-0.8456907868385315	0.50350022315979
-0.9955766201019288	0.3638133704662323
-1.085784673690796	-0.6033933162689209
-1.2644474506378172	-0.8087587356567383
-1.390710949897766	-0.9873857498168944
-1.390710949897766	-1.1029802560806274
-1.390710949897766	-0.5892688035964966
-1.351479411125183	0.12722851336002347
-1.308257818222046	0.17841292917728424
-1.3007608652114868	0.2347528785467148
-1.1850513219833374	0.24994973838329315
-1.121787190437317	-0.6973630785942078
-1.0311357975006104	-0.3802984058856964
-0.8943712115287781	-0.5164292454719543
-0.7709000110626221	-0.8378986120223998
-0.7683657407760621	-0.14353390038013458
-0.6417846083641052	-0.13348393142223358
-0.5651146769523621	-0.16194404661655426
-0.5263992547988892	-0.3214338421821594
-0.4369785785675049	-0.21381953358650208
-0.33832070231437683	-0.21103850007057187
-0.2812764644622803	-0.02447625994682312
-0.15916834771633148	-0.1198938637971878
-0.1052737608551979	-0.04256637766957283
-0.061383917927742	-0.14251677691936493
-0.0610530748963356	-0.3648282587528229
-0.025341708213090897	-0.31090816855430603
0.005400373600423336	-0.35050156712532043
0.027891190722584724	-0.3067208230495453
0.05494104325771332	-0.20795531570911407
0.027891190722584724	-0.11454611271619795
0.027891190722584724	-0.14492665231227875
0.027891190722584724	-0.1338305026292801
-0.006523265969008207	-0.25634875893592834
-0.009944199584424496	-0.2673075199127197
-0.006523265969008207	-0.35755160450935364
-0.006523265969008207	-0.3477753698825836
-0.002619299804791808	-0.1645106077194214
0.03745921701192856	-0.2160035669803619
0.057210639119148254	-0.18917544186115265
0.06881005316972733	-0.13959255814552307
0.09530408680438997	-0.26104745268821716
0.14817966520786283	-0.31817343831062317
0.14817966520786283	-0.458276480436325
0.14817966520786283	-0.49184384942054754
0.16033490002155304	-0.4954251646995544
0.16834133863449097	-0.08703655004501343
0.16033490002155304	-0.18520604074001312
0.16033490002155304	-0.106282077729702
0.1526593118906021	-0.2481749057769775
0.14231710135936737	0.004462447017431259
0.13664643466472623	-0.1617296189069748
0.14231710135936737	-0.10554689168930052
0.118416890501976	-0.18562893569469452
0.118416890501976	-0.14071431756019592
0.14986036717891693	-0.1535816341638565
0.17763145267963407	-0.19947810471057892
0.1913350373506546	-0.015956629067659378
0.20714280009269712	0.11725640296936037
0.21798788011074063	0.037223394960165024
0.3057807981967926	-0.27181148529052734
0.34930673241615295	-0.22021175920963287
0.37008377909660334	-0.384718805551529
0.37251877784729	-0.8803526163101196
0.37762701511383057	0.03836441412568092
0.37762701511383057	-0.04911980777978897
0.37762701511383057	-0.1805955469608307
0.35694923996925354	-0.1324821561574936
0.3296280801296234	0.05882567912340164
0.319378525018692	0.11286483705043791
0.24641405045986176	0.008625932037830353
0.2424637675285339	-0.11851081252098083
0.029578497633337975	-0.5883589386940002
-0.021417889744043354	-0.2895153760910034
-0.1764649003744125	-0.4671485126018524
-0.3232805132865906	-0.3827069699764252
-0.4274899363517762	-0.36762943863868713
-0.6029103994369507	-0.35838332772254944
-0.6815785765647888	-0.36768120527267456
-0.8508850336074829	-0.6449466943740845
-1.07459557056427	-0.3354915380477905
-1.2961158752441406	0.52712082862854
-1.5862003564834595	0.7827128171920776
-1.6014589071273804	0.804487705230713
-1.6014589071273804	0.33069026470184326
-1.6014589071273804	0.2738138735294342
-1.424490213394165	-0.09763073921203613
-1.013084888458252	0.30658039450645447
-0.41176819801330566	0.5309714078903198
-0.03325551003217697	0.7347210645675659
-0.03325551003217697	0.39700123667716974
-0.03325551003217697	0.6378121376037598
-0.06236983463168144	0.5478842258453369
-0.06236983463168144	0.2687332332134247
-0.1234900653362274	0.184767946600914
-0.1391787230968475	0.21739619970321655
-0.26519080996513367	0.23785540461540225
-0.26519080996513367	-0.09059509634971619
-0.26519080996513367	0.2187940329313278
-0.233423113822937	0.019518285989761353
-0.233423113822937	0.634150505065918
-0.233423113822937	0.5751455426216125
-0.5433450937271118	0.516852080821991
-0.5433450937271118	0.15890781581401825
-0.5433450937271118	-0.04402439296245575
-0.2875823676586151	0.1840571165084839
-0.11732973903417589	0.050420250743627555
0.22343358397483823	-0.05174166336655617
0.7900512814521788	0.3423056900501251
0.7900512814521788	-0.14783211052417755
0.8519655466079712	0.2042313516139984
0.8519655466079712	0.24316565692424777
0.8519655466079712	0.0030130150262266397
0.8519655466079712	0.4448271095752716
0.8519655466079712	0.07197029143571854
0.6362283825874329	-0.06141948327422143
0.6020323038101196	0.1781141012907028
0.5444058179855347	0.20413519442081451
0.3142107427120209	0.2099284380674362
-0.0322563610970974	0.3808741271495819
-0.5920785069465637	0.20687614381313324
-0.5920785069465637	0.13944248855113983
-0.5920785069465637	0.49079570174217224
-0.497205525636673	0.33866843581199646
-0.3021593987941742	0.479229211807251
-0.027280457317829132	0.35320615768432617
0.4046173393726349	0.5616451501846313
0.5390394926071167	0.5310571193695068
0.5813412666320801	0.6713811159133911
0.5813412666320801	0.7771244645118713
0.6257538795471191	1.1320940256118774
0.6407874226570129	0.8438313603401184
0.7477759718894958	0.92238712310791
0.9141709804534912	0.5902374982833862
0.9141709804534912	0.6728478074073792
0.9141709804534912	0.2766795754432678
0.7840629816055298	0.22074104845523831
0.7479281425476073	0.07749143987894058
0.712196946144104	0.0606374628841877
0.6555761694908142	-0.0698390081524849
0.5603525042533875	-0.4892576336860657
0.5453387498855591	-0.22731190919876096
0.41142609715461725	-0.6544107794761658
0.37118217349052435	-1.7718828916549683
0.0025948113761842246	-0.20034377276897433
-0.22940665483474731	0.5792071223258972
-0.5397521257400513	0.6746962666511536
-0.5583323836326599	0.42642793059349055
-0.5583323836326599	0.7851289510726928
-0.5583323836326599	0.556928277015686
-0.4817749261856079	0.5056250095367432
0.15418781340122223	0.5805859565734863
0.8159961104393004	0.4844215214252472
1.3061490058898924	0.500542938709259
1.5910525321960447	0.31033456325531006
1.938942313194275	0.5615702271461487
2.294130325317383	0.636021614074707
2.6212894916534424	0.4424615800380706
3.1004319190979004	1.0534865856170654
3.2497551441192623	1.505154728889465
3.2497551441192623	1.1087889671325684
3.2497551441192623	0.9542722702026368
3.198169946670532	0.566724419593811
2.583096742630005	0.41931623220443726
2.0952861309051514	0.41255709528923035
1.8245561122894287	0.34895312786102295
1.568144917488098	0.6475161910057068
1.1988825798034668	0.3969009220600128
0.9291979074478148	0.08975008875131607
0.7855650186538696	0.2600673735141754
0.61875319480896	0.3309677541255951
0.4519413411617279	0.7591725587844848
-3.308189630508423	-0.6022335290908813
-3.3048131465911865	-0.15355323255062103
-3.301436424255371	-0.1480853110551834
-3.301436424255371	-0.24104364216327667
-3.1468636989593506	-0.41711011528968805
-3.1230006217956543	-0.28191009163856506
-3.113218545913696	-0.3622749745845794
-3.1055078506469727	-1.7657785415649414
-3.113218545913696	-1.707123041152954
-3.1230006217956543	-1.9031991958618164
-3.2514729499816895	-1.943487286567688
-3.2514729499816895	-0.6449466943740845
-3.2869272232055664	-1.1259841918945312
-3.2514729499816895	-1.2098355293273924
-3.2514729499816895	-1.4365270137786863
-3.1881790161132812	-0.9890141487121582
-3.1259539127349854	0.24185217916965485
-2.6199216842651367	0.18287064135074615
-2.6199216842651367	-0.4255778789520264
-2.6199216842651367	-0.4785003364086151
-2.812237024307251	-0.5569605827331543
-3.305417776107788	-0.9611638784408568
-3.3484721183776855	-1.2548140287399292
-3.3484721183776855	-1.3225476741790771
-3.3484721183776855	-1.7099983692169187
-3.3484721183776855	-1.3779804706573486
-3.29364013671875	-0.31182563304901123
-3.169980764389038	-0.6449466943740845
-3.169980764389038	-0.6449466943740845
-3.169980764389038	-0.3614208996295929
-2.7621171474456787	-0.3044164478778839
-2.3163247108459473	-0.283074289560318
-2.243077516555786	-0.2651279866695404
-2.066833972930908	-0.6449466943740845
-2.0273830890655518	-0.6449466943740845
-2.0273830890655518	-0.5318242311477661
-2.0273830890655518	-0.5303969979286194
-2.0273830890655518	-0.30833178758621216
-2.0011513233184814	-0.3186950087547302
-1.9113034009933472	-0.7469230890274048
-1.9028316736221311	-1.7278954982757568
-1.8224735260009763	-1.6932902336120603
-1.4607081413269043	-1.1872141361236572
-1.1518042087554932	-0.5327479839324951
-0.8151919245719911	-0.14179906249046323
-0.6852128505706787	-0.6492742300033569
-0.6166526079177856	-1.5823099613189695
-0.604779064655304	-1.6875431537628172
-0.604779064655304	-1.7463296651840208
-0.6166526079177856	-0.08486033231019974
-0.6234763860702515	-0.13698838651180267
-0.7485166192054749	-0.11279413104057312
-0.9126347303390503	-0.00706087052822113
-0.9703292846679688	-0.48521900177001953
-1.3658305406570435	-0.8811911344528198
-1.422980785369873	-0.5808201432228088
-1.7218809127807615	0.2117793709039688
-1.8207801580429075	0.1199946105480194
-2.323496103286743	0.010195069015026093
-2.7351748943328857	-1.24136745929718
-2.7351748943328857	-0.26365968585014343
-2.7351748943328857	-0.2876860201358795
-2.494886636734009	-0.6449466943740845
-2.423877000808716	-0.6449466943740845
-2.307636260986328	-0.6449466943740845
-2.1341190338134766	-0.6449466943740845
-1.9555772542953491	-0.6449466943740845
-1.9247039556503296	-0.6449466943740845
-1.82913601398468	-0.6449466943740845
-1.7101484537124632	-0.6449466943740845
-1.6752333641052246	-0.6449466943740845
-1.6752333641052246	-0.6449466943740845
-1.7101484537124632	-0.32486072182655334
-1.741661787033081	-0.25776487588882446
-1.8578472137451172	-0.26104745268821716
-2.0112509727478027	-0.32961776852607727
-2.1009325981140137	-0.6449466943740845
-2.3285207748413086	-0.6449466943740845
-2.4233832359313965	-0.4818803071975708
-2.616978645324707	-0.5369572639465332
-2.6332316398620605	-0.5008421540260315
-2.675217390060425	-0.6150202751159668
-2.685145616531372	-0.6449466943740845
-2.685145616531372	-0.6449466943740845
-2.675217390060425	-0.3361951410770416
-2.603129386901855	-0.267333984375
-2.603129386901855	-0.15807126462459564
-2.603129386901855	-0.18236561119556427
-2.640493869781494	-0.28852778673171997
-2.7162859439849854	-0.25515416264533997
-2.72320556640625	-0.22967003285884857
-2.72320556640625	-0.18740180134773257
-2.72320556640625	-0.2469741851091385
-2.489121198654175	-0.32531818747520447
-2.278249740600586	-0.6449466943740845
-2.0512006282806396	-0.6449466943740845
-1.800742268562317	-0.5111761093139648
-1.5745803117752075	-0.4860473573207855
-1.283270001411438	-0.7596923112869263
-1.0831633806228635	-0.5534520149230957
-0.7668309211730957	-0.2573256194591522
-0.6226649880409241	0.8163738250732422
-0.6226649880409241	1.3514727354049683
-0.6226649880409241	1.1014446020126343
-0.662861704826355	0.5531144738197327
-0.7569329142570496	0.004178060218691826
-0.8859544992446899	-0.5986385345458984
-0.9870662093162536	-0.6308823823928833
-0.9870662093162536	-0.5862765312194824
-0.9870662093162536	-0.655798614025116
-0.9798594117164613	-0.39212164282798767
-0.9798594117164613	-0.3815180659294128
-0.9798594117164613	-0.8139835596084595
-0.9798594117164613	-0.5516577959060669
-0.9798594117164613	-0.16983264684677124
-0.7714422345161438	0.3677543103694916
-0.33023086190223694	1.148945927619934
0.3214387595653534	1.0436081886291504
0.9090284705162048	0.8601993322372437
1.3033604621887207	0.5988049507141113
1.7408576011657715	1.1381818056106567
2.111074686050415	1.2560917139053345
2.3357701301574707	1.416622757911682
2.3357701301574707	1.4794501066207884
2.3357701301574707	1.6114089488983154
2.304110527038574	1.5536236763000488
1.9975349903106687	1.6486825942993164
1.6834503412246704	1.5187244415283203
1.1951881647109983	1.2648916244506836
0.7969806194305419	1.251731753349304
0.6523510813713074	1.5217353105545044
0.451170951128006	1.6621921062469482
0.21289855241775513	1.5669896602630615
0.21289855241775513	1.5014742612838743
0.21289855241775513	1.3185895681381223
0.4525165557861328	0.5842345952987671
0.6162062883377075	-0.29713141918182373
0.6208478808403015	-0.48303693532943726
0.6208478808403015	-0.017733097076416016
0.6162062883377075	0.4036196768283844
0.5967530012130737	0.2696481943130493
0.5967530012130737	-0.13527078926563263
0.5967530012130737	0.18165914714336395
0.7231135964393616	0.13275842368602753
0.8669015765190125	0.12570162117481232
1.0491576194763184	0.41539025306701666
1.1822764873504639	0.40837606787681574
1.1982120275497437	-0.257055789232254
1.2073187828063965	-0.4258014857769013
1.2347347736358643	-0.3041604459285736
1.2347347736358643	-0.30372753739356995
1.2347347736358643	-0.21328914165496823
1.1828206777572632	-0.2528601586818695
1.0959714651107788	0.45360484719276434
0.9235680103302002	0.3364274799823761
0.7261978983879089	0.5964744687080383
0.5412607789039612	0.8922364711761476
0.19253812730312347	1.025033950805664
-0.05333918333053589	0.9712496995925904
-0.2043641358613968	0.6181779503822327
-0.27223894000053406	0.29049500823020935
-0.3026182949542999	-0.002472404157742858
-0.3026182949542999	-0.6449466943740845
-0.3026182949542999	-0.6449466943740845
-0.2338615506887436	-0.4820217192173004
-0.10822664946317671	-0.573943018913269
-0.013601079583168028	-0.7464895844459533
0.08940048515796661	-0.32663556933403015
0.25238969922065735	-0.40867909789085394
0.28525364398956293	0.2517677843570709
0.28525364398956293	0.37310442328453064
0.28525364398956293	0.13992634415626523
0.10411643981933592	0.4032339751720429
-0.1454751342535019	0.019329674541950222
-0.3998090922832489	-0.2443652302026749
-0.4945505559444427	0.05670016258955002
-0.5998149514198303	-0.308702677488327
-0.610589861869812	-0.22335462272167203
-0.610589861869812	-0.2206399291753769
-0.5998149514198303	-0.6449466943740845
-0.48286348581314087	-0.3528570830821991
-0.4413413107395172	-0.2972913384437561
-0.3044275641441345	-0.4027917683124542
-0.07749450951814651	-0.37066408991813654
0.009148165583610535	-0.6449466943740845
0.11919020861387251	-0.47263702750205994
0.20189182460308072	-0.6933077573776245
0.2454853057861328	-0.4225331246852874
0.2454853057861328	-0.2826942801475525
0.2454853057861328	-0.31327661871910095
0.1445651352405548	-0.28097352385520935
0.04012221470475197	-0.32659128308296204
-0.12989740073680875	-0.3153582215309143
-0.20245912671089172	-0.6449466943740845
-0.20245912671089172	-0.6449466943740845
-0.22226518392562863	-0.41830655932426447
-0.2247144728899002	-0.375542014837265
-0.2247144728899002	-0.3350403308868408
-0.20168805122375488	-0.3199082016944885
-0.18862512707710263	-0.6449466943740845
-0.14132745563983917	-0.6449466943740845
-0.11546871066093443	-0.6449466943740845
-0.06469868868589401	-0.6449466943740845
-0.00405587162822485	-0.6449466943740845
-0.0024633237626403566	-0.3633368909358978
0.04475370794534683	-0.27192017436027527
0.0550498329102993	-0.11178433150053024
0.05757976695895195	-0.0955568253993988
0.06518469005823135	-0.1802852302789688
0.06518469005823135	-0.19071334600448608
0.06589024513959885	-0.2038896679878235
0.06589024513959885	-0.2912154793739319
0.05682884901762009	-0.27598801255226135
0.05156235396862031	-0.3210335075855255
0.0388723686337471	-0.6449466943740845
0.03092474676668644	-0.6449466943740845
0.028223462402820587	-0.38325759768486023
0.004738420248031616	-0.336321622133255
-0.047664470970630646	-0.32540324330329895
-0.08502383530139923	-0.15365658700466156
-0.10698184370994568	-0.2868783175945282
-0.14439159631729123	-0.2308249473571777
-0.17705899477005005	-0.2588634788990021
-0.30406972765922546	-0.6449466943740845
-0.4384031593799591	-0.3038783073425293
-0.4391036927700042	-0.28659120202064514
-0.59446781873703	-0.23119612038135529
-0.6727748513221741	-0.22085802257061005
-0.7795158624649048	-0.30965426564216614
-0.8447145819664001	-0.6449466943740845
-0.9723905324935912	-0.4528370797634125
-1.07814884185791	-0.48408502340316767
-1.07814884185791	-0.4808301925659179
-1.07814884185791	-0.4231150150299072
-0.8628776669502257	-0.1422305852174759
-0.5732405781745911	-0.10554013401269911
-0.2870859205722809	0.1395807713270187
-0.16054387390613556	0.30230626463890076
-0.16054387390613556	-0.09872180968523024
-0.16054387390613556	-0.22988322377204895
-0.23141729831695557	-0.11954986304044724
-0.33563342690467834	-0.5734726786613464
-0.33563342690467834	-0.5841563940048218
-0.33563342690467834	-0.6323991417884827
-0.0637260228395462	0.26540932059288025
0.20700712502002716	0.4961496889591217
0.5579119920730591	0.838588535785675
1.0910375118255615	1.0250136852264404
1.3836430311203003	1.6954145431518555
1.3836430311203003	0.760047435760498
1.3836430311203003	1.0605009794235227
1.3591651916503906	1.2248823642730713
1.1631456613540647	1.1134395599365234
0.8331204056739806	1.2237944602966309
0.39463043212890625	0.9383911490440368
-0.19550937414169312	0.6546846628189087
-0.5531674027442932	0.503252387046814
-0.6530695557594299	-0.2961520850658417
-0.7516764998435974	-0.10542336851358412
-0.7516764998435974	-0.3118877708911896
-0.7516764998435974	-0.2727935016155243
-0.7299503087997437	-0.42595222592353826
-0.6980842351913452	-0.6449466943740845
-0.6700130701065063	-0.6449466943740845
-0.6700130701065063	-0.6449466943740845
-0.6700130701065063	-0.6449466943740845
-0.6745437383651733	-0.351274698972702
-0.7076143026351929	-0.37919849157333374
-0.7101997137069702	-0.3377685844898224
-0.7482847571372986	-0.3193230926990509
-0.7741636633872986	-0.6449466943740845
-0.7741636633872986	-0.6449466943740845
-0.7632577419281006	-0.6449466943740845
-0.7632577419281006	-0.6449466943740845
-0.7632577419281006	-0.6449466943740845
-0.7549270987510681	-0.6449466943740845
-0.7239732146263124	-0.6449466943740845
-0.7104063034057617	-0.6449466943740845
-0.6579731702804565	-0.3202286958694458
-0.6488765478134155	-0.2944589853286743
-0.5840809941291809	-0.25916919112205505
-0.48138684034347534	-0.3019827902317047
-0.4728344678878784	-0.6449466943740845
-0.4220039546489715	-0.6449466943740845
-0.400378555059433	-0.6449466943740845
-0.3621826171875	-0.6449466943740845
-0.32515084743499756	-0.3174668252468109
-0.3097898066043854	-0.3030844330787658
-0.3036010265350342	-0.2515632212162018
-0.280826598405838	-0.2683318555355072
-0.280826598405838	-0.6449466943740845
-0.280826598405838	-0.6449466943740845
-0.28494906425476074	-0.31656771898269653
-0.28835591673851013	-0.21346350014209747
-0.2894797623157501	-0.19879086315631864
-0.2970846891403198	-0.2520926892757416
-0.3118460178375244	-0.3734664022922516
-0.3118460178375244	-0.5443786978721619
-0.3118460178375244	-0.6449466943740845
-0.31539395451545715	-0.38706231117248535
-0.31539395451545715	-0.2962823212146759
-0.3485754132270813	-0.2879745662212372
-0.3533681631088257	-0.26645803451538086
-0.3637499511241913	-0.27758437395095825
-0.3779165744781494	-0.34981420636177063
-0.3779165744781494	-0.34011444449424744
-0.3947441577911377	-0.3154909908771515
-0.3947441577911377	-0.18818552792072296
-0.3936505615711212	-0.3015844523906708
-0.3936505615711212	-0.11891906708478928
-0.3721914887428283	-0.1406117081642151
-0.28243425488471985	-0.21174700558185575
-0.24488843977451324	-0.33001890778541565
-0.15175965428352356	-0.3195868134498596
-0.014251202344894407	-0.6449466943740845
0.015437721274793148	-0.6449466943740845
0.015437721274793148	-0.6449466943740845
0.015437721274793148	-0.3023677170276642
0.013497433625161648	-0.3144780695438385
-0.029496321454644203	-0.24623005092144012
-0.0299801342189312	-0.24629899859428403
-0.060928985476493835	-0.6449466943740845
-0.06114065274596214	-0.6449466943740845
-0.10460814088582993	-0.6449466943740845
-0.1392863690853119	-0.31298014521598816
-0.17262908816337583	-0.3368782103061676
-0.1766255795955658	-0.2696796655654907
-0.18217933177948	-0.2682547867298126
-0.19531281292438507	-0.3508901298046112
-0.19531281292438507	-0.3289680778980255
-0.21459978818893433	-0.30877479910850525
-0.2311401069164276	-0.28552716970443726
-0.24016118049621585	-0.6449466943740845
-0.24904115498065948	-0.6449466943740845
-0.24904115498065948	-0.6449466943740845
-0.24016118049621585	-0.6449466943740845
-0.24904115498065948	-0.6449466943740845
-0.24904115498065948	-0.3026542365550995
-0.2572810649871826	-0.29251933097839355
-0.2572810649871826	-0.08819252252578735
-0.2691747844219208	-0.10877420753240584
-0.2926749587059021	-0.10886946320533752
-0.2926749587059021	-0.11718058586120604
-0.27645716071128845	-0.2487003058195114
-0.27645716071128845	-0.2254273146390915
-0.2745572030544281	-0.6449466943740845
-0.2745572030544281	-0.6449466943740845
-0.2745572030544281	-0.6449466943740845
-0.26919496059417725	-0.6449466943740845
-0.2745572030544281	-0.6449466943740845
-0.2642207443714142	-0.3371025323867798
-0.2642207443714142	-0.3096388876438141
-0.2515660524368286	-0.23786306381225583
-0.2825854420661926	-0.24778418242931363
-0.27011218667030334	-0.6449466943740845
-0.27011218667030334	-0.37790381908416754
-0.24940401315689087	-0.37885066866874695
-0.24940401315689087	-0.13586635887622833
-0.2460878789424896	-0.14622503519058228
-0.2363058030605316	-0.105690598487854
-0.23384642601013184	-0.1328015178442001
-0.23384642601013184	-0.2256726026535034
-0.2460878789424896	-0.1658666580915451
-0.24669769406318665	-0.2897031605243683
-0.250643789768219	-0.173849955201149
-0.2845005393028259	-0.22096587717533112
-0.32190021872520447	-0.20578886568546295
-0.3358803689479828	-0.37440273165702814
-0.4358883500099182	-0.20161956548690796
-0.48589739203453064	-0.16577304899692535
-0.57086181640625	-0.26445242762565613
-0.6322202682495117	-0.1086023524403572
-0.6917795538902283	-0.2710074186325073
-0.7723141312599182	-0.22647635638713837
-0.8386870622634888	-0.06261361390352249
-0.8794381618499755	-0.3095196485519409
-0.9575082659721375	-0.2785640358924866
-0.9598315954208374	-0.28659698367118835
-0.9598315954208374	-0.6449466943740845
-0.9598315954208374	-0.6449466943740845
-0.925606906414032	-0.6449466943740845
-0.8847701549530029	-0.6449466943740845
-0.8278365731239319	-0.6449466943740845
-0.7881135940551759	-0.6449466943740845
-0.7613325715065001	-0.6449466943740845
-0.6818211078643799	-0.6449466943740845
-0.6417705416679382	-0.6449466943740845
-0.6005204916000366	-0.6449466943740845
-0.4989502429962158	-0.6449466943740845
-0.45653098821640015	-0.6449466943740845
-0.4408877491950989	-0.6449466943740845
-0.41637459397315973	-0.6449466943740845
-0.3639011681079865	-0.6449466943740845
-0.3603532016277314	-0.323223739862442
-0.3566238284111023	-0.32155492901802063
-0.32598742842674255	-0.2588319778442383
-0.29646480083465576	-0.29088661074638367
-0.29646480083465576	-0.6449466943740845
-0.29646480083465576	-0.6449466943740845
-0.33901506662368774	-0.3521730303764343
-0.33901506662368774	-0.3878500759601593
-0.33901506662368774	-0.32800886034965515
-0.32166334986686707	-0.32055383920669556
-0.3128438591957092	-0.6449466943740845
-0.3128438591957092	-0.6449466943740845
-0.29538631439208984	-0.6449466943740845
-0.3128438591957092	-0.6449466943740845
-0.32212197780609125	-0.6449466943740845
-0.3228527307510376	-0.6449466943740845
-0.3292279541492462	-0.6449466943740845
-0.3319292366504669	-0.34966039657592773
-0.3378761112689972	-0.34717416763305664
-0.3476329743862152	-0.1537332981824875
-0.35547980666160583	-0.18645234405994415
-0.3596325218677521	-0.2262663096189499
-0.3641228973865509	-0.23081541061401367
-0.3641228973865509	-0.6449466943740845
-0.3641228973865509	-0.6449466943740845
-0.35225942730903625	-0.6449466943740845
-0.33859172463417053	-0.6449466943740845
-0.3134133517742157	-0.6449466943740845
-0.3134133517742157	-0.6449466943740845
-0.3047904074192047	-0.6449466943740845
-0.2888195812702179	-0.6449466943740845
-0.2888195812702179	-0.6449466943740845
-0.2463801801204681	-0.6449466943740845
-0.23184566199779513	-0.354525089263916
-0.23184566199779513	-0.3851708471775055
-0.23184566199779513	-0.33400219678878784
-0.24586109817028043	-0.3380879759788513
-0.2460626810789108	-0.6449466943740845
-0.2581126391887665	-0.6449466943740845
-0.2671085000038147	-0.6449466943740845
-0.27813035249710083	-0.6449466943740845
-0.2835581302642822	-0.6449466943740845
-0.2835581302642822	-0.6449466943740845
-0.3184228241443634	-0.6449466943740845
-0.3456322252750397	-0.6449466943740845
-0.34835365414619446	-0.39450672268867487
-0.3522392809391022	-0.4336174428462982
-0.36790773272514343	-0.15804071724414823
-0.4033822417259216	-0.11843213438987732
-0.46329933404922485	-0.15983304381370544
-0.5227124691009521	-0.03296774625778198
-0.525539755821228	-0.17061738669872284
-0.5844186544418335	-0.3269363343715668
-0.6123537421226501	-0.15697932243347168
-0.681841254234314	-0.34358152747154236
-0.7254447937011719	-0.3142077326774597
-0.7672139406204224	-0.3601718842983246
-0.8354313969612122	-0.35189828276634216
-0.8647978305816649	-0.36002275347709656
-0.8647978305816649	-0.29973557591438293
-0.8647978305816649	-0.39992585778236395
-0.8099758625030516	-0.7117884159088135
-0.7792588472366333	-0.4958645701408386
-0.7789362668991088	-0.6449466943740845
-0.6827685832977295	-0.6449466943740845
-0.6241668462753296	-0.6449466943740845
-0.5848671793937683	-0.6449466943740845
-0.5341677069664001	-0.3591434061527252
-0.5104508399963379	-0.3170989751815796
-0.46291631460189814	-0.31989991664886475
-0.4310552775859833	-0.3791298568248749
-0.42645400762557983	-0.6449466943740845
-0.41927242279052734	-0.4181131720542908
-0.40734344720840454	-0.3688185513019562
-0.3896338939666748	-0.32944631576538086
-0.3450627326965332	-0.31550028920173645
-0.3043368458747864	-0.6449466943740845
-0.29082033038139343	-0.6449466943740845
-0.24161766469478607	-0.6449466943740845
-0.23588751256465912	-0.6449466943740845
-0.19719262421131137	-0.6449466943740845
-0.17452402412891388	-0.6449466943740845
-0.16594643890857697	-0.6449466943740845
-0.05819746106863022	-0.6449466943740845
-0.05819746106863022	-0.6449466943740845
-0.05819746106863022	-0.6449466943740845
-0.08451986312866211	-0.6449466943740845
-0.15443070232868195	-0.6449466943740845
-0.2106234580278397	-0.6449466943740845
-0.2315886467695236	-0.6449466943740845
-0.2634648084640503	-0.6449466943740845
-0.2654857337474823	-0.6449466943740845
-0.2709336578845978	-0.6449466943740845
-0.2709336578845978	-0.6449466943740845
-0.27744999527931213	-0.6449466943740845
-0.27744999527931213	-0.6449466943740845
-0.27744999527931213	-0.6449466943740845
-0.26919999718666077	-0.6449466943740845
-0.2586720287799835	-0.6449466943740845
-0.24969127774238584	-0.6449466943740845
-0.24969127774238584	-0.6449466943740845
-0.26919999718666077	-0.6449466943740845
-0.28634002804756165	-0.6449466943740845
-0.32666778564453125	-0.6449466943740845
-0.3577577471733093	-0.6449466943740845
-0.3940739035606384	-0.6449466943740845
-0.41358259320259094	-0.6449466943740845
-0.41358259320259094	-0.6449466943740845
-0.3940739035606384	-0.6449466943740845
-0.38036084175109863	-0.6449466943740845
-0.2829281687736511	-0.6449466943740845
-0.19165903329849243	-0.6449466943740845
-0.13792061805725095	-0.6449466943740845
-0.07340730726718903	-0.6449466943740845
0.0034180164802819486	-0.6449466943740845
0.01810372807085514	-0.6449466943740845
0.01810372807085514	-0.6449466943740845
0.01810372807085514	-0.6449466943740845
0.01810372807085514	-0.6449466943740845
0.0030652368441224094	-0.6449466943740845
-0.021170722320675846	-0.6449466943740845
-0.021170722320675846	-0.6449466943740845
-0.06847846508026123	-0.6449466943740845
-0.09758278727531432	-0.6449466943740845
-0.10131216794252396	-0.6449466943740845
-0.13941237330436707	-0.6449466943740845
-0.13941237330436707	-0.6449466943740845
-0.13941237330436707	-0.6449466943740845
-0.13532516360282895	-0.6449466943740845
-0.13165625929832458	-0.6449466943740845
-0.1236128807067871	-0.6449466943740845
-0.12328026443719864	-0.6449466943740845
-0.11397695541381836	-0.6449466943740845
-0.1117594838142395	-0.6449466943740845
-0.0803217813372612	-0.6449466943740845
-0.07624465972185135	-0.6449466943740845
-0.07624465972185135	-0.6449466943740845
-0.07624465972185135	-0.6449466943740845
-0.11820023506879807	-0.6449466943740845
-0.11820023506879807	-0.6449466943740845
-0.11820023506879807	0.18612372875213623
-0.09423641860485077	0.32759493589401245
0.18191945552825928	0.8268691301345825
0.3330250382423401	1.0812146663665771
0.5228456854820251	0.9599627256393432
0.6748836040496826	0.9043158888816832
0.7777944803237915	0.7066901922225952
0.8604053854942322	0.32791948318481445
1.0579922199249268	0.3628450632095337
1.337998390197754	0.12939143180847168
1.3912984132766724	0.4552253782749176
1.400899052619934	1.5413333177566528
1.400899052619934	1.5457500219345093
1.3912984132766724	1.4903880357742307
1.341017246246338	1.6533596515655515
1.2794269323349	1.27870512008667
1.1124058961868286	1.6454496383666992
0.8710744380950928	1.3039028644561768
0.7136943936347961	1.2916414737701416
0.5713075399398804	1.646066665649414
0.4267938733100891	1.6363615989685059
0.4267938733100891	1.3457884788513184
0.4267938733100891	1.7217947244644165
0.9150509238243104	1.684104084968567
0.9150509238243104	1.6636357307434082
0.9150509238243104	1.6807321310043335
0.8904622197151184	1.648384928703308
0.5982447862625122	1.003796100616455
-0.09786500781774522	0.5426660180091858
-0.09786500781774522	0.5509507060050964
-0.09786500781774522	0.17003192007541656
-0.08628375828266144	-0.6783344745635986
-0.05716432258486748	-0.41794997453689575
-0.05716432258486748	-0.42404839396476746
-0.05716432258486748	-0.4324547350406646
-0.19146752357482913	-0.08742872625589371
-0.22513277828693387	-0.002453364199027419
-0.22513277828693387	-0.4845436215400696
-0.19146752357482913	-1.2053449153900146
-0.18977418541908264	-0.9325032830238342
-0.1405463069677353	-1.2749319076538084
0.025698568671941757	-0.6416026949882507
0.37212815880775446	0.25477534532546997
0.45542445778846735	0.5243979692459106
0.6257464289665222	0.2176923304796219
0.720613956451416	0.23575526475906372
0.79594749212265	0.2969336211681366
0.79594749212265	0.39058586955070496
0.79594749212265	0.4896598756313324
0.7722154855728148	0.7140767574310303
0.5889363884925842	0.8842113018035888
0.25019240379333496	0.6494338512420654
-0.23542386293411255	0.5410195589065552
-0.5513430237770081	-0.17898008227348328
-0.6149038672447205	-1.1934806108474731
-0.6149038672447205	-0.3071914315223694
-0.6149038672447205	-0.23553289473056793
-0.4707631468772888	-0.13242623209953308
-0.35283899307250977	-0.19099381566047668
-0.2368803322315216	-0.23900236189365384
-0.07962126284837723	-0.6449466943740845
0.03487083688378334	-0.5004613995552063
0.14719586074352264	-0.373887687921524
0.24844865500926971	-0.3519601821899414
0.24844865500926971	-0.19345742464065552
0.24844865500926971	-0.23918470740318296
0.19843459129333496	-0.32772332429885864
0.09817461669445036	-0.30895546078681946
-0.01530954148620367	-0.6449466943740845
-0.167266845703125	-0.6449466943740845
-0.32210683822631836	-0.6449466943740845
-0.4133860468864441	-0.3762459754943848
-0.611149251461029	-0.3275003433227539
-0.726205825805664	-0.300560861825943
-0.8594557046890259	-0.1466435343027115
-0.9126296639442445	-0.373108834028244
-0.9611116647720338	-0.30473828315734863
-0.9611116647720338	-0.29223868250846863
-0.9611116647720338	-0.44883492588996887
-0.949817717075348	-0.3431951701641083
-0.8362630009651184	-0.40339574217796326
-0.7877053618431091	-0.38629621267318726
-0.6756827235221863	-0.22215454280376432
-0.6010144352912903	-0.2882228195667267
-0.4557548761367798	-0.19081406295299527
-0.3582768440246582	-0.19191233813762665
-0.23398250341415405	-0.23325397074222565
-0.2091165781021118	-0.2544197142124176
-0.1294841468334198	-0.6449466943740845
-0.07870403677225113	-0.6449466943740845
-0.018156977370381355	-0.6449466943740845
0.010503847151994703	-0.6449466943740845
0.032895274460315704	-0.6449466943740845
0.03500187024474144	-0.6449466943740845
0.032895274460315704	-0.6449466943740845
0.032895274460315704	-0.6449466943740845
0.032895274460315704	-0.6449466943740845
0.05092231184244156	-0.6449466943740845
0.02735663205385208	-0.6449466943740845
0.02735663205385208	-0.38923394680023193
0.02735663205385208	-0.22031213343143463
0.0067845419980585575	-0.19703659415245056
-0.010783882811665533	-0.11074517667293549
-0.01573287695646286	-0.1770760864019394
-0.0360378623008728	-0.23682041466236112
-0.06994502246379852	-0.18026302754878995
-0.09522420167922972	-0.3528057634830475
-0.12037739157676695	-0.3238976299762726
-0.18827737867832184	-0.3229619264602661
-0.25139468908309937	-0.6449466943740845
-0.34152987599372864	-0.6449466943740845
-0.39276355504989624	-0.6449466943740845
-0.4138396382331848	-0.6449466943740845
-0.4557649791240692	-0.6449466943740845
-0.48202687501907343	-0.6449466943740845
-0.5024175643920898	-0.6449466943740845
-0.505975604057312	-0.6449466943740845
-0.5575620532035828	-0.6449466943740845
-0.5575620532035828	-0.6449466943740845
-0.5575620532035828	-0.38891640305519104
-0.5367480516433716	-0.3859100937843322
-0.5191594362258911	-0.2740679085254669
-0.5191594362258911	-0.30399975180625916
-0.5191594362258911	-0.6449466943740845
-0.5251920223236084	-0.6449466943740845
-0.5251920223236084	-0.6449466943740845
-0.5266232490539551	-0.6449466943740845
-0.5251920223236084	-0.6449466943740845
-0.5102341175079346	-0.614667534828186
-0.5044989585876465	-0.5354500412940979
-0.5025737881660461	-0.6442768573760986
-0.4647255539894104	-0.6108065843582153
-0.4178361296653747	-0.29882630705833435
-0.36618414521217346	-0.29288122057914734
-0.30490633845329285	-0.20546004176139832
-0.2518784999847412	-0.18442521989345553
-0.18671002984046936	-0.6449466943740845
-0.1689803451299667	-0.6449466943740845
-0.1444117575883865	-0.6449466943740845
-0.08663653582334518	-0.6449466943740845
-0.051938142627477646	-0.6449466943740845
-0.04925701767206192	-0.6449466943740845
-0.040235940366983414	-0.6449466943740845
-0.03522143140435219	-0.6449466943740845
-0.03522143140435219	-0.6449466943740845
-0.03522143140435219	-0.6449466943740845
-0.040235940366983414	-0.6449466943740845
-0.044519692659378045	-0.6449466943740845
-0.04963499680161476	-0.48053520917892456
-0.14703744649887085	-0.5740085244178772
-0.1785457134246826	-0.5374455451965332
-0.3365708291530609	-0.6782947182655334
-0.47334346175193787	-0.6449466943740845
-0.6078633666038513	-0.6449466943740845
-0.8286882638931273	-0.3983975350856781
-1.0599353313446045	-0.6138033866882324
-1.1559417247772217	-0.6411309838294983
-1.236234426498413	-0.5882568359375
-1.2698997259140015	-0.6449466943740845
-1.335148811340332	-1.169452667236328
-1.335148811340332	-1.1554131507873535
-1.335148811340332	-0.7704468965530396
-1.3123037815093994	-0.32960623502731323
-1.3053539991378784	-0.32867613434791565
-1.224139094352722	-0.2648961842060089
-1.051529049873352	-0.09848999232053757
-0.7450745105743408	-0.13531023263931274
-0.5251818895339966	-0.043047789484262466
-0.2984101474285126	0.14428429305553436
0.18941350281238556	0.3252120614051819
0.910746991634369	0.4874170124530792
1.5264835357666016	0.967747449874878
1.835911512374878	1.4671121835708618
2.0819904804229736	0.8269969820976257
2.191014528274536	1.5729947090148924
2.191014528274536	1.72840416431427
2.191014528274536	1.6071252822875977
1.779093861579895	0.8568829298019409
1.347342014312744	0.7203529477119446
0.8406245112419128	0.5346683859825134
0.0634409487247467	0.662232518196106
-0.3282049000263214	0.7878570556640626
-0.574404776096344	0.6664861440658569
-0.7062385082244873	0.8130230903625488
-0.7062385082244873	0.7751194834709167
-0.7062385082244873	0.7422425150871277
-0.4190305173397064	0.6568887233734131
-0.08403100818395615	0.2718166410923004
0.18069480359554288	-0.2107328623533249
0.42861321568489075	0.2737910747528076
0.5418554544448853	0.40321922302246094
0.6176022887229919	0.45477327704429626
0.6176022887229919	0.6838358044624329
0.6176022887229919	0.4870894849300385
0.5717762112617493	-0.37629193067550654
0.4816359877586365	-0.3351247906684875
0.3006398677825928	-0.6449466943740845
0.0890577882528305	-0.6449466943740845
-0.17755793035030365	-0.6449466943740845
-0.4645995795726776	-0.6449466943740845
-0.6763631105422974	-0.6449466943740845
-0.8005515933036805	-0.6449466943740845
-0.8220711350440979	-0.6449466943740845
-0.8220711350440979	-0.3866258263587952
-0.8220711350440979	-0.3698257803916931
-0.809018313884735	-0.3434903919696808
-0.7851905822753905	-0.3762072026729584
-0.6678107380867004	-0.6449466943740845
-0.5562063455581665	-0.6449466943740845
-0.4418452978134155	-0.6449466943740845
-0.35162946581840515	-0.6449466943740845
-0.2848533093929291	-0.6449466943740845
-0.16473186016082764	-0.6449466943740845
-0.11539815366268157	-0.3457165062427521
-0.10996031016111373	-0.30255189538002014
-0.10752613097429276	-0.27827590703964233
-0.1012970507144928	-0.25928086042404175
-0.06690607964992523	-0.6449466943740845
-0.013253340497612951	-0.6449466943740845
-0.006873068865388632	-0.6449466943740845
0.018189402297139168	-0.6449466943740845
0.018189402297139168	-0.6449466943740845
0.023894352838397023	-0.6449466943740845
0.023894352838397023	-0.6449466943740845
0.06911566108465195	-0.6449466943740845
0.0823700949549675	-0.6449466943740845
0.1890859305858612	-0.6449466943740845
0.23490191996097565	-0.6449466943740845
0.30158230662345886	-0.35321295261383057
0.32638776302337646	-0.2624942660331726
0.32638776302337646	-0.1914811134338379
0.30158230662345886	-0.2111429125070572
0.297056645154953	-0.2862325608730316
0.2672165334224701	-0.6449466943740845
0.16120122373104095	-0.4595830738544464
0.1031639352440834	-0.4760373532772064
0.0338376984000206	-0.3388850688934326
0.020421992987394333	-0.457996279001236
0.019837386906147003	-0.4570261836051941
0.019837386906147003	-0.21580557525157928
0.019837386906147003	-0.18681687116622925
0.019837386906147003	-0.3049028217792511
0.017171381041407585	-0.30098745226860046
0.0024453524965792894	-0.3184570372104645
-0.03740362450480461	-0.0055475858971476555
-0.0682617574930191	-0.06858032196760178
-0.15302462875843048	0.24043914675712583
-0.3497244417667389	0.7382678389549256
-0.5738554000854492	1.5280966758728027
-0.5738554000854492	1.4568397998809814
-0.5738554000854492	1.1535063982009888
-0.3276253342628479	0.9320585727691649
-0.1819071918725967	0.5290255546569824
-0.16289740800857544	0.15853352844715118
0.20220428705215457	0.1255880892276764
0.6787742376327515	0.7126635313034058
1.1147241592407227	0.2976311147212982
1.5355297327041624	0.42660534381866455
1.887241005897522	0.08623043447732925
2.0098319053649902	-0.391537606716156
2.0518782138824463	-0.4693637788295746
2.0518782138824463	-0.3790853619575501
2.0518782138824463	0.1608554869890213
1.821704626083374	0.28258979320526123
1.5549679994583128	0.8309013843536378
1.2801929712295532	0.7481808066368102
0.7300633788108826	0.7227431535720825
0.34898075461387634	0.31678134202957153
-0.10157423466444016	0.20290209352970123
-0.5109195113182068	0.2615765333175659
-0.7190897464752197	0.5281600952148438
-0.7190897464752197	0.14166325330734253
-0.7190897464752197	0.09734094142913817
-0.7190897464752197	0.44702205061912537
-0.7190897464752197	0.20683513581752777
-0.7402414083480835	0.1060742735862732
-0.7402414083480835	0.5052487850189209
-0.7402414083480835	0.09200682491064072
-0.5116754770278931	-0.03310168907046318
-0.39706245064735407	-0.20818926393985748
-0.20532168447971344	-0.42046305537223816
0.041115038096904755	-0.3963992297649383
0.340453565120697	-0.3366402089595794
0.719968855381012	-0.3368162214756012
1.027451515197754	0.030733978375792503
1.2290953397750854	0.2826676070690155
1.4030408859252927	0.2353139370679855
1.4030408859252927	0.10279849171638487
1.4030408859252927	0.3211423456668854
1.2957152128219604	0.6386232972145081
1.1387585401535034	0.34563156962394714
1.0197306871414185	0.681480884552002
0.8331707715988158	0.6847673654556274
0.45771750807762146	0.334153950214386
0.14489775896072388	0.418911337852478
-0.1945316642522812	0.19855938851833344
-0.3261537253856659	0.002755448454990983
-0.3261537253856659	-0.1316140741109848
-0.3261537253856659	-0.04227813705801964
-0.22670012712478635	-0.08579765260219574
-0.16626393795013428	-0.2892994284629822
-0.16458570957183835	-0.8574639558792113
0.04526775702834129	-1.1087398529052734
0.29704657196998596	-0.7038913369178772
0.4328717589378357	-0.13208334147930145
0.4328717589378357	-0.03895369917154312
0.4328717589378357	0.07107852399349213
0.37968266010284424	-0.19903437793254852
0.16292479634284973	-0.3065251111984253
-0.11838670074939728	-0.1054047644138336
-0.11838670074939728	0.19526039063930511
-0.11838670074939728	0.1882575899362564
0.08227434009313583	0.42610886693000793
0.34477260708808893	0.1515609472990036
0.34477260708808893	0.1656591147184372
0.34477260708808893	0.1615753471851349
0.3377976417541504	0.040258098393678665
0.3377976417541504	-0.10994579643011092
0.3377976417541504	0.2841624915599823
0.4036061763763428	0.06095775589346886
0.8563433885574341	0.2410593330860138
1.261152982711792	0.37020477652549744
1.4668033123016355	0.3906143605709076
1.5724859237670898	0.6531457901000977
1.6931214332580566	0.7679196000099182
1.7057812213897705	0.014449251815676687
1.7057812213897705	-0.3515583276748657
1.7057812213897705	0.493859738111496
1.6366363763809204	0.498056024312973
1.4063923358917236	0.4828057289123535
1.0819408893585205	0.5060458183288574
0.730320394039154	-0.13081258535385132
0.6504611968994141	0.41059496998786926
0.6504611968994141	0.5009210705757141
0.6504611968994141	0.42372298240661627
1.1417319774627683	0.6308863759040833
1.2935835123062132	1.0381184816360471
1.4562551975250244	0.8597961664199829
1.467392921447754	0.609654426574707
1.467392921447754	0.711057186126709
1.4562551975250244	0.7994821071624755
1.3355339765548706	0.8454055786132812
1.0480538606643677	0.8854711651802062
0.4391361176967621	0.5024496912956238
0.04485953971743584	0.44421735405921936
-0.1494615525007248	0.03955484926700592
-0.17744705080986023	0.010945416986942291
-0.3647327125072479	-0.2189207226037979
-0.49974650144577026	-0.40492963790893555
-0.8190977573394777	-0.2086825966835022
-0.8864030241966248	-0.15626478195190427
-0.8864030241966248	-0.07227309048175812
-0.8864030241966248	0.18705426156520844
-0.570851743221283	0.3295087516307831
-0.34193307161331177	0.15312381088733673
-0.20254479348659515	0.16474074125289917
-0.12989740073680875	-0.009590022265911102
-0.12989740073680875	-0.27910104393959045
-0.12989740073680875	-0.060054883360862725
-0.26487088203430176	-0.12929996848106384
-0.3283258378505707	-0.21065162122249603
-0.3283258378505707	0.1178639680147171
-0.3283258378505707	0.23977166414260864
0.4021295309066773	0.4661612212657928
1.1083741188049316	1.2480908632278442
1.508809208869934	1.8031973838806152
1.7656025886535645	1.642240047454834
2.0663723945617676	1.171486496925354
2.0748794078826904	0.8936467170715331
2.0748794078826904	0.4277595579624176
2.0748794078826904	0.29735445976257324
2.039918899536133	0.5091722011566162
1.8998150825500488	0.5777225494384766
1.5942474603652954	0.5147383213043213
1.306868076324463	1.0800422430038452
0.8766533732414247	1.1054528951644895
0.6818636059761047	0.2197420746088028
0.47583022713661194	0.3354128301143646
0.1805637776851654	0.4844540059566498
-0.04574938118457794	0.36310651898384094
-0.04574938118457794	0.5618770122528076
-0.04574938118457794	0.17655353248119354
0.3017939627170563	0.24245156347751615
0.5863409638404846	0.035878002643585205
0.8037741780281067	-0.10757365822792052
0.929797112941742	0.21016675233840945
0.9844527840614319	0.4497118890285492
0.9844527840614319	1.0211026668548584
0.9844527840614319	1.4248867034912107
0.7116331458091736	1.5426390171051023
0.2226251810789108	1.492293357849121
-0.21849043667316437	1.012151837348938
-0.31892678141593933	0.9514788389205933
-0.3275144696235657	0.5853169560432434
-0.3275144696235657	0.3334711492061615
-0.3275144696235657	0.2363416403532028
-0.09885279089212416	0.42738512158393854
0.027996676042675972	0.30602923035621643
0.17729300260543823	0.5359354019165039
0.34031248092651367	0.9603478312492372
0.34300366044044495	0.7637221813201904
0.4381483197212219	0.7483949065208435
0.6891056895256042	0.7428029179573059
0.9623939394950867	1.0526262521743774
1.0552253723144531	0.755117654800415
1.1784865856170654	0.9153560996055603
1.2151907682418823	1.009756326675415
1.231776475906372	0.5883574485778809
1.236392855644226	0.7359762191772461
1.3813600540161133	0.7392907738685608
1.4859390258789062	0.565136194229126
1.4859390258789062	0.5731987953186035
1.4859390258789062	0.6591851711273193
1.4378199577331543	1.3478877544403076
1.2965770959854124	0.8435367345809937
1.1499618291854858	1.2636905908584595
1.039708137512207	0.9649773836135864
0.895905077457428	0.9185324907302856
0.7432573437690735	0.4922379553318024
0.5798296928405762	0.47801655530929565
0.44398936629295355	0.5648931264877319
0.289320707321167	0.2768150866031647
0.24052119255065915	0.307915061712265
0.24052119255065915	0.24025253951549527
0.24052119255065915	0.30699875950813293
0.32753175497055054	0.16730156540870667
0.38552370667457586	0.19001720845699313
0.5294275283813477	0.10088883340358734
0.6403666734695435	0.022154685109853745
0.7051168084144592	-0.03676266595721245
0.7408181428909303	-0.05618705973029137
0.7953124642372131	-0.12249291688203812
0.8581778407096863	0.002423524158075452
0.8623204827308655	-0.11476524174213408
0.8623204827308655	0.1424466073513031
0.8623204827308655	-0.018050003796815872
0.7398253083229066	-0.052624039351940155
0.612360954284668	0.0017689467640593648
0.48692765831947327	-0.14403055608272552
0.32444241642951965	0.036489542573690414
0.23789046704769137	0.19567249715328217
0.1853061467409134	0.37214407324790955
0.07126257568597794	0.3506278693675995
-0.10300047695636748	0.5590333938598633
-0.24518577754497528	0.4170405566692352
-0.4396832585334778	0.1966195851564407
-0.7563533782958984	-0.16441497206687927
-0.7563533782958984	-0.033764295279979706
-0.7563533782958984	0.013261452317237854
-0.7049583792686462	0.17369064688682556
-0.6798757910728455	0.6404643058776855
-0.4605627655982971	0.4685689508914947
0.21028797328472135	0.41021278500556946
0.7054998278617859	0.5912330746650696
0.8973917961120604	0.335021048784256
1.0312716960906982	0.7022550106048584
1.0312716960906982	1.0281661748886108
1.0312716960906982	0.8664580583572388
0.8053919076919556	0.6235865950584412
0.3968025743961334	0.6109949350357056
0.2090129405260086	0.3378681242465973
0.10308329761028288	0.3105740249156952
0.10308329761028288	0.6237114667892456
0.10308329761028288	0.5758122205734253
0.2884034514427185	1.3173085451126099
0.43228211998939514	1.088031530380249
0.7332837581634521	0.7898606061935424
0.8259287476539611	0.9491224288940429
0.900380313396454	0.713677167892456
0.9127074480056763	0.5487860441207886
1.1282558441162107	0.4834084212779998
1.38169264793396	0.2848319113254547
1.5709438323974607	0.1851539760828018
1.5709438323974607	-0.013290753588080406
1.5709438323974607	-0.09819334000349045
1.5028473138809204	-0.4716776907444
1.3995534181594849	-0.5519956350326538
1.240434646606445	-0.6500616669654846
0.9615674614906312	-0.13638822734355927
0.7087353467941284	0.2467043250799179
0.3942524790763855	0.3910010159015655
0.042425360530614846	0.6787785291671753
-0.3153989911079407	0.8313184976577759
-0.4943237900733948	0.5102272033691406
-0.4943237900733948	0.24246241152286527
-0.4943237900733948	0.13050509989261627
-0.3485300540924072	0.36038714647293085
-0.3233970105648041	0.19047124683856964
-0.253476083278656	0.059133488684892654
-0.24613323807716367	0.20805211365222928
-0.03495432436466217	0.09839796274900436
0.07569248229265213	0.4929265081882477
0.3068891167640686	0.6030369400978088
0.5891228914260864	0.8400619029998779
0.9440091252326965	0.4171312749385834
1.2966072559356687	0.4231624901294708
1.4971524477005005	0.07934792339801788
1.7766495943069458	-0.14811918139457703
1.8022412061691284	0.3014162480831146
1.8022412061691284	0.5808383822441101
1.8022412061691284	0.9284753799438477
1.6608824729919431	1.0698287487030027
1.4947030544281004	0.9812262058258056
1.159270167350769	0.9351247549057007
0.7888717651367188	0.7588471174240112
0.4696868360042572	0.5908811092376709
0.15194831788539886	0.7299906015396118
-0.12129965424537659	0.6364991664886475
-0.4230774044990539	0.4299944937229157
-0.5714514851570129	1.29052734375
-0.8036006093025208	0.9931953549385071
-1.1088002920150757	0.7955424189567566
-1.1088002920150757	1.064044713973999
-1.1088002920150757	0.33647382259368896
-0.9522871375083924	0.06167619302868843
-0.5857138633728027	-0.29250892996788025
-0.2235906273126602	-0.6449466943740845
0.0631788820028305	-0.6449466943740845
0.4638962149620056	-0.6449466943740845
0.7547932267189026	-0.6449466943740845
0.9245961308479309	-0.6449466943740845
1.0148522853851318	-0.33530279994010925
1.0148522853851318	-0.34952840209007263
1.0148522853851318	-0.30527231097221375
0.9731234908103943	-0.26939257979393005
0.8411183953285217	-0.6449466943740845
0.6194468140602112	-0.6449466943740845
0.37733921408653254	-0.6449466943740845
0.18760424852371216	-0.6449466943740845
0.07651899009943008	-0.6449466943740845
0.07651899009943008	-0.6449466943740845
0.07651899009943008	-0.2896859347820282
0.23715971410274503	-0.2713659703731537
0.6949718594551086	0.40983113646507263
0.8618366718292236	0.9055158495903016
1.159920334815979	1.172844648361206
1.159920334815979	1.4971604347229004
1.159920334815979	1.3849430084228516
0.9021089673042296	1.2132391929626465
0.3149173855781555	0.6280756592750549
-0.21569843590259552	0.17380231618881223
-0.45779094099998474	-0.26618024706840515
-0.557123601436615	-0.6449466943740845
-0.5698438286781311	-0.3719666302204132
-0.5698438286781311	-0.365698754787445
-0.5698438286781311	-0.33023378252983093
-0.4745126962661743	-0.313154935836792
-0.39413437247276306	-0.18393252789974213
-0.27394235134124756	-0.30235013365745544
-0.24599717557430267	-0.041014134883880615
-0.16097223758697507	0.03377462178468704
-0.1076470836997032	0.09058809280395509
0.01590641401708126	0.09272217750549316
0.06824883073568344	0.25887900590896606
0.20823681354522705	0.30890312790870667
0.45241069793701166	0.538455605506897
0.8596594929695129	0.6632993221282959
1.2054792642593384	0.28677332401275635
1.4089776277542114	0.38897204399108887
1.5570846796035767	0.11673253029584885
1.6456928253173828	-0.1133403182029724
1.6456928253173828	0.06680417060852051
1.6456928253173828	-0.2811644375324249
1.590064525604248	-0.2501748502254486
1.445757508277893	-0.22783182561397552
1.2357829809188843	-0.10700157284736632
1.0106290578842163	0.2538239657878876
0.739482581615448	0.0004270562494639307
0.35962966084480286	0.23193417489528656
-0.00938284397125244	0.08869774639606476
-0.29675206542015076	0.19841440021991727
-0.4097725749015808	0.18537037074565887
-0.4097725749015808	-0.12283979356288909
-0.4097725749015808	0.0126612838357687
0.038529668003320694	0.05921556055545806
0.26799264550209045	0.23680938780307767
0.3210204541683197	-0.05393204465508461
0.3210204541683197	-0.009151473641395569
0.3210204541683197	-0.0011568478075787425
0.20561617612838745	0.3112853169441223
-0.0377412848174572	0.15370139479637146
-0.5297479033470154	0.05867538228631019
-0.8939374089241027	0.35879847407341003
-1.3574142456054688	-0.1300305426120758
-1.4626181125640867	-0.32483363151550293
-1.4626181125640867	-0.19406436383724213
-1.4626181125640867	-0.6449466943740845
-1.1468048095703125	-0.6449466943740845
-0.8060600161552429	-0.6449466943740845
-0.5821558237075806	-0.6449466943740845
-0.364536166191101	-0.4010417461395264
-0.21954374015331268	-0.48825204372406006
-0.1263091266155243	-0.3043505847454071
-0.11772146075963974	-0.3494570255279541
-0.075105682015419	-0.40837612748146057
-0.06640715152025223	-0.3813835680484772
-0.005295639857649803	-0.22676558792591095
0.13972701132297516	-0.2512764036655426
0.1765017807483673	-0.3003477454185486
0.2175552397966385	-0.4978704750537872
0.22029180824756625	-0.2643944323062897
0.2657197415828705	0.013176042586565016
0.2721201777458191	-0.2188786417245865
0.31502825021743774	0.02823197655379772
0.32701772451400757	-0.05645742267370224
0.3276728689670563	-0.25216031074523926
0.32701772451400757	-0.1778239458799362
0.31502825021743774	-0.1319570690393448
0.2850671708583832	-0.05244236811995506
0.2722461521625519	0.00322116375900805
0.26814886927604675	-0.18226872384548187
0.26461100578308105	-0.40743339061737055
0.26461100578308105	-0.1620725393295288
0.2667176127433777	-0.1144481599330902
0.2667176127433777	-0.061602670699357986
0.2862464785575866	-0.061768170446157455
0.29048991203308105	-0.20240364968776703
0.3083304762840271	-0.12610118091106415
0.3219931125640869	-0.17208659648895264
0.3507497012615204	-0.17638804018497467
0.3830844759941101	-0.16584539413452148
0.38770085573196406	-0.02947704866528511
0.38778650760650635	-0.23462675511837003
0.4086710810661316	-0.048194315284490585
0.4408395290374756	-0.13632871210575104
0.4408395290374756	-0.13063806295394895
0.45594355463981634	0.01023709401488304
0.4408395290374756	-0.1692970246076584
0.4405875504016876	-0.03871404752135277
0.4405875504016876	-0.13351814448833463
0.45594355463981634	-0.0694131851196289
0.46758022904396057	-0.07849771529436111
0.4712340235710144	-0.15508624911308289
0.4838131368160248	-0.35213586688041687
0.48584917187690735	-0.20445722341537476
0.5067488551139832	-0.3013501465320587
0.5067488551139832	-0.06350353360176086
0.48584917187690735	-0.24537366628646848
0.423568457365036	-0.04101347178220749
0.36874648928642273	-0.23068174719810483
0.24385243654251096	-0.06404444575309753
0.12049044668674468	-0.022718342021107674
0.004511632956564426	-0.13586829602718353
-0.17923614382743835	-0.2728288173675537
-0.30493655800819397	-0.1509115844964981
-0.5248845815658569	-0.20938661694526672
-0.745165228843689	-0.12424219399690628
-0.9451005458831789	-0.1230856254696846
-1.181095004081726	0.08597676455974579
-1.3843363523483276	0.008487541228532791
-1.469159722328186	-0.05466658994555473
-1.469159722328186	-0.35342302918434143
-1.469159722328186	-0.3593966066837311
-1.3785960674285889	-0.2611730098724365
-1.1938806772232056	-0.48729375004768366
-1.034963607788086	-0.21646970510482788
-0.7780140042304992	-0.003662785282358527
-0.4308587312698364	0.06620453298091888
-0.22339408099651337	0.3685664236545562
0.20125682651996613	0.08246202766895294
0.435074120759964	-0.02004166319966316
0.7484381794929504	0.3252756893634796
0.7484381794929504	0.4949175119400024
0.7484381794929504	0.37639570236206055
0.6978898644447327	-0.00879056006669998
0.6978898644447327	0.13219232857227323
0.6978898644447327	0.5850528478622437
0.7742968797683715	0.47010388970375067
0.7810249328613281	0.6485757231712341
0.7810249328613281	0.4936090409755706
0.7810249328613281	0.9579356908798216
0.5749814510345459	0.10869653522968292
0.5389374494552612	0.2192906439304352
0.5017040967941284	0.057793028652668
0.49124166369438166	0.027794383466243744
0.4607262313365936	-0.2693510353565216
0.3409474790096283	-0.11853823065757751
0.09248983114957808	0.28985992074012756
-0.021064888685941696	-0.19312888383865356
-0.021064888685941696	-0.06328537315130234
-0.021064888685941696	-0.03982406109571457
0.27635857462882996	0.47665882110595703
0.6033046245574951	0.4862237870693206
0.9219149947166443	0.5552440881729126
1.146701097488403	0.45334818959236145
1.2878432273864746	0.35847872495651245
1.4280881881713867	0.5185459852218628
1.4280881881713867	0.520194411277771
1.4280881881713867	0.6208419799804688
1.4252961874008179	0.7873870134353639
1.0976648330688477	0.9555997848510742
0.8534203171730042	0.8320565819740297
0.8534203171730042	0.8817487359046936
0.8534203171730042	1.0516893863677979
1.0502108335494995	1.015949249267578
1.5144687891006468	0.7835091352462769
1.704269289970398	1.0218214988708496
1.7724616527557373	1.0429189205169676
1.780545353889465	0.86317378282547
1.787021279335022	1.3121012449264526
1.8662304878234863	1.2116785049438477
2.1038124561309814	1.258439064025879
2.1038124561309814	1.4957218170166016
2.1038124561309814	1.2401608228683472
1.9906256198883057	1.74958074092865
1.4433182477951048	1.3124785423278809
1.09377920627594	1.4438371658325195
0.9464231133460999	1.1537482738494873
0.6334521770477295	0.9549092650413512
0.15802116692066193	0.699785053730011
0.15802116692066193	0.6443067789077759
0.15802116692066193	0.4748925864696502
0.4098453223705292	0.46743014454841614
0.5328242778778076	0.5390847325325012
0.7399613857269286	0.12480126321315764
0.8075287342071533	0.4348405301570892
0.8075287342071533	0.025716397911310196
0.8075287342071533	0.4042744934558869
0.7532914280891417	0.6791157126426697
0.6127490401268005	0.38181301951408386
0.4151924550533294	0.22454434633255005
0.36117181181907654	-0.03981924429535866
0.36117181181907654	-0.03549353405833244
0.36117181181907654	-0.010234611108899117
0.5290243625640869	-0.012019475921988487
0.771772027015686	0.3709850609302521
0.82072776556015	0.805019199848175
0.9418218731880189	0.5022127032279968
0.9418218731880189	0.5750810503959656
0.9418218731880189	0.7746550440788269
0.7590417265892029	0.7560799717903137
0.39675217866897583	0.7307666540145874
0.12273312360048294	0.5611410140991211
0.12273312360048294	0.5070151090621948
0.12273312360048294	0.6703683137893677
0.4804314970970154	1.0066721439361572
1.0647151470184326	0.8606735467910767
1.3438595533370972	0.8774847984313965
1.4494565725326538	0.3167216181755066
1.5074989795684814	0.6301366090774536
1.5573164224624632	1.1039589643478391
1.9579883813858032	1.2595903873443604
2.1044876575469966	1.7308839559555051
2.1044876575469966	1.2195223569869995
2.1044876575469966	1.0736427307128906
1.7753745317459106	0.7162755727767944
1.5488446950912476	0.3959771692752838
1.1327310800552368	0.5923367738723755
0.7589005827903748	0.5650348663330078
0.7365444302558899	0.6230889558792114
0.6188622117042542	0.6410285830497742
0.579008162021637	0.5220226049423218
0.1632826179265976	0.4793620705604554
-0.2574826776981354	0.1710716336965561
-0.3222429156303406	0.21092563867568967
-0.3222429156303406	0.5825837850570679
-0.3222429156303406	0.43074697256088257
-0.10506171733140944	0.543605625629425
0.07202861458063126	0.312397301197052
0.32596442103385925	0.22888974845409393
0.79704612493515	0.5687119960784912
1.3585755825042725	0.6996756792068481
1.6016558408737183	0.6447921991348267
1.6016558408737183	0.8523744344711304
1.6016558408737183	0.604181170463562
1.3480476140975952	0.39047518372535706
1.1245969533920288	0.5620152950286865
0.8645581007003784	0.4258181154727936
0.7501264810562135	0.26249420642852783
0.7456108927726746	0.14286300539970395
0.6877701282501221	0.10808587819337843
0.6852704286575317	-0.006288165226578712
0.6852704286575317	0.3645928204059601
0.6852704286575317	0.7237746715545654
1.4094160795211792	1.189741611480713
1.4094160795211792	1.0470621585845947
1.4094160795211792	0.7189821004867554
1.3319607973098755	0.44495320320129395
1.1301155090332031	0.3793855905532837
0.6559645533561707	0.2736474573612213
0.2991783618927002	0.3244694769382477
0.29597312211990356	0.34362080693244934
0.29597312211990356	0.5860567092895508
0.29597312211990356	0.9553562998771669
0.4058740437030792	0.47669288516044617
0.4488123655319214	0.20231385529041288
0.47085604071617126	0.8324542045593263
0.6616896390914917	0.7947639822959899
0.943621039390564	0.5332798957824707
1.3067370653152464	0.7390233278274536
1.575152039527893	0.3453322947025299
1.6168404817581177	0.35381177067756653
1.6168404817581177	0.9147003889083862
1.6168404817581177	1.240732192993164
1.4010099172592163	0.7429249882698059
1.1085152626037595	0.4293620884418487
0.88554847240448	0.5266402959823608
0.6618408560752869	0.015341270714998244
0.335887610912323	-0.0958610475063324
0.335887610912323	0.029137384146451954
0.335887610912323	0.2181616574525833
0.3963691592216491	0.281745046377182
0.4561753571033478	0.21115018427371976
0.4597989320755005	0.3334713280200958
0.5501155257225037	0.5917184948921204
0.6089037656784058	0.19264043867588043
0.7937703132629396	-0.0922197252511978
1.125312566757202	-0.04800355061888694
1.2534724473953247	-0.13648109138011932
1.2534724473953247	0.6392922401428223
1.2534724473953247	0.7410141229629517
1.2339234352111816	0.7858149409294128
1.0295380353927612	0.9659121036529539
1.0295380353927612	1.0199576616287231
1.0295380353927612	1.0914219617843628
1.2307432889938354	0.7195154428482056
1.2307432889938354	0.6342580318450928
1.2307432889938354	-0.0199616439640522
1.1939282417297363	-0.10222932696342468
1.1939282417297363	-0.13198693096637723
1.1562211513519287	0.0013266169698908925
1.122918725013733	0.5500392913818359
1.122918725013733	0.4079773128032684
1.004097580909729	0.2546244263648987
0.8041874170303344	0.6093459129333496
0.560698926448822	0.5146641731262207
0.560698926448822	1.0485835075378416
0.560698926448822	0.6738142371177673
0.7591223120689392	0.37394070625305176
0.9589064717292785	0.2572003901004791
1.2557100057601929	0.5083230137825012
1.5310746431350708	0.8620651960372925
1.6707199811935425	1.1283378601074219
1.6733708381652832	1.5369923114776611
1.6733708381652832	1.064455270767212
1.6707199811935425	1.2282588481903076
1.5596095323562622	0.9364740252494813
1.4114420413970947	0.7772414684295654
1.1717636585235596	0.6535184383392334
0.8018187284469604	0.8906428813934326
0.40352049469947815	0.8540084362030029
0.14048801362514496	0.9540196657180786
-0.007432476617395879	0.9470858573913574
-0.08066952228546143	0.8102142214775084
-0.18516787886619568	0.4276392161846161
-0.18516787886619568	0.46753719449043274
-0.18516787886619568	0.726597785949707
-0.08143556118011475	0.6896595358848572
-0.08143556118011475	0.7430472373962401
-0.08143556118011475	0.09049935638904573
-0.11095313727855682	-0.04944902658462525
-0.2529066205024719	-0.18448573350906372
-0.2529066205024719	-0.48479339480400085
-0.2529066205024719	0.4403210580348969
-0.22609032690525055	-0.03883522376418114
0.06103196740150451	-0.08345931023359299
0.40758752822875977	0.18148843944072723
0.7287328839302062	0.20862002670764923
1.0968180894851685	0.3023644685745239
1.2877323627471924	0.241552859544754
1.3866164684295654	0.2524213492870331
1.4376007318496704	0.31557467579841614
1.4885848760604858	0.4093485474586486
-2.9642958641052246	-0.2457968145608902
-2.9642958641052246	-0.6449466943740845
-2.9642958641052246	-0.4338529407978058
-3.1042490005493164	-0.4451402723789215
-3.1222739219665527	-0.4240908622741699
-3.1222739219665527	-0.41539415717124933
-3.1222739219665527	-0.6449466943740845
-3.1913726329803462	-0.6449466943740845
-3.1913726329803462	-0.6449466943740845
-3.3360774517059326	-0.6449466943740845
-3.3360774517059326	-0.6449466943740845
-3.3360774517059326	-0.6449466943740845
-3.2761025428771973	-0.6449466943740845
-3.2518484592437744	-0.6449466943740845
-3.2098934650421143	-0.6449466943740845
-3.2087903022766113	-0.6449466943740845
-3.1907198429107666	-0.6449466943740845
-3.1907198429107666	-0.6449466943740845
-3.1655344963073726	-0.6449466943740845
-3.1655344963073726	-0.6449466943740845
-3.1655344963073726	-0.6449466943740845
-3.123260736465454	-0.6449466943740845
-3.108064651489258	-1.907854080200195
-3.1021742820739746	-1.9399590492248535
-3.0003304481506348	-2.0113987922668457
-2.634307384490967	-1.9687299728393552
-2.3228952884674072	-1.413259506225586
-2.112947940826416	-0.6449466943740845
-2.000168561935425	-0.30337437987327576
-1.779832124710083	-0.23815186321735385
-1.7273262739181519	-0.28753000497817993
-1.643598198890686	-0.1331583708524704
-1.536218285560608	-0.2490132749080658
-1.3566781282424927	-0.3730380833148956
-1.2360198497772217	-0.6449466943740845
-1.216001272201538	-0.6449466943740845
-1.216001272201538	-0.6449466943740845
-1.2360198497772217	-0.6449466943740845
-1.1796479225158691	-0.6449466943740845
-1.3810385465621948	-0.6449466943740845
-1.3810385465621948	-0.5685226321220398
-1.2678847312927246	-0.6723196506500244
-1.2297602891921997	-0.8193988800048829
-1.2297602891921997	-0.5087900161743164
-1.2276349067687988	-0.3273509442806244
-1.145075798034668	-0.3371749520301819
-1.0548807382583618	-0.13578911125659943
-0.7024497389793396	-0.1558881402015686
-0.4921277463436126	-0.2973361909389496
-0.4921277463436126	-0.4376043975353241
-0.4758234024047851	-1.04630708694458
-0.4344502091407776	0.018932741135358807
-0.39397779107093805	0.39892917871475214
-0.13659986853599548	0.3989366888999939
0.11338494718074799	0.37747764587402344
0.22766718268394473	0.2321518510580063
0.5250317454338074	0.1637987643480301
1.1777318716049194	0.5491696000099182
1.6536750793457031	0.9976822733879088
1.8065574169158936	1.1668341159820557
1.8581525087356567	0.8652489185333251
1.8581525087356567	0.6690252423286438
1.8581525087356567	0.25822383165359497
1.8056516647338867	-0.4248310327529907
1.676952600479126	-0.4556603729724884
1.4805413484573364	-0.13473068177700043
1.1668015718460083	0.2450369298458099
0.8433207273483276	0.10979501903057098
0.3438875377178192	0.2950933575630188
-0.152757465839386	-0.01868239045143127
-0.42879784107208246	-0.20761050283908844
-0.42879784107208246	-0.18207409977912903
-0.42879784107208246	-0.39169096946716303
-0.3032614588737488	-0.30388301610946655
-0.156780406832695	0.07768529653549193
0.05111266300082207	0.03093228116631508
0.1235005185008049	0.1681281179189682
0.12498319149017333	0.27493801712989807
0.19520017504692075	0.48609659075737
0.40297687053680414	0.48295649886131287
0.659904420375824	0.6112899780273438
0.8045434951782228	0.6551491618156433
1.0952638387680051	0.6843635439872742
1.4510498046875	0.4236121475696564
1.5949198007583618	0.7841044664382935
1.5949198007583618	0.963384509086609
1.5949198007583618	1.1441339254379272
1.3815312385559082	1.2041712999343872
1.2503323554992676	1.4898639917373655
0.9728497266769408	1.2233390808105469
0.5675738453865051	1.34145188331604
-0.010810458101332188	1.2813203334808347
-0.8798847794532776	1.0669715404510498
-1.3712416887283323	1.0632574558258057
-1.9063097238540647	0.9225988984107972
-2.6943936347961426	0.4311215877532959
-2.9537754058837886	0.027823492884635925
-2.9537754058837886	-0.7722485065460205
-2.9537754058837886	-0.6449466943740845
-2.95133638381958	-0.6449466943740845
-2.95133638381958	-0.6449466943740845
-2.95133638381958	-0.6449466943740845
-2.956244945526123	-0.6449466943740845
-2.9604146480560303	-1.4165902137756348
-2.9604146480560303	-0.16616009175777435
-2.9604146480560303	-0.05773447081446648
-2.582454204559326	0.08864647150039674
-2.035545110702514	0.5186197757720947
-1.6836860179901123	0.4342118501663208
-1.2893961668014526	-0.3354820907115936
-0.926267683506012	-0.4146136939525604
-0.7143769264221191	-0.28495028614997864
-0.4274922907352447	0.1371666043996811
-0.2269822210073471	0.148536279797554
-0.01882094331085682	0.1556682139635086
0.24704819917678833	0.2881009578704834
0.4965067505836486	-0.13643509149551392
0.8295819759368896	0.17774541676044464
1.0459712743759155	0.20341120660305023
1.1379172801971436	-0.017067095264792442
1.1515700817108154	0.20122249424457553
1.1987069845199585	-0.30378326773643494
1.3903968334197998	-0.14282618463039398
1.4157136678695679	0.14216241240501404
1.4157136678695679	0.5826372504234314
1.4157136678695679	0.1695581078529358
1.2857494354248047	-0.026321783661842343
1.109756588935852	0.07466184347867964
0.8657227754592896	-0.07830850780010223
0.6917641758918762	-0.45300072431564326
0.6308733820915222	-0.4287281632423401
0.6120439171791077	-0.06381508708000183
0.5699977278709412	0.47896674275398254
0.4406661093235016	0.698625922203064
0.1235511228442192	0.5197824239730835
-0.01107359491288662	0.37664830684661865
-0.01107359491288662	0.46253576874732966
-0.01107359491288662	0.13827066123485565
0.0842881128191948	0.019020335748791695
0.4158250093460083	0.312299519777298
0.6591959595680237	-0.005098670721054077
0.8135610222816467	0.524618923664093
0.8135610222816467	0.4036643505096435
0.8135610222816467	0.4695774614810944
0.747291088104248	0.38288778066635126
0.4380600452423096	0.4770179390907287
0.16489392518997192	0.4274464547634125
0.16489392518997192	0.14944271743297577
0.16489392518997192	0.39930042624473566
0.3038199245929718	0.5624994039535522
0.3038199245929718	0.49789634346961975
0.3038199245929718	0.2721203863620758
0.06910715252161026	0.19191397726535797
-0.17243704199790955	0.16070479154586792
-0.4559616446495056	-0.0755406841635704
-0.4720838069915771	-0.1292433887720108
-0.5627140998840332	0.10667367279529572
-0.6153970956802368	0.15389122068881989
-0.7457154989242554	0.3792785704135894
-1.251848578453064	0.4128638803958893
-1.8717123270034792	0.3584672510623932
-2.716588258743286	-0.32374152541160583
-3.260096788406372	-0.7935742139816285
-3.3320798873901367	-0.5910310745239258
-3.3320798873901367	-0.6449466943740845
-3.3320798873901367	-0.6449466943740845
-3.043095111846924	-0.6449466943740845
-2.6383860111236572	-0.6449466943740845
-2.3407177925109863	-0.6449466943740845
-2.255183219909668	-0.6449466943740845
-2.255183219909668	-0.6449466943740845
-2.255183219909668	-0.6449466943740845
-2.3310980796813965	-0.6449466943740845
-2.503427267074585	-0.6449466943740845
-2.8369884490966797	-0.6449466943740845
-3.2451536655426025	-0.6449466943740845
-3.357973575592041	-0.6449466943740845
-3.357973575592041	-0.33355316519737244
-3.357973575592041	-0.2859859764575958
-3.0451951026916504	0.014486796222627161
-2.401871681213379	0.31853029131889343
-1.6650640964508057	0.34711506962776184
-1.2407361268997192	0.4679177701473236
-0.9490543007850646	0.5126967430114746
-0.7555628418922424	0.6031002402305603
-0.45890167355537415	0.6631313562393188
-0.23120251297950745	0.6034265756607056
0.04703910648822784	0.8123703002929688
0.3231047987937927	0.4632086455821991
0.4707952439785003	0.2454171925783157
0.4707952439785003	0.5430256724357605
0.4707952439785003	-0.057942964136600494
0.22935226559638977	0.10534825921058653
0.026089385151863095	0.2557394206523895
-0.13346752524375916	0.5982736349105835
-0.17853471636772156	0.5017411708831787
-0.21013134717941284	0.34195008873939514
-0.3032614588737488	0.32080140709877014
-0.37526980042457586	0.18823805451393127
-0.39134135842323303	0.4079870283603668
-0.4089462161064148	0.4681142568588257
-0.5121362209320068	0.39744010567665106
-0.6765004396438599	0.33567240834236145
-0.9026460647583008	0.36349883675575256
-1.198082685470581	0.5577251315116882
-1.5156075954437256	0.3780925273895264
-1.8175921440124512	0.19968248903751373
-2.345580816268921	0.2736401855945587
-2.7959442138671875	-0.225653275847435
-2.800746440887451	-0.6449466943740845
-2.846101999282837	-0.6449466943740845
-2.846101999282837	-0.6449466943740845
-2.8065860271453857	-0.6449466943740845
-2.8065860271453857	-0.6449466943740845
-2.8065860271453857	-0.6449466943740845
-2.7940616607666016	-0.6449466943740845
-2.7940616607666016	-0.6449466943740845
-2.7940616607666016	-0.6449466943740845
-2.8583478927612305	-0.6449466943740845
-2.9223711490631104	-0.6449466943740845
-2.946650505065918	-1.0133187770843504
-2.946650505065918	-1.1121807098388672
-2.946650505065918	-1.1366345882415771
-2.4253365993499756	-1.1403777599334717
-2.374459981918335	-0.6449466943740845
-2.3663482666015625	-0.30876773595809937
-2.327960729598999	-0.04977518692612648
-1.8941801786422727	0.03581402450799942
-1.4503192901611328	0.33251819014549255
-1.397707223892212	0.41847753524780273
-1.3587528467178345	0.38917064666748047
-0.971441149711609	0.5504227876663208
-0.47442674636840815	0.33193156123161316
-0.040767546743154526	0.6172788739204407
0.3129234313964844	0.35257270932197565
0.5596949458122253	0.3721632659435272
0.7669909000396729	1.1075613498687744
0.7669909000396729	0.8472023010253905
0.7669909000396729	0.7232586741447448
0.7057256102561951	0.7132871150970459
0.4670961499214172	0.566503643989563
0.10302141308784483	-0.13363945484161377
-0.10720953345298768	0.03837713226675987
-0.23277628421783447	0.34692636132240295
-0.23277628421783447	0.44957470893859863
-0.23277628421783447	0.5940093398094177
0.14147983491420743	1.3914324045181274
0.2745307981967926	1.3608577251434326
0.2745307981967926	1.2993431091308592
0.2745307981967926	1.0829601287841797
0.16522285342216492	1.1709468364715576
0.11413893103599548	1.0146310329437256
0.07519471645355225	1.0759490728378296
0.07519471645355225	0.6490654945373535
0.03604303300380706	-0.7992399334907532
0.03604303300380706	-1.2507816553115845
-0.06567443162202835	-1.5813302993774414
-0.2394002377986908	-0.625515341758728
-0.2394002377986908	0.669141411781311
-0.2394002377986908	0.8533992171287536
-0.17447634041309357	1.0107829570770264
-0.0657958835363388	0.7936978340148927
0.12320196628570557	0.4844697415828705
0.24801471829414368	-0.6775914430618286
0.24801471829414368	-0.4874567985534668
0.24801471829414368	-0.40754416584968567
0.24801471829414368	0.25077399611473083
0.24801471829414368	0.26547375321388245
0.26232025027275085	0.42342785000801086
0.26232025027275085	1.1690829992294312
0.26232025027275085	0.7488383650779725
0.16084566712379456	0.5657241344451904
0.1603042185306549	0.5162488222122192
0.1603042185306549	0.42198118567466736
0.16084566712379456	0.8017919063568115
0.2582871615886688	0.8261642456054688
0.5555859804153442	0.4092795550823211
0.6783543229103088	0.4142746031284332
0.6792550683021545	0.9048413634300234
0.6792550683021545	0.950161337852478
0.6792550683021545	1.0359896421432495
0.6792550683021545	0.8483575582504272
0.6792550683021545	0.8771321773529053
0.7418664097785951	0.7646589875221252
0.9111492633819581	0.6100541949272156
0.9111492633819581	0.8392666578292847
0.9111492633819581	0.3987056314945221
0.76784610748291	1.1458449363708496
0.4402967095375061	0.5975606441497803
0.4402967095375061	0.753576934337616
0.4402967095375061	1.044012427330017
0.7230015397071838	1.3205024003982544
0.7230015397071838	1.5140538215637207
0.7230015397071838	1.225677490234375
0.5590624213218689	1.0437467098236084
0.2592739462852478	0.5076250433921814
0.22489918768405912	0.09655693173408508
0.15596246719360352	-0.19019876420497897
0.09611913561820985	0.04625755921006203
0.09611913561820985	0.18260112404823303
0.09611913561820985	0.3676710128784179
0.09502610564231873	0.44526341557502747
0.09502610564231873	0.5923479795455933
0.09502610564231873	0.3683502674102783
0.09502610564231873	0.195751816034317
0.09502610564231873	0.20630238950252533
0.09509695321321487	0.18950475752353668
0.09628612548112869	-0.26767340302467346
0.11328373849391936	-0.42853403091430664
0.09628612548112869	-0.23218323290348053
0.09628612548112869	-0.0791952908039093
0.03357359766960144	-0.05611616000533104
0.03357359766960144	0.41080787777900696
0.03357359766960144	0.48365932703018194
0.07585761696100235	0.41408345103263855
0.07585761696100235	0.6121557354927063
0.07585761696100235	0.48665705323219294
-0.24885797500610352	0.5970364809036255
-0.35403162240982056	0.660264253616333
-0.35403162240982056	0.5011632442474365
-0.35403162240982056	0.15387384593486783
0.18022163212299344	0.1668822467327118
0.2833104431629181	-1.0471885204315183
0.32773497700691223	-0.5889794826507568
0.42694252729415894	-0.4523596167564392
0.6161731481552124	-0.26858094334602356
0.7459905743598938	-0.1790221482515335
0.7921963334083557	-0.5082420706748962
0.8448843955993652	0.28694260120391846
0.8448843955993652	0.5554286241531372
0.8448843955993652	0.5112267136573792
0.6934290528297424	0.5026268362998962
0.4480997323989868	0.5472638010978699
0.2053612917661667	0.8662919402122498
0.09985364973545076	0.9461827278137208
0.036017730832099915	1.0172983407974243
-0.02956399880349636	0.7552558183670043
-0.02956399880349636	0.7188558578491211
-0.02956399880349636	0.42142400145530706
0.28339141607284546	0.5786244869232178
0.4595714807510376	0.6992649435997009
0.5029231905937195	0.630286455154419
0.5490682721138	0.9023207426071166
0.5490682721138	0.927455961704254
0.5490682721138	1.35539174079895
0.3697558641433716	0.9996235370635985
-0.35666805505752563	0.8170314431190491
-0.9810658693313599	0.5311434268951416
-1.2266178131103516	0.28912824392318726
-1.2856768369674683	0.1887119859457016
-1.2856768369674683	-0.48394063115119934
-1.2856768369674683	-0.36147570610046387
-1.0942652225494385	-0.009790411219000816
-0.9509924054145813	-0.1394280642271042
-0.680594265460968	0.15005841851234436
-0.6693502068519592	0.13786914944648743
-0.6615168452262878	0.2477252632379532
-0.5347254872322083	0.3410114347934723
-0.5026683807373047	0.13112445175647736
-0.482629507780075	0.03242648020386696
-0.44710609316825867	-0.050142932683229446
-0.44652414321899414	-0.3698883354663849
-0.42337319254875183	-0.3246202766895294
-0.37565943598747253	-0.21568284928798676
-0.323335736989975	-0.1997428685426712
-0.259950190782547	-0.08849404007196425
-0.259950190782547	0.21158544719219208
-0.323335736989975	0.4415553510189056
-0.323335736989975	0.5272912979125977
-0.27810660004615784	0.5261792540550232
-0.38458582758903503	0.2132634669542313
-0.38458582758903503	-0.20786960422992704
-0.41599017381668085	0.10692852735519408
-0.5018233060836792	-0.15955962240695953
-0.5018233060836792	-0.1842340677976608
-0.5135328769683838	-0.07174015045166016
-0.5135328769683838	-0.20703940093517303
-0.5135328769683838	-0.5199698805809021
-0.6623619198799133	-0.24559181928634644
-0.6623619198799133	-0.2784480154514313
-0.6623619198799133	0.05821444094181061
-0.6560364961624146	0.4918600618839264
-0.4049232602119446	0.6917555928230286
-0.2915670573711395	0.7741007804870604
0.13283175230026245	0.5346577167510986
0.6727829575538635	0.38258853554725647
1.0772491693496704	1.2089155912399292
1.1524404287338257	1.1184911727905271
1.3403756618499756	0.7704067230224609
1.4623394012451172	1.2548040151596067
1.4623394012451172	1.1663355827331543
1.4623394012451172	0.9353442192077637
1.1654859781265259	0.8294473886489869
0.721741497516632	0.7130764722824097
0.26454678177833557	0.5246732831001282
-0.14745424687862396	0.37623956799507147
-0.6236454248428345	0.3100435137748718
-0.7229794859886169	0.7188276052474976
-0.7229794859886169	0.6408753991127014
-0.7229794859886169	0.5215089917182922
-0.5612769722938538	0.6541666388511658
-0.32638710737228394	0.6111388206481934
-0.0211031474173069	0.5173079967498779
0.26090335845947266	0.3067949116230011
0.5064654350280762	0.5041713118553162
0.700366735458374	0.4684324562549591
0.940742015838623	0.6270853281021118
1.0926325321197508	0.17224079370498657
1.0926325321197508	0.05942377820611
1.0926325321197508	-0.09105073660612105
0.9482008814811708	-0.054438598453998566
0.8248708248138428	-0.18698255717754364
0.5642745494842529	-0.210284486413002
0.334323525428772	-0.008033670485019684
0.05776192247867584	-0.08793363720178604
-0.19769814610481265	-0.18149359524250033
-0.4847295582294464	-0.18343801796436307
-0.7509326934814453	-0.40156999230384827
-1.055816888809204	-0.448299765586853
-1.055816888809204	-0.2974609136581421
-1.055816888809204	0.23944880068302152
-1.0233043432235716	0.19018580019474027
-0.6305426359176636	-0.15275201201438904
-0.48407676815986633	0.01984628103673458
-0.33825862407684326	-0.06397202610969543
-0.15459436178207395	0.19533558189868927
0.20040725171566007	0.19791270792484283
0.46028497815132147	0.351440966129303
0.46028497815132147	0.8066127896308899
0.46028497815132147	0.8221004605293274
0.2587071657180786	1.4578642845153809
-0.39485323429107666	1.4415390491485596
-1.116388916969299	1.4985105991363523
-1.116388916969299	1.3055216073989868
-1.116388916969299	1.119826316833496
-1.083522081375122	1.2109249830245972
-0.9743154048919677	0.36053892970085144
-0.8678209781646729	0.865679144859314
-0.688316285610199	0.9225460886955261
-0.5895844101905823	0.6012197732925415
-0.3405357599258423	0.6272566914558411
-0.25251659750938416	-0.05920657142996788
-0.10585842281579971	-0.15794317424297333
0.07543255388736725	0.26479876041412354
0.1922753155231476	0.1110125109553337
0.31863147020339966	0.12488527595996857
0.35788941383361816	0.14147713780403137
0.37842926383018494	0.13093803822994232
0.38275584578514094	-0.10709159076213837
0.3962770104408264	-0.11064531654119492
0.40451520681381226	-0.14791695773601532
0.4217860698699951	-0.21277213096618652
0.4577295184135437	-0.3533892333507538
0.4720552861690522	-0.323006808757782
0.48637598752975464	-0.28239715099334717
0.49088472127914434	-0.10458879917860033
0.4990672469139099	-0.09095621109008788
0.5142583250999451	-0.288634330034256
0.5155841112136841	-0.27349239587783813
0.5155841112136841	-0.20782993733882904
0.5142583250999451	-0.20769770443439484
0.5175424814224243	-0.17945411801338196
0.5175424814224243	-0.24706624448299408
0.5125783085823059	-0.6449466943740845
0.509704053401947	-0.6449466943740845
0.509704053401947	-0.6449466943740845
0.47943827509880066	-0.6449466943740845
0.28711074590682983	-0.6449466943740845
0.17129017412662506	-0.6449466943740845
0.007679946254938842	-0.6449466943740845
-0.16124866902828217	-0.6449466943740845
-0.28372862935066223	-0.6449466943740845
-0.43140390515327454	-0.31526073813438416
-0.578517496585846	-0.2060575783252716
-0.719088077545166	-0.11607204377651215
-0.9489176273345948	-0.23616008460521695
-1.101273775100708	-0.229230597615242
-1.101273775100708	-0.474103569984436
-1.101273775100708	-0.46935299038887024
-1.0959705114364624	-0.10299360007047652
-0.9316568970680237	0.0861382707953453
-0.7994661927223204	0.327191025018692
-0.5596172213554382	-0.1298365741968155
-0.5596172213554382	-0.38446804881095886
-0.5596172213554382	-0.9002125263214112
-0.7587205171585083	-0.3106391727924347
-0.8433796167373657	-0.2057467550039291
-0.8433796167373657	-0.3476901948451996
-0.8433796167373657	-0.25841572880744934
-0.7277311086654662	-0.018162718042731285
-0.5803897976875305	-0.0672665387392044
-0.3695718646049499	-0.13927088677883148
-0.01192372851073742	-0.08249685168266296
0.14297768473625183	-0.02752115949988365
0.2694148123264313	0.027859395369887352
0.42838472127914434	-0.06534891575574875
0.5765559077262878	0.10983970761299132
0.5765559077262878	0.07410264015197754
0.5765559077262878	0.044451985508203506
0.5675637125968933	-0.0710562914609909
0.3577781021595001	-0.05230176076292992
0.184295192360878	0.003159621963277459
-0.041820090264081955	-0.14412526786327362
-0.27300581336021423	0.08612769097089767
-0.44624075293540955	-0.019573431462049484
-0.6083784103393555	-0.19821722805500033
-0.7589836716651917	-0.04829336330294609
-0.8201173543930055	-0.16870690882205963
-0.8201173543930055	-0.27553021907806396
-0.8201173543930055	-0.11019100248813628
-0.6218388676643372	-0.35372382402420044
-0.332515150308609	-0.1149374023079872
-0.0422198548913002	0.08026793599128723
0.153634712100029	0.19003058969974515
0.3427843749523163	0.4584813416004181
0.5897178053855896	0.3281763792037964
0.7122584581375122	0.4978434145450592
0.7122584581375122	0.7470836043357849
0.7948276996612549	0.7159445881843567
0.8220016360282898	0.7018479704856873
0.8220016360282898	0.8010207414627075
1.1130610704421997	0.3556259572505951
1.2644304037094116	0.6754664182662964
1.3000600337982176	0.9563987255096437
1.3000600337982176	0.8556662797927856
1.3000600337982176	0.5592532157897949
1.0250722169876099	0.39769405126571655
0.6337273716926575	0.5161400437355042
0.3961606025695801	0.18785859644412992
0.3953965008258819	0.37404027581214905
0.30233219265937805	0.5688486695289612
0.0705898255109787	0.5140609741210938
-0.03799448907375336	0.8231319785118102
-0.16655695438385007	1.0444190502166748
-0.43228945136070246	1.2750574350357056
-0.8116666078567504	0.6644246578216553
-0.9197803139686584	0.21994091570377347
-0.9197803139686584	-0.02037506178021431
-0.9197803139686584	-0.012446839362382889
-0.8547046184539795	0.01811767742037773
-0.7518384456634521	0.2299360483884811
-0.6945354342460632	0.19527578353881836
-0.33995887637138367	0.5182889699935913
-0.15718524158000946	0.6175631284713745
-0.06155533343553543	0.44154229760169983
-0.06155533343553543	0.1310676485300064
-0.06155533343553543	-0.22058565914630887
-0.16354605555534363	-0.20614047348499295
-0.1798959523439407	-0.03389715775847435
-0.1798959523439407	0.3602764904499054
-0.1798959523439407	0.311470091342926
0.03130657598376274	0.34260502457618713
0.20636829733848572	0.38541814684867853
0.47693341970443726	-0.033063311129808426
0.8225987553596495	0.0955040082335472
1.0722647905349731	0.018551938235759735
1.401489019393921	-0.06192142143845558
1.6663259267807007	0.07282359898090363
1.8583396673202512	-0.16048075258731842
1.928455471992493	-0.22915703058242795
1.928455471992493	0.059432175010442734
1.928455471992493	0.4517640173435211
1.925530672073364	0.3885983526706695
1.7225106954574585	0.8843729496002197
1.4068024158477783	0.5113887190818787
0.9270032048225403	-0.00872698426246643
0.44804912805557245	0.2566220164299011
0.18504412472248075	0.4909612238407135
-0.06310379505157471	0.546151876449585
-0.06310379505157471	0.8970924019813538
-0.06310379505157471	0.6671386957168579
0.08219820261001587	0.30996382236480713
0.19003865122795105	0.2755071222782135
0.19003865122795105	0.5751137733459473
0.19003865122795105	0.6501159071922302
0.2647896707057953	0.8531808257102966
0.2647896707057953	0.6641701459884644
0.34474271535873413	0.535621166229248
0.46363997459411627	0.5024727582931519
0.46363997459411627	0.4763018488883972
0.46363997459411627	0.2641989290714264
0.17214536666870117	0.5255775451660156
0.07736053317785263	0.17849789559841156
0.05373896658420563	0.22326360642910004
0.02808821201324463	-0.11418982595205308
-0.009262001141905785	0.2533797323703766
-0.009262001141905785	0.023436065763235092
-0.009262001141905785	-0.4912128746509552
-0.00720245111733675	-0.1049872487783432
0.007816574536263943	0.02519826591014862
0.08491053432226181	0.08177374303340912
0.45964738726615906	0.49121829867362976
0.8066030740737915	0.34908732771873474
0.8382351398468018	0.675169050693512
0.8382351398468018	0.6914941668510437
0.8382351398468018	0.6797683835029602
0.8382351398468018	0.5277812480926514
0.8382351398468018	0.5806596875190735
0.8886358737945557	0.08158370852470398
0.8886358737945557	0.12182699143886566
0.8886358737945557	0.27128681540489197
0.7334713339805603	-0.2538362741470337
0.5617038607597351	-0.19386783242225647
0.5617038607597351	0.04601987078785896
0.5617038607597351	0.03154057636857033
0.5584197640419006	-0.014020390808582304
0.5584197640419006	0.2637387216091156
0.48186722397804255	0.6442010402679443
0.3198813796043396	-0.3854089081287384
0.13868147134780884	-0.0901784375309944
0.10922536253929138	-0.015516091138124464
0.10922536253929138	0.03866003081202507
0.10922536253929138	-0.18733657896518707
0.09625070542097093	0.19363130629062653
0.05888530984520912	0.5792195200920105
-0.052826285362243645	0.5350099205970764
-0.262262761592865	0.8683140873908997
-0.4486191272735596	0.4748691022396088
-0.4486191272735596	0.5715199112892151
-0.4486191272735596	0.15832312405109403
-0.2777726352214813	-0.279572457075119
-0.2243255525827408	-0.030840283259749413
-0.1221526488661766	-0.9064460396766663
0.07354505360126495	-0.13993157446384427
0.2648554742336273	0.24253854155540464
0.44576185941696167	0.43608441948890686
0.6551679968833923	0.5928332805633545
0.6551679968833923	0.784691035747528
0.6551679968833923	0.9413475990295409
0.6332011222839355	0.5063452124595642
0.3444896936416626	0.3924197554588318
0.3444896936416626	0.5489165782928467
0.3444896936416626	0.5576498508453369
0.43343997001647955	0.4677415788173675
0.5258920192718506	0.2538571059703827
0.5490884780883789	0.3432633578777313
0.5490884780883789	0.3516620695590973
0.5490884780883789	0.3717418611049652
0.5068702697753906	0.47415634989738464
0.4974530041217804	0.4413232505321502
0.3918795883655548	0.4710787236690522
0.2502412497997284	0.31142881512641907
0.04723645746707916	0.5991026163101196
-0.393325001001358	0.5453293323516846
-0.393325001001358	0.3984450101852417
-0.393325001001358	0.15299063920974731
-0.35393548011779785	0.4868911802768707
-0.20289508998394012	0.3065791428089142
-0.12660066783428192	0.147706001996994
-0.05366629734635353	0.11698806285858154
0.12306027114391326	-0.08293946087360382
0.30668404698371887	-0.15417881309986115
0.5026145577430725	-0.1867973357439041
0.5965492129325867	0.047508720308542245
0.627062976360321	-0.16278488934040067
0.627062976360321	-0.071163609623909
0.627062976360321	-0.12120112776756287
0.6020092964172363	-0.18645231425762177
0.4379284977912902	-0.4549804627895355
0.3579501509666443	-0.9864848852157592
0.15308821201324463	-0.973960518836975
0.009618048556149004	-0.7881096601486206
-0.09497874230146408	-0.6669496297836304
-0.27290967106819153	-0.08537641167640686
-0.6062935590744019	-0.15562628209590912
-0.7293200492858887	-0.29895371198654175
-0.7293200492858887	-0.12854796648025513
-0.7293200492858887	-0.33846089243888855
-0.5170093178749084	-0.11461075395345688
-0.3880217969417572	0.13265947997570035
-0.2617820203304291	0.061191458255052567
-0.17413224279880524	0.15916462242603302
0.22425146400928497	0.4721080064773559
0.2552509903907776	0.2932955026626587
0.2929048240184784	0.28865742683410645
0.3570544719696045	0.15994416177272797
0.3570544719696045	0.2876569628715515
0.3570544719696045	-0.10193708539009094
0.2691972255706787	-0.1591014862060547
0.14143429696559906	0.12497370690107344
0.08552788943052292	0.23310062289237976
-0.0057906219735741615	0.2619234025478363
-0.08715548366308212	0.1153767555952072
-0.1430315226316452	0.33053484559059143
-0.372947096824646	0.1265544295310974
-0.372947096824646	0.10890274494886398
-0.372947096824646	0.41465416550636286
-0.29515987634658813	0.2635651230812073
-0.23126830160617828	0.21653826534748075
-0.13363957405090332	0.19116027653217316
-0.13363957405090332	0.2172189503908157
-0.13363957405090332	0.14289742708206177
-0.23263458907604215	0.18786664307117465
-0.4456436336040497	0.5434417724609375
-0.5185173153877258	0.6371008157730103
-0.5185173153877258	1.0004687309265137
-0.5185173153877258	1.5994105339050293
-0.40193262696266174	1.6819655895233154
-0.12499149143695833	1.1049256324768066
0.2624416947364807	0.9218696355819702
0.538709819316864	0.9050422310829164
0.6434684991836548	0.3911692202091217
0.7045212388038635	0.6292998194694519
0.7045212388038635	1.0748567581176756
0.7045212388038635	1.0651949644088743
0.7045212388038635	1.006209373474121
0.6718872785568237	0.778560996055603
0.6551882028579712	0.4361141622066498
0.6551882028579712	0.4463878870010376
0.6551882028579712	0.2686409652233124
0.6398706436157227	0.9270184636116029
0.6398706436157227	0.6323084235191345
0.6690737009048462	0.6273600459098816
0.6770336031913757	0.6890569925308228
0.6770336031913757	0.8136065006256104
0.6770336031913757	1.0922218561172483
0.6241481900215149	1.3205280303955078
0.6192447543144226	1.2350614070892332
0.5701444745063782	1.15087890625
0.3557893931865692	1.3164128065109253
0.16952918469905853	1.0839039087295532
-0.11307950317859648	0.9806774854660033
-0.446463406085968	0.7399092316627502
-0.446463406085968	0.8977689146995544
-0.446463406085968	0.4202542006969452
-0.3964725434780121	0.15120534598827362
-0.31439921259880066	0.24140559136867523
-0.2540346682071686	-0.3485542833805084
-0.2370927333831787	-0.2784607708454132
-0.2153586596250534	-0.2848040759563446
-0.19729837775230408	-0.6449466943740845
-0.19657981395721436	-0.6449466943740845
-0.13704010844230652	-0.6449466943740845
-0.031593188643455505	-0.6449466943740845
0.06700712442398071	-0.6449466943740845
0.11942696571350096	-0.32405194640159607
0.13569588959217072	-0.1128080040216446
0.13569588959217072	0.09196878969669342
0.13060015439987183	0.046076949685812
0.11942696571350096	-0.10979287326335906
0.13060015439987183	-0.24840602278709412
0.13060015439987183	-0.6449466943740845
0.21516314148902893	-0.6449466943740845
0.2239276021718979	-0.6449466943740845
0.28770279884338373	-0.39701768755912786
0.2897876501083374	-0.3989518284797669
0.29395735263824463	-0.3535368740558624
0.30370354652404785	-0.36440780758857727
0.31120291352272034	-0.6449466943740845
0.34602296352386475	-0.6449466943740845
0.35321369767189026	-0.6449466943740845
0.35839545726776123	-0.6449466943740845
0.4230106770992279	-0.6449466943740845
0.47409456968307495	-0.6449466943740845
0.47409456968307495	-0.6449466943740845
0.47409456968307495	-0.6449466943740845
0.3510225713253021	-0.6449466943740845
0.3510225713253021	-0.6449466943740845
0.3510225713253021	0.08804194629192352
0.3561081886291504	0.2621725797653198
0.44386929273605347	0.469213992357254
0.44386929273605347	0.26530709862709045
0.44386929273605347	0.560611367225647
0.3981139063835144	0.5542339086532593
0.30232205986976624	0.694777250289917
0.15044166147708893	1.0198222398757935
0.11187190562486649	1.389043927192688
0.11187190562486649	1.594684362411499
0.0024829988833516836	1.7119932174682615
-0.036496635526418686	1.8816186189651487
-0.15362782776355743	1.7658166885375977
-0.6002313494682312	1.7446075677871704
-0.8134579658508301	1.3124542236328125
-0.9559767842292785	1.0105681419372559
-1.1275620460510252	0.4242037832736969
-1.1275620460510252	0.14116552472114563
-1.1275620460510252	0.24742223322391513
-1.0804100036621092	0.1843809336423874
-1.0201467275619507	0.4973144829273224
-0.6579290628433228	0.8038051128387451
-0.13909459114074707	1.1563363075256348
0.23044529557228088	0.9858450889587401
0.2974439263343811	0.5857031941413879
0.4580230116844178	0.11882097274065016
0.6509526968002319	0.10005334019660948
0.7024769186973572	0.19236217439174652
0.7024769186973572	0.35061201453208923
0.7024769186973572	0.3150254189968109
0.5453135371208191	0.26416125893592834
0.25300925970077515	0.056155841797590256
0.25300925970077515	0.23170508444309232
0.25300925970077515	0.3487219512462616
0.3558855354785919	0.23063169419765472
0.4782491028308869	0.05726135894656181
0.5008636713027954	0.6340624690055847
0.6053339242935181	0.20085634291172028
0.7940939664840697	0.4397647678852082
0.8200280666351318	0.4381362795829773
0.9014739394187928	0.2647704780101776
0.9014739394187928	0.24424828588962552
0.9014739394187928	0.17927193641662595
0.8051406145095825	0.14438192546367645
0.653148889541626	0.17124223709106445
0.5647501945495605	0.275472491979599
0.469241738319397	0.2767934501171112
0.3213387429714203	0.17457370460033417
0.28925126791000366	0.17711488902568817
0.0331282876431942	0.40643724799156195
-0.1995704621076584	0.4093928635120392
-0.3639296293258667	0.3294828534126282
-0.6507332921028137	0.4542689621448517
-0.6507332921028137	0.21069158613681793
-0.6507332921028137	0.48381543159484863
-0.4834138751029968	0.6104462146759033
-0.2738812565803528	0.6462743878364563
-0.16044914722442627	0.5956162214279175
-0.08864322304725647	0.25615108013153076
-0.0010946464026346803	0.46701017022132874
0.2807549834251404	0.48130112886428833
0.6438227295875549	0.4894150793552398
0.7442548871040344	0.7434689998626709
0.7442548871040344	0.8661159873008728
0.7442548871040344	1.1805503368377683
0.33545196056365967	0.7344374656677246
-0.44358915090560913	0.6793925166130066
-1.0396339893341064	0.1573422998189926
-1.0396339893341064	-0.04468611255288124
-1.0396339893341064	-0.1305922567844391
-0.9778677225112915	-0.2205505520105362
-0.5839826464653015	0.2646997272968292
-0.2816741466522217	-0.02211814373731613
-0.07045643776655197	0.10791126638650894
0.0778159648180008	0.18180499970912933
0.17326875030994415	0.3795036971569061
0.20894400775432584	0.34440508484840393
0.2758565843105316	0.4503968060016632
0.3393787741661072	0.27606984972953796
0.6210310459136963	0.33806511759757996
0.8999912738800048	0.6564463376998901
0.9856978654861449	0.8419926166534424
1.054427146911621	0.9998651742935181
1.1722060441970823	1.0216128826141355
1.1722060441970823	1.264382004737854
1.1722060441970823	0.582730770111084
0.9794129729270936	0.32548174262046814
0.7188470363616943	0.5967288017272949
0.5634699463844299	0.21578475832939148
0.5634699463844299	0.3844520151615142
0.5634699463844299	0.27654361724853516
0.666148841381073	0.49450817704200745
0.7204663157463074	0.3840942680835724
0.7204663157463074	0.43334928154945374
0.7204663157463074	0.8383282423019409
0.5406327247619629	1.31605863571167
0.3829481303691864	1.484933853149414
0.3829481303691864	1.312079668045044
0.3829481303691864	1.432840347290039
0.44351509213447565	1.186553120613098
0.5498627424240112	1.1487948894500732
0.8656569719314574	0.9187020063400269
0.9014384746551511	0.5849604606628418
0.9014384746551511	0.4619864821434021
0.9014384746551511	0.1931268125772476
0.511768639087677	-0.0029372756835073233
0.17610760033130643	-0.13308002054691315
-0.02894158102571964	0.16563917696475983
-0.09136061370372772	0.5105829238891602
-0.18063475191593167	0.7904080748558044
-0.29885897040367126	0.8199104070663453
-0.29885897040367126	0.9105311632156371
-0.29885897040367126	0.8031578063964844
-0.022975465282797813	0.6797486543655396
0.25740161538124084	0.40871483087539673
0.2595067024230957	0.187738835811615
0.40560317039489746	0.2781938910484314
0.40560317039489746	-0.013443278148770332
0.40560317039489746	0.1668013483285904
0.4048491716384888	0.5435221195220947
0.38457247614860535	0.37703421711921686
0.33446013927459717	0.1402670443058014
0.32410672307014465	0.14289799332618713
0.19160735607147217	0.06004031002521515
0.10104788839817049	0.125966414809227
-0.16543355584144592	0.08895117044448853
-0.34430065751075745	-0.34421613812446594
-0.34430065751075745	-0.1542404592037201
-0.34430065751075745	-0.21276594698429108
-0.20810721814632416	-0.18744550645351407
-0.01697898656129837	-0.08238748461008072
0.32486072182655334	-0.13959096372127533
0.5873849987983704	0.17881804704666135
1.028897762298584	0.4190430641174317
1.2647794485092163	1.1525094509124756
1.4551436901092527	1.167519211769104
1.4809461832046509	1.4066078662872314
1.548946738243103	1.2128576040267944
1.5590826272964475	0.8286871314048766
1.5590826272964475	0.8717910647392274
1.5590826272964475	0.6164894104003906
1.3596655130386353	0.6517406702041626
1.2081646919250488	0.6551077365875244
0.978648841381073	0.16149751842021942
0.7391743063926696	0.41528069972991943
0.7020113468170166	0.1788436323404312
0.6768008470535278	-0.23363196849823
0.5998131632804871	-0.4521767199039459
0.49393102526664734	-0.47869178652763367
0.32325661182403564	-0.01332462765276432
0.011905312538146973	0.11168843507766724
-0.25459638237953186	0.04110158607363701
-0.36896970868110657	-0.03435017168521881
-0.5695303678512573	-0.3414781093597412
-0.7361211180686951	-0.2978665828704834
-0.8208713531494141	-0.03706477209925651
-0.8208713531494141	0.13270218670368195
-0.8208713531494141	0.21993553638458252
-0.6751999258995056	-0.32422584295272827
-0.44969189167022705	-0.2524625062942505
-0.20182231068611145	-1.029935836791992
-0.10551938414573668	-0.11767078936100006
0.10317321866750716	0.1360500454902649
0.5804574489593506	0.38126662373542786
0.7906327247619629	0.7505332231521606
0.9085837006568909	0.7820076942443848
1.0292671918869019	0.7943034768104553
1.1513726711273191	0.9891754388809205
1.304664969444275	0.8841724395751953
1.359736442565918	1.171755075454712
1.359736442565918	1.2645955085754395
1.359736442565918	1.3687620162963867
0.9254952669143677	1.1629558801651
0.8968234658241272	1.2254005670547483
0.8968234658241272	1.0087250471115112
0.8968234658241272	1.4387471675872803
0.937801957130432	1.4827759265899658
0.937801957130432	1.5066399574279783
0.937801957130432	1.6681466102600095
0.5462952256202698	1.1369731426239011
0.14604930579662323	1.172629475593567
0.13312019407749176	0.7054272294044495
0.13312019407749176	0.46115908026695246
0.13312019407749176	0.3477011024951935
0.13312019407749176	0.34727486968040466
0.13055966794490814	0.47991055250167847
-0.026269732043147087	0.5172504782676697
-0.40331408381462097	0.49936798214912415
-0.6872586607933044	0.21150337159633636
-0.6872586607933044	0.16747669875621796
-0.6872586607933044	0.24257780611515045
-0.2807329297065735	0.4739545583724975
0.008570562116801739	0.3434019088745117
0.3718913197517395	0.4791528880596161
0.7585755586624146	0.25116801261901855
1.1422438621520996	0.3830268681049347
1.5382442474365234	0.5184207558631897
2.0076799392700195	0.34632113575935364
2.1925129890441895	0.7464179992675781
2.2737059593200684	0.9536950588226318
2.2737059593200684	1.2641353607177734
2.2737059593200684	1.1021862030029297
1.984331488609314	1.0195841789245603
1.6275739669799805	1.3408334255218504
1.2526651620864868	1.071795344352722
0.8037338852882385	0.7091622352600098
0.38799324631690973	0.6035378575325012
0.016312850639224052	0.23862120509147644
-0.0614946112036705	0.1657346487045288
-0.0614946112036705	0.239382803440094
-0.0614946112036705	0.4015669524669647
0.29019248485565186	0.3501395881175995
0.5099115371704102	0.2905738353729248
0.6219925284385681	0.4575110673904419
0.6637502908706665	0.9010106325149536
0.6637502908706665	0.6836003065109253
0.6637502908706665	0.7975092530250549
0.5869346261024475	1.020469069480896
0.44904601573944086	0.6298542618751526
0.2320544719696045	0.6570872068405151
0.027577118948101997	0.367048442363739
-0.30848875641822815	0.4904406070709229
-0.30848875641822815	0.5973085165023804
-0.30848875641822815	0.5384854674339294
-0.15058657526969907	0.8332149982452391
0.17755991220474243	0.7995649576187135
0.5719662308692932	0.9623484015464783
0.8164858818054198	1.1401333808898924
0.99545419216156	1.0414379835128784
1.3224924802780151	1.323399305343628
1.3746187686920166	1.2876598834991455
1.3746187686920166	1.3933659791946411
1.3746187686920166	1.227596402168274
0.90219247341156	0.7892165184020995
0.6871997714042664	0.5677298307418823
0.6655972599983215	0.2459098994731903
0.6457507014274597	0.5558914542198181
0.5888727307319641	-0.11949602514505386
0.41073432564735407	-0.4603322446346283
0.2795759439468384	0.0009399038972333073
0.20353452861309052	0.06097905710339546
0.10859788209199904	0.06956737488508224
0.10859788209199904	-0.1515624225139618
0.10859788209199904	-0.011210020631551743
0.17643146216869354	0.2872428894042969
0.5530456900596619	0.021481774747371674
1.038724899291992	-0.33593639731407166
1.3312113285064695	-0.009242799133062363
1.4946646690368652	-0.1686744838953018
1.4946646690368652	0.08126727491617203
1.4946646690368652	0.021026086062192917
1.3519941568374632	-0.18099860846996307
1.1816790103912351	-0.010030813515186308
1.068702220916748	-0.003201219951733947
0.8897238373756408	-0.005508481524884701
0.6823975443840027	-0.11950431764125824
0.5255630612373352	-0.040805358439683914
0.3751248717308045	-0.01242565643042326
0.1943702846765518	0.18806320428848264
0.1943702846765518	0.054490748792886734
0.1943702846765518	-0.041670430451631546
0.233668714761734	0.02101043611764908
0.3146287500858307	0.252713680267334
0.39793679118156433	0.3688913881778717
0.7811446189880371	0.3331229090690613
0.8553693890571593	0.46119096875190735
0.8553693890571593	0.19133587181568143
0.8553693890571593	0.12728770077228546
0.35026857256889343	0.12242938578128813
-0.049567438662052155	-0.22086186707019803
-0.19714151322841644	0.05084779113531113
-0.4098064601421356	-0.0539812408387661
-0.5154153108596802	-0.15994055569171903
-0.5154153108596802	-0.19193485379219055
-0.5154153108596802	-0.20115382969379425
-0.27301087975502014	0.01464487798511982
0.3763039112091064	0.582409143447876
0.697725236415863	0.8571560382843018
0.9221301674842836	0.5399134159088135
0.9315929412841797	0.6356401443481445
0.9516722559928894	0.5984175801277161
0.9516722559928894	0.4732852280139923
0.9516722559928894	0.7914698719978333
0.7282339334487915	1.0651676654815672
0.5462446212768555	0.8782466650009155
0.26642921566963196	0.6228210926055908
0.26642921566963196	1.367722749710083
0.26642921566963196	1.3853929042816162
0.3477384150028229	0.9917448163032533
0.3477384150028229	0.7253736257553101
0.3477384150028229	0.7652853131294249
0.3477384150028229	0.5557636022567749
0.3477384150028229	0.25983524322509766
0.6389040946960449	0.5237168073654175
0.9553055763244629	0.6773626804351807
1.5469883680343628	0.6391289234161377
1.8163390159606931	0.9543302059173585
1.9701322317123413	0.7333703041076661
1.9701322317123413	0.9419643878936768
1.9701322317123413	0.8480038046836853
1.9016206264495847	0.6288470029830933
1.7979043722152708	0.5898658633232117
1.5833619832992551	0.5993379354476929
1.3160001039505005	0.6413612961769104
0.7622291445732117	0.8027659058570863
0.17191259562969208	0.5916159749031067
-0.26856285333633423	0.6887850165367126
-0.5672734975814819	0.6906577348709106
-0.6768243312835693	0.4762026369571686
-0.7687095999717712	0.502421498298645
-0.8050628900527954	0.5331723093986511
-0.8050628900527954	0.3607529103755951
-0.8050628900527954	0.270821213722229
-0.6644670367240906	0.3756272494792938
-0.17012447118759155	0.7977977395057678
0.3028837740421295	1.2630610466003416
0.5367565155029297	1.2426295280456543
0.724165439605713	1.3629138469696045
0.7993465662002563	0.7390159964561462
1.030861258506775	0.8832796812057494
1.181147575378418	0.6835864782333374
1.2996704578399658	0.45435476303100586
1.359073519706726	0.43263724446296686
1.5499588251113892	0.6097153425216675
1.5499588251113892	1.2077517509460447
1.5499588251113892	1.4744364023208618
1.366633653640747	1.403324007987976
1.0957547426223755	1.1183445453643799
0.7120915055274963	0.922623097896576
0.284970223903656	1.2399697303771973
-0.07828980684280396	0.74460506439209
-0.47318190336227417	0.4283698797225952
-0.7807531356811523	0.6353758573532104
-1.0398768186569212	0.5421798229217529
-1.1828663349151611	0.14624707400798795
-1.1828663349151611	-0.10693191736936568
-1.1828663349151611	0.059682514518499374
-0.8542947173118592	0.6517225503921509
-0.5177228450775146	0.6934949159622192
-0.13071976602077484	0.7118988037109375
-0.13071976602077484	0.5991543531417847
-0.13071976602077484	0.6823740601539612
-0.13744999468326569	0.5992419123649597
-0.13744999468326569	0.6894819140434265
-0.13744999468326569	0.41906204819679266
-0.03526698052883148	0.04634149745106697
0.1520306020975113	0.24070493876934052
0.27601853013038635	0.532352864742279
0.4511764049530029	0.5572873950004578
0.5679989457130432	0.654041588306427
0.7153149247169495	0.3308744430541992
0.8118101358413696	0.2855616509914398
0.8263028860092163	0.2533872723579407
0.8263028860092163	0.2751252353191376
0.8263028860092163	0.16105763614177704
0.7136146426200867	0.2821119427680969
0.5267775654792786	0.48680996894836426
0.3097303807735443	0.06704548001289368
0.15686319768428802	0.3958507180213928
0.03839608281850814	0.3078644573688507
-0.21339525282382965	0.254711389541626
-0.41437593102455134	0.33948564529418945
-0.6501361727714539	-0.05724041163921356
-0.8100776672363281	0.279878705739975
-0.8100776672363281	-0.12435880303382872
-0.8100776672363281	-0.3897493183612823
-0.6609804630279541	-0.11604166030883788
-0.2792249321937561	0.07612743973731995
0.19453728199005127	0.5195232033729553
0.3264952003955841	0.5453705787658691
0.34762710332870483	0.5060508251190186
0.3580007553100586	0.6988793015480042
0.34762710332870483	0.3815148174762726
0.3264952003955841	0.4375159442424774
0.3178521692752838	0.5725588798522949
0.3178521692752838	0.4071451723575592
0.3178521692752838	0.7666249871253968
0.3548785448074341	0.7933712005615233
0.4204906225204468	0.39860385656356806
0.5892370939254761	0.626563310623169
0.6900284886360168	0.2199027389287949
0.8514121770858765	0.14134030044078827
0.9201869964599608	0.31889107823371887
0.9201869964599608	0.1152990385890007
0.9201869964599608	0.41698041558265686
0.8564724922180176	0.4570337235927582
0.8289393186569214	0.6811902523040771
0.6869012117385864	0.5221769213676453
0.5425606966018677	0.2579183578491211
0.2612929940223694	0.5413628816604614
0.06810015439987183	0.3220376968383789
-0.17679902911186218	0.33276888728141785
-0.38209617137908936	0.6174963712692261
-0.5603560209274292	0.7235709428787231
-0.6120218634605408	0.5790269374847412
-0.6556974649429321	0.5969864130020142
-0.6556974649429321	0.5139325261116028
-0.6441700458526611	0.1681774854660034
-0.6120218634605408	0.013494642451405523
-0.5229248404502869	-0.08412332087755203
-0.3825566470623016	-0.6254650354385376
-0.1500754952430725	-0.1914592683315277
0.0596797801554203	-0.10817113518714903
0.1850845962762833	0.4728009104728698
0.2770811915397644	1.1653385162353516
0.2868223190307617	0.8134127855300904
0.29151323437690735	0.7365365624427795
0.29151323437690735	0.4304082095623016
0.29151323437690735	0.05412290245294571
0.13958221673965454	0.009247992187738419
-0.029867619276046753	0.25388166308403015
-0.23971903324127197	0.18793319165706632
-0.23971903324127197	-0.01973208785057068
-0.23971903324127197	-0.18377214670181272
-0.105377696454525	-0.10913126915693284
0.11321289092302322	0.3215804398059845
0.17229211330413818	0.5820614099502563
0.256394624710083	0.973850667476654
0.2587830722332001	1.3481371402740479
0.5327386260032654	0.7220135927200316
0.5726645588874817	0.5351730585098267
0.5726645588874817	0.024068716913461685
0.5726645588874817	0.02734389156103134
0.48481738567352295	-0.007020175457000732
0.2295192629098892	0.3045925199985504
-0.0844988226890564	0.4272480309009552
-0.15908285975456235	0.5008852481842041
-0.1798858344554901	0.5157054662704468
-0.30437472462654114	0.18306659162044525
-0.4334786534309387	0.41721323132514954
-0.4334786534309387	0.3475608229637146
-0.4334786534309387	0.6947861909866333
-0.2008051872253418	0.7532894611358644
0.07369180768728256	0.2602709233760834
0.6852768659591675	0.3188582956790924
1.2213973999023435	0.4321870505809784
1.4710229635238647	0.30662485957145685
1.5027207136154175	0.7327429056167604
1.5027207136154175	0.5915461778640747
1.5027207136154175	0.6316808462142944
1.3534514904022217	0.5310410857200623
1.1176203489303589	-0.2244958132505417
0.8698317408561708	-0.13894915580749512
0.6193358302116394	-0.21720032393932345
0.27412089705467224	0.11571206152439116
-0.04941057041287422	-0.13475522398948667
-0.3032766282558441	-0.01552748680114746
-0.3032766282558441	0.08534784615039825
-0.3032766282558441	0.5257222652435303
0.14095355570316315	0.4217082560062408
0.14095355570316315	-0.17230428755283356
0.2614549398422241	0.317956805229187
0.29694801568984985	0.45459216833114624
0.29694801568984985	0.5624421834945679
0.5726442933082581	0.7816384434700013
0.7806031703948975	0.49290198087692255
0.7806031703948975	0.28307774662971497
0.7806031703948975	0.33721181750297546
0.7322720289230347	0.3221982717514038
0.4549463391304016	0.2558683156967163
0.06552951037883759	0.12863317131996155
0.06552951037883759	0.043178413063287735
0.06552951037883759	-0.009644323959946632
0.3536488711833954	0.47117164731025696
0.6108851432800293	0.9489309787750245
0.6314857006072998	1.180982232093811
0.6314857006072998	1.0990077257156372
0.6314857006072998	0.33386483788490295
0.47157454490661627	0.7843782901763917
0.3319654166698456	0.7549911141395568
0.3319654166698456	1.0790060758590698
0.3319654166698456	0.9850499629974365
0.3319654166698456	1.194886803627014
0.3319654166698456	0.9881341457366944
0.30968987941741943	0.35571053624153137
0.18021658062934875	0.37041154503822327
0.056066714227199554	0.43417230248451233
0.000711887376382947	0.6459107995033264
-0.020364340394735336	0.622260570526123
-0.06188931688666344	0.5491953492164612
-0.06188931688666344	0.7521349787712097
-0.06188931688666344	0.645443320274353
-0.05082745850086212	0.5173285603523254
-0.05082745850086212	0.49527966976165766
-0.05082745850086212	0.4993576109409332
-0.07470710575580597	0.5248070955276489
-0.15582400560379028	0.6294218301773071
-0.21848593652248385	0.6538853049278259
-0.31184375286102295	0.8302524089813232
-0.3816761672496795	0.9706864356994629
-0.5907837152481079	0.8007274270057678
-0.6587235331535339	0.7362210154533385
-0.8594157695770264	0.1915968805551529
-1.0605634450912476	-0.05770913138985634
-1.1991554498672483	-0.4902038276195526
-1.2027128934860227	-0.9345850348472596
-1.2027128934860227	-0.15652504563331604
-1.2027128934860227	-0.2840176522731781
-1.026517629623413	-0.13368593156337738
-0.8655893802642822	-0.0886828675866127
-0.6577519774436951	-0.13225701451301575
-0.48536208271980286	-0.01667192205786705
-0.3107861578464508	-0.10295433551073074
-0.16080336272716522	-0.0590212456882
-0.024483440443873405	-0.19882261753082275
0.09875556081533432	-0.3443444073200226
0.17590518295764923	-0.09507428854703905
0.3227505683898926	-0.021211091428995132
0.3227505683898926	-0.20346710085868835
0.3227505683898926	-0.03653429448604584
0.2810586094856262	-0.1953636258840561
0.27134278416633606	0.2005470246076584
0.19805926084518433	0.005213059484958649
0.1741492450237274	0.18593947589397433
0.10730244219303132	0.7571640014648436
0.08799732476472855	0.30544519424438477
0.086089588701725	0.5249576568603516
0.010432759299874304	0.35211434960365295
-0.02351691946387291	-0.31161853671073914
-0.025753580033779144	0.8060969710350037
-0.025753580033779144	0.7971562147140503
-0.025753580033779144	0.6693851947784424
0.14997105300426483	0.7393614053726196
0.28867438435554504	1.2671325206756592
0.4409444332122802	1.0744061470031738
0.5960128307342529	1.3747645616531372
0.7363304495811462	1.4395360946655271
0.8297691941261292	0.22766782343387604
0.924063205718994	0.618960976600647
0.9973416328430176	0.9593161344528198
0.9973416328430176	1.1606476306915283
0.9973416328430176	1.0819594860076904
0.8588204979896545	1.0174976587295532
0.6556133031845093	1.0486817359924316
0.5159181356430054	0.07279356569051743
0.39917150139808655	0.0696575790643692
0.25215911865234375	-0.2765367329120636
0.1591150462627411	-0.13137726485729215
-0.0005430716555565596	-0.05586555227637291
-0.08111346513032913	-0.06961476057767868
-0.1692034900188446	-0.23472875356674192
-0.2264559417963028	-0.07135223597288132
-0.2640237510204315	-0.18045344948768616
-0.29866161942481995	-0.4880535304546356
-0.3081446588039398	-0.3155217170715332
-0.3228803277015686	0.34912124276161194
-0.3918069303035736	0.30104950070381165
-0.39562746882438654	0.23163835704326627
-0.39562746882438654	0.2507869303226471
-0.3918069303035736	0.19212792813777924
-0.31435874104499817	0.32527121901512146
-0.25785017013549805	0.3077820837497711
-0.17291270196437836	0.302447110414505
-0.05165228992700577	0.30634722113609314
0.024712979793548584	0.025291141122579575
0.06370273232460022	0.011566687375307085
0.12069710344076157	-0.0812431126832962
0.19913710653781888	0.30392029881477356
0.2672995924949646	0.1443174034357071
0.29714030027389526	0.4013972282409668
0.35939234495162964	0.1787370890378952
0.36921948194503784	0.2924497425556183
0.37361690402030945	0.041924189776182175
0.37361690402030945	0.05077296495437622
0.37361690402030945	-0.35370001196861267
0.3563865125179291	-0.6027100682258606
0.30950772762298584	-0.36605900526046753
0.2971656024456024	-0.36051031947135925
0.28858330845832825	-0.6760184168815613
0.27956581115722656	-1.1236132383346555
0.274576336145401	-0.9755193591117859
0.274576336145401	-0.981011152267456
0.2636156976222992	-0.4074218273162842
0.23874928057193756	-0.13612011075019836
0.16243967413902283	-0.04056110605597496
0.10663448274135588	-0.0796893909573555
0.05705347657203674	-0.14890551567077637
0.021605944260954857	-0.02583387121558189
-0.027676500380039215	-0.1026766151189804
-0.06644866615533829	-0.2770580053329468
-0.08199901878833771	0.023154351860284805
-0.08199901878833771	-0.40946575999259954
-0.08199901878833771	-0.2321311682462692
0.020391466096043583	-0.2894802987575531
0.0807509496808052	-0.5905234813690186
0.11638571321964264	-0.5413420796394348
0.11638571321964264	0.4619283974170685
0.11638571321964264	0.5950058102607727
0.11385555565357208	0.9946417212486269
0.07589304447174072	1.15363347530365
-0.07030968368053436	0.6135317087173462
-0.19493521749973297	0.3463219702243805
-0.2868204712867737	0.04572565108537673
-0.5548200011253357	-0.1390067487955093
-0.7491666078567504	-0.3499119281768799
-1.010208249092102	-0.15734396874904633
-1.1880278587341309	0.45251533389091486
-1.1880278587341309	0.10235557705163956
-1.1880278587341309	0.2370510101318359
-0.7827266454696656	0.30522722005844116
-0.4899163842201233	0.186875581741333
-0.08573354035615921	0.4553830623626709
0.14333191514015195	0.31650322675704956
0.15389280021190643	0.3819076120853424
0.20114605128765103	0.7162832617759705
0.47495484352111816	0.577290415763855
0.8034353256225586	0.47376611828804016
0.8034353256225586	0.9290269613265992
0.8034353256225586	1.3291668891906738
0.7591170072555542	1.0362069606781004
0.6314553022384644	1.3605859279632568
0.4223933219909668	1.2116801738739011
0.3631976842880249	0.7617182135581969
0.2089591771364212	0.9222315549850464
0.09497044235467911	0.9798557758331299
0.09433284401893616	0.5731595158576965
0.04222674295306206	0.29151415824890137
-0.06169702485203743	0.20787231624126432
-0.06169702485203743	0.554295539855957
-0.06169702485203743	0.3277226984500885
0.632507860660553	0.5739083290100098
1.1659818887710571	0.5960369110107422
1.2784727811813354	0.4248163998126984
1.3637391328811643	0.5985011458396912
1.4891895055770874	0.24909478425979617
1.6446424722671509	0.24015691876411435
1.6446424722671509	0.3652342855930328
1.6446424722671509	0.4074071943759918
1.5193692445755005	0.3964785933494568
1.386697769165039	0.6453383564949036
1.2540262937545776	0.3649142384529114
0.13330230116844177	0.4503008127212525
0.40748506784439087	-0.030835602432489395
0.6816678047180176	0.2768307030200958
1.0680470466613767	0.2940487265586853
1.530415654182434	0.23356448113918304
1.7654049396514893	0.2553430497646332
1.8884031772613523	0.16224075853824615
2.1040823459625244	0.005117923021316528
2.310980319976806	0.07606957852840424
2.602311611175537	-0.5059815645217896
2.602311611175537	0.05310947075486183
2.602311611175537	0.2763439416885376
2.5865581035614014	0.2153024971485138
2.552218198776245	0.1161154732108116
2.4446239471435542	0.17474390566349027
2.3600986003875732	0.1341334581375122
1.9698623418807983	-0.09079738706350327
1.7221734523773191	0.12130705267190932
1.4624165296554563	0.18813815712928772
1.0727381706237793	0.030605796724557877
0.6679747700691223	0.012189559638500212
0.5644890069961548	0.00228260294534266
0.5644890069961548	0.8805144429206848
0.4725561439990998	0.8965976238250732
0.4725561439990998	1.4015593528747559
0.15525531768798828	1.278742790222168
0.14515569806098935	0.49600616097450256
0.1056954562664032	0.18990427255630493
0.065388984978199	-1.1657912731170654
0.1056954562664032	-0.6449466943740845
0.1056954562664032	-0.6449466943740845
0.10056287050247192	-0.6449466943740845
0.065388984978199	-0.37532976269721985
-0.2004878222942352	-0.3939279913902282
-1.0306000709533691	-0.26381680369377136
-1.2747875452041624	-0.13876450061798096
-1.2957042455673216	-0.3263140022754669
-1.4805878400802612	0.7491361498832703
-1.4805878400802612	0.7799345850944518
-1.3080053329467771	1.0070325136184692
-1.3080053329467771	1.0474005937576292
-0.44588944315910334	1.0306308269500732
0.1840088665485382	1.1231353282928467
0.4871015548706054	0.882865846157074
1.0120055675506592	0.6948937773704529
1.322787880897522	0.545748233795166
1.372151494026184	0.09506885707378389
1.4347115755081177	0.1721985936164856
1.4347115755081177	0.7064144611358643
1.7130119800567627	0.8095588088035583
1.794777750968933	1.1077847480773924
1.794777750968933	1.3288451433181763
1.794777750968933	1.2724605798721311
1.464666962623596	1.0004692077636719
0.6765843033790588	0.5136426687240601
0.194997638463974	0.7255866527557373
-0.18321360647678375	0.5875881910324097
-0.18321360647678375	0.4928368330001831
-0.18321360647678375	0.275589257478714
0.20028966665267944	-0.541561484336853
0.5270462036132812	-1.0376100540161133
0.8711751103401184	-1.626286506652832
1.2434014081954956	-1.2535648345947263
1.5970964431762695	-0.1666819006204605
1.7716535329818723	-0.12622542679309845
1.9310029745101929	-0.1441735029220581
2.0284855365753174	-0.21754020452499387
2.116309881210327	-0.22824276983737943
2.116309881210327	-0.28362929821014404
2.116309881210327	-0.6141284108161926
2.024284839630127	0.11098497360944748
2.024284839630127	0.74601149559021
2.024284839630127	1.1278343200683592
2.025566577911377	1.330641269683838
2.085587739944458	0.3414820730686188
2.1691012382507324	0.3055242598056793
2.3047070503234863	-1.0781129598617551
2.3047070503234863	-0.5683441758155823
2.3047070503234863	-0.3167101740837097
2.277897596359253	-0.6104012131690979
2.1596455574035645	0.0595075897872448
2.1270225048065186	0.4186919033527374
2.1076574325561523	0.29413652420043945
2.049206018447876	0.6475290060043335
1.8667995929718015	0.6633851528167725
1.4064975976943968	0.5794206857681274
0.9454597234725952	0.06999184936285019
0.8781105279922485	-0.1811765432357788
0.8781105279922485	0.07468119263648987
0.8361361026763917	0.579399585723877
0.8361361026763917	0.17731808125972748
0.8361361026763917	0.23907941579818723
0.743228256702423	0.7625478506088256
0.40793576836586	0.08969554305076598
-0.042511940002441406	0.2869816720485687
-0.5421944856643677	0.4121828973293304
-0.6646592020988464	-0.47924551367759705
-0.6646592020988464	-0.574955940246582
-0.6646592020988464	-0.8251776695251466
-0.45266544818878174	-0.7333493232727051
-0.3227379024028778	-0.16528193652629852
-0.1521911770105362	-0.08205753564834595
-0.048435572534799576	-0.3649202287197113
0.08996041864156723	-0.2971397936344147
0.3231529891490936	-0.290289968252182
0.5271198153495789	-0.6449466943740845
0.7050802707672119	-1.606214165687561
0.9630036950111389	-1.6006438732147217
1.1527501344680786	-1.7665995359420776
1.312369465827942	-1.708064079284668
1.4924087524414062	-0.5763159990310669
1.5532516241073608	-0.6449466943740845
1.7270729541778564	-0.6449466943740845
1.7311631441116333	-0.4145885407924652
1.7311631441116333	-0.33509013056755066
1.7270729541778564	-0.20238097012043
1.68630051612854	-0.12781180441379547
1.544574737548828	-0.19796450436115265
1.3509343862533567	-0.2720322608947754
1.1608445644378662	-0.6449466943740845
0.9819090962409973	-0.6449466943740845
0.7855215668678284	-0.6449466943740845
0.6839857697486877	-0.6449466943740845
0.46008339524269104	-0.6449466943740845
0.14088773727416992	-0.6449466943740845
-0.11647766083478928	-0.8621739149093627
-0.3327946066856384	-0.822533130645752
-0.3327946066856384	-0.5269668102264404
-0.3327946066856384	-0.03409050032496452
0.032422661781311035	0.15390945971012115
0.12206210941076279	0.15199583768844604
0.12206210941076279	-0.002119795186445117
0.12206210941076279	0.11606343835592269
-0.19032074511051175	-0.0047925785183906555
-0.972596287727356	-0.281029611825943
-1.6709475517272947	-0.35314294695854187
-1.7169997692108154	-0.4051474630832672
-1.7462133169174194	-1.3435325622558592
-1.7462133169174194	-0.6449466943740845
-1.9747822284698489	-0.6449466943740845
-1.9747822284698489	-0.6449466943740845
-1.9747822284698489	-0.31259047985076904
-1.6824452877044676	-0.2964053452014923
-1.3853375911712646	-0.21489466726779935
-1.071998119354248	-0.24238421022892
-0.7692058682441713	-0.6449466943740845
-0.5441935658454895	-0.6449466943740845
-0.27143654227256775	-0.6449466943740845
-0.030959010124206543	-0.6449466943740845
0.2286262214183807	-0.6449466943740845
0.44413986802101135	-1.1551764011383057
0.7534811496734619	-1.0183753967285156
0.7534811496734619	-1.6618095636367796
0.7534811496734619	-1.7023085355758667
0.699493944644928	-0.6449466943740845
0.6595063209533691	-0.6449466943740845
0.5051422715187073	-0.6449466943740845
0.4372596144676208	-0.6449466943740845
0.3268199861049652	-0.6449466943740845
0.15603409707546234	-0.6449466943740845
0.09826945513486862	-0.6449466943740845
0.024499954655766487	-0.6449466943740845
0.004631860181689262	-0.6449466943740845
0.0023752369452267885	-0.6449466943740845
0.0023752369452267885	-0.6449466943740845
0.004631860181689262	-0.6449466943740845
0.09414252638816832	-0.6449466943740845
0.181347519159317	-0.6449466943740845
0.26486095786094666	-0.6449466943740845
0.4195500314235687	-0.34674471616744995
0.4810184836387634	-0.355292946100235
0.6063530445098877	-0.2792655825614929
0.6887197494506836	-0.2882542014122009
0.7155662178993225	-0.6449466943740845
0.7495136857032776	-0.6449466943740845
0.7882319688796997	-0.6449466943740845
0.8027896285057067	-0.6449466943740845
0.8027896285057067	-0.6449466943740845
0.7882319688796997	-0.6449466943740845
0.759784996509552	-0.6449466943740845
0.738402247428894	-0.6449466943740845
0.6397363543510437	-0.6449466943740845
0.592978835105896	-0.6449466943740845
0.5376486778259277	-0.6449466943740845
0.5087295770645142	-0.6449466943740845
0.49495068192481995	-0.3824425041675568
0.4948034882545471	-0.3320832848548889
0.4810184836387634	-0.3106708228588104
0.4661787152290344	-0.29929110407829285
0.4541168212890625	-0.6449466943740845
0.42681047320365906	-0.6449466943740845
0.42681047320365906	-0.6449466943740845
0.42681047320365906	-0.6449466943740845
0.4502658545970917	-0.6449466943740845
0.4689933657646179	-0.6449466943740845
0.48390671610832214	-0.6449466943740845
0.5026280879974365	-0.6449466943740845
0.5051361322402954	-0.6449466943740845
0.5492629408836365	-0.6449466943740845
0.621977686882019	-0.6449466943740845
0.7077600359916687	-0.6449466943740845
0.8781902790069581	-0.6449466943740845
1.0015134811401367	-0.6449466943740845
1.0962671041488647	-0.6449466943740845
1.3123755455017088	-0.6449466943740845
1.4641212224960327	-0.6449466943740845
1.568171143531799	-0.21796509623527527
1.568171143531799	0.34845495223999023
1.568171143531799	0.615605354309082
1.5191141366958618	0.6602150201797485
1.3235360383987427	0.8573818206787108
1.0785452127456665	-0.6449466943740845
0.8454508185386658	-0.6449466943740845
0.5692965984344482	-0.6449466943740845
0.3667339980602264	-0.6449466943740845
0.16330066323280334	-0.6449466943740845
-0.09817326068878172	-0.6449466943740845
-0.2329267710447311	-0.6449466943740845
-0.36956897377967834	-0.6449466943740845
-0.43813228607177734	-0.6449466943740845
-0.4474163353443146	-0.6449466943740845
-0.4474163353443146	-0.6449466943740845
-0.43813228607177734	-0.6449466943740845
-0.323602557182312	-0.6449466943740845
-0.09610060602426529	-0.6449466943740845
0.06454887986183167	-0.6449466943740845
0.3093618154525757	-0.6449466943740845
0.48338547348976135	-0.6449466943740845
0.6479595303535461	-0.6449466943740845
0.7903720736503601	-0.6449466943740845
0.8623141646385194	-0.3564511239528656
0.9916959404945372	-0.22836582362651825
1.0250853300094604	-0.12118075788021088
1.1088931560516355	0.012119917199015616
1.1088931560516355	-0.1867546588182449
1.1088931560516355	-0.32768842577934265
1.071517825126648	-0.31645235419273376
1.0633621215820312	-0.6449466943740845
0.9793335795402527	-0.3205794394016266
0.9793335795402527	-0.270816445350647
0.9793335795402527	-0.2661890387535095
0.9861156940460205	-0.3235432505607605
1.0511714220046997	-0.6449466943740845
1.11563241481781	-0.6449466943740845
1.2260781526565552	-0.6449466943740845
1.308493971824646	-0.6449466943740845
1.5804170370101929	-0.2987341284751892
1.6591964960098267	-0.2496877759695053
1.8652665615081787	-0.19669239223003387
2.0263147354125977	0.0009304472478106618
2.2732248306274414	1.1655054092407227
2.285531997680664	1.070234775543213
2.30446195602417	0.6970320343971252
2.30446195602417	0.6198163628578186
2.30446195602417	0.007816547527909279
2.295981168746948	-0.21913675963878632
2.162858724594116	-0.1813489496707916
2.0791430473327637	-0.12723571062088013
1.902776837348938	-0.14709573984146118
1.7806984186172483	-0.31136587262153625
1.6320066452026367	-0.43712964653968805
1.452905535697937	-0.428553968667984
1.2193634510040283	-0.31905263662338257
1.1109044551849363	0.2703968584537506
0.8676797747612	0.45355692505836487
0.8676797747612	0.8233045339584351
0.8676797747612	1.2162271738052368
0.895035207271576	1.113520622253418
0.9807685017585753	0.990842580795288
1.019922137260437	1.0521905422210691
1.230364441871643	0.9290170669555664
1.230364441871643	1.0316799879074097
1.230364441871643	0.8245898485183715
1.124517798423767	0.7813770771026611
1.104619026184082	0.8357893228530883
0.9742316603660583	-0.25748324394226074
0.8256502151489258	-0.0885176882147789
0.7903291583061217	-0.0937577188014984
0.7793771624565125	-0.13530747592449188
0.6366825103759766	-0.06212606653571129
0.46603769063949585	-0.23072326183319092
0.43924641609191895	-0.25941672921180725
0.3597065806388855	-0.25062695145606995
0.31653639674186707	-0.45654910802841187
0.2986244559288025	-0.6449466943740845
0.2986244559288025	-0.3332843482494354
0.2986244559288025	-0.35688140988349915
0.32025861740112305	-0.1537434607744217
0.37062790989875793	-0.13169127702713013
0.496968150138855	-0.25140830874443054
0.498445987701416	-0.2940753698348999
0.498445987701416	-0.30673593282699585
0.496968150138855	-0.3566252887248993
0.20651990175247192	-0.21425522863864896
0.1068299040198326	-0.2363429218530655
-0.021987706422805783	-0.6449466943740845
-0.16879697144031525	-0.6449466943740845
-0.3472970724105835	-0.6449466943740845
-0.4510404169559478	-0.6449466943740845
-0.7267041206359862	-0.8601928353309632
-0.9824813008308412	-0.6291172504425049
-1.0896034240722656	0.027625778689980503
-1.0896034240722656	0.22666297852993011
-1.0896034240722656	0.6197214126586914
-0.8345252871513367	0.7518975734710692
-0.6781192421913147	0.29473909735679626
-0.4045650362968445	0.04533026739954949
-0.3095477223396301	0.027208395302295685
-0.12934286892414093	0.15337912738323212
-0.020932979881763455	-0.1430779844522476
0.053290292620658875	-0.18915118277072904
0.1828744262456894	-0.18866197764873505
0.25200802087783813	-0.37042185664176946
0.2845696210861206	-0.6449466943740845
0.41312354803085327	-0.6449466943740845
0.5251084566116333	-0.6449466943740845
0.5539785027503967	-0.6449466943740845
0.560043215751648	-0.6449466943740845
0.6052492260932922	-0.6449466943740845
0.6052492260932922	-0.6449466943740845
0.6278768181800842	-0.6449466943740845
0.6278768181800842	-0.6449466943740845
0.5965355038642883	-0.6449466943740845
0.5784334540367126	-0.6449466943740845
0.553898811340332	-0.6449466943740845
0.41134524345397955	-0.6449466943740845
0.34530836343765253	-0.6449466943740845
0.20477837324142456	-0.6449466943740845
0.10925209522247314	-0.6449466943740845
-0.052672874182462685	-0.6449466943740845
-0.244209885597229	-0.6449466943740845
-0.42128732800483704	-0.6449466943740845
-0.6201093196868896	-0.33950844407081604
-0.7925325036048889	-0.3636195659637451
-0.7925325036048889	-0.2985778748989105
-0.7925325036048889	-0.330526202917099
-0.7578185200691222	-0.6449466943740845
-0.6944920420646667	-0.6449466943740845
-0.5929378867149353	-0.6449466943740845
-0.43874549865722656	-0.6449466943740845
-0.2404018342494965	-0.6449466943740845
-0.1289626806974411	-0.6449466943740845
0.00020446379494387656	-0.6449466943740845
0.18389847874641416	-0.6449466943740845
0.38625869154930115	-0.6449466943740845
0.6569676399230957	-0.6449466943740845
0.7030260562896729	-0.6449466943740845
0.8733888268470765	-0.6449466943740845
1.0497794151306152	-0.6449466943740845
1.1456429958343504	-0.6449466943740845
1.3113638162612915	-0.6449466943740845
1.3704222440719604	-0.6449466943740845
1.3963243961334229	-0.6449466943740845
1.4184062480926511	-0.4006030261516571
1.4203132390975952	-0.39098039269447327
1.4203132390975952	-0.39670112729072565
1.4469083547592163	0.46731761097908014
1.4469083547592163	0.442169576883316
1.4562352895736694	0.5940581560134888
1.5221310853958128	1.0705645084381104
1.6638875007629395	0.642766535282135
1.685460329055786	0.45392951369285583
1.7561453580856323	0.3946515619754791
1.7935942411422727	-0.09255217015743256
1.9527782201766968	0.5891329646110535
1.9869587421417236	0.5333331823348999
1.9869587421417236	0.4350760877132416
1.9869587421417236	0.3814657926559448
1.779171586036682	-0.059856534004211426
1.6781753301620483	0.3385845124721527
1.4088646173477173	0.1519598513841629
1.0312788486480713	0.4079291522502899
0.5892075896263123	0.8551797270774841
0.326151579618454	0.884485125541687
0.23695366084575653	0.9700649976730347
0.1875900328159332	0.6446024179458618
0.1875900328159332	0.7982282638549805
0.1875900328159332	0.715224027633667
0.21333269774913788	0.5772616863250732
0.33094078302383423	0.3873623311519622
0.7097713947296143	0.05596159026026726
1.0310151576995847	0.23359496891498563
1.0310151576995847	0.532194972038269
1.045799732208252	0.5498725771903992
1.05734646320343	0.3182814419269562
1.4927582740783691	0.21204327046871185
1.4927582740783691	0.6330910921096802
1.4927582740783691	0.7896251678466797
1.045437932014465	0.6630330085754395
0.11436015367507935	1.147416353225708
-0.450660228729248	0.8647623062133789
-0.450660228729248	0.33899402618408203
-0.450660228729248	-0.06310731917619705
-0.36199578642845154	-0.14470858871936798
-0.009833829477429388	-0.08928495645523073
0.26557230949401855	-0.13288523256778717
0.6108601689338684	-0.26316776871681213
0.9667198061943054	-0.29307642579078674
1.2124218940734863	-0.36315226554870605
1.416388750076294	-0.6449466943740845
1.6193498373031616	-0.6449466943740845
1.849476337432861	-0.6449466943740845
1.849476337432861	-0.3466726243495941
1.849476337432861	-0.341537207365036
1.5906392335891724	-0.322707861661911
1.1858390569686887	-0.3078395426273346
0.934225618839264	-0.6449466943740845
0.7249422669410706	-0.4341642558574677
0.48889824748039246	-0.6250295639038086
0.21671763062477112	-0.6690326929092407
0.15279632806777954	-0.8015215992927552
-0.012697532773017883	-1.0465046167373655
-0.17121917009353635	-0.37433284521102905
-0.21694031357765195	-0.32916632294654846
-0.21694031357765195	-0.2778970003128052
-0.21694031357765195	-0.28645673394203186
-0.21297283470630643	-0.6449466943740845
-0.1472548097372055	-0.6449466943740845
-0.05129927769303322	-0.6449466943740845
-0.05129927769303322	-0.6449466943740845
0.11308467388153076	-0.6449466943740845
0.25649675726890564	-0.2959263324737549
0.31117692589759827	-0.32389700412750244
0.3289785087108612	-0.2942949831485748
0.3289785087108612	-0.24518916010856628
0.3289785087108612	-0.6449466943740845
0.2640269994735718	-0.6449466943740845
0.046618539839982986	-0.6449466943740845
-0.16037143766880035	-0.3552955985069275
-0.18282115459442136	-1.14803946018219
-0.41546180844306946	-0.9316089749336243
-0.41546180844306946	-1.3363966941833496
-0.41546180844306946	-1.4037938117980957
-0.1652219444513321	-1.3178470134735107
0.17560172080993652	-0.37049904465675354
0.6023855209350586	-0.3095102310180664
0.7762436270713806	-0.33797726035118103
0.9125608205795288	-0.6449466943740845
0.9828043580055237	-0.3793287575244903
0.9828043580055237	-0.09278532862663268
0.9972823262214661	-0.05918077751994133
1.0034695863723755	-0.1045851781964302
0.9828043580055237	0.0007456179009750484
0.962476372718811	-0.26390352845191956
0.8053038120269777	-0.1451921910047531
0.564188539981842	-0.17164607346057892
0.564188539981842	-0.10172725468873976
0.564188539981842	-0.6078318357467651
0.6428882479667664	-0.2557537853717804
1.605258226394653	0.10085494816303252
2.0881450176239014	0.06399187445640564
2.5144810676574707	0.4181045591831207
2.5508384704589844	0.1834498792886734
2.5508384704589844	-0.6273694634437561
2.5508384704589844	0.05458901450037956
2.3539788722991943	0.2249442487955093
1.9708679914474487	0.6059558391571045
1.4833024740219116	0.9864089488983153
1.2887239456176756	0.8728885054588318
1.2729705572128296	1.1481962203979492
1.1336363554000854	0.8046159744262696
0.7132850885391235	0.49124911427497864
0.44649457931518555	0.29581567645072937
0.08484622091054916	0.08682865649461746
0.07689285278320312	0.047532353550195694
0.03976895287632942	-0.04566542804241181
0.03976895287632942	-0.2691045105457306
0.03976895287632942	-0.13402482867240903
0.07271687686443327	-0.3527744710445404
0.1499878168106079	-0.29119518399238586
0.2661058008670807	0.058605093508958817
0.4655900299549102	0.03697269782423973
0.5219994783401489	-0.05808014050126076
0.6776635646820068	0.13909415900707245
0.7874347567558287	-0.33824363350868225
0.901578187942505	-0.17398618161678314
0.9077041745185853	-0.022582143545150757
1.0300462245941162	-0.10078100115060806
1.0770121812820435	0.048674702644348145
1.101093053817749	-0.007155218161642551
1.172176718711853	0.005330554209649563
1.197422742843628	0.053064268082380295
1.2958065271377563	0.28997883200645447
1.3128477334976196	0.3574284315109253
1.3876352310180664	0.22551847994327545
1.3876352310180664	0.7273818850517274
1.3876352310180664	0.4122503697872162
1.383164882659912	0.5246149897575378
1.3502966165542603	0.7319481372833251
1.06723153591156	0.10798483341932295
0.9959332346916199	0.0759047716856003
0.8914111256599425	-0.11546100676059722
0.6660922169685364	-0.0033587643411010504
0.3923049867153168	-0.0334126316010952
-0.05161814764142037	-0.2699429392814636
-0.30376511812210083	0.1630584746599197
-0.48606100678443903	-0.24887995421886444
-0.5376874208450317	-0.40703427791595453
-0.5376874208450317	-0.16535808145999908
-0.5376874208450317	-0.008932981640100479
-0.04475629702210426	0.7698479890823364
-0.04475629702210426	1.0992627143859863
0.14360427856445312	0.738646388053894
0.26752230525016785	1.0840723514556885
0.26752230525016785	0.8398461937904358
1.2246800661087036	0.7005964517593384
1.8810936212539673	1.5406261682510376
2.476351499557495	1.6584597826004028
2.544424295425415	1.8949763774871824
2.7767522335052486	1.8788626194000244
2.8351361751556396	1.686995029449463
2.9176502227783203	1.5618276596069336
3.303471326828003	1.516807198524475
3.5787241458892822	1.3568503856658936
3.5787241458892822	0.9466185569763184
3.5787241458892822	1.3123259544372559
3.5580220222473145	1.183363914489746
3.2531204223632812	0.9683491587638854
3.2142181396484375	1.1915614604949951
3.0694386959075928	0.5388064384460449
2.9197044372558594	0.7283196449279785
2.744938850402832	0.8492174148559569
2.4945640563964844	1.238715410232544
1.9733024835586548	1.111798882484436
1.4455469846725464	1.0392392873764038
0.7593496441841124	1.0154829025268555
0.7593496441841124	0.7081970572471619
0.7593496441841124	0.3799426853656769
0.8185123801231384	0.23157159984111783
0.9920454621315001	-0.11270264536142348
0.9920454621315001	0.04342250898480415
1.0651588439941406	0.16855168342590332
1.0738542079925537	0.37412571907043457
1.3812700510025024	0.578700840473175
1.812861442565918	0.512162446975708
2.126715898513794	0.8401713371276855
2.1529738903045654	0.16269187629222867
2.212197780609131	0.037746582180261605
2.212197780609131	0.2950376868247986
2.212197780609131	0.38104990124702454
1.9181255102157593	0.6437923908233643
1.5875977277755735	0.5837714672088623
1.3440357446670532	0.5644741058349609
1.2164077758789062	0.2747510075569153
1.0381406545639038	0.0310793686658144
0.6884806156158447	-0.11005742847919464
0.21612894535064697	-0.09583967924118042
-0.41145753860473633	-0.3446764647960663
-0.7974872589111328	-0.8507887125015259
-0.7974872589111328	-0.7224626541137696
-0.7974872589111328	-0.005350029096007347
-0.5695683360099792	-0.0451974831521511
-0.39622533321380615	-0.138233944773674
-0.11186017096042632	-0.16318263113498688
0.23844376206398007	-0.272253930568695
0.4500880241394043	-0.3470258712768554
0.6955141425132751	-0.6449466943740845
0.8609099388122559	-0.6449466943740845
1.0553535223007202	-0.6449466943740845
1.1182079315185547	-0.6449466943740845
1.1908613443374632	-0.6449466943740845
1.1908613443374632	-0.6449466943740845
1.1908613443374632	-0.6449466943740845
1.00178325176239	-0.6449466943740845
0.8612655997276306	-0.6449466943740845
0.820302963256836	-0.5185122489929199
0.6982736587524414	-0.5410071611404419
0.6521109938621521	-0.6244934797286987
0.548159122467041	-0.7781469225883483
0.46278765797615046	-0.6449466943740845
0.44320777058601374	-0.6449466943740845
0.44320777058601374	-0.4101166129112243
0.44320777058601374	0.09476982057094573
0.4912652671337128	0.21794542670249936
0.5349382758140564	0.2535267770290375
0.5759744644165039	0.10508814454078674
0.6762838363647461	-0.6449466943740845
0.6898726224899292	-0.6449466943740845
0.7440744638442993	-1.570453643798828
0.8586533069610596	-1.158603549003601
0.9412407875061036	-0.8329805135726928
0.999391794204712	-0.061879962682724
1.0715423822402954	0.09854985773563384
1.1302084922790527	-0.6909030079841614
1.1514010429382324	-0.1776418685913086
1.1514010429382324	-0.630578339099884
1.1302084922790527	-0.6449466943740845
1.078330636024475	-0.3374469578266144
0.8949493765830994	-0.2625793516635895
0.7814866304397582	-0.27964773774147034
0.6879900693893433	-0.34482327103614807
0.4756038188934326	-0.45620143413543707
0.4343836307525634	-0.7633818387985228
0.37694400548934937	-0.2001242637634277
0.18054421246051788	0.0051672328263521194
-0.06033190339803696	0.24791620671749112
-0.4142844378948211	0.2226649820804596
-0.4492191970348358	-0.3194318115711212
-0.4492191970348358	-0.8811731934547424
-0.4492191970348358	-1.4199345111846924
-0.22772058844566345	-1.5197408199310303
0.3164934813976288	-0.5017248392105103
0.6484929919242859	0.16756531596183777
0.6484929919242859	0.4609715044498443
0.6502958536148071	0.33187347650527954
0.7345206141471863	0.1754869967699051
0.7345206141471863	-0.10297178477048873
0.6815390586853027	-0.17407475411891937
0.6815390586853027	-0.07457887381315231
0.6815390586853027	0.18325398862361908
0.5682663917541504	0.15951237082481384
0.37400057911872864	0.2173435539007187
0.042129822075366974	-0.27446117997169495
0.042129822075366974	-0.5541189908981323
0.042129822075366974	-0.21365886926651
0.2945404648780823	0.411072313785553
0.44021528959274286	0.5351730585098267
0.7220724225044249	0.1419505476951599
1.047798752784729	0.08339687436819077
1.3266266584396362	-0.06690139323472977
1.5171701908111572	0.03938867524266243
1.8641015291213987	-0.058042030781507485
2.1142187118530273	0.06258826702833176
2.161675214767456	0.5139980912208557
2.16450834274292	1.0979182720184326
2.16450834274292	0.2204331010580063
2.161675214767456	0.7274610996246338
2.026247262954712	1.0280821323394775
2.0042636394500732	1.0358543395996092
1.822292685508728	1.2138400077819824
1.5075734853744507	1.3194069862365723
1.1834536790847778	0.9398045539855955
1.0125819444656372	1.0218614339828491
0.9201462864875792	0.7247419357299805
0.8366328477859497	-0.16102205216884613
0.7963201999664308	-0.0026360375341027975
0.7006038427352905	-0.048116374760866165
0.7006038427352905	-0.019406000152230263
0.663326621055603	-0.014196434058248997
0.663326621055603	-0.25606203079223633
0.7107647657394409	-0.28600895404815674
0.7107647657394409	-0.5148777365684509
0.663326621055603	-0.2519214451313019
0.6079167127609253	-0.11005934327840804
0.5175659656524658	-0.028931431472301483
0.49002042412757874	0.06976104527711868
0.4719306528568268	-0.20024940371513367
0.34680458903312683	-0.2571230232715606
0.25896185636520386	-0.5222471952438354
0.0793640986084938	-0.8536713123321533
-0.043670911341905594	-0.832993745803833
-0.2265186905860901	-0.48330315947532654
-0.3261841833591461	-0.15073367953300476
-0.43302422761917114	-1.0234146118164062
-0.43302422761917114	-0.3461781442165375
-0.43302422761917114	-0.2069949209690094
-0.26221993565559387	0.010410878807306288
-0.09959591925144197	0.047261059284210205
-0.08662646263837814	-0.0881907120347023
0.1054072454571724	-0.27788117527961725
0.287194162607193	-0.25196853280067444
0.34225454926490784	-0.17328046262264252
0.3475956320762634	-0.12178962677717207
0.6432132720947266	0.23262862861156464
0.6432132720947266	0.08902990072965622
0.6432132720947266	0.07504072785377502
0.5839585065841675	0.1012704148888588
0.3577626943588257	0.38486209511756897
0.05192896351218223	0.3535090386867523
-0.2921324670314789	0.3218967914581299
-0.2926843464374542	-0.04234625771641731
-0.2926843464374542	0.1797787845134735
-0.2926843464374542	-0.01897081546485424
-0.21778655052185056	0.1750355064868927
0.0010997544741258023	-0.12862196564674375
0.11815594136714937	-0.12355682253837584
0.20772793889045715	-0.15992629528045654
0.4327218234539032	-0.28098270297050476
0.7305592894554137	-0.26718032360076904
0.878300666809082	-0.35948488116264343
1.093225598335266	-0.2575869560241699
1.2427698373794556	-0.04501431807875634
1.3522037267684937	0.16246795654296875
1.3522037267684937	0.1632905751466751
1.3522037267684937	0.04593828320503235
1.25031840801239	0.2486128807067871
1.1394004821777344	0.2818257510662079
1.0537469387054443	0.5915297269821167
0.9875383377075196	0.4509569108486175
0.8854138851165771	0.2999441623687744
0.6711450815200806	0.18916691839694977
0.5121206045150757	0.29416972398757935
0.3794826865196228	0.4404657185077667
0.20123401284217832	-0.14627224206924438
0.028731122612953183	-0.0737609714269638
-0.05088842660188675	-0.39669111371040344
-0.059258781373500824	-0.4578789174556732
-0.059258781373500824	-0.1352870613336563
-0.05088842660188675	0.19876746833324432
0.038137804716825485	0.3080638647079468
0.16071903705596924	-0.16906434297561643
0.26046422123908997	-0.09199565649032591
0.41134524345397955	-0.19086298346519473
0.5229008793830872	-0.3430010974407196
0.5957874059677124	-0.3069442808628082
0.7409471273422241	-0.28135716915130615
0.8337200880050659	-0.3397505581378937
0.8918035626411438	-0.3358372747898102
0.9160377383232117	-0.32165631651878357
0.9160377383232117	-0.6449466943740845
0.9160377383232117	-0.6449466943740845
0.7156827449798584	-0.6449466943740845
0.43572044372558594	-0.6449466943740845
0.24276691675186157	-0.6449466943740845
0.050383664667606354	-0.6449466943740845
-0.21300962567329407	-0.6449466943740845
-0.3429003655910492	-0.2613619565963745
-0.6292952299118042	-0.2414415627717972
-0.7434263825416565	-0.16324089467525482
-0.9191548228263854	-0.19538243114948273
-1.0260193347930908	-0.6376163959503174
-1.0260193347930908	-0.579743504524231
-1.0260193347930908	-0.6085622906684875
-0.6244876384735107	-1.131669521331787
-0.12219280749559402	-1.0920275449752808
0.33980169892311096	-1.1598269939422607
0.6452000737190247	-0.49990049004554754
0.956908404827118	-0.5900902152061462
1.143895387649536	-0.8559265732765199
1.485025644302368	-0.41059431433677673
1.8713313341140747	-0.10699161887168884
2.1757853031158447	0.28953441977500916
2.403428316116333	0.7752959728240967
2.6007847785949707	0.43195328116416926
2.7206125259399414	0.7273240685462952
2.7206125259399414	0.743056058883667
2.7206125259399414	-0.6940476298332214
2.6484434604644775	-0.531354546546936
2.53188419342041	-0.39205247163772583
2.385688066482544	0.3527492582798004
2.0726428031921382	0.9029897451400757
1.6168479919433592	1.117882490158081
1.0440336465835571	1.1235485076904297
0.8059170246124268	0.469039648771286
0.6746894717216492	-0.45360267162323
0.606628954410553	-0.9519575238227845
0.606628954410553	-1.1393563747406004
0.606628954410553	-0.8929105997085571
0.9950993061065674	0.05846751853823662
1.3225672245025635	0.18473199009895325
1.579313278198242	0.22540345788002017
1.628633975982666	0.01983993500471115
1.6409595012664795	0.1504509001970291
1.6409595012664795	0.17873620986938477
1.6409595012664795	0.7568484544754028
1.473546266555786	0.6163115501403809
1.1647813320159912	0.8215690255165101
0.9042150378227232	-0.026095831766724583
0.44645166397094727	-0.2582226097583771
-0.11993618309497832	-0.7167931199073792
-0.42659163475036627	-0.9224866032600403
-0.42659163475036627	-0.9874242544174193
-0.42659163475036627	-0.45536476373672485
-0.2366673648357391	-0.2636881172657013
-0.2366673648357391	-0.35093772411346436
-0.2366673648357391	-0.29737868905067444
-0.39986783266067505	-0.5253114700317383
-0.39986783266067505	0.23579354584217072
-0.39986783266067505	0.3073809742927551
-0.3603217303752899	0.5959677696228027
0.09570622444152832	1.2247304916381836
0.4600588679313659	1.0541234016418457
0.8149189352989197	1.3812551498413084
1.0820467472076416	1.4008830785751343
1.2513915300369263	1.4226504564285278
1.4769924879074097	1.4202513694763184
1.8240586519241333	1.7118830680847168
2.2972567081451416	1.7834633588790891
2.2972567081451416	1.6181108951568604
2.2972567081451416	1.7206263542175293
2.143934965133667	1.6161198616027832
1.5759650468826292	1.40480899810791
1.3186242580413818	1.1775633096694946
1.1838093996047971	1.044713258743286
1.1107021570205688	0.31630316376686096
1.1107021570205688	0.4198445677757263
0.9628688097000122	-0.06241543963551521
0.8042674660682678	-0.05304719507694244
0.5625144243240356	0.12079977989196776
0.16208037734031677	-0.012105414643883703
-0.054021943360567086	-0.304425448179245
-0.06561166048049927	-0.38600167632102966
-0.06561166048049927	-0.18093976378440857
-0.06561166048049927	0.3373914659023285
0.1882584244012833	0.42966148257255554
0.2830856442451477	0.6708614826202393
0.501628577709198	0.4943748414516449
0.7383777499198914	0.2899380326271057
0.9502918124198912	0.27553388476371765
0.9574664235115052	0.3639582097530365
0.9574664235115052	0.8185536861419679
0.9574664235115052	1.0386760234832764
0.7117336392402649	0.869921863079071
0.28066346049308777	0.7692773342132568
-0.40035837888717646	0.6238301992416382
-0.7332777380943297	0.6633628010749817
-0.9438304901123047	0.6297709941864014
-0.9438304901123047	-0.027545655146241188
-0.9438304901123047	-0.11075133830308914
-0.9038122296333314	-0.33644238114356995
-0.7444750070571899	-0.6449466943740845
-0.569470226764679	-0.6449466943740845
-0.3733524978160858	-0.6449466943740845
-0.17545646429061887	-0.6449466943740845
-0.01159374974668026	-0.6449466943740845
0.10967520624399184	-0.6449466943740845
0.20078636705875397	-0.6449466943740845
0.41738536953926086	-0.6449466943740845
0.504142701625824	-0.6449466943740845
0.5802240371704102	-0.3810077011585235
0.6425877809524536	-0.37645724415779114
0.6506822109222412	-0.3648282587528229
0.6506822109222412	-0.31090816855430603
0.6506822109222412	-0.6449466943740845
0.6734630465507507	-0.36463430523872375
0.6506822109222412	-0.3499939739704132
0.6503878235816956	-0.3333640992641449
0.6503878235816956	-0.3170267343521118
0.6503878235816956	-0.6449466943740845
0.6394726634025574	-0.6449466943740845
0.6394726634025574	-0.6449466943740845
0.6046053767204285	-0.6449466943740845
0.5940519571304321	-0.6449466943740845
0.5927642583847046	-0.6449466943740845
0.5883184671401978	-0.6449466943740845
0.5276655554771423	-0.6449466943740845
0.46762591600418085	-0.6449466943740845
0.3929611146450042	-0.6449466943740845
0.26836240291595453	-0.6449466943740845
0.1471179872751236	-0.6449466943740845
-0.009809301234781742	-0.5018143653869629
-0.08314342051744461	-0.573822021484375
-0.11042525619268416	-0.18050794303417203
-0.12015081197023392	-0.28603044152259827
-0.12384235113859177	-0.4163256883621216
-0.19783873856067655	-0.3769768178462982
-0.2117096036672592	-0.6449466943740845
-0.22117148339748385	-0.6449466943740845
-0.21726532280445096	-0.6449466943740845
-0.23683907091617584	-0.6449466943740845
-0.23683907091617584	-0.6449466943740845
-0.2530585527420044	-0.6449466943740845
-0.2833267152309418	-0.6449466943740845
-0.32124781608581543	-0.6449466943740845
-0.4682533144950866	-0.36414363980293274
-0.5884552597999573	-0.3476029336452484
-0.694479763507843	-0.3008461892604828
-0.7298805117607117	-0.31773102283477783
-0.7298805117607117	-1.041147232055664
-0.7298805117607117	-1.7078232765197752
-0.6808357834815979	-1.7658259868621826
-0.4355384111404419	-1.733825445175171
-0.3075241148471832	-1.0639528036117551
-0.30602172017097473	-0.12103675305843352
-0.29530277848243713	-0.15984423458576202
-0.2685728371143341	0.3351556956768036
0.009010199457406996	0.24679438769817352
0.4388110339641571	0.9877392053604125
0.614692747592926	0.9220841526985168
0.614692747592926	0.7121888995170593
0.614692747592926	0.4895078241825104
0.5106059908866882	-0.31561681628227234
0.5065035820007324	-0.28512024879455566
0.41829293966293335	-0.33144810795783997
0.36659297347068787	-0.3227521777153015
0.36659297347068787	-0.2738015949726105
0.36659297347068787	-0.3158785104751587
0.3978300392627716	-0.3848152160644531
0.41631838679313654	-0.3358044922351837
0.4404667019844055	-0.2977561950683594
0.5163640379905701	-0.30662545561790466
0.6019440293312073	-0.3688993752002716
0.6724205613136292	-0.6449466943740845
0.7371145486831666	-0.6449466943740845
0.8556424379348755	-0.6449466943740845
0.8556424379348755	-0.6449466943740845
0.8556424379348755	-0.3455142080783844
0.8258218765258789	-0.2981873154640198
0.7743733525276184	-0.24507130682468417
0.6940179467201233	-0.2800798714160919
0.5053814053535461	-0.6449466943740845
0.49629360437393183	-0.6449466943740845
0.3149113953113556	-0.6449466943740845
0.2744148373603821	-0.6449466943740845
0.091701939702034	-0.6449466943740845
0.03264955058693886	-0.6449466943740845
-0.11000826954841612	-0.6449466943740845
-0.13008485734462738	-0.6449466943740845
-0.13077779114246368	-0.6449466943740845
-0.13077779114246368	-0.6449466943740845
-0.13077779114246368	-0.6449466943740845
-0.07494476437568665	-0.6449466943740845
-0.06310975551605225	-0.6449466943740845
-0.054494116455316544	-0.6449466943740845
-0.035656221210956573	-0.6449466943740845
0.005711114499717951	-0.6449466943740845
0.14359813928604123	-0.6449466943740845
0.1804828941822052	-0.48291921615600586
0.36628022789955134	-0.4688970744609833
0.40907022356987	-0.44276127219200134
0.4204943776130676	-0.42423346638679504
0.42422884702682495	-0.6449466943740845
0.43407702445983887	-0.6449466943740845
0.42422884702682495	-0.6449466943740845
0.42422884702682495	-0.6449466943740845
0.4221929609775543	-0.6449466943740845
0.36905196309089666	-0.6449466943740845
0.2827361226081848	-0.3450654149055481
0.26663315296173096	-0.2876627743244171
0.2659156918525696	-0.1369061917066574
0.23274701833724976	0.025005657225847244
0.22586064040660855	-0.03807969763875008
0.21090437471866608	-0.20230169594287872
0.21090437471866608	-0.13519813120365143
0.17894986271858215	-0.052987247705459595
0.09246845543384552	0.17695143818855283
-0.014261226169764996	0.1852121353149414
-0.1455991417169571	0.4489341676235199
-0.3481617271900177	0.3429384529590606
-0.4260397255420685	-0.1742088347673416
-0.6553016304969788	0.06528105586767197
-0.799063205718994	-0.7044168710708618
-0.799063205718994	-0.39529386162757874
-0.799063205718994	-0.09630946069955824
-0.3317030966281891	0.006876528263092041
0.32002559304237366	0.1861804127693176
0.7433876991271973	0.1795433610677719
1.160912036895752	0.4496314525604248
1.4153523445129395	0.41045114398002625
1.5814226865768433	0.4714941084384918
1.5814226865768433	0.3784734010696411
1.5814226865768433	0.0879211351275444
1.5426859855651855	-0.13260886073112488
1.5426859855651855	-0.3081181049346924
1.5426859855651855	-0.1654788553714752
1.5426859855651855	-0.21177764236927032
1.5426859855651855	-0.5174151062965393
1.4338223934173584	-0.19761665165424344
1.4338223934173584	-0.0959065705537796
1.4338223934173584	-0.7899793386459351
1.5171824693679807	-1.0618010759353635
1.66862154006958	0.4926398694515228
1.66862154006958	-0.2078623324632645
1.66862154006958	0.14752840995788574
1.5822443962097168	0.4057133197784424
1.3292573690414429	0.6387882232666016
0.8349342346191406	0.4506717622280121
0.7909484505653381	0.6574357151985168
0.7909484505653381	0.4498398602008819
0.7909484505653381	0.24862562119960785
0.8364856839179992	0.06234446540474891
0.9065390825271606	0.05166469141840934
1.13520610332489	0.190388485789299
1.4906916618347168	0.14897914230823517
1.5420114994049072	0.32523247599601746
1.5420114994049072	0.10780582576990128
1.5420114994049072	0.21335497498512268
1.411317467689514	-0.08518590033054352
1.231339454650879	-0.02188725396990776
1.100167155265808	-0.6331250667572021
0.9219245910644532	-0.2761313319206238
0.7799106240272522	-0.26226451992988586
0.5637838244438171	-0.2999047040939331
0.42355430126190186	-0.46875348687171936
0.42355430126190186	-0.4750860035419464
0.42355430126190186	-0.16346345841884613
0.42428404092788696	0.36881870031356806
0.6133130192756653	0.6527336835861206
0.7352687716484071	0.548422634601593
0.8196161985397339	0.4767780303955078
0.9868025183677672	0.11587685346603392
1.1932344436645508	-0.16864131391048431
1.1932344436645508	-0.3556050658226013
1.1932344436645508	-0.8389313220977782
1.128779649734497	-0.7264222502708435
0.9233410954475403	-1.1073541641235352
0.7143520712852478	-0.5563902854919434
0.4936506450176239	-0.45965421199798584
0.3143472373485565	-0.29994887113571167
0.17249885201454163	-0.06277613341808319
0.05687759071588516	-0.10100110620260239
-0.22153328359127045	-0.16743631660938263
-0.5182117819786072	-0.14953060448169708
-0.7255880236625672	-0.32916051149368286
-0.7255880236625672	-0.3259221017360687
-0.7255880236625672	-0.2948404848575592
-0.7157275676727295	-0.42600587010383606
-0.6603851318359375	-0.6449466943740845
-0.6366415619850159	-0.6449466943740845
-0.48571148514747614	-0.6449466943740845
-0.47330003976821894	-0.6449466943740845
-0.44568708539009094	-0.6449466943740845
-0.39775222539901733	-0.6449466943740845
-0.3411710858345032	-0.6449466943740845
-0.3122580945491791	-0.6449466943740845
-0.3027471899986267	-0.6449466943740845
-0.2984914779663086	-0.6449466943740845
-0.2696766257286072	-0.6449466943740845
-0.2549227178096771	-0.6449466943740845
-0.2549227178096771	-0.6449466943740845
-0.2294069230556488	-0.6449466943740845
-0.18788629770278928	-0.6449466943740845
-0.17231681942939758	-0.33869150280952454
-0.16880924999713895	-0.3572697341442108
-0.1129823550581932	-0.2962358593940735
-0.08674297481775284	-0.32837173342704773
-0.08088679611682892	-0.6449466943740845
-0.03323403000831604	-0.6449466943740845
-0.022692902013659477	-0.6449466943740845
-0.013139046728610992	-0.6449466943740845
-0.013139046728610992	-0.6449466943740845
-0.013139046728610992	-0.6449466943740845
-0.013139046728610992	-0.6449466943740845
-0.03793123736977578	-0.6449466943740845
-0.08559013903141022	-0.6449466943740845
-0.12168384343385696	-0.6449466943740845
-0.14026418328285217	-0.6449466943740845
-0.14046041667461395	-0.6449466943740845
-0.14026418328285217	-0.6449466943740845
-0.14026418328285217	-0.6449466943740845
-0.13488630950450897	-0.6449466943740845
-0.11441113799810408	-0.6449466943740845
-0.08771798759698868	-0.38706231117248535
-0.08592740446329117	-0.36369746923446655
-0.05503987520933151	-0.3732472062110901
-0.05503987520933151	-0.28586432337760925
-0.08592740446329117	-0.4197431802749634
-0.104654923081398	-0.6449466943740845
-0.12175129354000092	-0.6449466943740845
-0.1774984747171402	-0.6449466943740845
-0.2779427170753479	-0.6449466943740845
-0.3526381850242615	-0.6449466943740845
-0.38722336292266846	-0.6449466943740845
-0.4544805586338043	-0.6449466943740845
-0.5021578669548035	-0.6449466943740845
-0.5631418824195862	-0.6449466943740845
-0.6072502732276917	-0.6449466943740845
-0.6445519924163818	-0.6449466943740845
-0.7286295890808105	-0.6449466943740845
-0.7585973143577576	-0.6449466943740845
-0.7752950787544249	-0.6449466943740845
-0.7752950787544249	-0.6449466943740845
-0.7752950787544249	-0.6449466943740845
-0.721829056739807	-0.6449466943740845
-0.6092125177383423	-0.6449466943740845
-0.49535730481147766	-0.6449466943740845
-0.441701203584671	-0.39701768755912786
-0.3047769069671631	-0.3989518284797669
-0.1880947798490524	-0.3535368740558624
0.1655818223953247	-0.36440780758857727
0.409665048122406	-0.3890514075756073
0.7942414283752441	-0.37440273165702814
1.054225206375122	-0.3371616303920746
1.0760679244995115	-0.2768175005912781
1.085615634918213	-0.37866559624671936
1.0896750688552856	-0.6449466943740845
1.0896750688552856	-0.6449466943740845
1.085615634918213	-0.6449466943740845
1.0325175523757935	-0.5351648330688477
0.8902031183242798	-0.7515758872032164
0.6683182120323181	-0.5636510848999023
0.32985538244247437	-0.6468687057495117
0.07295602560043335	-0.6449466943740845
-0.2324730008840561	-0.6449466943740845
-0.4418238401412964	-0.6449466943740845
-0.5402138233184814	-0.6449466943740845
-0.6937193870544434	-0.6449466943740845
-0.7299357056617738	-0.6449466943740845
-0.8990352749824523	-0.6449466943740845
-0.9251275062561036	-0.6449466943740845
-0.9251275062561036	-0.6449466943740845
-0.9263662099838256	-0.6449466943740845
-0.9251275062561036	-0.6449466943740845
-0.9204241633415222	-0.6449466943740845
-0.8900394439697266	-0.6449466943740845
-0.8663265109062195	-0.6449466943740845
-0.8441098332405089	-0.6449466943740845
-0.7091785073280334	-0.6449466943740845
-0.7020223140716553	-0.6449466943740845
-0.6035832166671753	-0.6449466943740845
-0.5834269523620605	-0.6449466943740845
-0.5731678605079651	-0.6449466943740845
-0.492603987455368	-0.3457857668399811
-0.4610787332057953	-0.33871641755104065
-0.3595368266105652	-0.33510035276412964
-0.2476070821285248	-0.35756802558898926
-0.1506642699241638	-0.6449466943740845
0.048016663640737534	-0.36830663681030273
0.17575502395629883	-0.39666011929512024
0.18460367619991305	-0.5697921514511108
0.3225274980068207	-0.4506815373897552
0.48991620540618896	-0.6449466943740845
0.48991620540618896	-0.6449466943740845
0.48991620540618896	-0.6449466943740845
0.4363336563110351	-0.6449466943740845
0.38211950659751887	-0.6449466943740845
0.27042892575263977	-0.6449466943740845
0.18715465068817136	-0.6449466943740845
0.01877867802977562	-0.6449466943740845
-0.028493894264101986	-0.6449466943740845
-0.03428875654935837	-0.6449466943740845
-0.14423780143260956	-0.6449466943740845
-0.15690064430236816	-0.6449466943740845
-0.15690064430236816	-0.6449466943740845
-0.1757630705833435	-0.6449466943740845
-0.1757630705833435	-0.6449466943740845
-0.1563548892736435	-0.6449466943740845
-0.12432678788900375	-0.6449466943740845
-0.07011264562606812	-0.6449466943740845
-0.013255557045340538	-0.6449466943740845
0.0015596640296280384	-0.6449466943740845
0.0015596640296280384	-0.6449466943740845
0.0015596640296280384	-0.6449466943740845
-0.013132913969457148	-0.6449466943740845
-0.013132913969457148	-0.6449466943740845
-0.022459881380200383	-0.6449466943740845
-0.022459881380200383	-0.6449466943740845
-0.0794457420706749	-0.6449466943740845
-0.09132980555295944	-0.6449466943740845
-0.1105724275112152	-0.6449466943740845
-0.1210399642586708	-0.3834838569164276
-0.1210399642586708	-0.3623895049095154
-0.1210399642586708	-0.31625115871429443
-0.09919119626283644	-0.25620579719543457
0.027302335947752	-0.3917848467826843
0.1100860610604286	-0.6449466943740845
0.1325235217809677	-0.6449466943740845
0.17042620480060575	-0.6449466943740845
0.2386583834886551	-0.6449466943740845
0.29024797677993774	-0.6449466943740845
0.36341038346290594	-0.6449466943740845
0.38299641013145447	-0.6449466943740845
0.39649936556816107	-0.6449466943740845
0.39649936556816107	-0.6449466943740845
0.39649936556816107	-0.6147898435592651
0.3052103817462921	-0.837375283241272
0.27765873074531555	-0.625653862953186
0.24548958241939545	-0.7255793809890747
0.20851898193359375	-0.6449466943740845
0.1560034304857254	-0.6449466943740845
0.13866791129112244	-0.6449466943740845
0.05597003549337387	-0.6449466943740845
0.05597003549337387	-0.6449466943740845
0.05597003549337387	-0.6449466943740845
0.08759341388940811	-0.6449466943740845
0.09188590943813325	-0.6449466943740845
0.09303874522447586	-0.6449466943740845
0.16098885238170624	-0.6449466943740845
0.17975929379463196	-0.6449466943740845
0.2758742570877075	-0.6449466943740845
0.415012240409851	-0.21852660179138184
0.5063441395759583	-0.1775173246860504
0.6676129698753357	0.15718770027160645
0.9162339568138124	0.7101145386695862
1.0744060277938843	0.7445072531700134
1.3124307394027708	0.8712911605834962
1.5528714656829832	0.9898875951766968
1.8250888586044312	1.0367565155029297
2.045091152191162	1.1171445846557615
2.0550804138183594	1.4173016548156738
2.0550804138183594	1.3499000072479248
2.0550804138183594	1.1362278461456299
1.9046103954315183	0.39688780903816223
1.7409316301345823	0.08260919153690338
1.5192612409591675	-0.02502136304974556
1.2632756233215332	-0.3520042896270752
1.1411665678024292	-0.281078040599823
0.963623046875	-0.24843545258045197
0.7628939747810363	-0.2305532991886139
0.49840304255485535	-0.2586566507816314
0.17921967804431915	-0.20018285512924192
-0.03459536284208298	0.21553486585617063
-0.3324757218360901	0.12513326108455655
-0.40199565887451166	-0.016931824386119843
-0.4441295266151428	-0.23655305802822113
-0.4441295266151428	-0.6449466943740845
-0.4890350997447967	-0.6449466943740845
-0.470368891954422	-0.375675231218338
-0.4441295266151428	-0.3638597428798675
-0.4273826777935028	-0.3338440954685211
-0.3708322048187256	-0.29892265796661377
-0.2996504604816437	-0.3222482204437256
-0.19222170114517212	-0.39237239956855774
0.09314912557601927	-0.33233895897865295
0.41865473985672	-0.20987512171268463
0.662872850894928	0.07427185028791428
0.8157222867012024	-0.022345181554555893
1.044879913330078	0.07850755751132965
1.0493992567062376	0.15221212804317474
1.1747890710830688	-0.1145087108016014
1.1747890710830688	-0.04014904052019119
1.1747890710830688	-0.0546332523226738
1.1400872468948364	-0.2849678695201874
1.0319533348083496	0.012957503087818623
0.9164976477622986	0.20362763106822968
0.48225101828575134	0.14286990463733673
0.07183384895324707	0.17257392406463623
0.07183384895324707	0.12916933000087738
0.07183384895324707	0.29475855827331543
0.15409021079540253	1.0273473262786863
0.5392798185348511	1.151198387145996
0.6221432685852051	1.4591296911239624
0.6399816274642944	0.9469372034072877
0.6399816274642944	0.525644063949585
0.6399816274642944	0.3707052171230316
0.6607450246810913	0.00011950932093895972
0.6607450246810913	0.3659626245498658
0.5385746359825134	0.3695421516895294
0.5385746359825134	-0.03399835526943207
0.5385746359825134	0.5477775931358337
0.4608928263187408	0.37322357296943665
0.2822210192680359	-0.13561823964118955
0.15184585750102997	-0.584504246711731
0.12124039977788924	-0.45989540219306946
0.12035124748945236	-0.09529581665992735
0.12124039977788924	-0.168086901307106
0.15184585750102997	0.1640118956565857
0.17812201380729675	0.1572723537683487
0.4439804255962372	0.6010192036628723
1.144864201545715	0.697745680809021
1.5669876337051392	1.4893932342529297
1.9501658678054807	1.64919912815094
2.0270442962646484	0.4019340276718139
2.0270442962646484	0.2720112204551697
2.0270442962646484	0.18066246807575223
1.908976435661316	0.33657315373420715
1.828945994377136	-0.0035117974039167166
1.547818660736084	0.15246175229549408
1.1334339380264282	-0.33510544896125793
0.993878960609436	0.16311530768871307
0.9928488135337828	-0.061583831906318665
0.9864161610603333	-0.301400363445282
0.9302152395248413	-0.16057461500167847
0.872671365737915	-0.30922919511795044
0.8622283339500427	-0.30979618430137634
0.8442366719245911	-0.28993159532546997
0.814091145992279	-0.5085771679878235
0.7481339573860168	-0.6449466943740845
0.6519208550453186	-0.6449466943740845
0.5509002208709717	-0.6449466943740845
0.45329511165618896	-0.3736331164836883
0.2407187819480896	-0.3315146565437317
-0.058142732828855515	-0.2822786271572113
-0.3092411160469055	-0.1620860993862152
-0.40121689438819885	-0.3261898458003998
-0.4097834825515747	-0.2991660237312317
-0.43800351023674006	-0.31732818484306335
-0.43800351023674006	-0.6449466943740845
-0.43800351023674006	-0.6449466943740845
-0.3277539908885956	-0.6449466943740845
-0.305721253156662	-0.6449466943740845
-0.22803333401679993	-0.6449466943740845
-0.13909295201301575	-0.6449466943740845
-0.08498919010162354	-0.6449466943740845
-0.019614573568105698	-0.6449466943740845
0.013523445464670658	-0.6449466943740845
0.030417457222938538	-0.6449466943740845
0.030417457222938538	-0.6449466943740845
0.030417457222938538	-0.6449466943740845
-0.00693333288654685	-0.6449466943740845
-0.07671694457530975	-0.6449466943740845
-0.1749904304742813	-0.3742075562477112
-0.19376699626445767	-0.36888930201530457
-0.3363328278064728	-0.34443140029907227
-0.3434399664402008	-0.3674715459346771
-0.36332646012306213	-0.39087942242622375
-0.45854002237319946	-0.37206691503524786
-0.5194565653800964	-0.3491383492946625
-0.5737688541412354	-0.380045861005783
-0.585107147693634	-0.6449466943740845
-0.585107147693634	-0.3764019906520843
-0.5737688541412354	-0.20498599112033844
-0.40281736850738525	0.0034655688796192408
-0.3082599639892578	0.3249557912349701
-0.13882313668727875	0.3284117579460144
-0.051078520715236664	0.5394554734230042
-0.043836478143930435	0.32949790358543396
-0.0415491946041584	-0.1093260794878006
0.05109499394893646	-0.11750221252441406
0.1683228760957718	-0.16741871833801267
0.226706862449646	-0.3275631368160248
0.226706862449646	-0.29841148853302
0.226706862449646	-0.44759371876716614
0.12248522788286208	-0.6449466943740845
0.01880320720374584	-0.6449466943740845
0.013934298418462276	-0.6449466943740845
0.013934298418462276	-0.6449466943740845
0.01880320720374584	-0.6449466943740845
0.01880320720374584	-0.6449466943740845
0.01566355861723423	-0.6449466943740845
0.01566355861723423	-0.6449466943740845
0.009678601287305357	-0.6449466943740845
-0.005326715297996998	-0.6449466943740845
-0.005326715297996998	-0.6449466943740845
-0.005326715297996998	-0.6449466943740845
0.020268786698579788	-0.6449466943740845
0.03259436413645744	-0.6449466943740845
0.03259436413645744	-0.6449466943740845
0.03259436413645744	-0.6449466943740845
-0.008153626695275307	-0.6449466943740845
-0.03914539888501167	-0.6449466943740845
-0.05813046917319298	-0.6449466943740845
-0.09163028001785278	-0.6449466943740845
-0.20551615953445432	-0.6449466943740845
-0.2665553689002991	-0.6449466943740845
-0.37492233514785767	-0.6449466943740845
-0.46849244832992554	-0.6449466943740845
-0.5877562165260315	-0.6449466943740845
-0.6356604099273682	-0.6449466943740845
-0.7300031781196593	-0.6449466943740845
-0.7606883645057678	-0.6449466943740845
-0.8333908319473268	-0.6449466943740845
-0.8333908319473268	-0.6449466943740845
-0.8333908319473268	-0.6449466943740845
-0.7687276005744934	-0.6449466943740845
-0.6853429079055786	-0.6449466943740845
-0.5639390349388123	-0.6449466943740845
-0.419466108083725	-0.6449466943740845
-0.3658038377761841	-0.6449466943740845
-0.2728346586227417	-0.6449466943740845
-0.16300824284553528	-0.6449466943740845
-0.08111981302499771	-0.6449466943740845
0.004509217571467161	-0.6449466943740845
0.06827108561992645	-0.6449466943740845
0.07597916573286057	-0.6449466943740845
0.14286229014396667	-0.6449466943740845
0.1509321630001068	-0.6449466943740845
0.1509321630001068	-0.6449466943740845
0.1509321630001068	-0.6449466943740845
0.16620729863643646	-0.6449466943740845
0.1509321630001068	-0.6449466943740845
0.16620729863643646	-0.6449466943740845
0.16620729863643646	-0.6449466943740845
0.14469578862190247	-0.6449466943740845
0.14348162710666656	-0.6449466943740845
0.1127290055155754	-0.6449466943740845
0.10368411988019945	-0.6449466943740845
0.055724747478961945	-0.6449466943740845
0.041994914412498474	-0.6449466943740845
-0.04054965823888779	-0.6449466943740845
-0.05954085662961006	-0.6449466943740845
-0.18132491409778592	-0.6449466943740845
-0.27673467993736267	-0.6449466943740845
-0.35563063621520996	-0.6449466943740845
-0.5450888872146606	-0.6449466943740845
-0.6150687336921692	-0.6449466943740845
-0.6741640567779541	-0.6449466943740845
-0.8342064023017883	-0.6449466943740845
-0.9486013054847717	-0.6449466943740845
-0.9913483262062072	-0.6449466943740845
-1.0552083253860471	-0.6449466943740845
-1.0552083253860471	-0.6449466943740845
-1.0552083253860471	-0.6449466943740845
-1.0111305713653564	-0.6449466943740845
-1.0070282220840454	-0.6449466943740845
-1.0010616779327393	-0.6449466943740845
-0.9511583447456362	-0.6449466943740845
-0.9480493664741517	-0.6449466943740845
-0.8646156787872313	-0.6449466943740845
-0.7801333069801332	-0.6449466943740845
-0.7780361175537108	-0.6449466943740845
-0.6774385571479797	-0.6449466943740845
-0.544837474822998	-0.6449466943740845
-0.5391100645065308	-0.6449466943740845
-0.46561035513877874	-0.6449466943740845
-0.37225484848022466	-0.6449466943740845
-0.3016740679740906	-0.6449466943740845
-0.24238251149654388	-0.6449466943740845
-0.2067425847053528	-0.6449466943740845
-0.1688828319311142	-0.6449466943740845
-0.15036992728710175	-0.6449466943740845
-0.14844444394111633	-0.6449466943740845
-0.11699889600276948	-0.6449466943740845
-0.07953159511089325	-0.6449466943740845
-0.07113058120012283	-0.6449466943740845
-0.05954085662961006	-0.6449466943740845
-0.05954085662961006	-0.6449466943740845
-0.07113058120012283	-0.6449466943740845
-0.07113058120012283	-0.6449466943740845
-0.052225228399038315	-0.6449466943740845
-0.07479146122932434	-0.6449466943740845
-0.07479146122932434	-0.6449466943740845
-0.16974133253097534	-0.6449466943740845
-0.1832749396562576	-0.6449466943740845
-0.22986070811748505	-0.6449466943740845
-0.26451337337493896	-0.6449466943740845
-0.3254237771034241	-0.6449466943740845
-0.3254237771034241	-0.3372803032398224
-0.3254237771034241	-0.27532872557640076
-0.26257559657096863	-0.06765444576740265
-0.20235811173915863	0.4259409010410309
-0.04753415286540985	-0.12726445496082303
0.22345070540905	0.4924823343753814
0.6443170309066772	0.6921971440315247
1.0236934423446655	0.508745551109314
1.243775486946106	0.7203763723373413
1.441745042800903	0.47178778052330017
1.5937789678573608	-0.2144775837659836
1.630798578262329	-0.44759371876716614
1.6411863565444946	-0.6449466943740845
1.6411863565444946	-0.6449466943740845
1.6411863565444946	-0.6449466943740845
1.5096583366394043	-0.6449466943740845
1.304526448249817	-0.10297249257564545
0.9446993470191957	-0.064747154712677
0.6100506782531738	-0.07848009467124939
0.31320667266845703	-0.0574750192463398
0.16390161216259003	-0.6449466943740845
0.03334861621260643	-0.6449466943740845
-0.08327218890190125	-0.6449466943740845
-0.1471137702465057	-0.6449466943740845
-0.27596205472946167	-0.6449466943740845
-0.2808187007904053	-0.6449466943740845
-0.2808187007904053	-0.6449466943740845
-0.2808187007904053	-0.6449466943740845
-0.231853649020195	-0.6449466943740845
-0.20155480504035947	-0.6449466943740845
-0.19819439947605133	-0.6449466943740845
-0.1600954830646515	-0.6449466943740845
-0.12397725880146027	-0.6449466943740845
-0.08844157308340073	-0.6449466943740845
-0.07552118599414825	-0.4127061069011688
-0.07552118599414825	-0.37066313624382013
-0.07552118599414825	-0.37453141808509827
-0.08844157308340073	-0.3220157325267792
-0.0786363035440445	-0.40363684296607966
-0.07911460846662521	-0.6449466943740845
-0.07911460846662521	-0.6449466943740845
-0.08960667997598648	-0.6449466943740845
-0.0921085849404335	-0.6449466943740845
-0.10559313744306564	-0.6449466943740845
-0.10559313744306564	-0.6449466943740845
-0.10579549521207808	-0.6449466943740845
-0.10579549521207808	-0.6449466943740845
-0.10541530698537827	-0.6449466943740845
-0.07827451080083847	-0.6449466943740845
-0.03423969820141792	-0.6449466943740845
-0.03423969820141792	-0.6449466943740845
-0.03423969820141792	-0.6449466943740845
-0.06712016463279724	-0.6449466943740845
-0.06712016463279724	-0.6449466943740845
-0.08300238102674484	-0.6449466943740845
-0.09252557158470154	-0.6449466943740845
-0.1024780198931694	-0.6449466943740845
-0.1110568642616272	-0.3547564446926117
-0.18650043010711667	-0.35887306928634644
-0.22542104125022888	-0.34443196654319763
-0.3311450481414795	-0.3322784900665283
-0.5051625967025757	-0.6449466943740845
-0.6687861680984497	-0.38526996970176697
-0.7875286936759949	-0.36587420105934143
-0.9530654549598693	-0.2989403307437897
-1.018078327178955	-0.25147098302841187
-1.1180688142776487	-0.3266574442386627
-1.1468346118927	-0.6449466943740845
-1.1476194858551023	-0.6449466943740845
-1.161937952041626	-0.6449466943740845
-1.171700358390808	-0.37571835517883295
-1.171700358390808	-0.21522580087184903
-1.171700358390808	-0.16036060452461243
-1.171700358390808	-0.21932114660739896
-1.2236578464508057	-0.285595178604126
-1.1692229509353635	-0.37840357422828674
-1.1692229509353635	-0.32466068863868713
-1.1692229509353635	-0.3147366940975189
-1.0956006050109863	-0.33310163021087646
-0.9698674678802489	-0.5971817970275879
-0.9660348892211914	-0.6449466943740845
-0.9581244587898254	-0.6449466943740845
-0.9202279448509216	-0.6449466943740845
-0.7311866879463195	-0.6449466943740845
-0.5875599980354309	-0.6449466943740845
-0.4062023162841797	-0.3863450288772583
-0.12300224602222443	-0.35274702310562134
0.004797427449375391	-0.2842690944671631
0.09844728559255601	-0.08441296219825745
0.10849171131849288	-0.0135237630456686
0.12461307644844057	-0.09031924605369568
0.16859883069992063	0.3249746561050415
0.18621642887592316	0.6916903257369995
0.44342851638793945	0.6512179374694824
0.44342851638793945	1.0403965711593628
0.44342851638793945	0.7845531105995177
0.48488783836364746	0.39950069785118103
0.48488783836364746	-0.3307773172855377
0.48488783836364746	-0.868389070034027
0.6362287402153015	-0.18243835866451263
0.8452730178833008	-0.005418678745627403
1.209208607673645	-0.11986717581748962
1.4412667751312256	-0.31965580582618713
1.6292349100112915	-0.6449466943740845
1.664028525352478	-0.372281938791275
1.664028525352478	-0.3041456639766693
1.664028525352478	-0.13330473005771637
1.5764740705490112	-0.15739496052265167
1.338075280189514	-0.0035520063247531652
0.954063057899475	-0.10668212175369261
0.5108696818351746	-0.195726677775383
0.439675658941269	0.03101213648915291
0.4269698858261108	0.5477757453918457
0.4192863404750824	0.34998035430908203
0.4192863404750824	0.1509002298116684
0.2731822729110718	0.3053661286830902
0.007354524917900561	-0.6962499618530273
-0.023306114599108696	-0.4668829143047333
-0.023306114599108696	-0.3235085606575012
-0.023306114599108696	0.013356022536754608
-0.023306114599108696	0.0977090373635292
-0.023306114599108696	0.0907447338104248
-0.029934944584965702	-0.0888800173997879
-0.12440650910139084	-0.22853250801563263
-0.22432339191436768	-0.3796405792236328
-0.3451017737388611	-0.649401068687439
-0.5172367691993713	-0.31625130772590637
-0.584653377532959	-0.2642863094806671
-0.6965769529342651	0.0143916429951787
-0.6965769529342651	0.02884976752102375
-0.6965769529342651	0.2087006568908691
-0.5216825604438782	0.18781267106533048
-0.3941771984100342	0.21921931207180023
-0.15725018084049225	0.30651429295539856
0.21782141923904416	0.27124717831611633
0.8134840726852418	0.1370343565940857
1.3551348447799683	-0.10355733335018157
1.8483358621597288	0.43200960755348206
2.0634262561798096	0.1382465362548828
2.2414419651031494	0.5908948183059692
2.2414419651031494	0.883242428302765
2.2414419651031494	0.8744170665740967
1.995660185813904	0.7007471919059753
1.7924352884292603	0.6176775693893433
1.7264413833618164	-0.16436029970645905
1.5463652610778809	-0.13396307826042175
1.3095241785049438	-0.029383275657892227
1.0251283645629883	0.3329520523548126
0.793333888053894	0.5490466356277466
0.7705284953117372	0.7011477947235107
0.7456443309783936	0.6767569780349731
0.676921546459198	0.6715446710586548
0.7456443309783936	0.5077183246612549
0.7456443309783936	0.2739221155643463
0.8458248972892761	0.32597193121910095
0.9720425009727478	0.7619279623031616
1.115196943283081	0.564864456653595
1.1839442253112793	0.3912259638309478
1.2655383348464964	0.044302236288785934
1.3563060760498047	0.3481872081756592
1.3770756721496582	0.35954344272613525
1.3915045261383057	0.9115235805511476
1.4850072860717771	0.9770879745483398
1.4850072860717771	0.541218638420105
1.4850072860717771	0.9216995239257812
1.4096494913101196	0.4443926513195038
1.1738384962081907	0.5368192195892334
1.0000479221343994	0.6371748447418213
0.9117636680603028	0.5747544765472412
0.8577641248703003	0.37844645977020264
0.8033169507980347	0.1788855940103531
0.8033169507980347	0.212581530213356
0.8033169507980347	0.24402663111686704
0.9022833704948424	0.2750852406024933
1.028838276863098	0.7884936928749084
1.1122535467147827	0.8938403129577637
1.5167593955993652	1.0998859405517578
1.9671764373779297	1.271256685256958
2.311973810195923	1.403432846069336
2.512580156326294	1.3286713361740112
2.665276288986206	0.9833171367645264
2.6999964714050293	0.8192006349563599
2.6999964714050293	0.49759283661842346
2.6999964714050293	0.3954523503780365
2.623706579208374	0.1480739861726761
2.5127642154693604	0.46720230579376226
2.3729026317596436	0.27533283829689026
2.3001999855041504	0.6375056505203247
2.121939182281494	0.7783052921295166
1.904138207435608	0.9276573657989501
1.7330946922302246	0.9739801883697509
1.7077690362930296	0.8225283026695251
1.6467666625976562	0.768027424812317
1.5168452262878416	1.2313783168792725
1.3794978857040403	0.9242395162582396
1.2722407579421997	1.4521243572235107
1.2561930418014526	1.1451759338378906
1.1883041858673096	1.1683931350708008
0.9677438735961914	0.9134913086891174
0.7442768812179564	0.7439033389091492
0.5085272192955017	1.0437829494476318
0.1329098343849182	1.1099729537963867
-0.26767754554748535	0.6054497957229614
-0.4990243315696716	0.7687218189239502
-0.4990243315696716	0.6598231792449951
-0.4990243315696716	0.33090105652809143
-0.1724026650190353	0.011648631654679775
0.12249749153852461	0.18790680170059204
0.22221815586090088	-0.05297284945845604
0.4790929853916168	0.08520932495594025
1.0703036785125732	0.039919186383485794
1.4251576662063599	0.2153589427471161
1.6204597949981687	0.0023536367807537317
1.8069255352020264	0.4912828505039215
2.065351724624634	0.8877108097076416
2.2688281536102295	1.3227896690368652
2.628072738647461	1.380001664161682
2.895071506500244	1.1353697776794431
2.9353229999542236	1.422282338142395
3.04363465309143	1.7096585035324097
3.04363465309143	1.052424073219299
3.04363465309143	0.47981604933738703
2.780266046524048	0.5408379435539246
2.4797732830047607	0.17532239854335785
2.220053195953369	-0.055716764181852334
1.7855122089385986	-0.1961350291967392
1.2879819869995115	-0.09155549108982086
0.8593523502349852	0.07473396509885787
0.7897159457206726	0.10520361363887785
0.7897159457206726	0.7160755395889282
0.7897159457206726	0.5331884026527405
0.7897159457206726	0.6750763058662415
0.7897159457206726	0.5236064195632935
0.7829031348228455	0.4657898247241974
0.7829031348228455	0.2983410358428955
0.7829031348228455	0.5042011141777039
0.7845710515975952	0.44704017043113714
0.8355597257614136	0.1147228628396988
0.8711076378822327	-0.1346048265695572
0.9059565067291261	0.5331900119781494
0.9059565067291261	0.502572774887085
0.9059565067291261	0.0066579245030879974
0.8457267880439758	0.39077821373939514
0.7094831466674805	-0.08690501749515533
0.6865857839584351	0.06290175765752792
0.6726781129837036	0.3679283857345581
0.6633143424987793	0.3469366729259491
0.6633143424987793	0.7626332640647888
0.6633143424987793	0.5964623093605042
0.6133191585540771	0.8178585171699523
0.4996172189712525	1.1089534759521484
0.2186676561832428	0.966663122177124
-0.2219809293746948	1.2492270469665527
-0.48803555965423584	1.2300732135772705
-0.48803555965423584	0.6698842644691467
-0.48803555965423584	0.5300710797309875
-0.18515136837959287	0.6223310232162476
0.20606613159179688	0.12792544066905975
0.31281420588493347	0.013263490051031113
0.3554018437862396	-0.34478291869163513
0.4420733153820038	-0.7644884586334229
0.7658864855766296	-0.9577454328536988
0.98737895488739	-0.6449466943740845
1.2920905351638792	-0.6449466943740845
1.3872182369232176	-0.6449466943740845
1.502342700958252	-0.532768726348877
1.502342700958252	-0.09828563779592514
1.502342700958252	0.13973264396190643
1.4769495725631712	0.3628387153148651
1.3745737075805664	0.4345156252384186
1.3330531120300293	0.33206489682197565
1.3139454126358032	-0.6449466943740845
1.2438613176345823	-0.3530162572860718
1.1247140169143677	-0.35096269845962524
1.0443586111068723	-0.34273210167884827
1.0267778635025024	-0.32592305541038513
0.9880289435386655	-0.6449466943740845
0.9749674797058104	-0.6449466943740845
0.9481762051582336	-0.6449466943740845
0.9399039745330812	-0.2719075679779053
0.912211298942566	-0.29257646203041077
0.9076919555664062	-0.19671101868152616
0.8467018008232117	-0.18976086378097537
0.7851536273956299	-0.6449466943740845
0.7196072936058044	-0.6449466943740845
0.6488057374954224	-0.6449466943740845
0.6222413778305054	-0.6449466943740845
0.6222413778305054	-0.6449466943740845
0.6222413778305054	-0.3267512619495392
0.7246172428131104	-0.3287898600101471
0.7284805178642274	-0.25614652037620544
0.7447490096092224	-0.25715819001197815
0.8396989107131958	-0.3930140435695648
0.9628994464874269	-0.29350876808166504
1.1260937452316284	-0.1884242445230484
1.2332650423049927	0.13864831626415253
1.3749784231185913	0.4336248338222504
1.5635597705841064	0.19633916020393372
1.6149102449417114	0.2943572998046875
1.6149102449417114	1.109182596206665
1.6149102449417114	0.9772530198097229
1.575750470161438	1.3747743368148804
1.5706546306610107	1.6424283981323242
1.416689157485962	1.522359013557434
1.2554019689559937	0.8589732050895691
1.023503303527832	0.43406197428703314
0.8229827284812928	-0.3392389416694641
0.6497930288314819	-0.6449466943740845
0.413883924484253	-0.3597637116909027
0.2890460789203644	-0.3603478968143463
0.2521122694015503	-0.3118896782398224
0.2436867356300354	-0.35637620091438293
0.2105916440486908	-0.38558366894721985
0.18646784126758575	-0.2893562912940979
0.1775088012218475	-0.23150759935379028
0.10813604295253752	0.24431054294109344
0.10813604295253752	0.31170573830604553
0.1506378203630447	0.16280671954154968
0.1506378203630447	0.05139517784118652
0.2594708204269409	-0.09153196960687637
0.27944931387901306	-0.3160574734210968
0.27944931387901306	-0.34161487221717834
0.27944931387901306	-0.24893884360790253
0.24946932494640353	-0.37982690334320063
0.10617989301681519	-0.3767168521881103
-0.0714249238371849	-0.33256492018699646
-0.1103026121854782	-0.31053188443183893
-0.1361066102981567	-0.3104287385940552
-0.139276921749115	-0.5511451363563538
-0.1567596048116684	-0.3631989061832428
-0.21044026315212247	-0.4523761570453644
-0.4263095557689666	-0.3515974283218384
-0.5654659271240234	-0.3024086058139801
-0.8260139226913453	-0.48099109530448914
-0.8610528707504272	-0.6449466943740845
-0.8610528707504272	-0.39387696981430054
-0.8610528707504272	-0.3793128430843354
-0.6937255263328552	-0.2010566145181656
-0.59791100025177	-0.21592068672180176
-0.4619924128055573	-0.3426583707332611
-0.3117859363555908	-0.1977695524692535
-0.22135545313358304	-0.33685752749443054
0.028835369274020195	-0.34265318512916565
0.2496778219938278	-0.3347925841808319
0.4213344752788544	-0.6449466943740845
0.5411991477012634	-0.6449466943740845
0.6917551755905151	-0.6449466943740845
0.7656472921371459	-0.6449466943740845
0.8185921311378478	-0.6449466943740845
0.8185921311378478	-0.6449466943740845
0.8185921311378478	-0.6449466943740845
0.7916720509529114	-0.6449466943740845
0.7069628834724426	-0.161544531583786
0.6966854333877563	-0.09764587879180908
0.6109582781791687	-0.11161315441131592
0.5604540705680847	-0.25373634696006775
0.505387544631958	-0.4423102438449859
0.49047422409057617	-1.0189850330352783
0.49047422409057617	-0.6413500308990479
0.49047422409057617	-0.6449466943740845
0.5181055665016174	-0.6449466943740845
0.6237621307373047	-0.6449466943740845
0.64149010181427	-0.8642078042030334
0.6556921601295471	-1.4498738050460815
0.7267634868621825	-1.3310481309890747
0.7631638050079346	-0.9339646100997925
0.7631638050079346	-1.137880802154541
0.7631638050079346	-0.24996288120746613
0.7468891143798829	-0.6449466943740845
0.7290937304496765	-0.6449466943740845
0.6554529666900635	-0.6449466943740845
0.6060280203819275	-0.6449466943740845
0.6060280203819275	-0.6449466943740845
0.6060280203819275	-0.6449466943740845
0.787318229675293	-0.6449466943740845
0.9596862196922302	-0.6449466943740845
1.059609293937683	-0.464974969625473
1.1888192892074585	0.1163443848490715
1.5127489566802979	0.37683138251304626
2.0562150478363037	0.8128921985626221
2.304725646972656	1.2360906600952148
2.304725646972656	1.1019823551177979
2.304725646972656	0.6789330244064331
1.846747636795044	0.8396258354187012
1.3698275089263916	0.6469817161560059
0.6680299639701843	0.33699074387550354
-0.19487692415714264	0.3086906671524048
-0.7574383020401002	0.1967308074235916
-1.27716064453125	-0.15433023869991302
-1.564070701599121	-0.3179038465023041
-1.564070701599121	0.03131956607103348
-1.564070701599121	-0.34185847640037537
-1.5083112716674805	-0.07164280861616135
-1.2497930526733398	-0.11638316512107848
-1.1068224906921387	-0.25562813878059387
-0.9120354056358336	-0.33750349283218384
-0.7261338233947754	-0.6449466943740845
-0.5629333853721619	-0.30673593282699585
-0.34844380617141724	-0.3566252887248993
-0.219497412443161	-0.21425522863864896
-0.08781609684228897	-0.2363429218530655
-0.044210538268089294	-0.6449466943740845
0.04095245152711868	-0.6449466943740845
0.05161622166633605	-0.3397616744041443
0.23561684787273407	-0.34133031964302063
0.42438215017318726	-0.14977328479290009
0.598663330078125	-0.04210474342107773
0.7636359930038453	-0.13304242491722107
0.8278332352638245	-0.06944158673286438
0.8815690875053407	-0.09303295612335204
0.9023814797401429	0.37865602970123285
0.9023814797401429	0.5342408418655396
0.8815690875053407	0.8235651254653931
0.7947258949279785	1.0441552400588987
0.6545331478118896	0.8308534622192383
0.5133593082427979	0.3595314621925354
0.3028004467487335	-0.19344967603683472
0.11894085258245468	-0.3875878155231476
0.11894085258245468	-0.7236663699150084
0.11894085258245468	-0.6449466943740845
0.22801914811134336	-0.6449466943740845
0.26821523904800415	-0.6449466943740845
0.3736203908920288	-0.6449466943740845
0.5279844403266907	-0.3559451103210449
0.5965661406517029	-0.30467161536216736
0.7458528280258179	-0.28037092089653015
0.8085047602653505	-0.213936910033226
0.8085047602653505	-0.34167879819869995
0.8085047602653505	-0.34484484791755676
0.7697067856788635	-0.07259340584278107
0.6361674666404724	0.0863397717475891
0.47567740082740784	-0.05321922153234482
0.352538138628006	-0.09010688960552216
0.1146544963121414	-0.21055813133716583
-0.06089605763554573	-0.3529844880104065
-0.25258636474609375	-0.12022264301776885
-0.4583560526371002	0.12917150557041168
-0.6740291118621826	0.21195237338542935
-0.7629142999649048	-0.09280739724636076
-0.7629142999649048	-0.1539490669965744
-0.7629142999649048	0.00019184142001904547
-0.4800821840763092	-0.18490399420261383
-0.0038366084918379784	0.22191694378852844
0.3632938861846924	0.7398845553398132
0.50430828332901	0.7068127989768982
0.6961334943771362	0.7816870808601379
1.229420185089111	0.6843862533569336
1.6757532358169556	0.8688363432884216
1.7623143196105957	0.8546079993247986
1.8880351781845093	1.3089449405670166
1.894639492034912	1.6867718696594238
1.894639492034912	1.3887652158737183
1.8880351781845093	1.2709460258483887
1.6243782043457031	1.376671552658081
1.3133138418197632	0.5598099231719971
1.257419466972351	0.48405176401138306
1.257419466972351	-0.00613744929432869
1.257419466972351	-0.2147863209247589
1.3056793212890625	-0.07789079844951628
1.3800559043884275	0.08204561471939087
1.3800559043884275	0.5701271295547485
1.3800559043884275	0.7985126972198486
1.036484956741333	0.7853127717971802
0.7935914397239685	0.7608684301376343
0.38830068707466125	0.02894914150238037
0.15875062346458435	-0.07381154596805573
-0.14734067022800443	-0.23114122450351715
-0.3924970030784607	-1.1228566169738767
-0.3924970030784607	-0.9503588676452637
-0.3924970030784607	-0.478191077709198
-0.15165768563747406	-0.12716561555862427
0.24139331281185153	-0.0568154975771904
0.8960347771644592	-0.3140623867511749
1.3090457916259763	-0.1898309886455536
1.6752381324768066	-0.4161445200443268
1.8009958267211914	-0.20338980853557584
1.8012410402297971	-1.1892826557159424
1.8012410402297971	-1.7748470306396484
1.8641015291213987	-1.3689355850219727
1.8012410402297971	-1.3200076818466187
1.7831512689590454	-0.2741287350654602
1.746665120124817	0.45754790306091314
1.504311203956604	0.27129486203193665
1.3200469017028809	0.3355486989021301
0.957429587841034	0.11828835308551788
0.957429587841034	0.1740446835756302
0.9539036154747008	0.007951183244585991
0.946440815925598	0.16557960212230682
0.946440815925598	0.31110718846321106
0.8025320768356323	0.10106855630874632
0.8025320768356323	0.5043022632598877
0.7652916312217712	-0.5289760828018188
0.8025320768356323	-0.12512674927711487
0.8025320768356323	-0.09179940819740295
0.7652916312217712	-0.20157015323638916
0.7652916312217712	-0.1637452244758606
0.8556669354438783	-0.08447812497615814
0.8938271999359131	-0.5175837278366089
1.1058639287948608	-0.3422839939594269
1.1058639287948608	-0.9841267466545106
1.1058639287948608	-0.5898842215538025
1.043812870979309	-0.22699274122714996
0.8050523996353148	-0.9140068292617797
0.5346316695213318	-1.1684671640396118
-0.0990072339773178	-0.758189022541046
-0.44075685739517206	-0.9003982543945312
-0.5155994892120361	-0.7954167723655701
-0.5155994892120361	-0.9193235039710999
-0.5155994892120361	-0.1989261358976364
-0.4288114607334137	-0.487790048122406
-0.16922008991241455	-0.6449466943740845
0.03143538907170296	-0.6449466943740845
0.16671012341976163	-0.6449466943740845
0.1811942160129547	-0.6449466943740845
0.19830285012722015	-0.6449466943740845
0.19830285012722015	-0.6449466943740845
0.16671012341976163	-0.6449466943740845
0.0813877061009407	-0.6449466943740845
0.0035648697521537542	-0.6449466943740845
-0.0636003240942955	-0.6449466943740845
-0.325509637594223	-1.1959537267684937
-0.325509637594223	-0.8810759782791138
-0.325509637594223	-0.2578442692756653
-0.07902263104915619	0.04166267439723014
0.08457641303539276	0.13078273832798004
0.2278045266866684	0.15622638165950775
0.2356904298067093	-0.24057485163211825
0.3117717504501343	-0.3077620565891266
0.6509888172149658	-0.7858796715736389
0.9799222350120544	-0.11718636751174925
1.246970295906067	-0.07579141855239868
1.5300415754318235	0.074541375041008
1.8654444217681885	0.02714520692825317
2.1398570537567134	-0.09048034250736237
2.1919004917144775	-0.34546005725860596
2.205397367477417	-0.8565840721130371
2.205397367477417	-0.8690189123153687
2.1919004917144775	-0.22735945880413055
2.0613598823547363	-0.07343465834856033
1.8477532863616943	0.33599501848220825
1.8207902908325195	0.8876104950904846
1.6031426191329956	0.6188130378723145
1.5754438638687132	0.511451005935669
1.5476346015930176	0.40304863452911377
1.1403509378433228	0.23452284932136536
0.7477782964706421	0.020653169602155685
0.48791712522506714	0.17665044963359833
0.1945499926805496	-0.17077334225177765
-0.08398351818323135	0.22793456912040713
-0.41338303685188293	0.3263756334781647
-0.9046339392662048	0.38057214021682734
-1.1667211055755615	0.24915792047977448
-1.4548391103744507	-0.20723693072795868
-1.9197586774826048	-0.252769410610199
-2.0253539085388184	-0.16269923746585843
-2.0253539085388184	-0.5700246691703796
-2.0253539085388184	-0.6148715615272522
-1.8000717163085935	-0.44416084885597235
-1.6049658060073853	-0.6449466943740845
-1.4491239786148071	-0.6449466943740845
-1.3619495630264282	-0.6449466943740845
-1.3619495630264282	-0.6449466943740845
-1.3619495630264282	-0.6449466943740845
-1.547685623168945	-0.36671510338783264
-1.547685623168945	-0.33180537819862366
-1.580523133277893	-0.2938508689403534
-1.6000969409942627	-0.12775345146656036
-1.547685623168945	-0.26781338453292847
-1.5429086685180664	-0.19935880601406095
-1.5429086685180664	-0.0845019668340683
-1.313481330871582	-0.16012902557849884
-1.1598039865493774	0.12442658841609953
-1.017642855644226	0.12011554092168808
-0.8440178632736206	0.514972448348999
-0.7230800390243529	0.5646352767944336
-0.4218392372131347	0.37087893486022955
-0.3210270404815674	0.13306155800819397
-0.07861177623271942	-0.25998881459236145
0.15263690054416656	-0.7383266687393188
0.2065812200307846	-0.2225048989057541
0.25917649269104004	-0.07136626541614532
0.25917649269104004	-0.1567200869321823
0.25917649269104004	-0.6449466943740845
0.20338638126850128	-0.6449466943740845
0.1553656905889511	-0.09666695445775984
0.1313093602657318	-0.1365876942873001
0.1313093602657318	-0.2663264572620392
0.09682226926088333	-0.3174208700656891
0.07991599291563034	-0.7577615380287172
-0.07286597043275833	-1.23551344871521
-0.06607770919799805	-0.6449466943740845
-0.06607770919799805	-0.6449466943740845
-0.06607770919799805	-0.36854633688926697
0.03561750054359436	-0.2928624749183655
0.03561750054359436	-0.2066389173269272
0.03561750054359436	-0.07534375041723251
-0.12880323827266693	-0.11592398583889008
-0.2199021279811859	-0.20579645037651065
-0.3357135057449341	-0.022677356377243996
-0.45322346687316895	-0.06081732362508774
-0.49198463559150696	-0.1367373913526535
-0.510890007019043	0.016381073743104935
-0.510890007019043	-0.34900587797164917
-0.49198463559150696	-0.32583311200141907
-0.47463685274124146	-0.15427792072296143
-0.44466301798820496	-0.3209683299064636
-0.3286186158657074	-0.2872057855129242
-0.10747569799423216	-0.3135444223880768
0.12549610435962677	-0.6449466943740845
0.31224390864372253	-0.6449466943740845
0.4864086210727691	-0.6449466943740845
0.6173356771469116	-0.6449466943740845
0.632948100566864	-0.6449466943740845
0.632948100566864	-0.6449466943740845
0.632948100566864	-0.6449466943740845
0.48523738980293274	-0.2596144676208496
0.3318483233451843	-0.23610495030879977
0.1823838502168655	-0.1931062936782837
-0.010870158672332764	-0.21651439368724823
-0.08993781358003616	-0.6449466943740845
-0.18537211418151855	-0.6449466943740845
-0.22098751366138455	-0.6449466943740845
-0.22098751366138455	-0.6449466943740845
-0.22098751366138455	-0.6449466943740845
-0.1920316070318222	-0.6449466943740845
-0.08742977678775787	-0.6449466943740845
0.0009219227358698845	-0.3917853236198426
0.008863028138875961	-0.36172476410865784
0.008863028138875961	-0.30664101243019104
0.0009219227358698845	-0.27209708094596863
-0.01159374974668026	-0.6248878240585327
-0.0641399547457695	-0.6297129988670349
-0.13883540034294128	-0.7132219076156616
-0.19352172315120697	-0.892673909664154
-0.46549999713897705	-0.7549384236335753
-0.6700370907783508	-1.1894433498382568
-0.951262593269348	-1.197037696838379
-0.9852346181869507	-0.30553480982780457
-0.9852346181869507	-0.2320333868265152
-0.9852346181869507	-0.0807529166340828
-0.939721941947937	-0.16180606186389923
-0.9234779477119445	-0.02986457198858261
-0.7600260972976685	-0.053955357521772385
-0.6786466240882874	-0.3073682487010956
-0.5255334973335266	-0.32892128825187683
-0.25996333360671997	-0.6449466943740845
-0.11504887789487837	-0.8757399320602418
-0.05393609404563904	-1.2465322017669676
-0.026157554239034653	-1.3435362577438354
0.017098475247621536	-1.3856812715530396
0.08023486286401749	-1.523828387260437
0.08023486286401749	-0.6744821667671204
0.08023486286401749	0.16202031075954437
-0.09963884204626085	0.43171289563179016
-0.49040254950523376	0.40680873394012446
-0.5431511402130127	0.2600680887699127
-0.6504449844360352	0.1259794533252716
-0.671055018901825	-0.08089955151081085
-0.7065845727920532	-0.13467480242252347
-0.7128638625144958	-0.6449466943740845
-0.7494297623634337	-0.6449466943740845
-0.7711804509162903	-0.6449466943740845
-1.1092997789382935	-0.6449466943740845
-1.2973353862762451	-0.6449466943740845
-1.6244782209396362	-0.6449466943740845
-1.9648298025131223	-0.6449466943740845
-1.9763704538345337	-0.6449466943740845
-2.4614033699035645	-0.4201631247997284
-2.6711957454681396	-0.23599299788475037
-2.844587802886963	-0.1261707842350006
-3.1600427627563477	0.08826663345098495
-3.450288772583008	-0.07852265238761902
-3.8227970600128174	-0.6449466943740845
-3.8227970600128174	-0.6449466943740845
-3.8227970600128174	-0.6449466943740845
-3.69426155090332	-0.6449466943740845
-3.69426155090332	-0.6449466943740845
-3.69426155090332	-0.6449466943740845
-3.7598140239715576	-0.6449466943740845
-3.7598140239715576	-0.3687533438205719
-3.7598140239715576	-0.26736125349998474
-3.260125160217285	-0.22987510263919833
-2.93070125579834	-0.26174530386924744
-2.8163492679595947	-0.3267096281051636
-2.7626564502716064	-0.6449466943740845
-2.395507574081421	-0.6449466943740845
-2.1228976249694824	-0.6449466943740845
-2.0023584365844727	-0.6449466943740845
-1.8818191289901731	-0.6449466943740845
-1.872087478637695	-0.36476466059684753
-1.872087478637695	-0.3359137177467346
-1.8818191289901731	-0.3049170672893524
-1.9208562374114992	-0.23133842647075653
-2.064047574996948	-0.3473770320415497
-2.0931689739227295	-0.9767587780952453
-2.149566173553467	-0.8453652858734131
-2.154478073120117	-0.17272575199604034
-2.154478073120117	-0.5485935211181641
-2.0931689739227295	-0.49524933099746704
-1.7161107063293457	0.06157009676098823
-1.4616763591766355	-0.5914334058761597
-1.1467119455337524	-0.5169917345046997
-0.8108675479888915	-0.5043807625770569
-0.4974544942378998	-0.5314289927482605
-0.24990662932395935	0.3012482225894928
-0.13979201018810272	-0.636055052280426
0.05427756533026695	-0.5448139309883118
0.16219688951969147	-0.6039324998855591
0.38747286796569824	-0.5489516258239746
0.7032590508460999	0.2350000292062759
0.8737260699272155	-0.18847422301769257
1.260908603668213	-0.33635544776916504
1.5386265516281128	-0.36247795820236206
1.5386265516281128	-0.348823219537735
1.5386265516281128	-0.08237160742282867
1.2454127073287964	-0.2173098474740982
1.0897364616394043	-0.11856534332036972
0.8135821819305419	-0.0751647874712944
0.7809776663780212	-0.7481516599655152
0.7809776663780212	-0.6908577680587769
0.7809776663780212	-0.01797624863684177
1.04511296749115	0.21887163817882535
1.04511296749115	0.22954662144184113
1.055016279220581	-0.2071727067232132
1.1370273828506468	-0.19792768359184265
1.1989557743072508	0.28734496235847473
1.533831238746643	0.4593883454799652
1.694499135017395	0.8955677151679992
1.694499135017395	1.2701650857925415
1.694499135017395	-0.14324764907360077
1.3203964233398435	-0.025726374238729477
0.9357893466949463	-0.06893177330493927
0.8262817859649657	-0.3767673373222351
0.6779272556304932	-0.30779263377189636
0.5182588696479797	-0.907300591468811
0.29221025109291077	-0.768622875213623
0.2514929175376892	-0.3533921241760254
0.07104893773794174	0.020562510937452316
0.07104893773794174	-0.236344113945961
0.07104893773794174	-0.5980945825576782
0.08579057455062866	-1.2519779205322263
0.23590506613254547	-1.3364393711090088
0.4553064703941346	-0.6449466943740845
0.5515195727348328	-1.4240882396697998
0.5595648884773254	-1.25229811668396
0.5654762983322144	-1.4980782270431519
0.6203097701072693	-1.5896739959716797
0.7210606336593627	-0.6449466943740845
0.7946522831916809	-0.3554037809371948
0.8263431191444397	-0.3296494781970978
0.8263431191444397	-0.3170296847820282
0.8263431191444397	-0.41249349713325506
0.6932575702667236	-1.1610994338989256
0.6174644231796265	-0.3202488124370575
0.5622200965881348	-1.1092861890792847
0.5622200965881348	-0.9392708539962769
0.5622200965881348	-0.6506180167198181
0.630967378616333	-0.6025012135505676
0.6396321058273315	-0.6019521951675415
0.6489406824111938	-0.7810138463973998
0.6489406824111938	-0.6798356175422668
0.6396321058273315	-0.3035808503627777
0.6323226094245911	-0.32650887966156006
0.5952293276786804	-0.6517510414123535
0.5952293276786804	-0.0028132086154073477
0.5952293276786804	-0.06380747258663177
0.5952293276786804	0.32241714000701904
0.5659545660018921	0.017720889300107956
0.5385807752609253	-0.14120163023471832
0.30919626355171204	-0.2052152305841446
0.30919626355171204	-0.4040721356868744
0.30919626355171204	-0.21615521609783173
0.3476998805999756	0.010481778532266617
0.3583759069442749	-0.17715729773044586
0.4118235409259796	-0.23022593557834625
0.4118235409259796	-0.43109738826751715
0.4118235409259796	-0.7587975263595581
0.3543471097946167	-1.1814641952514648
0.24004425108432767	-1.3000355958938599
0.22200965881347656	-1.1464558839797971
0.20290194451808927	-0.34976091980934143
0.17704889178276062	-0.343096524477005
0.09515433013439177	-0.2675589919090271
0.07663530111312866	-0.38104087114334106
0.03995291516184806	-0.8802458047866821
-0.015640953555703163	-0.9567129611968994
-0.03519017621874809	-0.9092650413513184
-0.03741614148020744	-0.6449466943740845
-0.05102333053946495	-0.6449466943740845
-0.1187281534075737	-0.6449466943740845
-0.16291013360023499	-0.6449466943740845
-0.2668987512588501	-0.6449466943740845
-0.35971465706825256	-0.6449466943740845
-0.38603988289833074	-0.6449466943740845
-0.38603988289833074	-1.2525771856307983
-0.38603988289833074	-1.3561725616455078
-0.35971465706825256	-1.2911410331726074
-0.3085113763809204	-1.325170874595642
-0.28129085898399353	-1.1546580791473389
-0.28129085898399353	-1.4947338104248047
-0.19988073408603668	-0.6449466943740845
-0.09799543023109437	-0.6449466943740845
-0.08262831717729568	0.21287901699543
-0.04002842679619789	0.30065643787384033
0.07044798880815506	0.7744512557983398
0.09304487705230714	0.36150127649307245
0.13137680292129517	-0.13999757170677185
0.2772478759288788	0.1797454059123993
0.5602700710296631	0.2868571877479553
0.7649973034858704	0.5269019603729248
0.9152467250823975	0.42814451456069946
1.2137157917022705	1.2201950550079343
1.2137157917022705	0.9210861325263976
1.2772139310836792	0.8226969838142395
1.298234939575195	1.0692750215530396
1.4665740728378296	0.8619436025619507
1.4665740728378296	0.8053705692291259
1.4665740728378296	-0.8342325091362
1.4209693670272827	-0.4239539802074432
1.154142141342163	1.0640993118286133
0.927339255809784	0.5539191365242004
0.7592269778251648	0.7182860374450684
0.45063379406929016	0.3341778516769409
0.16219688951969147	-0.11613991111516953
-0.03243071958422661	-0.07083269953727722
-0.35233157873153687	-0.6462934613227844
-0.7258946299552916	0.2959022521972656
-1.0021286010742188	-0.1196962594985962
-1.0021286010742188	-0.28647834062576294
-1.0021286010742188	0.3577142655849457
-0.8877276182174684	-0.37673097848892206
-0.6854042410850525	-0.3301025331020355
-0.4040805995464325	-0.3180905282497406
-0.21559125185012817	-0.6449466943740845
0.10373317450284956	-0.6449466943740845
0.49913278222084045	-0.6449466943740845
0.5029714703559875	-0.6449466943740845
0.5029714703559875	-0.6449466943740845
0.5029714703559875	-0.3234612643718719
0.46722730994224543	-0.19761620461940765
0.33347946405410767	0.17991600930690765
0.2057165950536728	0.14531317353248596
-0.09531569480895997	0.06322729587554932
-0.3075854182243347	0.1671668142080307
-0.701813817024231	-0.04192723706364632
-0.949330985546112	-0.5713983178138733
-1.3599321842193604	-0.3857306241989136
-1.3599321842193604	-0.32168892025947565
-1.3599321842193604	0.24759516119956967
-1.1372500658035278	0.7402620315551759
-0.823585569858551	0.7306214570999146
-0.2945975661277771	0.6779520511627197
0.08290847390890121	0.8649492859840393
0.2534797489643097	-0.0870409905910492
0.36039951443672175	-0.1603965312242508
0.36039951443672175	-0.01633160188794136
0.36094528436660767	-0.41733303666114807
0.36164432764053345	-0.364176720380783
0.36164432764053345	-1.2085098028182983
0.44755545258522034	-1.3832547664642332
0.5377774238586426	-1.2059309482574463
0.5377774238586426	-1.350593328475952
0.5394760370254517	-1.50326406955719
0.5394760370254517	-1.2623043060302734
0.6316725611686707	-0.7209104299545288
0.7374579310417174	-0.1475345641374588
0.7517703175544739	-0.2134675532579422
0.8195241689682007	-0.2684932351112366
0.8257728219032288	-0.7313845157623291
0.8257728219032288	-0.538964033126831
0.8257728219032288	-0.7373597621917725
0.7949466109275818	-0.7971508502960205
0.7453070282936096	-0.11962569504976273
0.587171733379364	-0.36879295110702515
0.3905695974826813	-0.36169353127479553
0.29867351055145264	-0.35322800278663635
-0.00213187700137496	-0.6449466943740845
-0.06618195027112961	-0.6449466943740845
-0.10160725563764572	-0.6449466943740845
-0.10998374223709106	-0.6449466943740845
-0.10998374223709106	-1.1202046871185303
-0.10998374223709106	-1.4667798280715942
-0.030486835166811943	-1.5381886959075928
0.18732021749019623	-0.84098482131958
0.2076543420553207	-0.6449466943740845
0.2872861623764038	-0.6449466943740845
0.3972106873989106	-0.6449466943740845
0.3972106873989106	-0.6449466943740845
0.3972106873989106	-0.6449466943740845
0.3972106873989106	-0.6449466943740845
0.4013805389404297	-0.6449466943740845
0.3791883587837219	-0.6449466943740845
0.3791883587837219	-1.4857323169708252
0.3791883587837219	-1.6915159225463867
0.28430595993995667	-1.6938369274139404
0.07974429428577422	-1.6330831050872803
0.0704970434308052	-0.8714959621429443
-0.007436167448759078	-0.6449466943740845
-0.10017233341932295	-0.6449466943740845
-0.18536598980426788	-0.3383693993091583
-0.22725455462932584	-0.32273629307746887
-0.22725455462932584	-0.1757572442293167
-0.22916164994239807	-0.10688281804323196
-0.24197779595851895	-0.07647906243801117
-0.24272590875625608	-0.18377381563186643
-0.3222534656524658	-0.3606928288936615
-0.33224883675575256	-0.2987775206565857
-0.39722487330436707	-0.6998888254165649
-0.5280967354774475	-1.0220032930374143
-0.7221662998199463	-1.0005586147308347
-0.9867185950279237	-0.4804022014141082
-1.147533655166626	-0.23182529211044312
-1.4213576316833496	-0.8538930416107178
-1.854009985923767	-0.5461886525154114
-2.1540489196777344	-1.2712445259094238
-2.5049047470092773	-1.392822265625
-2.9183387756347656	-1.6027641296386719
-3.2116997241973877	-1.1173577308654783
-3.2116997241973877	-1.4808526039123535
-3.2116997241973877	-1.46328866481781
-2.9392125606536865	-1.7682815790176392
-2.4399163722991943	-1.6833237409591675
-2.179239511489868	-1.5097134113311768
-1.8344730138778689	-1.6962372064590454
-1.5422648191452026	-1.9362547397613523
-1.2936069965362549	-1.9214124679565427
-1.1913048028945923	-1.7571218013763428
-0.9015188217163085	-1.497379183769226
-0.7439783215522766	-0.4192473590373993
-0.6873664855957031	-0.5340084433555603
-0.6873664855957031	-0.21130232512950897
-0.6873664855957031	-0.3404869735240936
-0.7044996619224548	-0.34259507060050964
-0.8197775483131408	-0.3242093622684479
-1.0097447633743286	-0.3602071404457092
-1.1153277158737183	-0.388346403837204
-1.1379368305206299	-0.30343297123908997
-1.142529845237732	-0.2879268229007721
-1.142529845237732	0.5582454204559326
-1.142529845237732	0.4183506369590759
-1.142529845237732	0.999824285507202
-1.142529845237732	1.0233309268951416
-1.1179828643798828	0.5974085330963135
-1.1876378059387207	0.40324166417121887
-1.0463473796844482	-0.35783800482749933
-1.0463473796844482	-0.6449466943740845
-1.069287657737732	-0.6449466943740845
-1.069287657737732	-0.6449466943740845
-0.922656238079071	-0.39302220940589905
-0.7975424528121949	-0.3490090072154999
-0.6239418983459473	-0.21609905362129211
-0.46989670395851135	-0.24311538040637967
-0.16813470423221588	-0.3479287922382355
0.03561750054359436	-0.653975248336792
0.10747377574443816	-0.20702126622200012
0.16581484675407407	-0.21480093896389008
0.512218713760376	-0.16802720725536346
0.731571078300476	-0.014685392379760742
0.7404565215110779	-0.025987865403294563
0.8300653100013733	-0.5671860575675964
0.8300653100013733	-0.5867501497268677
0.8300653100013733	-0.5232824087142944
0.6784055233001709	-0.6736056804656982
0.5487171411514282	-0.5428425669670105
0.4011965692043304	-0.2946951687335968
0.33242475986480713	0.38156214356422424
0.2891625761985779	0.33045557141304016
0.16599267721176147	0.3496464788913727
-0.07298248261213303	0.10191597044467926
-0.15077465772628784	0.5483183860778809
-0.18629807233810425	-0.21753905713558197
-0.18629807233810425	-0.20264789462089536
-0.18629807233810425	-0.18896599113941193
-0.1834895610809326	-0.32010358572006226
-0.17782960832118988	-0.31616225838661194
-0.1705752909183502	-0.6449466943740845
-0.16686536371707916	-0.6449466943740845
-0.13672594726085663	-0.35189828276634216
-0.13625377416610715	-0.35559502243995667
-0.11740361899137496	-0.32513561844825745
-0.09530342370271683	-0.33883437514305115
-0.08554720878601074	-0.6449466943740845
-0.008907877840101719	-0.6449466943740845
0.09469442069530488	-0.8286739587783812
0.19041693210601807	-1.033536076545715
0.2740285098552704	-0.9554295539855955
0.33159077167510986	-0.9033018350601196
0.49296385049819946	-0.38066631555557245
0.49449688196182245	-0.3173936903476715
0.526255190372467	-0.2215038537979126
0.526255190372467	-0.223212793469429
0.526255190372467	-0.1779302954673767
0.4548342823982238	-0.2594916820526123
0.315003365278244	-0.3646698594093322
0.1611912101507187	-0.7625096440315247
0.011867770925164223	-1.3862922191619873
-0.003266320563852787	-0.6449466943740845
-0.05963897332549095	-0.6449466943740845
-0.06462439149618149	-0.6449466943740845
-0.08781609684228897	-0.6449466943740845
-0.08781609684228897	-0.6449466943740845
-0.06462439149618149	-0.6449466943740845
-0.05058182030916213	-0.6449466943740845
0.014897041954100132	-0.6449466943740845
0.026364121586084362	-0.6449466943740845
0.09647887200117113	-0.6449466943740845
0.09741708636283875	-0.6449466943740845
0.09741708636283875	-0.6449466943740845
0.09889493137598036	-0.6449466943740845
0.09889493137598036	-0.4847359359264374
0.09889493137598036	-0.3020312190055847
0.104959599673748	-0.19876708090305328
0.11304788291454317	-0.22093823552131653
0.1261461079120636	-0.22983640432357788
0.17674842476844788	-0.3930548429489136
0.18875512480735776	-1.3960589170455933
0.18875512480735776	-1.6069910526275635
0.19391225278377533	-1.5517629384994507
0.20584537088871	-1.5545902252197263
0.21313646435737607	-1.0086679458618164
0.21855114400386808	-0.923652410507202
0.23050878942012784	-0.2464052438735962
0.3269549012184143	-0.27055904269218445
0.32999029755592346	-0.6449466943740845
0.3362818658351898	-0.6449466943740845
0.3362818658351898	-0.6449466943740845
0.32999029755592346	-0.36615815758705134
0.12929801642894745	-0.2904443442821502
0.07050317525863647	-0.2045542150735855
-0.1284414529800415	-0.19085605442523956
-0.3498848378658294	-0.2743131220340729
-0.6225683093070984	-0.6449466943740845
-0.8618193864822388	-0.6449466943740845
-1.0894440412521362	-0.6449466943740845
-1.3905988931655884	-0.6449466943740845
-1.6015195846557615	-0.6449466943740845
-1.7082002162933347	-0.8718891143798829
-1.8390475511550903	-1.4655463695526123
-1.8390475511550903	-1.3559231758117676
-1.8390475511550903	-0.24194167554378507
-1.596564769744873	0.31975600123405457
-1.1894344091415403	0.9502073526382446
-0.12346215546131134	1.1084153652191162
0.31857842206954956	1.4838528633117676
0.7196134328842163	1.0564188957214355
1.2695671319961548	0.9465909004211424
1.5790004730224607	0.8521738648414611
1.8171293735504153	0.8916876316070557
2.1860015392303462	0.5292369723320007
2.4888181686401367	0.3182457387447357
2.4888181686401367	0.42161411046981806
2.4888181686401367	0.6012942790985107
2.4831643104553223	0.5843112468719482
2.368291139602661	0.7914007306098938
1.9555008411407473	0.8636720180511476
1.7797908782958984	0.7733638286590576
1.5470521450042725	1.3652310371398924
1.0117541551589964	1.4443928003311155
0.8312059044837952	1.4206233024597168
0.8230685591697693	1.3982369899749756
0.8097005486488342	0.9191144108772277
0.795958399772644	0.5311764478683472
0.7650218605995177	-0.2132563441991806
0.7075086236000061	-0.6449466943740845
0.5192093849182129	-0.3148277699947357
0.3718052804470062	-0.3761501610279083
0.31415101885795593	-0.37059527635574335
0.31415101885795593	-0.33537435531616205
0.31415101885795593	-0.6449466943740845
0.3529183268547058	-0.6449466943740845
0.3529183268547058	-0.6449466943740845
0.3529183268547058	-0.6449466943740845
0.27929601073265076	-0.6449466943740845
0.27603983879089355	-0.3760423362255096
0.27603983879089355	-0.3535895049571991
0.27603983879089355	-0.313729465007782
0.2861149311065674	-0.2977857291698456
0.2861149311065674	-0.6449466943740845
0.2861149311065674	-0.6449466943740845
0.21061617136001584	-0.6449466943740845
0.1971009522676468	-1.099278211593628
0.0671059787273407	-1.1444618701934814
0.05343133211135864	-1.189955234527588
-0.08073962479829788	-0.817510187625885
-0.292610764503479	-1.3893392086029053
-0.4699028432369232	-0.5822181105613708
-0.6126894354820251	-0.7025502324104309
-0.7488778829574586	-0.6900656819343567
-0.8188638687133789	-0.6875259876251221
-0.8188638687133789	-0.3193765580654144
-0.8188638687133789	-0.2606535851955414
-0.769555389881134	-0.193236842751503
-0.7510854601860046	-0.26381853222846985
-0.6531798839569092	-0.36768120527267456
-0.6098932027816772	-0.6449466943740845
-0.4811430275440216	-0.6449466943740845
-0.4730302393436432	-0.3781110346317291
-0.41842976212501526	-0.36560216546058655
-0.39082291722297663	-0.32364532351493835
-0.31436142325401306	-0.16347233951091766
-0.2199634462594986	-0.398874431848526
-0.21563416719436643	-0.2201565057039261
-0.21563416719436643	-0.15986722707748413
-0.21968138217926023	-0.1787973195314407
-0.21563416719436643	-0.2682848274707794
-0.21968138217926023	-0.6449466943740845
-0.21968138217926023	-0.6449466943740845
-0.21968138217926023	-0.6449466943740845
-0.2084166556596756	-0.40439313650131226
-0.22656776010990143	-0.4229086935520172
-0.23195175826549527	-0.4107309579849243
-0.2915683090686798	-0.3963693082332611
-0.2915683090686798	-0.40272283554077154
-0.2998773455619812	-0.41110694408416754
-0.32969173789024353	-0.3824172914028168
-0.32969173789024353	-0.40506649017333984
-0.3529570400714874	-0.6449466943740845
-0.3529570400714874	-0.6449466943740845
-0.3529570400714874	-0.6449466943740845
-0.35058391094207764	-0.6449466943740845
-0.2522490918636322	-0.6449466943740845
-0.2128133922815323	-0.6449466943740845
-0.13705095648765564	-0.6449466943740845
-0.047938872128725045	-0.6449466943740845
-0.043879404664039605	-0.6449466943740845
-0.019951840862631794	-0.6449466943740845
-0.019951840862631794	-0.6449466943740845
-0.04267137497663498	-0.6449466943740845
-0.019951840862631794	-0.6449466943740845
-0.04267137497663498	-0.6449466943740845
-0.0441308207809925	-0.6449466943740845
-0.07282917946577072	-0.6449466943740845
-0.13519291579723358	-0.6449466943740845
-0.1836489886045456	-0.6449466943740845
-0.29928866028785706	-0.6449466943740845
-0.3995244204998016	-0.6449466943740845
-0.5167952179908752	-0.6449466943740845
-0.5284278988838196	-0.6449466943740845
-0.664223849773407	-0.6449466943740845
-0.8119161725044249	-0.6449466943740845
-0.8755308389663696	-0.6449466943740845
-0.9980201125144958	-0.6449466943740845
-1.0123815536499023	-0.6449466943740845
-1.0280797481536863	-0.6449466943740845
-1.0280797481536863	-0.6449466943740845
-1.0123815536499023	-0.6449466943740845
-0.7818626165390015	-0.6449466943740845
-0.7414702773094177	-0.6449466943740845
-0.521921694278717	-0.6449466943740845
-0.511631965637207	-0.6449466943740845
-0.34659188985824585	-0.6449466943740845
-0.2907834053039551	-0.6449466943740845
-0.2412971258163452	-0.6449466943740845
-0.22198705375194547	-0.3579181730747223
-0.215431809425354	-0.3321549594402313
-0.18901459872722623	-0.2967487871646881
-0.16817763447761536	-0.6483510136604309
-0.16817763447761536	-1.0526814460754395
-0.16777291893959043	-0.29075583815574646
0.06342670321464539	-0.07261554151773453
0.13394004106521606	-1.112441062927246
0.13394004106521606	-0.14051468670368195
0.13394004106521606	-0.3332744836807251
0.1062166914343834	-0.332257479429245
-0.05825310945510864	-0.2861219346523285
-0.09896430373191832	-0.33811554312705994
-0.12354800850152968	-0.6449466943740845
-0.12354800850152968	-0.6449466943740845
-0.12354800850152968	-0.3238138258457184
-0.02464905008673668	0.10647758841514587
0.028498101979494095	0.19260619580745697
0.3018438220024109	0.23822157084941864
0.6562869548797607	0.18907766044139865
1.0442912578582764	-0.08500100672245026
1.391013979911804	-0.09283790737390518
1.7592972517013548	-0.21618758141994476
2.0342066287994385	-0.0727434903383255
2.1547091007232666	-0.11860567331314086
2.1547091007232666	0.2040967494249344
2.1547091007232666	0.35796594619750977
2.032630681991577	0.2572993338108063
1.9092339277267456	0.07443003356456757
1.7926254272460935	-0.21642348170280457
1.487239360809326	-0.16956907510757446
1.274147868156433	-0.3174712359905243
0.941884696483612	-0.19391372799873352
0.5836886763572693	0.1878707259893417
0.3352700471878052	0.1357765942811966
0.11705216020345688	-0.044353701174259186
-0.1885976195335388	-0.23381035029888153
-0.37018832564353943	-0.2785602807998657
-0.47553214430809027	-0.3079465329647064
-0.6592139005661011	-0.22888438403606415
-0.8717902302742004	-0.14858989417552948
-0.9269180893898009	-0.18152637779712677
-0.9269180893898009	-0.2515079975128174
-0.9269180893898009	-0.23244275152683255
-0.8445084095001221	-0.29969707131385803
-0.7690771222114563	-0.15141893923282623
-0.6657323241233826	-0.16801324486732483
-0.4705651104450226	-0.2938508689403534
-0.4041603207588196	-0.3388078212738037
-0.33018845319747925	-0.6449466943740845
-0.14647603034973145	-0.6449466943740845
0.015320158563554285	-0.6449466943740845
0.16073743999004364	-0.6449466943740845
0.3640604019165039	-0.6449466943740845
0.5630173087120056	-0.6449466943740845
0.5984609723091125	-0.6449466943740845
0.5984609723091125	-0.6449466943740845
0.5984609723091125	-0.6449466943740845
0.3981305062770843	-0.6449466943740845
0.13370701670646667	-0.6449466943740845
-0.03412318602204323	-0.6449466943740845
-0.19054150581359863	-0.6449466943740845
-0.4233416020870209	-0.6449466943740845
-0.55838942527771	-0.6449466943740845
-0.5606644749641418	-0.6449466943740845
-0.7612648010253905	-0.3980482220649719
-0.8058391809463501	-0.3940894305706024
-0.8063236474990845	-0.22730238735675812
-0.8058391809463501	-0.1778067797422409
-0.7612648010253905	-0.4628269374370575
-0.6807070374488831	-0.050683725625276566
-0.31773409247398376	-0.30069854855537415
-0.08417361229658127	0.13790515065193176
0.1974627524614334	0.3942313492298126
0.2322135269641876	-1.249242067337036
0.25049951672554016	-1.4845508337020874
0.2674180567264557	-1.2334935665130615
0.47876799106597906	-0.7944573163986206
0.47876799106597906	-0.04651379957795143
0.47876799106597906	0.31686437129974365
0.4441889226436615	0.1370573788881302
0.18009042739868164	0.17003460228443143
0.1162181869149208	0.10556773841381072
0.1162181869149208	0.6046491861343384
0.07229375839233398	0.3865770995616913
0.07229375839233398	0.2649054229259491
0.07894711941480637	0.040387604385614395
0.06273990124464035	-0.12939436733722687
0.03862837702035904	-0.04331016540527344
0.012070131488144396	-0.48719456791877747
-0.006565405521541834	-0.500083327293396
-0.012666872702538969	-0.44905743002891535
-0.035625558346509933	-0.6449466943740845
-0.06916829943656921	-0.6449466943740845
-0.035625558346509933	-0.6449466943740845
-0.01924051344394684	-0.6449466943740845
-0.01924051344394684	-0.6449466943740845
0.01579846441745758	-0.6449466943740845
0.08550236374139786	-0.3814687132835388
0.16024073958396912	-0.3579544126987457
0.1635214239358902	-0.34657609462738037
0.19470329582691193	-0.1951518952846527
0.2036929875612259	-0.3352239429950714
0.20415903627872467	-0.25999385118484497
0.2745681405067444	-0.30746257305145264
0.5098701119422913	-1.1209266185760498
0.797264575958252	-1.1809173822402954
1.0259193181991575	-0.4517427086830139
1.0792810916900635	-0.16289465129375455
1.0792810916900635	-0.12363228946924208
1.0792810916900635	0.06582088768482208
1.0055054426193235	-0.1507253497838974
0.9781071543693542	-0.2885591387748718
0.9781071543693542	0.09167362004518509
1.0055054426193235	0.030155032873153687
1.0795509815216064	0.03738050162792206
1.1071332693099976	-0.02071681246161461
1.1071332693099976	-0.3423396944999695
1.1513335704803467	-0.1970224976539612
1.1641559600830078	-0.28690609335899353
1.1932590007781982	-0.4510935246944427
1.2598294019699097	-0.1626165062189102
1.2598294019699097	0.41211855411529547
1.2598294019699097	0.27586162090301514
1.2555981874465942	0.4108615815639496
1.1261918544769287	0.20754793286323547
0.7780587673187256	0.0950324609875679
0.45290881395339966	0.12061230838298796
0.1826352626085281	0.45944032073020935
-0.3411465585231781	0.7203778624534607
-1.1762013435363767	0.7722017765045166
-1.7234876155853271	0.6760687828063965
-1.7577048540115356	0.04336020722985267
-1.7906895875930786	-0.1145533174276352
-1.7906895875930786	-0.6449466943740845
-1.7906895875930786	-0.41786643862724304
-1.7906895875930786	-0.29908934235572815
-1.7906895875930786	-0.26346102356910706
-1.6044936180114746	0.04468845948576927
-1.4901049137115479	0.1751285344362259
-1.2307711839675903	0.031242553144693375
-1.1253966093063354	0.13636727631092072
-0.9565362334251405	0.013507870957255363
-0.7952429056167604	0.08059729635715485
-0.7230309247970581	0.40787720680236816
-0.2840441763401031	0.19306653738021848
0.27859693765640253	0.2540566921234131
0.284207820892334	0.36319538950920105
0.284207820892334	0.5880580544471741
0.284207820892334	0.7283998727798462
0.12617675960063934	0.6858493089675903
0.09385432302951813	0.3620281517505646
0.09385432302951813	0.15432627499103546
0.09385432302951813	-0.14142413437366483
0.14982225000858307	-0.44593507051467896
0.290002703666687	-0.6288210153579712
0.40528056025505066	-0.8397144079208374
0.5986756086349487	-0.23991119861602783
0.760569930076599	-0.27804437279701233
0.8323464989662169	0.012021256610751152
0.879214346408844	0.5903582572937012
0.879214346408844	0.39566829800605774
0.879214346408844	0.44131970405578613
0.6477142572402954	0.3358458876609802
0.4077640771865845	0.20529843866825104
0.029148107394576073	0.47087880969047546
-0.5888968110084534	-0.19442056119441983
-1.0340770483016968	-0.8743361830711365
-1.4011952877044676	-0.9613442420959472
-1.80477511882782	-0.6777327656745911
-2.148014783859253	-0.16158743202686307
-2.4329073429107666	-0.22337663173675537
-2.687445878982544	-0.6449466943740845
-3.0232226848602295	-0.6449466943740845
-3.0232226848602295	-0.6449466943740845
-3.0232226848602295	-0.6449466943740845
-2.95082688331604	-0.6449466943740845
-2.892547130584717	-0.6449466943740845
-2.833151340484619	-0.6449466943740845
-2.8015217781066895	-0.6449466943740845
-2.7260537147521973	-0.6449466943740845
-2.7260537147521973	-0.6449466943740845
-2.7260537147521973	-0.6449466943740845
-2.7524831295013428	-0.6449466943740845
-2.7524831295013428	-0.6449466943740845
-2.7524831295013428	-0.6449466943740845
-2.512723207473755	-0.6449466943740845
-2.1830966472625732	-0.6449466943740845
-1.8721120357513428	-0.6449466943740845
-1.5964545011520384	-0.6449466943740845
-1.3921258449554443	-0.6449466943740845
-1.0914307832717896	-1.4381325244903564
-0.8694600462913513	-1.4045836925506592
-0.7454009652137756	-1.5247461795806885
-0.526649534702301	-1.5163843631744385
-0.4177797734737396	-0.6449466943740845
-0.36764347553253174	-0.6449466943740845
-0.36547884345054626	-0.6449466943740845
-0.31158357858657837	-0.6449466943740845
-0.31158357858657837	-0.408060759305954
-0.2359437793493271	-0.31879234313964844
-0.20183074474334717	-0.16676974296569824
-0.10873892158269882	-0.17912480235099792
-0.03922511637210845	-0.3280313313007355
0.026560349389910694	-0.37037032842636114
0.231526717543602	-1.5358619689941406
0.23305362462997437	-1.0784845352172852
0.3559414744377136	-1.0723408460617063
0.3861238062381744	-0.7459139823913574
0.3861238062381744	0.8681372404098511
0.3861238062381744	0.7075297236442566
0.23166775703430176	0.8393715023994447
0.1303650140762329	0.5907959938049316
0.03170520439743996	-0.1711912304162979
-0.07652071863412857	-0.13236959278583527
-0.1739908903837204	-0.2157585322856903
-0.1739908903837204	-1.25416898727417
-0.1739908903837204	-1.0520795583724976
-0.08989489078521729	-1.1773074865341187
0.2768186032772064	-0.5015881657600403
0.8158265352249146	-0.5546295046806335
0.8879403471946716	-0.25252416729927063
0.8879403471946716	-0.1255626082420349
0.8879403471946716	-0.44995835423469543
0.8402323722839355	-0.14139075577259064
0.5338099598884583	-0.05289991945028305
0.5032964944839478	-1.8658342361450195
0.46049425005912786	-0.3083728849887848
0.4533564448356629	-0.17647419869899747
0.19909389317035675	-0.13848648965358734
0.008231419138610363	-0.043145265430212014
-0.03607933595776558	-0.08362321555614471
-0.03607933595776558	-0.1703626811504364
-0.03607933595776558	0.04015062376856804
0.08189667016267776	0.02674967423081398
0.08189667016267776	-0.21027700603008273
0.08189667016267776	-0.6778002977371216
0.0391373448073864	-0.8161715269088745
-0.05976774543523789	-1.2147005796432495
-0.05976774543523789	-0.35376036167144775
-0.05976774543523789	-0.28332436084747314
0.02587355114519596	-0.18029873073101044
0.02587355114519596	-0.060689136385917664
0.02587355114519596	0.15448619425296783
-0.031124576926231384	0.21413125097751615
-0.20671191811561584	0.3092291057109833
-0.6703743934631348	-0.16211643815040588
-0.6703743934631348	-0.7292120456695557
-0.6703743934631348	-1.386880874633789
-0.5952926278114319	-1.326026439666748
-0.2784946262836456	-1.453142166137695
-0.07119803130626678	-0.6449466943740845
0.15787985920906067	-0.6449466943740845
0.2982381284236908	-0.6449466943740845
0.30663302540779114	0.21195466816425323
0.4384553730487823	0.43113645911216736
0.7065274715423584	0.7165431380271912
0.8986838459968567	1.0420621633529663
0.8986838459968567	1.1121553182601929
0.8986838459968567	1.189284324645996
0.856298565864563	1.103090763092041
0.4700174331665039	0.7757620215415956
0.3884294629096985	0.5901463627815247
0.36579579114913935	0.2907564342021942
0.3117656111717224	-0.4122241139411926
0.3117656111717224	-0.9518174529075623
0.3117656111717224	-0.7444218397140503
0.3117656111717224	-0.5291365385055542
0.3179590702056885	0.15858802199363708
0.3179590702056885	-0.07762815058231354
0.3532065451145172	-0.42432376742362976
0.3532065451145172	-0.946557879447937
0.3958064317703247	-1.2390110492706299
0.3958064317703247	-0.05585886910557747
0.3958064317703247	0.16104064881801605
0.36203065514564514	0.12273529917001724
0.294068306684494	-0.4616600573062897
0.2724218964576721	-0.25811949372291565
0.2724218964576721	-0.4741825759410858
0.22762055695056915	-1.7261313199996948
0.16668559610843658	-0.6449466943740845
0.10949737578630447	-0.6449466943740845
0.0674922987818718	-0.6449466943740845
0.03044811822474003	-0.6449466943740845
-0.09032414108514784	-0.6449466943740845
-0.10288886725902556	-0.6449466943740845
-0.1929023712873459	-0.6449466943740845
-0.23304940760135648	-0.6449466943740845
-0.29568296670913696	-0.6449466943740845
-0.358672171831131	-0.2645834982395172
-0.358672171831131	-0.24101291596889496
-0.358672171831131	-0.14719578623771667
-0.33462196588516235	-0.16322462260723114
-0.3070457875728607	-1.5253045558929443
-0.27824932336807245	-1.6995050907135008
-0.2661874294281006	-1.7307095527648924
-0.2614227831363678	-1.6709351539611816
-0.2614227831363678	-0.6449466943740845
-0.2614227831363678	-0.6449466943740845
-0.3015330135822296	-0.6449466943740845
-0.30808213353157043	-0.6449466943740845
-0.4109976291656494	-0.6449466943740845
-0.4956026077270508	-0.38325759768486023
-0.6512298583984375	-0.181092768907547
-0.8333601951599121	-0.1540454775094986
-0.9640235900878905	-0.17299480736255643
-1.080773115158081	-0.2542392909526825
-1.3003768920898435	-0.6449466943740845
-1.4684830904006958	-0.2568427622318268
-1.5267014503479004	-0.16735504567623138
-1.5267014503479004	-0.34469524025917053
-1.5267014503479004	-0.4832780659198761
-1.4445186853408811	-1.0291014909744263
-1.4083759784698486	-1.0905686616897583
-1.372570514678955	-0.6449466943740845
-1.3269720077514648	-0.6449466943740845
-1.3269720077514648	-0.6449466943740845
-1.1042836904525757	-0.6449466943740845
-1.0577592849731443	-0.6449466943740845
-0.8317044973373413	-0.6449466943740845
-0.8126458525657655	-0.6388384103775024
-0.7990018725395204	-1.1802295446395874
-0.7828559875488281	-1.4501286745071411
-0.7728115916252136	-1.2852671146392822
-0.7274951338768004	-0.6449466943740845
-0.6833990216255188	-0.2749466896057129
-0.5970892906188965	-0.2929266393184662
-0.5289245843887329	-0.1957531571388245
-0.4264199435710907	-0.19512465596199036
-0.39767250418663025	-0.6449466943740845
-0.32398274540901184	-0.6449466943740845
-0.28595128655433655	-0.3890544772148132
-0.2289408892393112	-0.36042848229408264
-0.16597619652748108	-0.3403289020061493
-0.15134494006633759	-0.36957207322120667
-0.06760460883378983	-0.6449466943740845
-0.02485140971839428	-0.6449466943740845
-0.01042251382023096	-0.30054473876953125
0.0012407933827489614	-0.294046550989151
0.0053922440856695175	-0.22212688624858856
0.04737279191613197	-0.2478138506412506
0.06554228812456131	-0.6449466943740845
0.10325486958026885	-0.6449466943740845
0.12023473531007765	-0.6449466943740845
0.1403910368680954	-0.2961083948612213
0.1403910368680954	-0.3085310161113739
0.1583765745162964	-0.1349562257528305
0.15613220632076263	-0.11533676087856291
0.165140300989151	-0.062220226973295205
0.15613220632076263	0.009657906368374825
0.15613220632076263	-0.23067678511142728
-0.07888772338628769	-0.20693404972553253
-0.1119030937552452	-0.39747205376625067
-0.11801069974899292	-0.6449466943740845
-0.14578309655189514	-0.6449466943740845
-0.2531750500202179	-0.3698275983333587
-0.3842676877975464	-0.2713715732097626
-0.3968753516674042	-0.22422544658184052
-0.5959916710853577	-0.20007473230361936
-0.6843801736831665	-0.6449466943740845
-0.7845852375030516	-0.6449466943740845
-0.7845852375030516	-0.6449466943740845
-0.8499353528022766	-0.6449466943740845
-0.9713760018348693	-0.6449466943740845
-1.0076597929000854	-0.6830516457557678
-1.0076597929000854	-1.2893017530441284
-1.0076597929000854	-0.9557239413261412
-0.7573463320732117	-0.4468381702899933
-0.43809551000595087	0.11422988772392272
-0.17023803293704987	0.07666812092065811
0.1260479837656021	0.02447739988565445
0.29736125469207764	0.03297383710741997
0.561686635017395	0.4070570170879364
0.7901758551597595	0.061993394047021866
1.0159178972244263	0.3049631416797638
1.336094617843628	0.17912395298480988
1.5773509740829468	0.0007716213585808873
1.5773509740829468	0.07258893549442291
1.5773509740829468	-0.028408102691173553
1.5074201822280884	-0.46404978632926946
1.265286922454834	-0.44881218671798706
1.0560956001281738	-0.2086873948574066
0.9693565964698792	-0.29190367460250854
0.9400941133499144	-0.10070482641458511
0.853171169757843	0.15257956087589264
0.7914206385612488	0.39756909012794495
0.5078588128089905	-0.08413331210613251
0.13756412267684937	0.19090497493743896
-0.1689012199640274	0.5329945087432861
-0.3991319537162781	0.5084707140922546
-0.7316772341728212	0.3584952652454376
-0.7316772341728212	-0.4108430147171021
-0.7316772341728212	-0.8409436345100403
-0.35557547211647034	-1.8057634830474851
-0.06581402570009232	-0.6449466943740845
0.23654280602931976	-0.35199227929115295
0.46892592310905457	-0.39555683732032776
0.6397363543510437	0.5386384129524231
0.7521995902061462	0.7390693426132202
0.8104731440544128	0.3911117613315582
0.8489767909049987	0.5669242143630981
0.8489767909049987	0.39399775862693787
0.8489767909049987	-0.26104745268821716
0.6756277084350586	-0.32961776852607727
0.5262674689292908	-0.29434511065483093
0.27167990803718567	0.3204996585845947
0.03199954703450203	0.5885348320007324
0.03199954703450203	0.6623016595840454
0.03199954703450203	0.7425346970558167
0.43052041530609125	0.543701708316803
0.7922975420951843	0.8673892617225646
1.110763430595398	1.1180455684661863
1.3275035619735716	0.8842264413833617
1.5411714315414429	0.72150981426239
1.7505958080291748	1.096299409866333
1.8931739330291748	0.6986211538314819
2.0051159858703613	0.472229927778244
2.368101119995117	0.764946699142456
2.5415728092193604	0.5419608950614929
2.5415728092193604	-0.18665821850299835
2.5415728092193604	-0.45490798354148865
2.3267276287078857	0.37133628129959106
2.2426254749298096	0.6669186353683472
2.2426254749298096	1.2768714427947998
2.2426254749298096	1.272440195083618
2.427607297897339	1.1768763065338135
2.427607297897339	1.5528997182846067
2.427607297897339	1.457468032836914
2.2452378273010254	1.1800718307495115
2.123098134994507	1.0207993984222412
2.123098134994507	0.928137481212616
2.081191062927246	0.9458104372024536
2.081191062927246	0.6555052399635315
2.017331123352051	0.6505548357963562
1.9039235115051267	0.9458310008049012
1.5986049175262451	1.3706064224243164
0.8572368025779725	0.7957191467285156
0.37336283922195435	0.7680954933166504
0.2969687879085541	0.9494454860687258
0.12731121480464935	0.37334388494491577
-0.12484188377857208	0.22331330180168152
-0.3828020989894867	-0.02048365958034992
-0.7179597020149231	0.13172565400600433
-1.011216402053833	-0.21321164071559903
-1.0371921062469482	-0.3212989270687103
-1.0371921062469482	-0.12876807153224945
-1.0371921062469482	-0.23252028226852417
-0.9405988454818724	-0.25430431962013245
-0.7589897513389587	-0.2502100467681885
-0.5677716135978699	-0.35813841223716736
-0.4930516183376312	-0.315286785364151
-0.3488975763320923	-0.2509801685810089
-0.16069643199443817	-0.3002454936504364
-0.12075789272785185	-0.44198593497276306
-0.09236613661050797	-0.6449466943740845
-0.05111531540751458	-0.6449466943740845
-0.021999971941113472	-0.6449466943740845
-0.004866805858910084	-0.6449466943740845
-0.004866805858910084	-0.6449466943740845
-0.021999971941113472	-0.6449466943740845
-0.11471161246299744	-0.6449466943740845
-0.13293015956878662	-0.6449466943740845
-0.17322437465190887	-0.414797842502594
-0.17988386750221252	-0.39109146595001215
-0.19988073408603668	-0.3696042597293854
-0.21489217877388	-0.3593900203704834
-0.21521104872226715	-0.6449466943740845
-0.25873076915740967	-0.6449466943740845
-0.30574578046798706	-0.6449466943740845
-0.3206775188446045	-0.6449466943740845
-0.3316846787929535	-0.6449466943740845
-0.4160566329956054	-0.6449466943740845
-0.4535239338874817	-0.6449466943740845
-0.5839788317680359	-0.6449466943740845
-0.623218297958374	-0.6449466943740845
-0.623218297958374	-0.6449466943740845
-0.6241013407707214	-0.6449466943740845
-0.623218297958374	-0.6449466943740845
-0.623218297958374	-0.6449466943740845
-0.6534067988395691	-0.6449466943740845
-0.6560190916061401	-0.6449466943740845
-0.6748263239860535	-0.6449466943740845
-0.6748263239860535	-0.6449466943740845
-0.6748263239860535	-0.6449466943740845
-0.6748263239860535	-0.6449466943740845
-0.6820376515388489	-0.6449466943740845
-0.698852002620697	-0.6449466943740845
-0.7602958679199219	-0.6449466943740845
-0.9470559954643248	-0.6449466943740845
-1.0409265756607056	-0.6449466943740845
-1.0697598457336424	-0.6449466943740845
-1.0697598457336424	-0.8365893363952637
-1.0697598457336424	-0.8380638957023621
-0.958602786064148	-0.8027725815773009
-0.7549425363540649	-0.2845172584056854
-0.7522566914558412	-0.05009203404188156
-0.7522566914558412	-0.07077588140964508
-0.7522566914558412	-0.22502753138542175
-0.7522566914558412	-1.5537357330322263
-0.7522566914558412	-1.1450908184051511
-0.4779420793056488	-1.1534249782562256
-0.33576256036758423	-0.6449466943740845
0.013897505588829516	-0.6449466943740845
0.24485182762145996	-0.6449466943740845
0.35497260093688965	-0.6449466943740845
0.5321788191795349	-0.6449466943740845
0.5386481881141663	-0.6449466943740845
0.5386481881141663	-0.6449466943740845
0.5386481881141663	-0.6449466943740845
0.49901625514030457	-1.2240931987762451
0.4178636968135834	-1.3329360485076904
0.2566377818584442	-1.5914169549942017
0.1765154004096985	-1.3146629333496092
0.1765154004096985	-0.9522908926010133
0.1765154004096985	-0.9980826973915101
0.124061182141304	-0.47206577658653254
0.09893785417079924	-0.3294214606285095
0.09893785417079924	-0.3801044523715973
-0.0004210132465232163	-0.5416305065155029
-0.23697397112846377	-0.14263825118541715
-0.4637645781040192	-0.6449466943740845
-0.7272130846977234	-0.6449466943740845
-0.873525619506836	-0.6449466943740845
-0.9249373674392701	-0.6449466943740845
-0.9249373674392701	-0.6449466943740845
-0.9309346079826355	-0.6449466943740845
-0.9309346079826355	-0.6449466943740845
-0.8450602889060974	-0.6449466943740845
-0.820458173751831	-0.6449466943740845
-0.7202776074409485	-0.6449466943740845
-0.7093685865402222	-0.6449466943740845
-0.6595020890235901	-0.6449466943740845
-0.5938883423805237	-0.6449466943740845
-0.5938883423805237	-0.41830655932426447
-0.5815321207046509	-0.375542014837265
-0.5775830149650574	-0.3350403308868408
-0.5442487597465515	-0.3199082016944885
-0.526986837387085	-0.6449466943740845
-0.526986837387085	-0.6449466943740845
-0.526986837387085	-0.35321295261383057
-0.5536370277404785	-0.3450266420841217
-0.595176100730896	-0.30419811606407166
-0.595176100730896	-0.31477057933807373
-0.595176100730896	-0.6449466943740845
-0.5747683644294739	-0.6449466943740845
-0.5405510663986206	-0.6449466943740845
-0.5268887281417847	-0.6449466943740845
-0.48996102809906006	-0.6449466943740845
-0.4727113544940949	-0.3641837537288666
-0.45910418033599854	-0.3154661953449249
-0.40289708971977234	-0.1557946652173996
-0.3630382716655731	-0.1741189956665039
-0.3510744869709015	-0.2874751389026642
-0.32978373765945435	-0.33273082971572876
-0.32440584897994995	-0.3201720118522644
-0.3219652771949768	-0.2828355133533478
-0.29559099674224854	-0.2839585840702057
-0.27980688214302063	-0.3389159142971039
-0.2582463324069977	-0.6449466943740845
-0.2493976652622223	-0.6449466943740845
-0.23258337378501892	-0.6449466943740845
-0.23258337378501892	-0.6449466943740845
-0.22012288868427277	-0.6449466943740845
-0.21449360251426697	-0.6449466943740845
-0.22012288868427277	-0.6449466943740845
-0.2230417877435684	-0.6449466943740845
-0.2230417877435684	-0.6449466943740845
-0.26241618394851685	-0.6449466943740845
-0.2661445140838623	-0.6449466943740845
-0.2661445140838623	-0.6449466943740845
-0.269572377204895	-0.6449466943740845
-0.27804696559906006	-0.6449466943740845
-0.269572377204895	-0.6449466943740845
-0.26206663250923157	-0.6449466943740845
-0.25676849484443665	-0.6449466943740845
-0.25676849484443665	-0.6449466943740845
-0.25676849484443665	-0.6449466943740845
-0.3040655851364136	-0.6449466943740845
-0.332990825176239	-0.6449466943740845
-0.40159708261489874	-0.6449466943740845
-0.4697556793689728	-0.6449466943740845
-0.4862940311431885	-0.6449466943740845
-0.5203457474708557	-0.6449466943740845
-0.5882651805877686	-0.6449466943740845
-0.5886760354042053	-0.6449466943740845
-0.5886760354042053	-0.6449466943740845
-0.5882651805877686	-0.6449466943740845
-0.5797967314720154	-0.6449466943740845
-0.4515800476074218	-0.6449466943740845
-0.44026628136634827	-0.6449466943740845
-0.40590181946754456	-0.6449466943740845
-0.304641991853714	-0.6449466943740845
-0.283455491065979	-0.5100737810134888
-0.24842879176139832	-0.5037574768066406
-0.1805583983659744	-0.5907425284385681
-0.1681040525436401	-0.4928783476352691
-0.16596393287181854	-0.6449466943740845
-0.16596393287181854	-0.6449466943740845
-0.1645658165216446	-0.6449466943740845
-0.1645658165216446	-0.6449466943740845
-0.16687762737274167	-0.6449466943740845
-0.18315228819847104	-0.6449466943740845
-0.1853169351816177	-0.6449466943740845
-0.19162075221538544	-0.6449466943740845
-0.19162075221538544	-0.5004613995552063
-0.19162075221538544	-0.32025209069252014
-0.10023365914821623	-0.552368700504303
-0.0713881254196167	-0.5584715008735657
-0.0713881254196167	-0.7717496156692506
-0.0713881254196167	-0.9579110145568848
-0.16049407422542572	-0.43559989333152765
-0.33682340383529663	-0.47809252142906195
-0.49594599008560175	-0.42624685168266296
-0.5658522248268127	-0.3264404535293579
-0.6707668304443359	-0.49329444766044617
-0.8084883093833923	-0.5869612693786621
-0.9164321422576904	-0.6204988956451416
-1.0480705499649048	-0.5044804811477661
-1.1708357334136963	-0.6449466943740845
-1.2326598167419431	-0.6449466943740845
-1.3490843772888184	-0.6449466943740845
-1.3522056341171265	-0.6449466943740845
-1.3522056341171265	-0.6449466943740845
-1.3490843772888184	-0.6449466943740845
-1.2488486766815183	-0.6449466943740845
-1.2151464223861694	-0.6449466943740845
-1.1552846431732176	-0.6449466943740845
-1.0783264636993408	-0.6449466943740845
-0.9622023105621338	-0.6449466943740845
-0.8241926431655883	-0.6449466943740845
-0.6130450963973999	-0.6449466943740845
-0.48894309997558594	-0.6449466943740845
-0.37156805396080017	-0.9177668094635008
-0.2779427170753479	-1.2253503799438477
-0.18140463531017303	-1.2793676853179932
-0.1280919164419174	-1.1381268501281738
-0.052967216819524765	-0.6449466943740845
-0.0273533184081316	-0.6449466943740845
-0.02724293991923332	-0.6449466943740845
0.09926898777484892	-0.6449466943740845
0.1578553318977356	-0.6449466943740845
0.1648520976305008	-0.6449466943740845
0.177551731467247	-0.6449466943740845
0.177551731467247	-0.40669676661491394
0.177551731467247	-0.02984986826777458
0.160645455121994	-0.09312686324119568
-0.027267469093203545	0.08871459960937501
-0.10924788564443588	-0.3736518323421478
-0.20478031039237976	-0.3445800244808197
-0.3333342373371124	-0.35161852836608887
-0.37294778227806086	-0.6449466943740845
-0.45741170644760126	-0.6449466943740845
-0.4809836149215698	-0.6449466943740845
-0.4995271563529968	-0.6449466943740845
-0.4995271563529968	-0.6449466943740845
-0.4809836149215698	-0.6449466943740845
-0.3592056930065155	-0.6449466943740845
-0.27174925804138184	-0.6449466943740845
-0.2418183535337448	-0.6449466943740845
-0.2418183535337448	-0.6449466943740845
-0.2418183535337448	-0.6449466943740845
-0.27442288398742676	-0.6449466943740845
-0.30893450975418085	-0.6449466943740845
-0.40695655345916754	-0.6449466943740845
-0.4710618257522583	-0.8783080577850343
-0.5783679485321045	-0.5861244201660156
-0.715807318687439	-0.6766380071640015
-0.7257965207099916	-0.25937557220458984
-0.7636869549751282	0.06217116117477417
-0.7636869549751282	-0.22850807011127472
-0.7636869549751282	-0.9596537947654725
-0.48442986607551575	-1.036612033843994
-0.2066260725259781	-0.6449466943740845
0.05111338943243027	-0.6449466943740845
0.30919626355171204	-1.335475206375122
0.5618153810501099	-1.142996311187744
0.9260024428367615	-1.326391577720642
1.0712970495224	-0.6149147748947144
1.0712970495224	-0.11536002159118652
1.0712970495224	-0.17099687457084656
0.9953077435493469	-0.3841879069805146
0.7915862202644349	-1.3073947429656982
0.5417203903198242	-1.2458597421646118
0.2264861166477203	-0.6449466943740845
-0.033454786986112595	-0.6449466943740845
-0.3438017666339874	-0.6449466943740845
-0.6232796311378479	-0.6449466943740845
-0.8703123927116394	-0.6449466943740845
-1.089462399482727	-0.6449466943740845
-1.089462399482727	-0.6449466943740845
-1.089462399482727	-0.6449466943740845
-1.0218249559402464	-0.6449466943740845
-0.9035914540290833	-0.6449466943740845
-0.8645972609519958	-0.6449466943740845
-0.799124538898468	-0.6449466943740845
-0.7061123847961426	-0.6449466943740845
-0.6051530838012695	-0.6449466943740845
-0.5360684990882874	-0.3583623468875885
-0.5166357755661011	-0.26475366950035095
-0.36287268996238703	-0.1878343969583511
-0.21156856417655945	-0.007003556936979294
0.17462670803070068	-0.21601666510105133
0.3111523985862732	0.16548095643520355
0.44840168952941895	0.07878069579601288
0.44840168952941895	0.5155766606330872
0.44840168952941895	0.36665511131286627
0.3130840063095093	0.08445271849632262
0.07938863337039948	-0.3302612602710724
-0.18332399427890775	-0.8665127754211426
-0.3352903723716736	-0.7503296732902527
-0.3699675500392914	-0.34589484333992004
-0.5450459718704224	-0.32368770241737366
-0.6682403683662415	-0.2944149374961853
-0.6682403683662415	-0.2929414212703705
-0.6682403683662415	-0.6449466943740845
-0.6388981342315674	-0.6449466943740845
-0.6061893701553345	-0.6449466943740845
-0.4695165157318115	-0.3288184702396393
-0.46166738867759705	-0.2754257619380951
-0.41330945491790766	-0.22909466922283173
-0.2660279870033264	-0.2026301622390747
-0.265880823135376	-0.6449466943740845
-0.263777494430542	-0.6449466943740845
-0.23414707183837888	-0.6449466943740845
-0.23414707183837888	-0.6449466943740845
-0.23414707183837888	-0.6449466943740845
-0.23414707183837888	-0.6449466943740845
-0.23414707183837888	-0.6449466943740845
-0.22964608669281003	-0.6449466943740845
-0.22964608669281003	-0.6449466943740845
-0.2134266048669815	-0.6449466943740845
-0.22964608669281003	-0.6449466943740845
-0.25445666909217834	-0.6449466943740845
-0.28520315885543823	-0.6449466943740845
-0.3149930238723755	-0.6449466943740845
-0.3573414981365204	-0.6449466943740845
-0.37299683690071106	-0.6449466943740845
-0.42118921875953674	-0.6449466943740845
-0.47440382838249207	-0.6449466943740845
-0.48197701573371887	-0.6449466943740845
-0.5029979348182678	-0.6449466943740845
-0.5094612240791321	-0.6449466943740845
-0.5097739696502686	-0.6449466943740845
-0.5097739696502686	-0.6449466943740845
-0.5097739696502686	-0.6449466943740845
-0.43169355392456055	-0.6449466943740845
-0.4179821312427521	-0.6449466943740845
-0.4115679264068603	-0.6449466943740845
-0.4179821312427521	-0.6449466943740845
-0.4179821312427521	-0.6449466943740845
-0.4271374046802521	-0.6449466943740845
-0.5659933090209961	-0.6449466943740845
-0.6728149652481079	-0.6449466943740845
-0.6769725680351257	-0.6449466943740845
-0.7770243287086487	-0.6449466943740845
-0.8929277062416077	-0.3303634822368622
-0.9404332637786864	-0.3205192983150482
-0.9606018662452696	-0.24929365515708923
-0.9606018662452696	-0.25758376717567444
-0.9404332637786864	-0.6449466943740845
-0.923005759716034	-0.6449466943740845
-0.8449376821517944	-0.6449466943740845
-0.7639751434326171	-0.6449466943740845
-0.670306921005249	-0.6449466943740845
-0.6285164952278137	-0.6449466943740845
-0.603877604007721	-0.6449466943740845
-0.5780306458473206	-0.6449466943740845
-0.5780306458473206	-0.5004613995552063
-0.5598734021186829	-0.373887687921524
-0.5657112002372742	-0.3519601821899414
-0.5780306458473206	-0.31725218892097473
-0.5984874367713928	-0.3557671308517456
-0.6024978756904602	-0.6449466943740845
-0.6024978756904602	-0.44825008511543274
-0.6024978756904602	-0.39795646071434027
-0.576644778251648	-0.3884509801864624
-0.5581135153770447	-0.39919373393058777
-0.49267756938934326	-0.6449466943740845
-0.39160785079002386	-0.6449466943740845
-0.25782933831214905	-0.6449466943740845
-0.2544811964035034	-0.9536912441253662
-0.2544811964035034	-1.4215521812438965
-0.2544811964035034	-1.6174592971801756
-0.282971054315567	-1.2552169561386108
-0.31817561388015747	-0.351159006357193
-0.33095496892929077	-0.2700503468513489
-0.3640868663787842	-0.26596370339393616
-0.4646169543266296	-0.6449466943740845
-0.4694184064865112	-0.6449466943740845
-0.5223019123077393	-0.6449466943740845
-0.5379388332366943	-0.6449466943740845
-0.5379388332366943	-0.6449466943740845
-0.5223019123077393	-0.6449466943740845
-0.5203089118003845	-0.6449466943740845
-0.4378072917461395	-0.6449466943740845
-0.42439019680023193	-0.6449466943740845
-0.3898847103118896	-0.6449466943740845
-0.31478455662727356	-0.6449466943740845
-0.25788453221321106	-0.6449466943740845
-0.22532907128334043	-0.32784926891326904
-0.1649092137813568	-0.29688403010368347
-0.1649092137813568	-0.20981894433498385
-0.14856095612049103	-0.23640011250972748
-0.14856095612049103	-0.6449466943740845
-0.171525776386261	-0.6449466943740845
-0.24596367776393888	-0.6449466943740845
-0.27014878392219543	-0.6449466943740845
-0.2717553973197937	-0.6449466943740845
-0.3026551902294159	-0.6449466943740845
-0.3681892454624176	-0.6449466943740845
-0.41097310185432434	-0.6449466943740845
-0.41896939277648926	-0.6449466943740845
-0.4484833180904389	-0.6449466943740845
-0.446085661649704	-0.6449466943740845
-0.446085661649704	-0.6449466943740845
-0.446085661649704	-0.6449466943740845
-0.4042400121688842	-0.6449466943740845
-0.3834153115749359	-0.6449466943740845
-0.37363457679748535	-0.6449466943740845
-0.35318392515182495	-0.6449466943740845
-0.35318392515182495	-0.6449466943740845
-0.365834504365921	-0.6449466943740845
-0.365834504365921	-0.6449466943740845
-0.5110923647880554	-0.6449466943740845
-0.607691764831543	-0.6449466943740845
-0.6199866533279419	-0.6449466943740845
-0.7801885008811951	-0.6449466943740845
-0.9891591668128968	-0.6449466943740845
-1.0911977291107176	-0.6449466943740845
-1.2493146657943723	-0.6449466943740845
-1.471702456474304	-0.6449466943740845
-1.6894174814224243	-0.6449466943740845
-1.9242963790893552	-0.42526125907897955
-2.2202022075653076	-0.4001835584640503
-2.3795578479766846	-0.43885886669158936
-2.539011478424072	-0.3209739625453949
-2.6076178550720215	-0.37982690334320063
-2.7395322322845455	-0.6449466943740845
-2.7682304382324214	-0.6449466943740845
-2.829895257949829	-0.6449466943740845
-2.951997995376587	-0.6449466943740845
-3.021285057067871	-0.6449466943740845
-3.022818088531494	-0.6449466943740845
-3.0286190509796143	-0.6449466943740845
-3.0426862239837646	-0.6449466943740845
-3.1502866744995117	-0.6449466943740845
-3.221498966217041	-0.6449466943740845
-3.2555813789367676	-0.6449466943740845
-3.2572431564331055	-0.6449466943740845
-3.3028478622436523	-0.6449466943740845
-3.3033812046051025	-0.6449466943740845
-3.3046200275421143	-0.6449466943740845
-3.3046200275421143	-0.6449466943740845
-3.3028478622436523	-0.6449466943740845
-3.2823052406311035	-0.6449466943740845
-3.2489280700683594	-0.6449466943740845
-3.079282760620117	-0.6449466943740845
-3.079282760620117	-0.6449466943740845
-3.0249030590057373	-0.6449466943740845
-3.0131967067718506	-0.6449466943740845
-3.0131967067718506	-0.6449466943740845
-3.0002946853637695	-0.6449466943740845
-2.925482749938965	-0.6449466943740845
-2.891057014465332	-0.6449466943740845
-2.82330322265625	-0.6449466943740845
-2.808187484741211	-0.6449466943740845
-2.7830395698547363	-0.6449466943740845
-2.7830395698547363	-0.6449466943740845
-2.7365641593933105	-0.6449466943740845
-2.7251706123352046	-0.6449466943740845
-2.7251706123352046	-0.6449466943740845
-2.73038911819458	-0.6449466943740845
-2.73038911819458	-0.6449466943740845
-2.73038911819458	-0.6449466943740845
-2.73038911819458	-0.6449466943740845
-2.73038911819458	-0.6449466943740845
-2.703493595123291	-0.6449466943740845
-2.694227933883667	-0.6449466943740845
-2.703493595123291	-0.6449466943740845
-2.734399557113647	-0.6449466943740845
-2.734399557113647	-0.6449466943740845
-2.840043783187866	-0.6449466943740845
-2.9065160751342773	-0.6449466943740845
-2.9065160751342773	-0.6449466943740845
-2.9241459369659424	-0.6449466943740845
-2.9241459369659424	-0.6449466943740845
-2.8893585205078125	-0.6449466943740845
-2.879565477371216	-0.6449466943740845
-2.8893585205078125	-0.6449466943740845
-2.8893585205078125	-0.6449466943740845
-2.917652130126953	-0.6449466943740845
-2.917652130126953	-0.6449466943740845
-2.917652130126953	-0.6449466943740845
-2.837768793106079	-0.6449466943740845
-2.825314521789551	-0.6449466943740845
-2.757683277130127	-0.6449466943740845
-2.707050323486328	-0.6449466943740845
-2.634212732315063	-0.6449466943740845
-2.5183584690093994	-0.6449466943740845
-2.5183584690093994	-0.6449466943740845
-2.4790515899658203	-0.6449466943740845
-2.4483296871185303	-0.6449466943740845
-2.4483296871185303	-0.6449466943740845
-2.4483296871185303	-0.6449466943740845
-2.436586618423462	-0.6449466943740845
-2.412235975265503	-0.6449466943740845
-2.2878642082214355	-0.6449466943740845
-2.2639732360839844	-0.6449466943740845
-2.0255563259124756	-0.6449466943740845
-1.8581614494323728	-0.6449466943740845
-1.758072853088379	-0.6449466943740845
-1.7060294151306152	-0.6449466943740845
-1.4471862316131592	-0.6449466943740845
-1.4232280254364011	-0.6449466943740845
-1.4232280254364011	-0.6449466943740845
-1.4098844528198242	-0.6449466943740845
-1.4098844528198242	-0.6449466943740845
-1.3942598104476929	-0.6449466943740845
-1.4098844528198242	-0.6449466943740845
-1.4098844528198242	-0.6449466943740845
-1.4122146368026731	-0.6449466943740845
-1.5278849601745603	-0.6449466943740845
-1.6477742195129395	-0.6449466943740845
-1.6873080730438232	-0.6449466943740845
-1.9733289480209353	-0.6449466943740845
-2.1251296997070312	-0.6449466943740845
-2.139209032058716	-0.6449466943740845
-2.2014684677124023	-0.6449466943740845
-2.289121150970459	-0.6449466943740845
-2.3850338459014893	-0.6449466943740845
-2.5353505611419678	-0.6449466943740845
-2.652560234069824	-0.6449466943740845
-2.6938233375549316	-0.6449466943740845
-2.700881242752075	-0.6449466943740845
-2.8862738609313965	-0.6449466943740845
-3.115259885787964	-0.6449466943740845
-3.1660215854644775	-0.6449466943740845
-3.1824679374694824	-0.6449466943740845
-3.226398468017578	-0.6449466943740845
-3.226398468017578	-0.6449466943740845
-3.226398468017578	-0.6449466943740845
-3.1790831089019775	-0.6449466943740845
-3.0755727291107178	-0.6449466943740845
-2.9848723411560054	-0.6449466943740845
-2.9346442222595215	-0.6449466943740845
-2.857501983642578	-0.6449466943740845
-2.857501983642578	-0.6449466943740845
-2.857501983642578	-0.6449466943740845
-2.857501983642578	-0.6449466943740845
-2.857501983642578	-0.6449466943740845
-2.767059326171875	-0.6449466943740845
-2.7184314727783203	-0.6449466943740845
-2.7033157348632812	-0.6449466943740845
-2.564318895339966	-0.33673158288002014
-2.5615899562835693	-0.35021382570266724
-2.5615899562835693	-0.32309046387672424
-2.5612220764160156	-0.34396296739578247
-2.5612220764160156	-0.6449466943740845
-2.589362382888794	-0.6449466943740845
-2.600590467453003	-0.6449466943740845
-2.699054002761841	-0.6449466943740845
-2.7098464965820312	-0.6449466943740845
-2.776655912399292	-0.6449466943740845
-2.8303122520446777	-0.6449466943740845
-2.8806262016296382	-0.6449466943740845
-2.908864736557007	-0.6449466943740845
-2.9580259323120117	-0.6449466943740845
-3.022247791290283	-0.6449466943740845
-3.156099796295166	-0.6449466943740845
-3.1847736835479736	-0.6449466943740845
-3.1847736835479736	-0.6449466943740845
-3.1847736835479736	-0.6449466943740845
-3.0716114044189453	-0.6449466943740845
-3.0597946643829346	-0.6449466943740845
-3.035738468170166	-0.6449466943740845
-3.035738468170166	-0.6449466943740845
-3.02669358253479	-0.6449466943740845
-3.010014057159424	-0.6449466943740845
-3.010014057159424	-0.6449466943740845
-2.969707727432251	-0.6449466943740845
-2.835493803024292	-0.6449466943740845
-2.714040756225586	-0.6449466943740845
-2.703806400299072	-0.6449466943740845
-2.5929741859436035	-0.6449466943740845
-2.4433319568634033	-0.6449466943740845
-2.3887681961059566	-0.6449466943740845
-2.3585858345031734	-0.6449466943740845
-2.2254941463470455	-0.6449466943740845
-2.1439368724823	-0.6449466943740845
-1.96240758895874	-0.6449466943740845
-1.8395320177078247	-0.6449466943740845
-1.8382810354232788	-0.4064701497554779
-1.5428903102874756	-0.40439555048942566
-1.3217228651046753	-0.2736545503139496
-1.1456940174102783	-0.34763932228088373
-1.116915941238403	-0.6449466943740845
-0.995622456073761	-0.6449466943740845
-0.8703675866127014	-0.6449466943740845
-0.8081387281417847	-0.6449466943740845
-0.7723823189735413	-0.6449466943740845
-0.7193700671195984	-0.3758558928966522
-0.7138450145721436	-0.36879295110702515
-0.6803820133209229	-0.36169353127479553
-0.6767088770866394	-0.35322800278663635
-0.6767088770866394	-0.6449466943740845
-0.6767088770866394	-0.6449466943740845
-0.703126072883606	-0.4145885407924652
-0.7141823172569275	-0.3853529095649719
-0.7173526287078857	-0.3275631368160248
-0.798719823360443	-0.29841148853302
-0.8325507640838622	-0.44759371876716614
-0.8346172571182251	-0.6027384400367737
-0.8325507640838622	-0.41700783371925354
-0.8268172144889832	-0.6173456907272339
-0.8268172144889832	-0.6099110245704651
-0.8210407495498657	-0.3394125998020172
-0.8210407495498657	-0.31106817722320557
-0.8210407495498657	-0.2952426075935364
-0.8177171349525452	-0.6449466943740845
-0.810671329498291	-0.6449466943740845
-0.7954514026641847	-0.6449466943740845
-0.6687923073768616	-0.6449466943740845
-0.6626172065734863	-0.6449466943740845
-0.5248405933380127	-0.6449466943740845
-0.48200154304504395	-0.6449466943740845
-0.45126730203628546	-0.6449466943740845
-0.4373657703399658	-0.6449466943740845
-0.4373657703399658	-0.6449466943740845
-0.420030266046524	-0.6449466943740845
-0.4132174551486969	-0.6449466943740845
-0.40952593088150024	-0.6449466943740845
-0.40952593088150024	-0.6449466943740845
-0.4049697518348694	-0.6449466943740845
-0.3990154564380646	-0.6449466943740845
-0.3771298825740814	-0.6449466943740845
-0.3731685280799866	-0.6449466943740845
-0.37584826350212097	-0.6449466943740845
-0.3731685280799866	-0.6449466943740845
-0.35771557688713074	-0.6449466943740845
-0.3451140522956848	-0.6449466943740845
-0.3451140522956848	-0.5287382006645203
-0.32420963048934937	-0.4032009243965149
-0.322038859128952	-0.6787452697753906
-0.32420963048934937	-0.46234309673309326
-0.3465428352355957	-0.18655607104301453
-0.3892714977264404	-0.2482900470495224
-0.4067051410675049	-0.2882542014122009
-0.460894763469696	-0.6449466943740845
-0.49938613176345825	-0.6449466943740845
-0.5986591577529907	-0.6449466943740845
-0.6213725209236145	-0.32825005054473877
-0.6501444578170776	-0.2567626237869262
-0.6556388735771179	-0.22306494414806363
-0.7068421244621277	-0.28052371740341187
-0.7068421244621277	-0.6449466943740845
-0.6571903228759766	-0.6449466943740845
-0.6556388735771179	-0.6449466943740845
-0.6124932169914246	-0.6449466943740845
-0.5696112513542175	-0.6449466943740845
-0.5071678161621094	-0.6449466943740845
-0.3020603656768799	-0.6449466943740845
-0.24265845119953156	-0.6449466943740845
-0.23804709315299988	-0.6449466943740845
-0.2289224863052368	-0.6449466943740845
-0.23804709315299988	-0.6449466943740845
-0.23972730338573456	-0.6449466943740845
-0.23972730338573456	-0.6449466943740845
-0.352754682302475	-0.6449466943740845
-0.4763293266296386	-0.6449466943740845
-0.6290438175201416	-0.6449466943740845
-0.6489303112030029	-0.6449466943740845
-0.7241470217704773	-0.6449466943740845
-0.7251833081245422	-0.6449466943740845
-0.7367178797721863	-0.6449466943740845
-0.7400966882705688	-0.6449466943740845
-0.7400966882705688	-0.6449466943740845
-0.7746266722679137	-0.6449466943740845
-0.7746266722679137	-0.6449466943740845
-0.7746266722679137	-0.6449466943740845
-0.7495278716087341	-0.6449466943740845
-0.6277070045471191	-0.6449466943740845
-0.6050794720649719	-0.6449466943740845
-0.5790117979049683	-0.6449466943740845
-0.48896762728691107	-0.6449466943740845
-0.4512243866920471	-0.6449466943740845
-0.43180394172668457	-0.6449466943740845
-0.3921842575073242	-0.6449466943740845
-0.3432069718837738	-0.6449466943740845
-0.29851600527763367	-0.6449466943740845
-0.29445040225982666	-0.6449466943740845
-0.29445040225982666	-0.6449466943740845
-0.29851600527763367	-0.6449466943740845
-0.3528405427932739	-0.3252665102481842
-0.35357025265693665	-0.37222322821617126
-0.4368077516555786	-0.3358260691165924
-0.4993064105510712	-0.36455607414245605
-0.5335543155670166	-0.6449466943740845
-0.5465421676635742	-0.6449466943740845
-0.5465421676635742	-0.6449466943740845
-0.5408760905265808	-0.6449466943740845
-0.5408760905265808	-0.6449466943740845
-0.48874074220657343	-0.6449466943740845
-0.4641570448875427	-0.6449466943740845
-0.4583253860473633	-0.6449466943740845
-0.4185646772384643	-0.6449466943740845
-0.4185646772384643	-0.6449466943740845
-0.4164736270904541	-0.6449466943740845
-0.4164736270904541	-0.6449466943740845
-0.4246109426021576	-0.6449466943740845
-0.5020719766616821	-0.6449466943740845
-0.5128645300865173	-0.6449466943740845
-0.5470879673957825	-0.39005798101425165
-0.5786377191543579	-0.35607168078422546
-0.5963596105575562	-0.3265327513217926
-0.6427798271179199	-0.3444220721721649
-0.6523029804229736	-0.6449466943740845
-0.6886481046676636	-0.6449466943740845
-0.6954731941223145	-0.6449466943740845
-0.6523029804229736	-0.6449466943740845
-0.6523029804229736	-0.6449466943740845
-0.5574451088905334	-0.6449466943740845
-0.49643656611442566	-0.6449466943740845
-0.43109261989593506	-0.13015593588352203
-0.3316417634487152	-0.16819386184215543
-0.25251278281211853	-0.1646846234798431
-0.25251278281211853	-0.18596644699573517
-0.25251278281211853	-0.6449466943740845
-0.2930584251880646	-0.6449466943740845
-0.3554282784461975	-0.6449466943740845
-0.41131037473678594	-0.6449466943740845
-0.42652419209480286	-0.6449466943740845
-0.496589869260788	-0.6449466943740845
-0.588234543800354	-1.0001592636108398
-0.588234543800354	-0.6919420957565308
-0.588234543800354	-0.4113687574863434
-0.5009068846702576	0.0031788724008947607
-0.3605547547340393	-0.22824606299400327
-0.226763978600502	-0.23626826703548431
0.06262952834367752	0.1128133088350296
0.25056084990501404	0.028733085840940475
0.43648695945739746	0.14505119621753693
0.5959590673446655	0.24849824607372284
0.765751540660858	0.308756023645401
0.8163599967956542	-0.37047526240348816
0.8163599967956542	-0.5229226350784302
0.81955486536026	-0.36241045594215393
0.8326285481452942	-0.4875613749027252
0.8326285481452942	-0.6449466943740845
0.8378040790557861	-0.6449466943740845
0.878202497959137	-0.6449466943740845
0.8831633925437926	-0.6449466943740845
0.9050551056861876	-0.13754548132419586
0.9246901869773864	-0.12345008552074432
0.925806224346161	-0.1438114196062088
1.0023781061172483	-0.03432029113173485
1.0136796236038208	-0.374784380197525
1.1225371360778809	-0.32632836699485773
1.1550190448760986	0.08438464999198914
1.1584223508834839	-0.039698254317045205
1.201696753501892	0.17508693039417267
1.201696753501892	0.8411990404129028
1.201696753501892	0.450190395116806
1.196226954460144	0.2725309133529663
1.1229541301727295	0.20135597884655
1.108028531074524	-0.13760675489902496
0.9560928344726564	-0.12762762606143951
0.8919937014579773	-0.04572037607431412
0.6342664957046509	0.5325517654418945
0.3992097675800323	0.5161005258560181
0.3182104825973511	0.10693012177944183
0.07210979610681534	0.06612664461135864
-0.12894427776336667	-0.2906785011291504
-0.2846328616142273	-0.6449466943740845
-0.47296890616416926	-0.35655149817466736
-0.5808330178260803	-0.343664675951004
-0.5871184468269348	-0.22084391117095947
-0.5871184468269348	-0.20618367195129392
-0.5808330178260803	-0.34195730090141296
-0.4919723868370056	-0.037802305072546005
-0.46187588572502136	-0.31696492433547974
-0.38993990421295166	-0.2150898575782776
-0.3714208900928498	-0.19247442483901975
-0.3211558163166046	-0.6449466943740845
-0.3207327127456665	-0.6449466943740845
-0.29397210478782654	-0.6449466943740845
-0.25927653908729553	-0.6449466943740845
-0.25131702423095703	-0.6449466943740845
-0.25131702423095703	-0.6449466943740845
-0.25131702423095703	-0.6449466943740845
-0.25131702423095703	-0.6449466943740845
-0.25416845083236694	-0.6449466943740845
-0.27406108379364014	-0.6449466943740845
-0.28088000416755676	-0.6449466943740845
-0.30769580602645874	-0.6449466943740845
-0.32964882254600525	-0.6449466943740845
-0.30810052156448364	-0.6449466943740845
-0.32964882254600525	-0.6449466943740845
-0.33042147755622864	-0.6449466943740845
-0.33042147755622864	-0.3388446271419525
-0.3580650985240936	-0.2772538959980011
-0.3794662356376648	-0.25579747557640076
-0.3814898431301117	-0.24358947575092316
-0.3950234353542328	-0.6449466943740845
-0.43582049012184143	-0.6449466943740845
-0.4377337098121643	-0.6449466943740845
-0.4377337098121643	-0.6449466943740845
-0.4377337098121643	-0.6449466943740845
-0.4395304322242737	-0.6449466943740845
-0.4395304322242737	-0.35010507702827454
-0.4288482666015625	-0.3621140420436859
-0.4288482666015625	-0.3076799213886261
-0.4424554407596588	-0.3616192042827606
-0.4424554407596588	-0.6449466943740845
-0.4964120388031006	-0.6449466943740845
-0.5370067358016968	-0.6449466943740845
-0.5642762780189514	-0.6449466943740845
-0.5642762780189514	-0.6449466943740845
-0.5642762780189514	-0.6449466943740845
-0.568556547164917	-0.6449466943740845
-0.5761113166809082	-0.6449466943740845
-0.5899208784103394	-0.6449466943740845
-0.5979048609733582	-0.6449466943740845
-0.5979048609733582	-0.6449466943740845
-0.597389817237854	-0.6449466943740845
-0.597389817237854	-0.6449466943740845
-0.5905647277832031	-0.6449466943740845
-0.5905647277832031	-0.6449466943740845
-0.597389817237854	-0.6449466943740845
-0.6199805736541748	-0.6449466943740845
-0.633164644241333	-0.6449466943740845
-0.633164644241333	-0.34148645401000977
-0.6628808975219727	-0.3453616201877594
-0.6877405643463135	-0.3033393621444702
-0.6877405643463135	-0.30020079016685486
-0.6877405643463135	-0.6449466943740845
-0.6978769898414612	-0.3932765424251556
-0.7431811094284058	-0.38783344626426697
-0.7431811094284058	-0.3421291410923004
-0.7431811094284058	-0.36330392956733704
-0.6699941754341125	-0.6449466943740845
-0.6587907671928406	-0.6449466943740845
-0.6531246900558472	-0.6449466943740845
-0.5973407030105591	-0.6449466943740845
-0.5645522475242615	-0.6449466943740845
-0.555942714214325	-0.6449466943740845
-0.5257726907730103	-0.6449466943740845
-0.5012871026992798	-0.4742906093597412
-0.48856291174888605	-0.5740376710891724
-0.48856291174888605	-0.5120227336883545
-0.48856291174888605	-0.6254374384880066
-0.48856291174888605	-0.6449466943740845
-0.4901818037033081	-0.6449466943740845
-0.4901818037033081	-0.6449466943740845
-0.4901818037033081	-0.6449466943740845
-0.4792175590991974	-0.6449466943740845
-0.4765010178089142	-0.6449466943740845
-0.4428295195102691	-0.3657655417919159
-0.44092240929603577	-0.3353550434112549
-0.41779202222824097	-0.23894444108009336
-0.41779202222824097	-0.194517120718956
-0.4002725481986999	-0.6449466943740845
-0.4002725481986999	-0.6449466943740845
-0.39986783266067505	-0.6449466943740845
-0.36663782596588135	-0.6449466943740845
-0.3617873191833496	-0.6449466943740845
-0.3399691879749298	-0.6449466943740845
-0.33366537094116205	-0.3656684756278992
-0.27731725573539734	-0.3490208089351654
-0.2600736916065216	-0.32428887486457825
-0.25788453221321106	-0.33145785331726074
-0.19411653280258176	-0.6449466943740845
-0.14626140892505643	-0.6449466943740845
-0.14626140892505643	-0.6449466943740845
-0.14626140892505643	-0.6449466943740845
-0.17305880784988403	-0.6449466943740845
-0.2111699879169464	-0.2853594422340393
-0.2915560305118561	-0.35961487889289856
-0.3762468695640564	-0.38485220074653625
-0.5041568875312805	-0.3381373882293701
-0.6005355715751648	-0.6449466943740845
-0.7179903388023376	-0.3873892724514007
-0.7761045098304749	-0.3042319118976593
-0.8853177428245544	-0.20876497030258176
-0.8853177428245544	-0.3097192943096161
-0.8853177428245544	-0.3550308048725128
-0.8281417489051819	-0.6449466943740845
-0.7431627511978148	-0.39063939452171326
-0.5448251962661743	-0.35666006803512573
-0.446220576763153	-0.14840851724147797
-0.4360902905464172	0.3474789559841156
-0.37854641675949097	0.1382143795490265
-0.3692930340766906	0.2593536972999573
-0.3062547445297241	0.707897424697876
-0.3027471899986267	0.31678566336631775
-0.3027471899986267	-0.0280389916151762
-0.3062547445297241	-0.1552485078573227
-0.33309507369995117	-0.4219594001770019
-0.49540635943412786	-0.7278088331222534
-0.49540635943412786	-1.1766936779022217
-0.49540635943412786	-1.0824668407440183
-0.19087876379489896	-1.075191020965576
0.14760854840278623	-0.3320935070514679
0.4921421408653259	-0.3809435665607452
0.8521961569786072	-0.2635688781738281
1.1903952360153198	0.05219823122024536
1.4498149156570435	0.4202396273612976
1.4938251972198486	-0.2231668382883072
1.591166615486145	-0.21825625002384183
1.591166615486145	-0.24705663323402405
1.591166615486145	-0.156224325299263
1.538221836090088	-0.3067367672920227
1.393356442451477	-0.7829324007034303
1.154136061668396	-0.3293296992778778
0.8627127408981323	-0.15948258340358734
0.5222263932228088	-0.31872496008872986
0.25744110345840454	-0.15294277667999268
0.030018869787454605	-0.17331400513648987
-0.19673494994640353	-0.6449466943740845
-0.38943094015121454	-1.0731759071350095
-0.5524474382400513	-0.8353823423385621
-0.6616421937942505	-0.7878649234771729
-0.6616421937942505	-0.09152643382549285
-0.6616421937942505	-0.05666230246424675
-0.32779690623283386	-0.466817170381546
-0.009680526331067085	-0.45914503931999207
0.3325105905532837	-0.5492902398109436
0.6743338108062744	-0.3645104467868805
0.7811186909675598	-0.3568415343761444
0.8386502861976624	-0.15536731481552124
0.8485352993011476	-0.25319579243659973
1.006370186805725	-0.41285452246665955
1.0929802656173706	-0.14447802305221555
1.19349205493927	-0.3365480601787567
1.19349205493927	-1.3533239364624023
1.19349205493927	-0.6909953355789185
0.8761544227600098	-0.24516913294792175
0.5304802060127258	-0.23653019964694977
0.22188088297843933	-0.2598291337490082
-0.1979307234287262	-0.3122643530368805
-0.2719700336456299	-0.6449466943740845
-0.28427720069885254	-0.4244115650653839
-0.3219652771949768	-0.5978153944015503
-0.40917026996612543	-0.549355149269104
-0.5998058319091797	-0.8213286995887756
-0.7837328910827637	-0.7932326793670654
-1.0247807502746582	-0.3102373778820038
-1.2059237957000732	-0.3269597589969635
-1.3055462837219238	-0.264997661113739
-1.4824705123901367	-0.2510621249675751
-1.7592685222625732	-0.6449466943740845
-1.9841337203979492	-0.8234599828720093
-2.288943290710449	-0.7299310564994813
-2.7433156967163086	-0.5705156326293945
-2.7433156967163086	-0.618033766746521
-2.7433156967163086	-0.6077079772949219
-2.5749642848968506	-0.6449466943740845
-2.4385550022125244	-0.6449466943740845
-2.4385550022125244	-0.6449466943740845
-2.4385550022125244	-0.6449466943740845
-2.4061896800994873	-0.6449466943740845
-2.459999084472656	-0.6449466943740845
-2.4792110919952393	-0.6449466943740845
-2.4910154342651367	-0.6449466943740845
-2.6025218963623047	-0.6449466943740845
-2.759645462036133	-0.2730235159397125
-2.759645462036133	-0.34291622042655945
-2.759645462036133	-0.2568591237068176
-2.3933918476104736	-0.2858281135559082
-1.8113609552383425	-0.6722352504730225
-1.1867486238479614	-0.42673400044441223
-0.8505547046661378	-0.5727418661117554
-0.3838568329811096	-0.057495780289173126
-0.2656232714653015	-0.16013994812965393
-0.01525463070720434	-0.5996636748313904
0.03544580191373825	-0.6248250603675842
0.14330993592739105	-0.7391743659973145
0.14330993592739105	-1.2756099700927734
0.14330993592739105	-1.5979506969451904
0.13791365921497345	-1.6277843713760376
-0.21868796646595	-0.997762143611908
-0.4760963022708893	-1.3561489582061768
-0.6553016304969788	-0.9125797152519226
-0.6553016304969788	-0.6449466943740845
-0.6553016304969788	-0.333906352519989
-0.6076672077178955	-0.1449795514345169
-0.3858681619167328	-0.0054420772939920425
-0.2046208679676056	0.0027855916414409876
-0.06970179080963135	-0.3656045794486999
-0.06970179080963135	-0.6449466943740845
-0.06970179080963135	-0.6449466943740845
-0.09413832426071167	-0.6449466943740845
-0.20730060338974	-0.6449466943740845
-0.3424220383167267	-0.6449466943740845
-0.3424220383167267	-1.3617098331451416
-0.3424220383167267	-1.5776772499084473
-0.26430487632751465	-1.3242965936660767
-0.24199005961418152	-1.239008545875549
-0.14355714619159698	-0.7026108503341675
-0.12480509281158449	-0.404878169298172
-0.09566522389650346	-1.2408528327941895
0.025720247998833656	-0.8982870578765869
0.06374557316303253	-0.8921900987625122
0.06374557316303253	-0.9822018146514893
0.06374557316303253	-0.8042200803756714
0.0500463992357254	-0.7670495510101318
0.0500463992357254	-0.6728881597518921
0.0500463992357254	-0.5463994741439819
0.2660260796546936	-0.35288622975349426
0.63056880235672	-0.5558565855026245
0.8499088883399963	-0.6077422499656677
0.984950602054596	-1.2582685947418213
0.984950602054596	-1.2297875881195068
0.984950602054596	-1.1930701732635498
0.8150967955589294	-1.0485305786132812
0.7491089701652527	-1.1525228023529053
0.7450863122940063	-0.7739410996437072
0.7450863122940063	-0.0526447668671608
0.5295788049697876	-0.1840817034244537
0.4484446048736572	-0.1661521792411804
0.4484446048736572	-0.3058285415172577
0.4484446048736572	-0.27636006474494934
0.7051171064376831	-0.220760241150856
0.7051171064376831	-0.22142551839351657
0.7465580105781555	0.11248429864645004
0.7051171064376831	0.0647449865937233
0.6833786964416504	-0.22991037368774417
0.673052191734314	-0.19936878979206085
0.673052191734314	-0.08415915071964264
0.5018125176429749	-0.3096907138824463
0.03729770332574844	-0.5400315523147583
-0.2049826681613922	-0.26841744780540466
-0.5355350375175476	-0.1752534806728363
-0.7951570153236389	-0.2810265123844147
-0.7951570153236389	-0.9369471073150635
-0.7951570153236389	-1.002930998802185
-0.7282493710517883	-0.24398003518581393
-0.7248092889785767	-0.2770937383174896
-0.6718031764030457	-0.003954569809138774
-0.6555284857749939	-0.35501840710639954
-0.6506166458129883	-0.2987341284751892
-0.625554621219635	-0.29780134558677673
-0.5215844511985779	-0.6449466943740845
-0.4439946115016938	-0.6449466943740845
-0.4205698966979981	-0.6449466943740845
-0.34065598249435425	-0.6449466943740845
-0.28747203946113586	-0.6449466943740845
-0.23843342065811157	-0.4354684948921203
-0.1378481239080429	-0.3435535132884979
-0.12770558893680573	-0.3453471064567566
-0.08356039971113205	-0.3193349838256836
0.013744202442467213	-0.38333308696746826
0.04856855422258377	-0.6449466943740845
0.10949737578630447	-0.33208948373794556
0.1218474805355072	-0.3008860945701599
0.1218474805355072	0.002463435987010598
0.10949737578630447	0.04992983490228653
0.06439557671546936	-0.189860925078392
-0.010146567597985268	-0.2924899458885193
-0.06650082021951675	-0.6449466943740845
-0.13128061592578888	-0.6449466943740845
-0.2269602119922638	-0.6449466943740845
-0.27932244539260864	-0.6449466943740845
-0.46802642941474915	-0.6449466943740845
-0.5173593759536743	-0.6449466943740845
-0.545873761177063	-0.6449466943740845
-0.545873761177063	-0.6449466943740845
-0.545873761177063	-0.6449466943740845
-0.545873761177063	-0.6449466943740845
-0.545873761177063	-0.6449466943740845
-0.5860392451286316	-0.6449466943740845
-0.5930359959602356	-0.6449466943740845
-0.6338023543357849	-0.6449466943740845
-0.6575459837913513	-0.6449466943740845
-0.7150653004646301	-0.3543182909488678
-0.7194620370864868	-0.334825724363327
-0.7194620370864868	-0.27798065543174744
-0.7150653004646301	-0.31384602189064026
-0.6399712562561035	-0.6449466943740845
-0.5832797884941101	-0.6449466943740845
-0.4522300660610199	-0.6449466943740845
-0.38165539503097534	-0.6449466943740845
-0.316550612449646	-0.6449466943740845
-0.24013201892375943	-0.6449466943740845
-0.20332086086273193	-0.6449466943740845
-0.15341146290302277	-0.6449466943740845
-0.13521131873130798	-0.6449466943740845
-0.12490320950746536	-0.6449466943740845
-0.10038083046674728	-0.6449466943740845
-0.09733316302299501	-0.6449466943740845
-0.09733316302299501	-0.6449466943740845
-0.09733316302299501	-0.6449466943740845
-0.09396662563085555	-0.6449466943740845
-0.09396662563085555	-0.6449466943740845
-0.12349895387887953	-0.6449466943740845
-0.13243345916271207	-0.6449466943740845
-0.187138170003891	-0.6449466943740845
-0.2767285704612732	-0.6449466943740845
-0.3106760084629059	-0.3536718189716339
-0.4750599563121795	-0.3136117160320282
-0.5147716403007507	-0.2623001635074615
-0.5627800822257996	-0.2877204120159149
-0.5742226243019104	-0.6449466943740845
-0.5742226243019104	-0.6449466943740845
-0.5752098560333252	-0.6449466943740845
-0.5653616786003113	-0.6449466943740845
-0.5752098560333252	-0.3813811242580414
-0.5653616786003113	-0.34780073165893555
-0.560603141784668	-0.3505444824695587
-0.4630225896835327	-0.2968449592590332
-0.40607354044914246	-0.5085771679878235
-0.40487164258956915	-0.6449466943740845
-0.40487164258956915	-0.6449466943740845
-0.40607354044914246	-0.6449466943740845
-0.4413271248340606	-0.6449466943740845
-0.506572961807251	-0.6449466943740845
-0.5137291550636292	-0.6449466943740845
-0.5568870902061462	-0.6449466943740845
-0.5800971984863281	-0.6449466943740845
-0.6921188831329346	-0.6449466943740845
-0.7434632182121277	-0.574986457824707
-0.888586163520813	-0.6462113857269287
-0.888586163520813	-0.6547665596008301
-0.888586163520813	-0.683837890625
-0.7289975285530089	-0.15567198395729065
-0.5383680462837219	-0.19055260717868805
-0.10195065289735794	-0.30012956261634827
0.22911679744720456	-0.211458221077919
0.4065253734588623	-0.3900377750396729
0.570510745048523	-0.345927357673645
0.5825174450874329	-0.5160639882087708
0.5825174450874329	-0.36353340744972235
0.5767164826393127	-0.9142943620681763
0.570510745048523	-0.23102702200412753
0.38787758350372314	-0.09073863178491592
0.14220614731311798	-0.321775883436203
-0.12944097816944122	-0.27938494086265564
-0.38247096538543707	-0.8782469630241394
-0.8455999493598938	-1.5588035583496092
-0.906504213809967	-1.5475227832794187
-0.9962356686592102	-1.2869465351104736
-0.9962356686592102	-0.32330286502838135
-0.9962356686592102	-0.35463735461235046
-0.8457716107368469	-0.6449466943740845
-0.7092826962471008	-0.38509616255760193
-0.5530667901039124	-0.5080531239509583
-0.48807233572006226	-0.4464777410030365
-0.2020331174135208	-0.45508041977882385
0.09203921258449556	-0.12296280264854433
0.3307200074195862	-0.5664839148521423
0.5959161520004272	-0.7364441752433776
0.7684006690979003	-0.6111511588096619
0.9641258716583253	-1.2781286239624023
1.05517578125	-1.3161374330520628
1.05517578125	-1.5091266632080078
1.05517578125	-1.5983798503875732
1.0211056470870972	-1.6020600795745847
0.9624089002609253	-0.39212164282798767
0.8850275874137878	-0.3350158631801605
0.7665058374404907	-0.2198192328214645
0.6320098638534546	-0.18491004407405853
0.6303419470787048	-0.24534462392330167
0.4834100008010864	-0.22361311316490173
0.41181740164756775	-0.1366325169801712
0.41181740164756775	0.16993169486522675
0.41181740164756775	0.5404181480407715
0.5253782868385315	0.60150545835495
0.675719678401947	0.4830555319786072
0.7342876195907592	0.22249598801136017
0.8796926140785217	-0.10542894899845125
1.0097060203552246	-0.8327500820159912
1.0204740762710571	-0.9023835062980653
1.0901533365249632	-0.8100230097770691
1.291771650314331	-0.2899025082588196
1.291771650314331	1.1421018838882446
1.291771650314331	0.9399507641792296
1.2393664121627808	0.5032074451446533
0.8599410653114319	0.41192254424095154
0.5960633158683777	-0.2293676882982254
0.5066753029823303	-0.19478377699851987
0.38519784808158875	0.094211108982563
0.22522902488708496	0.13538362085819244
0.08052307367324829	-0.036856263875961304
-0.037986427545547485	-0.0898773670196533
-0.12775464355945587	-0.0736400783061981
-0.2590741515159607	-0.18988396227359772
-0.3707770109176636	0.034329067915678024
-0.393048882484436	0.17946122586727142
-0.4142538011074066	-0.23174317181110385
-0.6198885440826416	-0.3871693313121795
-0.6329132318496704	-0.5989534854888916
-0.642442524433136	-0.5756967663764954
-0.6329132318496704	-0.46261808276176447
-0.6329132318496704	-0.38369977474212646
-0.5395638346672058	-0.4243341386318206
-0.31197604537010193	-0.1059409976005554
-0.046675652265548706	-0.06990708410739899
0.25753921270370483	-0.13042746484279633
0.34427815675735474	-0.3035033643245697
0.36952412128448486	-0.29743990302085876
0.43408930301666254	-0.6449466943740845
0.43408930301666254	-0.6449466943740845
0.43408930301666254	-0.38101106882095337
0.3952606618404389	-0.3138178586959839
0.3333813548088074	-0.28078579902648926
0.132566437125206	-0.29952338337898254
-0.07792497426271439	-0.4566206634044647
-0.40144991874694824	-0.6449466943740845
-0.5985732674598694	-0.6449466943740845
-0.7354668974876403	-0.6449466943740845
-0.7354668974876403	-0.6449466943740845
-0.7354668974876403	-0.3793287575244903
-0.6430189609527588	-0.3292575478553772
-0.6408665776252747	-0.3484351336956024
-0.5685442686080933	-0.018627705052495
-0.4890657365322113	-0.23268172144889832
-0.3843228816986084	-0.08434170484542847
-0.1926080286502838	-0.04396498575806618
-0.11703568696975708	-0.6449466943740845
0.042234066873788834	-0.6449466943740845
0.17222291231155396	-0.6449466943740845
0.3183208703994751	-0.6449466943740845
0.345345139503479	-0.6449466943740845
0.4006569385528565	-0.6449466943740845
0.4272458553314209	-0.6449466943740845
0.4698641300201416	-0.6449466943740845
0.49888747930526733	-0.6449466943740845
0.5674140453338623	-0.3120103180408478
0.7013028860092163	-0.3005044460296631
0.9399101138114928	-0.2754919230937958
1.1480406522750854	-0.10570739209651948
1.3408961296081543	-0.27600887417793274
1.3408961296081543	0.5732429027557373
1.3408961296081543	0.6498563289642334
1.2759937047958374	0.6869296431541443
1.1645483970642088	0.7353655099868774
0.9854289293289183	0.7783749103546143
0.720649778842926	0.5644903779029846
0.47646230459213257	0.7131891250610352
0.28743332624435425	0.6159416437149048
-0.09786052256822586	-0.2812027931213379
-0.470368891954422	-0.19202034175395963
-0.694314181804657	-0.3450266420841217
-0.7185544967651367	-0.10467989742755889
-0.7185544967651367	0.05211212858557701
-0.7185544967651367	-0.13855107128620148
-0.5265759825706482	-0.07654332369565964
-0.0748773068189621	0.12496820092201232
0.12569232285022736	-0.658652126789093
0.39856588840484614	-0.8646541833877563
0.5214353203773499	0.32453346252441406
0.5598224401473999	-0.9042381048202515
0.6769399642944336	-0.5494086146354675
0.8215293884277344	0.18821407854557037
0.9802778959274293	0.2740192115306854
1.2897541522979736	0.6105958223342896
1.8018665313720703	0.7556353807449341
1.8148298263549805	0.26674196124076843
1.8148298263549805	0.5480042099952698
1.8148298263549805	0.7176120281219482
1.3822757005691528	0.6439249515533447
0.9146580100059509	0.7536112666130066
0.5852769017219543	0.8420363664627075
0.5852769017219543	0.4594029188156128
0.5852769017219543	0.287451684474945
0.5852769017219543	0.44900402426719666
0.6203526854515076	0.5055084228515625
0.6203526854515076	0.33349642157554626
0.6203526854515076	0.5657857656478882
0.573803722858429	0.4052413403987885
0.573803722858429	0.45105504989624023
0.573803722858429	0.7408085465431212
0.6245163679122925	0.7013804912567139
0.716387927532196	0.7946360111236572
1.2350984811782837	0.7636009454727173
1.5062918663024902	0.5623226761817932
1.5062918663024902	0.5548083186149597
1.5062918663024902	0.5852814316749573
1.3800865411758423	0.7180826663970947
1.1213475465774536	0.6475400924682617
0.8548084497451782	0.22670142352581024
0.561698853969574	0.3620035052299499
0.022470219060778614	0.2364194095134735
-0.3844516575336456	0.28645947575569153
-0.3844516575336456	0.1274980753660202
-0.3844516575336456	-0.09872212260961533
-0.1563548892736435	-0.20986336469650269
0.150607168674469	-0.6449466943740845
0.6399080157279968	-0.6449466943740845
0.9059872031211853	-0.6449466943740845
1.078729271888733	-0.6449466943740845
1.2424938678741455	-0.34509938955307007
1.2736573219299316	-0.20255951583385468
1.2736573219299316	-0.051993425935506814
1.2736573219299316	0.10980004072189332
1.1603111028671265	0.1350998282432556
0.9876855611801149	0.16304825246334076
0.5790098905563354	-0.15857325494289398
0.2158897966146469	-0.23233735561370847
-0.09166707843542099	-0.05852484703063965
-0.4431361258029938	0.03929481282830238
-0.5853095054626465	0.23069176077842712
-0.5853095054626465	0.18697790801525116
-0.5853095054626465	-0.05881519243121147
-0.518230140209198	-0.6449466943740845
-0.3454881012439728	-0.6449466943740845
-0.2495571076869965	-0.6449466943740845
-0.10082847625017166	-0.6449466943740845
-0.042340237647295	-0.35699746012687683
0.06530313193798065	-0.5540654063224792
0.1085468977689743	-0.7027711868286133
0.23563525080680847	-0.430024117231369
0.3663721978664398	-0.7156239748001099
0.4361251592636108	-0.234501913189888
0.4361251592636108	-0.43008014559745794
0.4361251592636108	-0.6449466943740845
0.24177350103855133	-0.6449466943740845
0.10663980990648268	-0.32361292839050293
0.04076235741376877	-0.3351283371448517
0.0221942737698555	-0.23024533689022064
-0.06852442771196365	-0.23411662876605988
-0.12313102185726164	-0.324328750371933
-0.22191347181797028	-0.6449466943740845
-0.35449621081352234	-0.6449466943740845
-0.5156301259994507	-0.37646564841270447
-0.6728640198707581	-0.36199328303337097
-0.6745932698249817	-0.33303120732307434
-0.7176223993301392	-0.294344961643219
-0.7176223993301392	-0.4853495955467224
-0.7352522611618042	-0.6449466943740845
-0.7352522611618042	-0.6449466943740845
-0.7491967678070068	-0.6449466943740845
-0.7491967678070068	-1.6554348468780515
-0.7491967678070068	-1.4586992263793943
-0.6662413477897644	-1.5334858894348145
-0.47853076457977295	-0.8054501414299011
-0.3062179684638977	-0.3803981840610504
-0.20982705056667328	-0.31482261419296265
-0.1014539524912834	-0.51308673620224
-0.014126318506896496	-0.09683278948068619
0.1713582873344421	0.12986233830451965
0.38429027795791626	0.34920910000801086
0.6090511679649353	0.4288815557956695
0.7339932918548584	0.30428335070610046
0.8673179745674133	-0.2802887558937073
0.8673179745674133	-0.4808758795261383
0.8673179745674133	-0.29217734932899475
0.7133341431617737	-0.2060985416173935
0.6242220401763916	-0.2053072601556778
0.6183842420578003	-0.1771806627511978
0.5844674706459045	-0.10523290932178496
0.5656725168228149	-0.10977004468441008
0.4435695707798004	-0.298382431268692
0.38592755794525146	-0.29548946022987366
0.3051919639110565	-0.3555801808834076
0.3051919639110565	-0.6449466943740845
0.299875408411026	-0.6449466943740845
0.299875408411026	-0.33843111991882324
0.3151015043258667	-0.3798128366470337
0.3400285840034485	-0.31103476881980896
0.3507598042488098	-0.2982977628707886
0.36767834424972534	-0.6449466943740845
0.3943653702735901	-0.3603062033653259
0.3975295424461365	-0.34357890486717224
0.4603225290775299	-0.34024834632873535
0.4638362526893616	-0.370495080947876
0.501125693321228	-0.6449466943740845
0.501125693321228	-0.3110800087451935
0.4856604933738709	-0.34245434403419495
0.4638362526893616	-0.32662656903266907
0.4143561124801636	0.2665114104747772
0.4143561124801636	0.35267892479896545
0.4680919349193573	0.41673421859741205
0.4680919349193573	0.7852972745895386
0.4680919349193573	0.9325500726699829
0.4680919349193573	0.6598191857337952
0.49596861004829407	0.5207453966140747
0.40163809061050415	0.23765277862548828
0.35017111897468567	0.3187347650527954
0.345829576253891	0.23190407454967496
0.22005964815616608	0.4903874695301056
0.047237884253263474	0.5602942705154419
-0.0862646698951721	0.37849390506744385
-0.19229529798030853	0.12317685037851332
-0.44209364056587214	-0.526577353477478
-0.44720783829689026	-0.29470688104629517
-0.4623542129993438	-0.348330020904541
-0.4623542129993438	-0.320037841796875
-0.4623542129993438	-0.32358372211456293
-0.44211205840110773	-0.6449466943740845
-0.37308880686759954	-0.6449466943740845
-0.3264907896518707	-0.6449466943740845
-0.3228544294834137	-0.6449466943740845
-0.2841116487979889	-0.6449466943740845
-0.25619205832481384	-0.6449466943740845
-0.19717033207416537	-0.6449466943740845
-0.191148579120636	-0.6449466943740845
-0.18930894136428833	-0.6449466943740845
-0.10215914249420166	-0.6449466943740845
-0.04987662285566329	-0.6449466943740845
0.013517313636839388	-0.6449466943740845
0.10310769826173782	-0.6449466943740845
0.1291140615940094	-0.6449466943740845
0.19889767467975616	-0.6449466943740845
0.2620217800140381	-0.6449466943740845
0.2805653512477875	-0.6449466943740845
0.37712183594703674	-0.6449466943740845
0.37762466073036194	-0.6449466943740845
0.37762466073036194	-0.6449466943740845
0.37712183594703674	-0.6449466943740845
0.26449304819107056	-0.6449466943740845
0.23376494646072388	-0.6449466943740845
0.2262592166662216	-0.6449466943740845
0.21802377700805664	-0.6449466943740845
0.1666610687971115	-0.4406592547893524
0.12487675249576569	-0.44109281897544866
0.09464536607265472	-0.44370087981224066
0.09057363122701645	-0.3859232664108276
0.02983490563929081	-0.4787558615207672
-0.08723967522382736	-0.6449466943740845
-0.11627530306577682	-0.6449466943740845
-0.2672666907310486	-0.6449466943740845
-0.32176291942596436	-0.6449466943740845
-0.3225110173225403	-0.3602971136569977
-0.3319361209869385	-0.37198069691658014
-0.3558391332626343	-0.3275253474712372
-0.500600278377533	-0.3084701895713806
-0.535007655620575	-0.6449466943740845
-0.6057111024856567	-0.6449466943740845
-0.6770951747894287	-0.6449466943740845
-0.7211667895317079	-0.6449466943740845
-0.7422183752059937	-0.6449466943740845
-0.7452108860015869	-0.6449466943740845
-0.7593086361885071	-0.6449466943740845
-0.7593086361885071	-0.6449466943740845
-0.7915207147598268	-0.6449466943740845
-0.7915207147598268	-0.6449466943740845
-0.7915207147598268	-0.6449466943740845
-0.7915207147598268	-0.6449466943740845
-0.767495036125183	-0.6449466943740845
-0.767495036125183	-0.6449466943740845
-0.8013566136360168	-0.6449466943740845
-0.8201884031295776	-0.6449466943740845
-0.8013566136360168	-0.6449466943740845
-0.8480588793754578	-0.6449466943740845
-0.8480588793754578	-0.6449466943740845
-0.8696562647819518	-0.48834338784217834
-0.89081209897995	-0.3391081988811493
-0.89081209897995	-0.19112892448902127
-0.8233218789100646	-0.026271693408489227
-0.8233218789100646	-0.13623742759227753
-0.7030831575393677	-0.3663067519664765
-0.5527356266975403	-0.6449466943740845
-0.48340579867362976	-0.6449466943740845
-0.3646203577518463	-0.6449466943740845
-0.3601500391960144	-0.6449466943740845
-0.29921507835388184	-0.6449466943740845
-0.27192097902297974	-0.6449466943740845
-0.21266622841358185	-0.6449466943740845
-0.1729484349489212	-0.6449466943740845
-0.1729484349489212	-0.6449466943740845
-0.1729484349489212	-0.6449466943740845
-0.2214228957891464	-0.6449466943740845
-0.28871074318885803	-0.6449466943740845
-0.42471519112586975	-0.6449466943740845
-0.4824369251728058	-0.6449466943740845
-0.627713143825531	-0.6449466943740845
-0.6408175230026245	-0.31105777621269226
-0.647158145904541	-0.3293684720993042
-0.72109317779541	-0.2881338596343994
-0.8560184240341188	-0.29238829016685486
-0.8635854721069336	-0.5438007116317749
-0.9222944378852845	-0.31519201397895813
-0.9311553835868837	-0.2636496126651764
-0.9311553835868837	-0.18634478747844696
-0.9222944378852845	-0.17476849257946014
-0.8084392547607422	-0.4220465421676636
-0.80094575881958	-0.4035950005054474
-0.6660267114639282	0.1364505439996719
-0.4670023620128631	0.05083727464079857
0.07897777855396271	0.13062453269958496
0.5862151384353638	0.3521166741847992
0.9494823813438416	0.06714117527008057
1.0385882854461668	-0.035141196101903915
1.0385882854461668	-0.5200043320655823
1.0385882854461668	-0.7300682067871095
0.9557432532310485	-0.7698728442192077
0.8648774027824402	-0.37122416496276855
0.5070861577987671	-0.6991998553276062
0.20940200984477997	-0.5328779220581055
-0.23572301864624023	-0.2914290130138397
-0.9280647635459901	-0.07695718854665756
-1.5584843158721924	-0.14651726186275482
-1.8541877269744873	-0.34480488300323486
-2.057964563369751	-0.33574503660202026
-2.1312496662139893	-0.8840999603271484
-2.1312496662139893	-0.024929817765951157
-2.057964563369751	0.08121658861637115
-1.959323167800903	0.7931724190711974
-1.9135835170745847	1.1038953065872192
-1.8037509918212888	1.1921992301940916
-1.6386128664016724	-0.12501734495162964
-1.4006004333496092	-0.13121061027050018
-1.1986448764801023	-0.11271904408931732
-1.0009942054748535	-0.24425874650478363
-0.9279727935791016	-0.25512388348579407
-0.8039504885673523	-0.2995499074459076
-0.7603204250335692	-0.6449466943740845
-0.6797932982444763	-0.6449466943740845
-0.6525973081588745	-0.6449466943740845
-0.633452832698822	-0.6449466943740845
-0.633452832698822	-0.6449466943740845
-0.6525973081588745	-0.6449466943740845
-0.7509321570396424	-0.6449466943740845
-0.7738356590270995	-0.6449466943740845
-0.7738356590270995	-0.6449466943740845
-0.7738601565361023	-0.6449466943740845
-0.7738356590270995	-0.6449466943740845
-0.7723761796951294	-0.6449466943740845
-0.7616878747940063	-0.6449466943740845
-0.7616878747940063	-0.6449466943740845
-0.734173059463501	-0.6449466943740845
-0.7252936959266663	-0.6449466943740845
-0.7245455980300904	-0.6449466943740845
-0.6795664429664612	-0.6449466943740845
-0.6096724271774292	-0.6449466943740845
-0.6096724271774292	-0.37929457426071167
-0.6262598633766174	-0.35057687759399414
-0.6262598633766174	-0.3341411054134369
-0.6226725578308105	-0.33230093121528625
-0.6262598633766174	-0.6449466943740845
-0.6226725578308105	-0.6449466943740845
-0.5606276988983154	-0.6449466943740845
-0.5563167929649353	-0.6449466943740845
-0.5339161157608032	-0.6449466943740845
-0.5339161157608032	-0.6449466943740845
-0.5280722379684448	-0.6449466943740845
-0.5280722379684448	-0.38752326369285583
-0.3035198152065277	-0.2500888705253601
-0.3035198152065277	-0.1778266280889511
-0.3035198152065277	-0.19198577105998993
-0.3172496557235718	-0.13196390867233276
-0.3242770731449127	-0.421784222126007
-0.33912909030914307	-0.4321975111961365
-0.3468555808067322	-0.2760031223297119
-0.33912909030914307	-0.2817939221858978
-0.3242770731449127	-0.16084204614162445
-0.3150236904621124	-0.19847606122493744
-0.3150236904621124	-0.27784863114356995
-0.31303688883781433	-0.6449466943740845
-0.2984547019004822	-0.6449466943740845
-0.2961060702800751	-0.6449466943740845
-0.2694251835346222	-0.6449466943740845
-0.2665185630321502	-0.6449466943740845
-0.2655680775642395	-0.6449466943740845
-0.2577373683452606	-0.6449466943740845
-0.23833531141281128	-0.6449466943740845
-0.19404907524585724	-0.6449466943740845
-0.19255897402763367	-0.6449466943740845
-0.19255897402763367	-0.6449466943740845
-0.18845045566558835	-0.6449466943740845
-0.19255897402763367	-0.6449466943740845
-0.18845045566558835	-0.6449466943740845
-0.1605921983718872	-0.6449466943740845
-0.14489394426345825	-0.6449466943740845
-0.12519142031669617	-0.6449466943740845
-0.08946564048528673	-0.6449466943740845
-0.08946564048528673	-0.6449466943740845
-0.08946564048528673	-0.28933629393577576
-0.12430839240550993	-0.2967278659343719
-0.1276749223470688	-0.2591368556022644
-0.14793547987937927	-0.25537341833114624
-0.1812574565410614	-0.6449466943740845
-0.1812574565410614	-0.6449466943740845
-0.1812574565410614	-0.6449466943740845
-0.1738927811384201	-0.6449466943740845
-0.16568799316883087	-0.06345115602016449
-0.07351597398519515	-0.019374918192625042
-0.004609256517142057	0.10704534500837326
0.1094728484749794	-0.04527210071682929
0.1656431406736374	-0.41647240519523615
0.22375118732452393	-0.6449466943740845
0.22449317574501035	-0.6449466943740845
0.382395476102829	-0.21791057288646695
0.382395476102829	-0.29913029074668884
0.382395476102829	-0.38033670186996454
0.35079047083854675	-0.6639022827148438
0.19545140862464905	-1.6613752841949463
0.05287330970168114	-1.2224335670471191
-0.14721189439296722	0.28724294900894165
-0.3832620084285736	0.34835901856422424
-0.674801766872406	0.1369218677282333
-0.8445329070091248	0.08841192722320557
-0.9279543757438661	-0.33792975544929504
-0.9279543757438661	-0.10460754483938216
-0.9279543757438661	0.22480805218219757
-0.7657166719436644	0.35226118564605713
-0.402204155921936	0.1481330245733261
-0.1477944403886795	0.6908891201019287
-0.0204424113035202	0.19375064969062805
0.2224389016628265	0.367385059595108
0.5377038717269897	0.49356776475906367
0.8097802400588989	0.528905987739563
0.8924965262413026	0.6036972999572754
0.8924965262413026	0.7955701351165771
0.8924965262413026	0.4226555526256562
0.8924965262413026	0.09291034936904909
0.8924965262413026	0.030392441898584362
0.9124688506126405	0.35497477650642395
0.9838958978652954	0.6279244422912598
0.9838958978652954	0.696905791759491
0.9838958978652954	0.31082215905189514
0.691939115524292	0.29619529843330383
0.5173206925392151	0.4293002188205719
0.1885405033826828	0.23729246854782104
0.1885405033826828	-0.09262198209762573
0.1885405033826828	-0.031141307204961777
0.4178882241249085	-0.03793606534600258
0.666674792766571	-0.1799003630876541
0.8189539313316345	-0.14579544961452484
0.8496881127357483	-0.3297403156757355
0.8664411306381226	-0.31879445910453796
0.8800666928291322	-0.16575817763805387
0.8664411306381226	0.286459743976593
0.8496881127357483	0.2554595172405243
0.8422805070877075	0.1815042942762375
0.8422805070877075	0.24777533113956451
0.8422805070877075	-0.045730892568826675
0.8422805070877075	0.009320650249719621
0.8422805070877075	0.05466187000274658
0.7599076628684996	-0.2751709520816803
0.5683031678199768	-0.32197192311286926
0.42186182737350464	-0.5196713209152222
0.2666270136833191	-0.4938333928585053
0.16021007299423215	-0.2402078807353973
0.14036650955677032	-0.08460308611392975
-0.07734856009483337	-0.39618176221847534
-0.2346866875886917	-0.05482180044054985
-0.2728591859340668	-0.12935055792331696
-0.2728591859340668	-0.13847042620182037
-0.2346866875886917	-0.6427769064903259
-0.2087784558534622	-1.192746877670288
0.19865238666534424	0.024171475321054455
0.8943238854408264	0.3027210235595703
1.6211894750595093	-0.06917088478803635
2.0935964584350586	0.3715672791004181
2.463498592376709	0.5704816579818726
2.9000325202941895	0.5879403948783875
3.0244412422180176	0.7280266284942627
3.0244412422180176	0.9158132672309877
3.0244412422180176	0.6549586653709412
2.542970895767212	1.257282018661499
1.922847270965576	0.9650326967239381
1.171416401863098	0.6673734188079834
0.8992418646812438	0.7689129710197448
0.5301000475883484	0.005570214241743088
0.15134915709495544	-0.2236916869878769
-0.46814292669296265	-0.4575227499008178
-0.6226848363876343	-0.5734723210334778
-0.6226848363876343	-0.34263551235198975
-0.6226848363876343	-1.4326215982437132
-0.4226425290107727	-1.0216124057769775
-0.2747846841812134	-0.2590000629425049
-0.20524021983146667	-0.22051098942756653
0.1630369871854782	0.3498513400554657
0.18058714270591736	0.3443482220172882
0.25898024439811707	-0.17014139890670776
0.25898024439811707	-0.2791941463947296
0.25898024439811707	-0.6257897615432739
0.25898024439811707	-0.4781076610088348
0.052235569804906845	-1.1749744415283203
0.052235569804906845	-0.45135822892189026
0.013578634709119797	0.16779808700084686
-0.025752833113074303	0.4442550837993622
0.013578634709119797	0.23661403357982635
0.05858232080936432	0.5311027765274048
0.13166502118110657	0.2775566279888153
0.2684421241283417	0.1705990433692932
0.2684421241283417	-0.13607127964496613
0.2684421241283417	-0.14175818860530853
0.2751874625682831	0.015788484364748
0.2751874625682831	-0.093971848487854
0.36886799335479736	-0.09220070391893387
0.7798799872398376	-0.6948421597480774
0.9112608432769777	-0.9951938390731813
0.9112608432769777	-0.28162339329719543
0.9112608432769777	-0.9551448822021484
0.7196502089500427	-0.5159568786621094
0.3854247331619262	0.012957986444234848
0.19960899651050568	0.4347125291824341
0.0022464622743427753	1.2594947814941406
-0.2589576542377472	1.1275866031646729
-0.8314224481582642	0.8089340329170227
-1.144804835319519	0.7619349360466003
-1.144804835319519	0.2775048911571502
-1.144804835319519	-0.4638372361660003
-1.089922308921814	-0.4678642451763153
-0.8138477802276611	-0.4160897731781006
-0.426321804523468	-0.4594713747501373
-0.4258435070514679	-0.6449466943740845
-0.4258435070514679	-0.6449466943740845
-0.3062363564968109	-0.3198034465312958
-0.2289408892393112	-0.31152454018592834
-0.21808701753616333	-0.2580385208129883
-0.030756648629903793	-0.3102525770664215
0.14084482192993164	-0.6449466943740845
0.16198839247226715	-0.3615877330303192
0.18088147044181824	-0.2388818860054016
0.23590506613254547	-0.11725881695747375
0.26102226972579956	-0.1141749322414398
0.26873648166656494	-0.2897380590438843
0.3861851096153259	-0.6449466943740845
0.584326446056366	-0.6449466943740845
0.584326446056366	-0.09178359061479568
0.584326446056366	0.008170856162905693
0.5579643845558167	0.04771120846271515
0.5540459752082825	-0.10118713229894638
0.4705938696861267	-0.307740718126297
0.4633089005947113	-0.6449466943740845
0.4491007626056671	-0.6449466943740845
0.25790712237358093	-0.6449466943740845
0.24307352304458615	-0.6449466943740845
0.21578554809093475	-0.6449466943740845
0.10533979535102844	-0.05300276353955269
-0.13905002176761627	-0.1007525622844696
-0.2425542175769806	-0.06906646490097046
-0.3769765794277191	-0.10795392096042632
-0.37986481189727783	-0.6449466943740845
-0.37986481189727783	-0.6449466943740845
-0.3769765794277191	-0.6449466943740845
-0.2855772078037262	-0.6449466943740845
-0.2804078459739685	-0.6449466943740845
-0.24549762904644012	-0.6449466943740845
-0.18111641705036163	-0.6449466943740845
-0.16392193734645844	-0.6449466943740845
-0.10100017488002776	-0.6449466943740845
-0.09341473132371902	-0.6449466943740845
0.014559774659574032	-0.6449466943740845
0.06027478724718094	-0.6449466943740845
0.07642681151628494	-0.6449466943740845
0.1226569265127182	-0.6449466943740845
0.12382202595472336	-0.6449466943740845
0.14827081561088562	-0.6449466943740845
0.20801614224910736	-0.6449466943740845
0.25420331954956055	-0.6449466943740845
0.2883654236793518	-0.6449466943740845
0.33465683460235596	-0.6449466943740845
0.42712932825088495	-0.6449466943740845
0.5415916442871094	-0.31866151094436646
0.562888503074646	-0.33250293135643005
0.5733315348625183	-0.2941431701183319
0.5733315348625183	-0.3220755159854889
0.5733315348625183	-0.6449466943740845
0.5602394342422485	-0.6449466943740845
0.5595710277557373	-0.6449466943740845
0.5357967615127563	-0.6449466943740845
0.4011904299259186	-0.6449466943740845
0.3787897825241089	-0.6449466943740845
0.29523953795433044	-0.6449466943740845
0.1665261685848236	-0.6449466943740845
0.13540561497211456	-0.6449466943740845
0.12420835345983504	-0.6449466943740845
0.12420835345983504	-0.6449466943740845
0.12877678871154785	-0.6449466943740845
0.12877678871154785	-0.6449466943740845
0.1406608521938324	-0.6449466943740845
0.14637599885463715	-0.6449466943740845
0.14637599885463715	-0.6449466943740845
0.15442748367786407	-0.6449466943740845
0.15442748367786407	-0.6449466943740845
0.15442748367786407	-0.6449466943740845
0.10192420333623886	-0.6449466943740845
0.0880962535738945	-0.6449466943740845
0.08070703595876694	-0.6449466943740845
0.06356774270534515	-0.6449466943740845
0.06356774270534515	-0.6449466943740845
0.056350227445364	-0.6449466943740845
0.049365732818841934	-0.6449466943740845
0.027216486632823944	-0.6449466943740845
0.00780830206349492	-0.6449466943740845
-0.04830680042505264	-0.6449466943740845
-0.06349608302116394	-0.6449466943740845
-0.06995321065187454	-0.6449466943740845
-0.07420890778303145	-0.6449466943740845
-0.07420890778303145	-0.6449466943740845
-0.06995321065187454	-0.6449466943740845
-0.058780472725629807	-0.6449466943740845
-0.055456861853599555	-0.351274698972702
0.1299786865711212	-0.08047306537628174
0.2610529065132141	0.19593411684036255
0.6838447451591492	0.16629299521446228
0.9556083679199219	-0.06651820987462997
1.158649206161499	-0.21253773570060727
1.2857989072799683	-0.6449466943740845
1.3713420629501343	-0.18885998427867887
1.3817666769027708	-0.024138247594237328
1.3817666769027708	0.5031540393829346
1.3713420629501343	1.3262439966201782
1.1031105518341064	1.0741403102874756
0.8558631539344788	1.3493603467941284
0.7806097269058228	0.9926411509513854
0.7728464603424072	0.6935820579528809
0.7290385365486146	0.7815509438514708
0.683574914932251	0.3440200090408325
0.5102748274803162	0.6857140064239502
0.35813677310943604	0.43024247884750366
0.2287120819091797	0.4087413549423218
0.2095246464014053	0.4718208312988282
0.20232552289962769	0.3746035397052765
0.0492553524672985	0.08439268171787262
0.033232104033231735	-0.008516006171703339
0.033232104033231735	-0.35578417778015137
0.033232104033231735	-0.014015153050422668
0.04028405249118805	-1.2705280780792236
0.15298642218112943	-0.5834529399871826
0.24605372548103333	0.4221799671649933
0.48695436120033264	0.2044963389635086
0.6546373963356018	-0.2880043387413025
0.6957471966743469	-0.12858740985393524
0.7676709294319152	-0.12769919633865356
0.7676709294319152	-0.3172391951084137
0.6957471966743469	-0.26879027485847473
0.6511788964271545	0.046108428388834
0.5727857947349548	0.6009023189544678
0.3482149839401245	0.20500005781650543
0.028406118974089622	-0.09617611020803453
-0.20328406989574432	-0.18723709881305697
-0.3429003655910492	-0.5686166286468506
-0.3429003655910492	-0.24323923885822296
-0.3429003655910492	0.33515632152557373
-0.3425140380859375	0.20817220211029053
-0.3013184070587158	0.28844061493873596
-0.2636978030204773	0.7325154542922973
-0.2636978030204773	0.2097734808921814
-0.2636978030204773	0.31025469303131104
-0.37400862574577326	0.2336236387491226
-0.37400862574577326	0.23059596121311188
-0.37400862574577326	0.17155104875564575
-0.364246279001236	-0.20066879689693448
-0.09568975120782852	-0.12229936569929122
0.010819177143275736	-0.4031965434551239
0.0806947723031044	-0.171783909201622
0.09573075175285341	-0.07681670784950256
0.15543927252292633	-0.051917653530836105
0.160915270447731	-0.1060364693403244
0.22342005372047424	-0.31177496910095215
0.28843286633491516	-0.6449466943740845
0.29699331521987915	-0.6449466943740845
0.3122745752334595	-0.6449466943740845
0.3122745752334595	-0.6449466943740845
0.3122745752334595	-0.6449466943740845
0.21739830076694489	-0.6449466943740845
0.16591908037662506	-0.6449466943740845
0.11100587993860243	-0.6449466943740845
0.10250674933195114	-0.6449466943740845
0.08735426515340805	-0.6449466943740845
0.0603974312543869	-0.6449466943740845
-0.023925459012389183	-0.6449466943740845
-0.061417289078235626	-0.6449466943740845
-0.12417961657047272	-0.6449466943740845
-0.2638511061668396	-0.6449466943740845
-0.2685544192790985	-0.6449466943740845
-0.3195246756076813	-0.6449466943740845
-0.35009947419166565	-0.6449466943740845
-0.408912718296051	-0.6449466943740845
-0.465334415435791	-0.6449466943740845
-0.48379212617874146	-0.6449466943740845
-0.506395161151886	-0.6449466943740845
-0.5314449071884155	-0.6449466943740845
-0.5314449071884155	-0.6449466943740845
-0.5081857442855835	-0.6449466943740845
-0.5081857442855835	-0.6449466943740845
-0.5081857442855835	-0.6449466943740845
-0.5081857442855835	-0.6449466943740845
-0.5033658742904663	-0.6449466943740845
-0.5057758092880249	-0.6449466943740845
-0.5057758092880249	-0.6449466943740845
-0.500821053981781	-0.6449466943740845
-0.4751887321472168	-0.6449466943740845
-0.47579583525657654	-0.6449466943740845
-0.4751887321472168	-0.6449466943740845
-0.4572952091693878	-0.6449466943740845
-0.4572952091693878	-0.6449466943740845
-0.43731057643890386	-0.6449466943740845
-0.40482258796691895	-0.6449466943740845
-0.40482258796691895	-0.6449466943740845
-0.40482258796691895	-0.6449466943740845
-0.41918402910232544	-0.42766717076301575
-0.435421884059906	-0.1558908075094223
-0.4471403956413269	-0.15887603163719177
-0.4471403956413269	-0.1734699010848999
-0.4471403956413269	-0.2355298101902008
-0.4763599932193756	-0.6449466943740845
-0.47834065556526184	-0.6449466943740845
-0.590515673160553	-0.6449466943740845
-0.5954152345657349	-0.6449466943740845
-0.6056742668151855	-0.6449466943740845
-0.6339802145957947	-0.6449466943740845
-0.6567364931106567	-0.6449466943740845
-0.6601704955101013	-0.6449466943740845
-0.6783706545829773	-0.6449466943740845
-0.6783706545829773	-0.6449466943740845
-0.6681606769561768	-0.6449466943740845
-0.6681606769561768	-0.6449466943740845
-0.6671488881111145	-0.6449466943740845
-0.6671488881111145	-0.6449466943740845
-0.6559454798698425	-0.6449466943740845
-0.6534006595611572	-0.6449466943740845
-0.6559454798698425	-0.6449466943740845
-0.6559454798698425	-0.6449466943740845
-0.6255178451538086	-0.6449466943740845
-0.6073974370956421	-0.6449466943740845
-0.6073974370956421	-0.6449466943740845
-0.574694812297821	-0.6449466943740845
-0.5577026605606079	-0.6449466943740845
-0.5511290431022644	-0.6449466943740845
-0.539208173751831	-0.6449466943740845
-0.539208173751831	-0.6449466943740845
-0.539208173751831	-0.6449466943740845
-0.543770432472229	-0.6449466943740845
-0.5520181655883789	-0.6449466943740845
-0.6455760598182678	-0.6449466943740845
-0.6469250917434692	-0.6449466943740845
-0.6493043899536133	-0.6449466943740845
-0.7264465689659119	-0.3894961476325989
-0.7410717010498047	-0.33836135268211365
-0.767568588256836	-0.3264528810977936
-0.7741299867630005	-0.34927883744239807
-0.7741299867630005	-0.6449466943740845
-0.7741299867630005	-0.6449466943740845
-0.7768036127090454	-0.6449466943740845
-0.7582784295082092	-0.6449466943740845
-0.7181559205055237	-0.6449466943740845
-0.6984472274780273	-0.6449466943740845
-0.6618629693984985	-0.6449466943740845
-0.634133517742157	-0.6449466943740845
-0.5782514214515686	-0.6449466943740845
-0.5560408234596252	-0.6449466943740845
-0.5438746809959412	-0.6449466943740845
-0.5163598656654358	-0.6449466943740845
-0.5163598656654358	-0.6449466943740845
-0.5438746809959412	-0.6449466943740845
-0.5837274193763733	-0.6449466943740845
-0.5930114388465881	-0.6449466943740845
-0.6149828433990479	-0.6449466943740845
-0.6523520350456238	-0.6449466943740845
-0.6838527917861938	-0.6449466943740845
-0.6945410966873169	-0.6449466943740845
-0.6979137659072876	-0.6449466943740845
-0.6945410966873169	-0.6449466943740845
-0.6945410966873169	-0.6449466943740845
-0.6946330666542053	-0.6449466943740845
-0.6870905756950378	-0.6449466943740845
-0.6870905756950378	-0.6449466943740845
-0.6870905756950378	-0.6449466943740845
-0.6870905756950378	-0.6449466943740845
-0.6362000107765198	-0.6449466943740845
-0.6024917364120483	-0.6449466943740845
-0.5953845977783203	-0.6449466943740845
-0.5728673934936523	-0.6449466943740845
-0.5373010635375977	-0.414797842502594
-0.5266618132591248	-0.39109146595001215
-0.5259504914283752	-0.3696042597293854
-0.5259504914283752	-0.3593900203704834
-0.5259504914283752	-0.6449466943740845
-0.5366081595420837	-0.6449466943740845
-0.5366203784942627	-0.6449466943740845
-0.5371845364570618	-0.6449466943740845
-0.5366203784942627	-0.6449466943740845
-0.5366081595420837	-0.6449466943740845
-0.5414770245552063	-0.6449466943740845
-0.5414770245552063	-0.6449466943740845
-0.5336402058601379	-0.6449466943740845
-0.5414770245552063	-0.6449466943740845
-0.5736891031265259	-0.6449466943740845
-0.5874863862991333	-0.6449466943740845
-0.5942195057868958	-0.6449466943740845
-0.5946180820465088	-0.6449466943740845
-0.5942195057868958	-0.6449466943740845
-0.5874863862991333	-0.6449466943740845
-0.5942195057868958	-0.6449466943740845
-0.582770824432373	-0.6449466943740845
-0.582770824432373	-0.6449466943740845
-0.6041412353515625	-0.6449466943740845
-0.6041412353515625	-0.6449466943740845
-0.5763565897941589	-0.5605572462081909
-0.5763565897941589	-0.31321650743484497
-0.5060272216796875	-0.22165855765342712
-0.4939653277397156	-0.21838802099227905
-0.4925549328327179	-0.2343795746564865
-0.4328341484069824	-0.6449466943740845
-0.4301973283290863	-0.6449466943740845
-0.42261189222335815	-0.6449466943740845
-0.3882412910461426	-0.6449466943740845
-0.3882412910461426	-0.6449466943740845
-0.3882412910461426	-0.6449466943740845
-0.37809875607490534	-0.6449466943740845
-0.3882412910461426	-0.6449466943740845
-0.39157104492187506	-0.6449466943740845
-0.3957838118076325	-0.6449466943740845
-0.40579146146774286	-0.6449466943740845
-0.40579146146774286	-0.6449466943740845
-0.4061838984489441	-0.6449466943740845
-0.40579146146774286	-0.6449466943740845
-0.4043933153152466	-0.6449466943740845
-0.3662208318710327	-0.6449466943740845
-0.34713152050971985	-0.6449466943740845
-0.32891911268234253	-0.6449466943740845
-0.317807674407959	-0.6449466943740845
-0.30722975730895996	-0.4054022431373596
-0.2970626950263977	-0.35152488946914673
-0.2970626950263977	-0.380322128534317
-0.30722975730895996	-0.31123924255371094
-0.3653378188610077	-0.19842199981212616
-0.3653378188610077	-0.31712689995765686
-0.37313175201416016	-0.2792775630950928
-0.4044055938720703	-0.3226015269756317
-0.3783685863018036	-0.6449466943740845
-0.4044055938720703	-0.6449466943740845
-0.43263179063797	-0.6449466943740845
-0.4576263427734375	-0.6449466943740845
-0.4990427196025848	-0.6449466943740845
-0.4990427196025848	-0.6449466943740845
-0.4990427196025848	-0.6449466943740845
-0.4403153359889984	-0.6449466943740845
-0.439487487077713	-0.6449466943740845
-0.439487487077713	-0.6449466943740845
-0.4403153359889984	-0.6449466943740845
-0.4480724632740021	-0.6449466943740845
-0.45261025428771967	-0.6449466943740845
-0.49452948570251465	-0.6449466943740845
-0.5735542178153992	-0.6449466943740845
-0.5786745548248291	-0.6449466943740845
-0.6481515169143677	-0.6449466943740845
-0.7788394689559937	-0.3381596803665161
-0.8446494340896606	-0.3108338713645935
-0.9491899609565735	-0.2464052438735962
-1.0818830728530884	-0.27055904269218445
-1.1323872804641724	-0.34817636013031006
-1.347434878349304	-0.31402668356895447
-1.3816583156585691	-0.23999948799610135
-1.4396620988845823	-0.02288573607802391
-1.4396620988845823	-0.22062772512435913
-1.4396620988845823	-0.6186658143997192
-1.400907039642334	-0.2285448461771011
-1.2018090486526487	-0.6463651061058044
-0.8462744355201721	0.5409248471260071
-0.1657983660697937	0.2136671245098114
0.5915500521659851	0.3036139905452728
1.1949269771575928	0.2215997129678726
1.515115976333618	0.21497367322444916
1.7819677591323853	0.21701557934284207
2.1062653064727783	0.3594011068344116
2.2376952171325684	0.4578469395637512
2.253528356552124	0.3866119682788849
2.253528356552124	-0.09313105046749115
2.2376952171325684	-1.3103959560394287
2.19450044631958	-0.9755010604858398
2.0017125606536865	-1.1522791385650635
1.889525294303894	-0.8912657499313353
1.865291118621826	-0.5588861107826233
1.8206492662429807	0.08109929412603377
1.7358112335205078	-0.01711195334792137
1.4244709014892578	-0.23693785071372983
1.2205592393875122	0.23487229645252228
1.1760461330413818	0.48495116829872126
1.0817033052444458	0.38315102458000183
1.0268207788467407	0.3810598850250244
1.0268207788467407	0.37322935461997986
0.6002822518348694	-0.03921772167086601
0.1594742238521576	0.35411831736564636
-0.09124395996332169	0.09591396898031235
-0.3100566864013672	-0.22512125968933103
-0.37460345029830927	0.0015411620261147618
-0.37460345029830927	-0.17994917929172516
-0.37460345029830927	-0.42898473143577576
-0.3263987898826599	-0.47362145781517023
-0.26135531067848206	-1.4707887172698975
-0.2434924244880676	-1.3118867874145508
-0.1623459756374359	-1.3618899583816528
0.03678873926401138	-1.722561955451965
0.09336987882852553	-0.6449466943740845
0.15513266623020172	-0.1990176886320114
0.21864311397075653	-0.19564564526081085
0.2523514330387115	-0.14948907494544983
0.5381637811660767	-0.1573544293642044
0.834468185901642	-0.24711081385612488
1.141013264656067	-0.597800612449646
1.1898740530014038	-0.5034914612770081
1.2131454944610596	-0.19082476198673248
1.2131454944610596	-0.24200645089149475
1.2131454944610596	-0.04036147519946098
1.146575093269348	0.11542057991027832
1.083328366279602	-0.04438496008515357
0.90548437833786	0.19022674858570096
0.7283517122268677	-0.3252201974391937
0.33766159415245056	-0.3640640377998352
-0.1124427244067192	-0.029690872877836227
-0.6548784971237183	-0.021464165300130844
-0.9128938913345338	-0.3327920734882355
-1.0060961246490479	0.03648148104548454
-1.0060961246490479	0.1235607862472534
-1.0060961246490479	0.0531616136431694
-0.8918729424476624	-0.07787664234638214
-0.714439868927002	-0.2909931242465973
-0.6143083572387695	-0.23615850508213043
-0.43288320302963257	-0.34740838408470154
-0.17843668162822723	-0.6449466943740845
-0.13708160817623138	-0.35380503535270685
-0.06486967951059341	-0.2987501323223114
0.12667959928512573	-0.21062399446964264
0.13898678123950958	-0.22842153906822205
0.3311186134815216	-0.17893292009830475
0.4003380537033081	-0.31260049343109125
0.4003380537033081	-0.26539936661720276
0.3775510787963867	-0.2831666171550751
0.3775510787963867	-0.3021872341632843
0.3642198443412781	-0.6449466943740845
0.1476576030254364	-0.6449466943740845
-0.005933796055614948	-0.6449466943740845
-0.08633825927972794	-0.6449466943740845
-0.23323337733745575	-0.6449466943740845
-0.44946447014808655	-0.6449466943740845
-0.7330263257026672	-0.6449466943740845
-1.0744999647140503	-0.3614647388458252
-1.2691092491149902	-0.3619266450405121
-1.6398024559020996	-0.2553359568119049
-1.9447838068008425	-0.2076566219329834
-2.2270579338073726	-0.1786555051803589
-2.2270579338073726	-0.09082961082458496
-2.2270579338073726	-0.3140411674976349
-1.9139392375946045	0.13592693209648132
-1.849177837371826	0.24983291327953336
-1.849177837371826	0.29070261120796204
-1.716454029083252	0.0296047106385231
-1.681016445159912	0.034071628004312515
-1.622663140296936	-0.11631659418344496
-0.9891223907470704	0.016399744898080822
-0.38296154141426086	0.22684718668460843
0.11329316347837448	0.18694378435611725
0.4863472878932953	0.3309490382671356
0.6115285754203796	0.20998762547969815
0.8696604967117308	0.4921218454837799
0.8696604967117308	0.7266662120819091
0.8696604967117308	0.024944523349404335
0.8696604967117308	-0.2210759073495865
0.8472291231155396	-0.40975672006607056
0.8359705805778505	-0.4732358157634735
0.8359705805778505	-0.20051720738410947
0.5683399438858032	-0.9917863607406616
0.3823893368244171	-0.9462921619415284
0.3823893368244171	-1.0344362258911133
0.3823893368244171	-1.3340072631835935
0.5001139044761658	-0.1849202066659927
0.7623543739318848	-0.37606337666511536
1.3115415573120115	-0.28404176235198975
1.4893181324005127	-0.28324276208877563
1.6085389852523804	-0.3300926983356476
1.6203248500823975	-0.16963006556034088
1.6203248500823975	0.49223157763481135
1.6203248500823975	0.45691266655921936
1.4130160808563232	0.2725391685962677
1.1621936559677124	0.106270432472229
0.9244019985198975	-0.041917525231838226
0.5473987460136414	-0.18242312967777252
0.20759916305541992	0.06266364455223083
-0.31604161858558655	0.08453278243541716
-0.6110398769378662	-0.05101825296878815
-0.6110398769378662	0.015909653156995773
-0.6110398769378662	-0.1296342760324478
-0.5530790090560913	-0.3112904727458954
-0.47833451628685	-0.30670061707496643
-0.3067024052143097	-0.3933318257331848
-0.11259602755308153	-0.40306374430656433
-0.05863943323493004	-0.3735616207122802
0.1079275533556938	-0.3205299377441406
0.1268206387758255	-0.2765108048915863
0.2419084161520004	-0.30260878801345825
0.2652963399887085	-0.6449466943740845
0.2652963399887085	-0.2785439193248749
0.2792714536190033	-0.199730321764946
0.30177637934684753	-0.1099989339709282
0.34509986639022827	-0.1756854951381683
0.3645632266998291	-0.35577091574668884
0.3651396632194519	-0.4066309928894043
0.3651396632194519	-0.6449466943740845
0.34509986639022827	-0.6449466943740845
0.26141470670700073	-0.6449466943740845
0.2513825595378876	-0.6449466943740845
0.22220589220523831	-0.6449466943740845
0.22002284228801727	-0.34988242387771606
0.22002284228801727	-0.2605213224887848
0.22220589220523831	-0.17118363082408905
0.3258817791938782	-0.18320724368095395
0.3268935680389404	-0.16503684222698212
0.4378299117088318	-0.09288818389177321
0.622713565826416	-0.20100741088390353
0.7569826245307921	0.002871673787012696
0.7569826245307921	-0.11711160093545912
0.7569826245307921	-0.18614594638347623
0.7508689165115356	-0.20213483273983
0.7448532581329346	-0.6449466943740845
0.6205734610557556	-0.6449466943740845
0.5721603035926819	-0.3510991036891937
0.41583395004272466	-0.387961208820343
0.20799775421619415	-0.3297828733921051
0.058232787996530526	-0.31121915578842163
-0.11431915313005447	-0.6449466943740845
-0.3628297746181488	-0.6449466943740845
-0.4884954690933227	-0.3708965480327606
-0.5650366544723511	-0.34277716279029846
-0.5821636915206909	-0.26315221190452576
-0.5821636915206909	-0.16918978095054626
-0.5821636915206909	-0.24016921222209928
-0.3600580394268036	-0.2786785662174225
-0.1612483263015747	-0.6449466943740845
0.058729492127895355	-0.6449466943740845
0.2086906731128693	-1.0908629894256592
0.2493160218000412	-1.0755597352981567
0.2785724103450775	-1.0595346689224243
0.3513239622116089	-0.5082095265388489
0.3513239622116089	-0.24831585586071017
0.38916534185409546	-0.1643448919057846
0.38916534185409546	-0.0995100289583206
0.3615707457065582	-0.32402798533439636
0.3373672366142273	-0.2916238605976105
0.19780002534389496	-0.26260170340538025
0.12781403958797455	-0.5790371894836426
-0.08377502858638763	-0.6956250667572021
-0.08487880975008011	-0.7671647071838379
-0.12433291971683502	-0.9072422981262208
-0.21276433765888217	-0.3688993752002716
-0.2636548578739166	-0.6449466943740845
-0.2637959122657776	-0.6449466943740845
-0.310976505279541	-0.34030672907829285
-0.32187941670417786	-0.6189966201782227
-0.45806172490119934	-0.3142966330051422
-0.5198919773101807	-0.08343676477670668
-0.5198919773101807	0.03176882490515709
-0.5198919773101807	0.060010042041540146
-0.4393280744552612	0.06069971248507499
-0.2428546845912933	-0.46710366010665894
0.1482524275779724	-0.429621934890747
0.5951312184333801	-0.9319342374801637
1.107157826423645	-0.9076766967773436
1.477808117866516	-0.41455397009849554
1.7647242546081543	0.518284022808075
1.9587202072143552	0.5756388306617737
1.9862412214279177	0.14178098738193512
1.9862412214279177	0.49086436629295355
1.9862412214279177	0.4337778985500336
1.6818116903305051	0.18880026042461395
1.3281290531158447	0.09379838407039641
0.9629485011100768	-0.4694603383541107
0.700861394405365	-1.2525975704193115
0.4296802878379822	-1.3664748668670654
0.16850684583187103	-1.4984303712844849
-0.006252666935324669	-1.1951154470443723
-0.17049558460712433	-1.5610913038253784
-0.48606100678443903	-1.6859116554260252
-0.5425317883491516	-1.3801864385604858
-0.5623201727867126	-0.6085405349731445
-0.5723768472671509	-0.41367554664611816
-0.5723768472671509	-0.220369815826416
-0.6534987688064575	-0.33514559268951416
-0.6534987688064575	-0.549225389957428
-0.6534987688064575	-0.6294440031051636
-0.3623269200325012	-0.7625293731689453
-0.3100014925003052	-0.1403347998857498
-0.2974490225315094	-0.148243710398674
-0.17761497199535367	-0.17081700265407562
0.148773655295372	-0.27586135268211365
0.17307527363300323	-0.47760894894599915
0.33095303177833557	-0.7288810610771179
0.33095303177833557	-0.32341939210891724
0.4521545469760894	-0.24722601473331451
0.4615980386734009	-0.1323196142911911
0.4615980386734009	-0.7066395282745361
0.4521545469760894	-0.012073967605829237
0.17703662812709808	-0.5659713745117188
0.17703662812709808	0.11003009229898451
0.17703662812709808	0.15333107113838196
0.19726039469242096	-0.0906737670302391
0.19726039469242096	0.05145404487848282
0.19726039469242096	-0.26099205017089844
0.037690162658691406	0.13835446536540985
-0.19599910080432892	0.4346893727779389
-0.19599910080432892	-0.12540964782238007
-0.21559737622737885	0.013198718428611755
-0.2232012152671814	-0.007977752014994621
-0.19599910080432892	-0.4596576392650604
-0.307340145111084	-0.6449466943740845
-0.42683690786361694	-0.6449466943740845
-0.42683690786361694	-0.6449466943740845
-0.5840708017349243	-0.6449466943740845
-0.627535343170166	-0.3310934603214264
-0.8224756717681885	-0.29252487421035767
-0.8224756717681885	-0.9996501207351685
-0.8224756717681885	-0.6708717346191406
-0.744867444038391	-0.8056167364120483
-0.5382883548736572	0.06906282156705856
-0.3419559895992279	-0.049750510603189475
-0.0018252704758197067	-0.06586293131113052
0.18862634897232056	-0.3596445918083191
0.5241212248802185	-0.11451292037963869
0.6528468132019043	-0.09771066904067992
0.6628605723381042	-0.19600991904735565
0.7418362498283385	-0.12760359048843384
0.7418362498283385	-0.21055245399475095
0.7418362498283385	-0.07901506125926971
0.6733097434043884	0.05647460743784904
0.6733097434043884	-0.4249924421310425
0.6733097434043884	-0.23869420588016513
0.6989175081253052	-0.6449466943740845
0.7227469682693481	-0.6449466943740845
0.768940269947052	-0.6449466943740845
0.768940269947052	-0.6449466943740845
0.768940269947052	-0.408024549484253
0.741131067276001	-1.2845323085784912
0.6262211203575134	-1.3126105070114136
0.5736197233200073	-1.26912784576416
0.5160145163536072	-1.1714558601379395
0.5160145163536072	-0.05852094665169716
0.5160145163536072	0.46050879359245295
0.7194294929504395	0.4767714440822602
1.0864619016647339	1.084762692451477
1.0864619016647339	1.3313651084899902
1.1228805780410767	1.4945895671844482
1.126345157623291	1.4561829566955566
1.126345157623291	1.0180338621139526
1.312240719795227	0.6264439821243286
1.312240719795227	0.2227838635444641
1.312240719795227	0.0833730697631836
1.2556043863296509	0.2163226008415222
0.9521682262420654	-1.0490057468414307
0.5974001288414001	-0.179803267121315
0.08733586966991425	-0.5161381363868713
-0.2980622351169586	-1.3536807298660278
-0.2980622351169586	-0.8316682577133179
-0.2980622351169586	-0.44018128514289856
-0.2980622351169586	-0.7252407670021057
-0.2980622351169586	-0.717045783996582
-0.27770358324050903	-0.7110747694969177
-0.27770358324050903	-0.8848124742507935
-0.27770358324050903	-0.4085606932640075
-0.26596054434776306	-0.6449466943740845
-0.26596054434776306	-0.6449466943740845
-0.2655926048755646	-0.6449466943740845
-0.25125569105148315	-0.6449466943740845
-0.18841364979743955	-0.34653958678245544
-0.15412892401218414	-0.3148370683193207
-0.13421790301799774	-0.31396451592445374
-0.11689464747905733	-0.30031102895736694
-0.04032276943325996	-0.43008014559745794
-0.03614678978919983	-0.6449466943740845
-0.03336893767118454	-0.3150107264518738
0.002436558250337839	-0.8300380706787108
0.006925276014953852	-1.052635669708252
0.04420248046517372	-1.0208098888397217
0.07071167230606079	-1.0808709859848022
0.08275517076253891	-0.45842882990837097
0.09126656502485277	-0.3837396204471588
0.09126656502485277	-0.06186117231845856
0.09228449314832687	-0.03790180757641792
0.09038353711366653	-0.12385832518339156
0.10696481168270112	-0.6449466943740845
0.107369527220726	-0.6449466943740845
0.10778651386499404	-0.6449466943740845
0.1523793488740921	-0.6449466943740845
0.1523793488740921	-0.6449466943740845
0.10778651386499404	-0.6449466943740845
0.04974592477083206	-0.6449466943740845
-0.022870732471346855	-0.6449466943740845
-0.12008948624134064	-0.6449466943740845
-0.17556685209274292	-0.6449466943740845
-0.32253554463386536	-0.3828938901424408
-0.38282662630081177	-0.33324265480041504
-0.5250613689422607	-0.3180893957614898
-0.6120639443397522	-0.36981895565986633
-0.7193210124969482	-0.6449466943740845
-0.800835371017456	-0.6449466943740845
-0.8983300924301147	-0.6449466943740845
-0.9549541473388672	-0.6449466943740845
-0.9549541473388672	-0.6449466943740845
-0.9549541473388672	-0.6449466943740845
-0.9455474615097045	-0.6449466943740845
-0.8960121273994447	-0.6449466943740845
-0.770174741744995	-0.6449466943740845
-0.669908344745636	-0.6449466943740845
-0.5055795907974243	-0.6449466943740845
-0.4338949918746948	-0.6449466943740845
-0.341747522354126	-0.6449466943740845
-0.1888674348592758	-0.6449466943740845
-0.044927995651960366	-0.6449466943740845
0.054234642535448074	-0.6449466943740845
0.17630077898502347	-0.6449466943740845
0.28392574191093445	-0.6449466943740845
0.3894903361797333	-0.6449466943740845
0.3894903361797333	-0.6449466943740845
0.3894903361797333	-0.6449466943740845
0.2532467246055603	-0.6449466943740845
0.10721009224653244	-0.6449466943740845
-0.04034729674458504	-0.6449466943740845
-0.20424680411815643	-0.6449466943740845
-0.35810190439224243	-0.6449466943740845
-0.5636630654335022	-0.38341784477233887
-0.6593794822692871	-0.3541344106197357
-0.8138232231140136	-0.15779469907283783
-0.9048301577568054	-0.08016321063041687
-0.9960393905639648	-0.17684230208396912
-0.9960393905639648	-0.22058707475662231
-0.9960393905639648	-0.16933481395244598
-0.8801115155220032	-0.22512704133987424
-0.8055877685546875	-0.28384244441986084
-0.5936307907104492	-0.31662264466285706
-0.49969884753227234	-0.6449466943740845
-0.37344446778297424	-0.6449466943740845
-0.19620145857334137	-0.6449466943740845
-0.11948240548372269	-0.6449466943740845
-0.002671504160389304	-0.6449466943740845
0.0852632075548172	-0.6449466943740845
0.14938686788082123	-0.6449466943740845
0.2463787347078323	-0.6449466943740845
0.2611081004142761	-0.6449466943740845
0.26462182402610773	-0.6449466943740845
0.27918562293052673	-0.6449466943740845
0.4143683910369873	-0.3812729418277741
0.42280617356300354	-0.35976114869117737
0.4268472492694854	-0.3305668234825134
0.4497875571250915	-0.3390527069568634
0.5826032757759094	-0.3775280714035034
0.5988227725028992	-0.3223492205142975
0.6037713885307312	-0.2430495321750641
0.6065431237220764	-0.210935577750206
0.6065431237220764	-0.26802077889442444
0.6065431237220764	-0.6449466943740845
0.5618215203285217	-0.6449466943740845
0.5508021116256714	-0.6449466943740845
0.334282785654068	-0.6449466943740845
0.3079698383808136	-0.6449466943740845
0.2008967399597168	-0.47163960337638855
0.14541324973106384	-0.599956750869751
0.14541324973106384	-0.489777386188507
0.14541324973106384	-0.3069155514240265
0.16387708485126495	-0.3176622688770294
0.3098830580711365	-0.2059391289949417
0.4937181174755096	-0.2448773980140686
0.6234248876571655	0.3140988051891327
0.6740394830703735	0.19208849966526031
0.6958146691322327	0.06651486456394196
0.7275974750518799	0.5861781239509583
0.7653346061706542	1.0059881210327148
0.7653346061706542	1.206875205039978
0.7653346061706542	1.1319077014923096
0.651724636554718	0.9597138166427612
0.407966434955597	0.8211842775344848
-0.08191699534654617	0.16217453777790067
-0.6645917892456055	0.015160774812102316
-1.0990653038024902	-0.3931768238544464
-1.214245080947876	-1.0639384984970093
-1.2265031337738037	-0.31259047985076904
-1.2265031337738037	-0.2964053452014923
-1.2265031337738037	0.016234075650572777
-0.9815185666084288	0.03001277521252632
-0.9157391786575316	-0.2873905599117279
-0.872611939907074	-0.2878366708755493
-0.8472862839698792	-0.6449466943740845
-0.7806239128112794	-0.6449466943740845
-0.6840245127677917	-0.6449466943740845
-0.53972327709198	-0.6449466943740845
-0.4153085052967071	-0.6449466943740845
-0.3137788772583008	-0.6449466943740845
-0.15211759507656095	-0.6449466943740845
-0.07095275074243546	-0.6449466943740845
-0.02460612542927265	-0.6449466943740845
-0.02460612542927265	-0.6449466943740845
-0.02460612542927265	-0.6449466943740845
-0.07595042884349823	-0.3868294060230255
-0.121021568775177	-0.3433031737804413
-0.21887193620204923	-0.23779478669166565
-0.33857107162475586	-0.15830163657665253
-0.49220541119575506	-0.34552815556526184
-0.5802688598632812	-0.38642856478691107
-0.6112422943115234	-0.6449466943740845
-0.7419179081916809	-0.6449466943740845
-0.7744549512863158	-0.6449466943740845
-0.9534149765968323	-0.6449466943740845
-1.1065219640731812	-0.41326096653938293
-1.3103845119476318	-0.3790607452392578
-1.5195330381393433	-0.03703626990318298
-1.6746758222579956	-0.020533990114927292
-1.7525171041488647	-0.2596883475780487
-1.7525171041488647	-0.31578412652015686
-1.7525171041488647	-0.6449466943740845
-1.699897289276123	-0.6449466943740845
-1.633461833000183	-0.6449466943740845
-1.633461833000183	-0.6449466943740845
-1.633461833000183	-0.6449466943740845
-1.6117540597915647	-0.3546146750450134
-1.6117540597915647	-0.36300560832023615
-1.3950446844100952	-0.354981005191803
-1.2153427600860596	-0.29605603218078613
-1.1658564805984497	-0.6449466943740845
-1.1658564805984497	-0.6449466943740845
-1.1658564805984497	-0.6449466943740845
-1.2806559801101685	-0.6449466943740845
-1.3717732429504395	-0.6449466943740845
-1.4115585088729858	-0.6449466943740845
-1.4115585088729858	-0.6449466943740845
-1.4993460178375244	-0.6449466943740845
-1.5436445474624632	-0.6449466943740845
-1.7932221889495847	-0.6449466943740845
-1.7932221889495847	-0.6449466943740845
-1.7932221889495847	-0.6449466943740845
-1.683904767036438	-0.6449466943740845
-1.6302424669265747	-0.6449466943740845
-1.6302424669265747	-0.6449466943740845
-1.6302424669265747	-0.6449466943740845
-1.6427520513534544	-0.6449466943740845
-1.660946011543274	-0.6449466943740845
-1.660946011543274	-0.6449466943740845
-1.6427520513534544	-0.6449466943740845
-1.6427520513534544	-0.6449466943740845
-1.660946011543274	-0.6449466943740845
-1.626293420791626	-0.6449466943740845
-1.626293420791626	-0.6449466943740845
-1.626293420791626	-0.6449466943740845
-1.5563626289367676	-0.6449466943740845
-1.44838809967041	-0.6449466943740845
-1.3800455331802368	-0.6449466943740845
-1.3272234201431274	-0.6449466943740845
-1.326456904411316	-0.6449466943740845
-1.1467180252075195	-0.34674471616744995
-1.085145354270935	-0.355292946100235
-0.8411111831665038	-0.2792655825614929
-0.6681239008903503	-0.2882542014122009
-0.5202108025550842	-0.6449466943740845
-0.4851105213165283	-0.6449466943740845
-0.469234436750412	-0.6449466943740845
-0.4670207500457763	-0.6449466943740845
-0.41308254003524786	-0.6449466943740845
-0.36241278052330017	-0.30697816610336304
-0.3450588583946228	-0.2946600615978241
-0.332506388425827	-0.19183228909969327
-0.3314087390899658	-0.24874566495418549
-0.33111441135406494	-0.6449466943740845
-0.29715466499328613	-0.6449466943740845
-0.281493216753006	-0.6449466943740845
-0.281493216753006	-0.6449466943740845
-0.2803281247615814	-0.6449466943740845
-0.26561713218688965	-0.6449466943740845
-0.2803281247615814	-0.6449466943740845
-0.2803281247615814	-0.6449466943740845
-0.2803281247615814	-0.6449466943740845
-0.2817569077014923	-0.6449466943740845
-0.2817569077014923	-0.6449466943740845
-0.2817569077014923	-0.6449466943740845
-0.2897593379020691	-0.6449466943740845
-0.2947876751422882	-0.363219141960144
-0.33546820282936096	-0.31853774189949036
-0.3403984308242798	-0.28321459889411926
-0.3719666302204132	-0.330491155385971
-0.4062758982181549	-0.6449466943740845
-0.4723004996776581	-0.6449466943740845
-0.5056960582733154	-0.6449466943740845
-0.5137659311294556	-0.6449466943740845
-0.5229089856147766	-0.6449466943740845
-0.5229089856147766	-0.6449466943740845
-0.5137659311294556	-0.6449466943740845
-0.4265977740287781	-0.6449466943740845
-0.3551032841205597	-0.6449466943740845
-0.23038807511329648	-0.6449466943740845
-0.053991280496120446	-0.6449466943740845
0.2119529694318771	-0.5339186191558838
0.4980228543281555	-0.5204259157180786
0.7145421504974365	-0.5383577346801758
1.0516988039016724	-0.6588498950004578
1.266519546508789	-0.3231758177280426
1.4853506088256836	0.030904237180948257
1.5255160331726074	0.5166298747062683
1.5255160331726074	0.5926752090454102
1.5255160331726074	0.42213505506515503
1.4476196765899658	0.7736257314682007
1.2133477926254272	0.46949177980422974
1.0169235467910767	0.1088785007596016
0.7492316365242004	0.1495841145515442
0.5003714561462402	-0.6449466943740845
0.21598178148269653	-0.6449466943740845
0.07770843058824539	-0.3385287821292877
-0.04372610151767731	-0.34841546416282654
-0.0978543907403946	-0.2933371365070343
-0.21156243979930875	-0.2753910422325134
-0.3287167251110077	-0.6449466943740845
-0.338049829006195	-0.6449466943740845
-0.35017919540405273	-0.6449466943740845
-0.42776286602020264	-0.6449466943740845
-0.4561852812767029	-0.6449466943740845
-0.49752807617187506	-0.6449466943740845
-0.49752807617187506	-0.6449466943740845
-0.49752807617187506	-0.6449466943740845
-0.49752807617187506	-0.6449466943740845
-0.49752807617187506	-0.6449466943740845
-0.5039116144180298	-0.6449466943740845
-0.5049540996551514	-0.6449466943740845
-0.5364487171173096	-0.3188796639442444
-0.5709787011146545	-0.32344332337379456
-0.5709787011146545	-0.2737569510936737
-0.5709787011146545	-0.3002549111843109
-0.49809837341308594	-0.6449466943740845
-0.49809837341308594	-0.6449466943740845
-0.49809837341308594	-0.6449466943740845
-0.5381902456283569	-0.6449466943740845
-0.6018356084823608	-0.6449466943740845
-0.6810013651847839	-0.6449466943740845
-0.8186615109443665	-0.6449466943740845
-1.0171400308609009	-0.6449466943740845
-1.1087294816970823	-0.6449466943740845
-1.1887047290802	-0.6449466943740845
-1.2069355249404907	-0.6449466943740845
-1.257807731628418	-0.6449466943740845
-1.3750417232513428	-0.6449466943740845
-1.4606094360351562	-0.6449466943740845
-1.5135481357574463	-0.6449466943740845
-1.5425039529800415	-0.6449466943740845
-1.6336948871612549	-0.6449466943740845
-1.6336948871612549	-0.6449466943740845
-1.6877065896987915	-0.6449466943740845
-1.7191338539123535	-0.6449466943740845
-1.721789002418518	-0.6449466943740845
-1.721789002418518	-0.6449466943740845
-1.721789002418518	-0.6449466943740845
-1.6003177165985107	-0.6449466943740845
-1.5242670774459839	-0.6449466943740845
-1.4123189449310303	-0.6449466943740845
-1.4072476625442505	-0.6449466943740845
-1.361741065979004	-0.6449466943740845
-1.3026703596115112	-0.6449466943740845
-0.7914593815803528	-0.6449466943740845
-0.7031935453414917	-0.6449466943740845
-0.6349122524261475	-0.6449466943740845
-0.5389383435249329	-0.6449466943740845
-0.5389383435249329	-0.6449466943740845
-0.5389383435249329	-0.6449466943740845
-0.5389383435249329	-0.6449466943740845
-0.5376628637313843	-0.6449466943740845
-0.5443407297134399	-0.3105945587158203
-0.5462662577629089	-0.2823980748653412
-0.5707027912139893	-0.22371233999729156
-0.5707027912139893	-0.2056337594985962
-0.5707027912139893	-0.6449466943740845
-0.5480445623397827	-0.6449466943740845
-0.41779202222824097	-0.6449466943740845
-0.4166514575481414	-0.6449466943740845
-0.4026518166065216	-0.6449466943740845
-0.4166514575481414	-0.6449466943740845
-0.41779202222824097	-0.6449466943740845
-0.483877956867218	-0.6449466943740845
-0.4880048930644989	-0.6449466943740845
-0.5133673548698425	-0.6449466943740845
-0.5287283658981323	-0.6449466943740845
-0.6310674548149109	-0.6449466943740845
-0.664058268070221	-0.6449466943740845
-0.6866613030433655	-0.6449466943740845
-0.7515698671340942	-0.6449466943740845
-0.7970948219299316	-0.3602971136569977
-0.9128816127777101	-0.37198069691658014
-0.9942427277565001	-0.3275253474712372
-1.038387894630432	-0.3084701895713806
-1.0796141624450684	-0.6449466943740845
-1.1106611490249632	-0.6449466943740845
-1.1106611490249632	-0.6449466943740845
-1.1106611490249632	-0.6449466943740845
-1.0963671207427979	-0.6449466943740845
-1.0198504924774168	-0.6449466943740845
-0.9914035201072693	-0.6449466943740845
-0.9851732850074768	-0.6449466943740845
-0.9047994613647461	-0.6449466943740845
-0.7389438152313232	-0.6449466943740845
-0.6852079629898071	-0.6449466943740845
-0.6182083487510681	-0.6449466943740845
-0.5167461633682251	-0.6449466943740845
-0.4102863073348999	-0.6449466943740845
-0.37815394997596735	-0.6449466943740845
-0.3158024847507477	-0.6449466943740845
-0.29250040650367737	-0.6449466943740845
-0.2495509684085846	-0.39302220940589905
-0.24514810740947723	-0.3490090072154999
-0.24514810740947723	-0.3247092068195343
-0.24514810740947723	-0.2161436825990677
-0.2428792119026184	-0.3847065269947052
-0.2428792119026184	-0.3919231593608856
-0.2375749200582504	-0.26208165287971497
-0.21621672809123993	-0.3320832848548889
-0.20801806449890137	-0.3106708228588104
-0.1890452653169632	-0.29929110407829285
-0.18023952841758728	-0.3848179876804352
-0.12931834161281583	-0.36138272285461426
-0.12012014538049696	-0.32768842577934265
-0.12012014538049696	-0.31645235419273376
-0.12205176800489424	-0.6449466943740845
-0.12205176800489424	-0.6449466943740845
-0.12295319139957428	-0.6449466943740845
-0.12721501290798187	-0.6449466943740845
-0.12721501290798187	-0.6449466943740845
-0.12721501290798187	-0.6449466943740845
-0.12721501290798187	-0.6449466943740845
-0.14799679815769196	-0.6449466943740845
-0.16289174556732175	-0.6449466943740845
-0.22605265676975247	-0.6449466943740845
-0.23149798810482025	-0.6449466943740845
-0.23153477907180783	-0.6449466943740845
-0.2807328402996063	-0.6449466943740845
-0.2807328402996063	-0.6449466943740845
-0.2848291099071502	-0.6449466943740845
-0.3080085515975952	-0.6449466943740845
-0.3271959722042084	-0.6449466943740845
-0.3298757076263428	-0.6449466943740845
-0.3298757076263428	-0.6449466943740845
-0.3503570258617401	-0.6449466943740845
-0.3503570258617401	-0.6449466943740845
-0.3503570258617401	-0.6449466943740845
-0.3292931616306305	-0.6449466943740845
-0.3292931616306305	-0.35724765062332153
-0.3179425895214081	-0.3845987319946289
-0.3292931616306305	-0.3357410728931427
-0.3292931616306305	-0.31931543350219727
-0.3366394639015198	-0.6449466943740845
-0.3366394639015198	-0.6449466943740845
-0.33687859773635864	-0.6449466943740845
-0.3719666302204132	-0.6449466943740845
-0.3719666302204132	-0.6449466943740845
-0.390148401260376	-0.6449466943740845
-0.4009409546852112	-0.6449466943740845
-0.4009409546852112	-0.6449466943740845
-0.390148401260376	-0.46313795447349554
-0.4009409546852112	-0.42211976647377014
-0.4009409546852112	-0.411001592874527
-0.4134872853755951	-0.38687112927436834
-0.4134872853755951	-0.42560657858848566
-0.4178410768508911	-0.6449466943740845
-0.4178410768508911	-0.6449466943740845
-0.44117996096611023	-0.6449466943740845
-0.4504026770591736	-0.6449466943740845
-0.4504026770591736	-0.6449466943740845
-0.4504026770591736	-0.6449466943740845
-0.42225009202957153	-0.6449466943740845
-0.4088513851165771	-0.6449466943740845
-0.3995121419429779	-0.6449466943740845
-0.3995121419429779	-0.6449466943740845
-0.3995121419429779	-0.6449466943740845
-0.4088513851165771	-0.6449466943740845
-0.3462914228439331	-0.6449466943740845
-0.3931163549423218	-0.6449466943740845
-0.3931163549423218	-0.6449466943740845
-0.3931163549423218	-0.6449466943740845
-0.3729355037212372	-0.6449466943740845
-0.3729355037212372	-0.6449466943740845
-0.35032021999359125	-0.6449466943740845
-0.34632208943367004	-0.6449466943740845
-0.345813125371933	-0.6449466943740845
-0.24714717268943784	-0.6449466943740845
-0.23948201537132263	-0.6449466943740845
-0.20779117941856384	-0.6449466943740845
-0.20779117941856384	-0.6449466943740845
-0.18895328044891355	-0.6449466943740845
-0.20779117941856384	-0.6449466943740845
-0.23021024465560913	-0.6449466943740845
-0.25351232290267944	-0.6449466943740845
-0.29773110151290894	-0.6449466943740845
-0.33465877175331116	-0.6449466943740845
-0.4217840433120727	-0.6449466943740845
-0.4923280477523804	-0.6449466943740845
-0.5542686581611633	-0.6449466943740845
-0.6309202909469604	-0.026514125987887383
-0.6460114121437073	-0.0011350157437846065
-0.6647450923919678	-0.45490261912345886
-0.6676884889602661	-0.3283426761627197
-0.732069730758667	-0.8590800762176514
-0.7860814929008483	-1.075612425804138
-0.8439503908157349	-1.0340229272842407
-0.8513579964637756	-0.6449466943740845
-0.8513579964637756	-0.08804343640804291
-0.8513579964637756	-0.0567336343228817
-0.6997166275978088	-0.05143716558814049
-0.5730268359184265	-0.09221667796373367
-0.32990023493766785	-0.6449466943740845
-0.26472797989845276	-0.6449466943740845
0.007961605675518513	-0.6449466943740845
0.10990209877490996	-0.6449466943740845
0.34579890966415405	-0.6449466943740845
0.42681047320365906	-0.6449466943740845
0.5282297134399414	-0.6449466943740845
0.6785036325454712	-0.6449466943740845
0.6785036325454712	-0.16394850611686707
0.6785036325454712	-0.07519524544477463
0.6682323217391968	0.04142041131854057
0.6547845602035522	-0.031300727277994156
0.6298145651817322	0.25727859139442444
0.5863807201385498	0.019218510016798973
0.5834924578666687	0.10487295687198638
0.5834924578666687	0.04483714327216148
0.5834924578666687	-0.26154735684394836
0.6240625977516174	-0.2718607485294342
0.672193706035614	0.1710783094167709
0.6957410573959351	0.247587651014328
0.7733799219131471	0.7391461133956909
0.8325304388999939	0.5254988670349121
0.8563598990440368	-0.23828615248203275
0.8662019371986389	-0.21124686300754547
0.8671585321426392	-0.6449466943740845
0.8671585321426392	-0.6449466943740845
0.8671585321426392	-0.6449466943740845
0.8565254807472229	-0.6449466943740845
0.84674471616745	-0.6449466943740845
0.84674471616745	-0.6449466943740845
0.8565254807472229	-0.0389462448656559
0.8705741763114929	0.03904808312654495
0.8755472898483276	0.01934401504695415
0.9371567964553832	0.15105293691158295
1.1410930156707764	0.10598742961883544
1.1971834897994995	0.15037585794925687
1.3201265335083008	0.13422255218029022
1.5074079036712646	0.1454036980867386
1.5074079036712646	0.04670780524611473
1.5074079036712646	0.1382361203432083
1.4750854969024658	0.3106105923652649
1.4548432826995847	0.39443275332450867
1.4410153627395628	0.3815063536167145
1.142080307006836	-0.11730745434761047
0.8728982210159303	-0.5472031235694885
0.4827661216259002	-0.5454549193382263
-0.04337656870484352	-0.3592390716075897
-0.26318880915641785	-0.6449466943740845
-0.2965843975543976	-0.6449466943740845
-0.4621641039848328	-0.6449466943740845
-0.5539191365242004	-0.6449466943740845
-0.6845641136169434	-0.6449466943740845
-0.835077166557312	-0.8181715607643129
-1.2122459411621092	-0.5864720344543457
-1.2122459411621092	-0.38112351298332214
-1.2122459411621092	-0.03171996399760246
-1.1733989715576172	0.17678426206111908
-0.9317563176155089	0.024206113070249557
-0.8102543354034424	-0.4122955799102783
-0.769046425819397	-1.3680214881896973
-0.7136610746383667	-1.4837177991867063
-0.6996430158615112	-0.9690693020820615
-0.534271776676178	-0.15989714860916135
-0.534271776676178	0.2589498460292816
-0.5305066704750061	0.4781036376953125
-0.6996430158615112	0.6060324907302856
-0.5963841080665588	0.6497801542282104
-0.5963841080665588	0.5721017122268677
-0.5963841080665588	0.19802568852901456
-0.858894407749176	0.20679280161857605
-0.9604914784431456	-0.3651795983314514
-1.045844554901123	-0.21694813668727872
-1.045844554901123	-0.27644574642181396
-1.0855194330215454	0.37882342934608454
-1.108128547668457	-0.7153035402297974
-1.108128547668457	-0.9939048290252684
-1.0855194330215454	-1.069411277770996
-1.0855194330215454	-1.1885273456573486
-0.865780770778656	0.015251081436872482
-0.42130574584007263	-0.16132788360118863
-0.1929207742214203	0.2496644556522369
0.07806409150362015	0.23910969495773315
0.3791515529155731	-0.32986149191856384
0.5994237065315247	-0.35119131207466125
0.7821120619773864	-0.6449466943740845
0.9673391580581664	-0.07058615982532501
1.1186064481735227	-0.1610703021287918
1.4329392910003662	0.13910870254039764
1.453917384147644	0.32731181383132935
1.453917384147644	0.10884615778923035
1.453917384147644	-0.10900665074586868
1.3349050283432007	0.10367590188980103
1.2165610790252683	0.09845992177724838
1.2052412033081055	-0.05984467267990112
1.1941113471984863	0.11410092562437056
1.1126950979232788	-0.1251055747270584
1.0859957933425903	-0.031489159911870956
1.0415256023406982	0.31059291958808893
1.0175428390502927	0.6645848155021667
0.9328643083572389	0.5310901403427124
0.7702770829200744	0.25661441683769226
0.7082383632659912	0.45959487557411194
0.6647615432739258	0.17202438414096832
0.5029653310775757	-0.04799823462963104
0.4192127585411072	-0.6098123788833618
0.3069641590118408	0.0026866013649851084
0.12571685016155243	-0.10798342525959014
0.11094456166028976	0.1637687236070633
0.11094456166028976	0.5100568532943726
0.11094456166028976	0.4028135240077973
0.6545270085334778	0.3693360090255738
1.095273733139038	0.8921301364898682
1.2805927991867063	0.7632930874824523
1.2805927991867063	0.630565345287323
1.2805927991867063	0.8153100609779358
1.2257347106933592	0.6510394811630249
1.179443359375	-0.7925776243209839
0.9390761852264404	-1.0855635404586792
0.6347570419311523	-1.6626789569854736
0.5052465200424194	-1.3812350034713743
0.22892670333385468	0.06489132344722748
-0.07078717648983002	-0.1425655633211136
-0.38797762989997864	-0.11117883771657944
-0.38797762989997864	-0.07005510479211807
-0.38797762989997864	0.18442635238170624
-0.2144506722688675	-0.10673797875642776
0.12778951227664948	0.04197000339627266
0.2583179771900177	0.03603231534361839
0.4055197238922119	-0.29813721776008606
0.5385991334915161	-0.04956063628196716
0.6414778828620911	-0.311219185590744
0.7283639907836914	0.11439301073551177
0.869323194026947	0.34219565987586975
1.067807912826538	-0.6449236869812012
1.1366287469863892	-0.6144899129867554
1.1366287469863892	-0.997822105884552
1.1366287469863892	-1.0812628269195557
0.9071890711784363	-0.35860276222229004
0.652068018913269	-0.3484829068183899
0.5692168474197388	-0.4142466783523559
0.4966185986995697	-0.3631593883037567
0.3319893777370453	-0.7794995307922363
0.18939286470413208	-0.6210585832595825
0.04388974234461784	-0.6449466943740845
-0.17066115140914917	-0.6449466943740845
-0.3882719576358795	-0.6449466943740845
-0.5652819871902466	-0.3512609004974365
-0.5652819871902466	-0.3326919376850128
-0.5652819871902466	-0.18302863836288452
-0.5112763047218323	-0.17100299894809723
-0.4502493739128113	-0.14585809409618375
-0.3322181701660156	-0.1925075799226761
-0.16414882242679596	-0.39601561427116394
-0.05530969053506851	-0.30505454540252686
0.00829274021089077	-0.41390475630760193
0.13241927325725555	-0.6449466943740845
0.13254804909229279	-0.6449466943740845
0.1746021807193756	-0.6449466943740845
0.2025156319141388	-0.6449466943740845
0.27347660064697266	-0.6449466943740845
0.32436713576316833	-0.6449466943740845
0.32436713576316833	-0.6449466943740845
0.32436713576316833	-0.6449466943740845
0.2707907259464264	-0.6449466943740845
0.2603170573711395	-0.6449466943740845
0.2550434172153473	-0.6449466943740845
0.2550434172153473	-0.6449466943740845
0.24182869493961337	-0.6449466943740845
0.24182869493961337	-0.6449466943740845
0.25003349781036377	-0.6449466943740845
0.25003349781036377	-0.6449466943740845
0.2205440849065781	-0.6449466943740845
0.2205440849065781	-0.6449466943740845
0.13725139200687408	-0.6449466943740845
-0.022674504667520523	-0.6449466943740845
-0.1054275706410408	-0.3603116273880005
-0.2935490012168884	-0.3437748849391937
-0.5704881548881531	-0.3455037772655487
-0.7443094253540038	-0.3716863691806794
-0.8736850619316101	-0.6449466943740845
-1.056986689567566	-0.6449466943740845
-1.2160356044769287	-0.6449466943740845
-1.32356858253479	-0.19356264173984528
-1.4236204624176023	0.056821390986442566
-1.4236204624176023	0.1234510987997055
-1.4236204624176023	0.15255777537822723
-1.406910419464111	-0.20403657853603363
-1.3270210027694702	-0.6449466943740845
-1.3270210027694702	-0.39212164282798767
-1.406910419464111	-0.36680334806442255
-1.5582451820373535	-1.3286362886428833
-1.660706877708435	-0.8312494158744813
-1.7382599115371704	-0.932619571685791
-1.747206687927246	-0.8491904735565186
-1.7918301820755005	-0.2865726351737976
-2.016615629196167	0.13107986748218536
-2.016615629196167	0.3946017622947693
-2.016615629196167	0.07983508706092836
-1.849459886550903	0.6988160610198975
-1.591542601585388	0.38816580176353455
-1.5051531791687012	-0.6204782724380493
-1.3933093547821045	-0.8667877912521361
-0.8403324484825134	-0.37205246090888977
-0.5436049103736877	-0.6449466943740845
-0.47973877191543574	-0.6449466943740845
-0.28888243436813354	-0.36625245213508606
-0.16950830817222595	-0.27714309096336365
-0.05371533706784248	0.02621569857001305
-0.05371533706784248	-0.0028381000738590956
-0.05371533706784248	-0.147987499833107
-0.129582017660141	-0.20194624364376068
-0.396200805902481	-0.3178665339946747
-0.41074007749557495	-0.3069344162940979
-0.41074007749557495	-0.6449466943740845
-0.41074007749557495	-0.6192673444747925
-0.35401177406311035	-0.4271677136421203
0.012382869608700275	-0.01215711236000061
0.385271430015564	0.10895238071680068
0.48321378231048584	0.08018956333398819
0.5661692023277283	0.06509675830602646
0.6754744052886963	-0.15657964348793027
0.6817168593406677	-0.04646941274404526
0.745570719242096	-0.36530801653862
0.8137109279632568	-0.3113444149494171
0.8364243507385254	0.5720691680908203
1.2847380638122559	-0.013299999758601189
1.4418922662734983	-0.13259802758693695
1.4418922662734983	0.2194049507379532
1.4418922662734983	0.34171250462532043
1.0572974681854248	-0.33290132880210876
1.0572974681854248	0.17640863358974457
1.0572974681854248	0.42075940966606146
1.1258485317230225	0.6791087985038757
1.428223729133606	0.7186065316200256
1.5954530239105225	0.1600283831357956
1.6667267084121704	0.25993531942367554
1.6667267084121704	0.4094133973121643
1.6667267084121704	0.41947495937347407
1.2982655763626099	0.16799308359622955
0.9396035075187685	0.11105221509933472
0.666619598865509	0.1564996242523193
0.6515345573425293	0.35748398303985596
0.6508048176765442	0.514658510684967
0.5559346675872803	0.702494740486145
0.4207948446273804	0.5243122577667236
0.22877952456474304	0.31747749447822565
0.22877952456474304	0.08908091485500336
0.22877952456474304	-0.32448506355285645
0.2693190276622772	-0.7683453559875488
0.8394842743873597	-0.6449466943740845
0.8394842743873597	-0.6449466943740845
0.8394842743873597	0.02553892880678177
0.8060703277587892	0.5338897705078125
0.3938257396221161	0.6459710597991943
0.3938257396221161	0.7975592017173766
0.3938257396221161	0.6934385299682617
0.5374830961227417	0.5940470695495605
0.6495354771614075	0.29410240054130554
0.6495354771614075	0.1602143496274948
0.6495354771614075	0.530820369720459
0.49988701939582825	0.49061477184295654
0.06380075961351395	0.6484171748161316
-0.21901910006999967	0.5484434366226196
-0.21901910006999967	0.35358425974845886
-0.21901910006999967	0.21264910697937012
-0.045694511383771896	-0.206810861825943
0.0443987101316452	0.46129259467124933
0.26709920167922974	0.19586198031902313
0.26709920167922974	1.1074706315994263
0.26709920167922974	0.6902343034744263
0.28791162371635437	0.2545536160469055
0.2881385385990143	0.3399944603443146
0.28791162371635437	0.12462195008993147
0.28791162371635437	0.16065998375415802
0.052033208310604095	0.7469390034675598
-0.1033242493867874	0.6089643239974976
-0.1033242493867874	-0.1047595888376236
-0.1033242493867874	-0.7256602644920349
0.30071550607681274	-1.0631029605865479
0.6734384894371033	-0.7272941470146179
0.9603423476219176	-0.995846152305603
1.269653081893921	0.06665767729282379
1.269653081893921	0.2387457937002182
1.269653081893921	-0.2377609461545944
1.1422151327133179	-0.1475088745355606
1.0660173892974851	-0.7189371585845947
1.0487124919891355	-0.6546162366867065
0.9880350828170776	-1.4145879745483398
0.6726903915405273	-0.9003714323043824
0.5580747723579407	-0.6873557567596436
0.508226752281189	-0.09384482353925705
0.47712457180023193	-0.26195067167282104
0.47712457180023193	0.1052786186337471
0.47712457180023193	0.09772143512964249
0.5694743990898132	-0.3642530441284179
0.6756767630577087	0.07116664946079254
0.8323035240173339	-0.2623438537120819
0.8565928936004639	-0.2534705996513366
0.8565928936004639	-0.1605040282011032
0.9875199794769288	-0.2268669158220291
1.0030219554901123	-0.07418114691972733
1.0417157411575315	-1.293296456336975
1.097708225250244	-0.8534581661224365
1.0417157411575315	-0.43933048844337463
1.0417157411575315	0.44133234024047846
0.8789812922477721	-0.282589852809906
0.8789812922477721	-0.24248091876506803
0.8226178288459778	-1.3159997463226318
0.7662544250488281	-1.4802818298339844
